{"algorithm":"OpenAPSSMBDynamicISFPlugin","input":{"glucoseStatus":{"glucose":186,"noise":0,"delta":-1,"short_avgdelta":0.28,"long_avgdelta":1.23,"date":1703979418977},"currenttemp":{"temp":"absolute","duration":20,"rate":0,"minutesrunning":10},"iob_data":[{"iob":1.404,"basaliob":-0.5,"bolussnooze":0.3987,"activity":0.0123,"lastBolusTime":1703979073000,"time":"2023-12-30T23:37:23.682Z","iobWithZeroTemp":{"iob":1.404,"basaliob":-0.5,"bolussnooze":0.3987,"activity":0.0123,"lastBolusTime":1703979073000,"time":"2023-12-30T23:37:23.682Z"}},{"iob":1.342,"basaliob":-0.478,"bolussnooze":0.3803,"activity":0.0124,"lastBolusTime":1703979073000,"time":"2023-12-30T23:42:23.682Z","iobWithZeroTemp":{"iob":1.312,"basaliob":-0.508,"bolussnooze":0.3803,"activity":0.0124,"lastBolusTime":1703979073000,"time":"2023-12-30T23:42:23.682Z"}},{"iob":1.28,"basaliob":-0.456,"bolussnooze":0.3567,"activity":0.0124,"lastBolusTime":1703979073000,"time":"2023-12-30T23:47:23.682Z","iobWithZeroTemp":{"iob":1.213,"basaliob":-0.523,"bolussnooze":0.3567,"activity":0.0123,"lastBolusTime":1703979073000,"time":"2023-12-30T23:47:23.682Z"}},{"iob":1.218,"basaliob":-0.434,"bolussnooze":0.3301,"activity":0.0123,"lastBolusTime":1703979073000,"time":"2023-12-30T23:52:23.682Z","iobWithZeroTemp":{"iob":1.114,"basaliob":-0.538,"bolussnooze":0.3301,"activity":0.0121,"lastBolusTime":1703979073000,"time":"2023-12-30T23:52:23.682Z"}},{"iob":1.156,"basaliob":-0.413,"bolussnooze":0.3022,"activity":0.0122,"lastBolusTime":1703979073000,"time":"2023-12-30T23:57:23.682Z","iobWithZeroTemp":{"iob":1.016,"basaliob":-0.553,"bolussnooze":0.3022,"activity":0.0118,"lastBolusTime":1703979073000,"time":"2023-12-30T23:57:23.682Z"}},{"iob":1.097,"basaliob":-0.391,"bolussnooze":0.2741,"activity":0.0119,"lastBolusTime":1703979073000,"time":"2023-12-31T00:02:23.682Z","iobWithZeroTemp":{"iob":0.922,"basaliob":-0.566,"bolussnooze":0.2741,"activity":0.0113,"lastBolusTime":1703979073000,"time":"2023-12-31T00:02:23.682Z"}},{"iob":1.038,"basaliob":-0.37,"bolussnooze":0.2468,"activity":0.0116,"lastBolusTime":1703979073000,"time":"2023-12-31T00:07:23.682Z","iobWithZeroTemp":{"iob":0.844,"basaliob":-0.564,"bolussnooze":0.2468,"activity":0.0109,"lastBolusTime":1703979073000,"time":"2023-12-31T00:07:23.682Z"}},{"iob":0.98,"basaliob":-0.35,"bolussnooze":0.2206,"activity":0.0113,"lastBolusTime":1703979073000,"time":"2023-12-31T00:12:23.682Z","iobWithZeroTemp":{"iob":0.761,"basaliob":-0.569,"bolussnooze":0.2206,"activity":0.0104,"lastBolusTime":1703979073000,"time":"2023-12-31T00:12:23.682Z"}},{"iob":0.925,"basaliob":-0.33,"bolussnooze":0.1961,"activity":0.0109,"lastBolusTime":1703979073000,"time":"2023-12-31T00:17:23.682Z","iobWithZeroTemp":{"iob":0.682,"basaliob":-0.573,"bolussnooze":0.1961,"activity":0.0098,"lastBolusTime":1703979073000,"time":"2023-12-31T00:17:23.682Z"}},{"iob":0.872,"basaliob":-0.311,"bolussnooze":0.1734,"activity":0.0105,"lastBolusTime":1703979073000,"time":"2023-12-31T00:22:23.682Z","iobWithZeroTemp":{"iob":0.606,"basaliob":-0.577,"bolussnooze":0.1734,"activity":0.0092,"lastBolusTime":1703979073000,"time":"2023-12-31T00:22:23.682Z"}},{"iob":0.82,"basaliob":-0.293,"bolussnooze":0.1526,"activity":0.0101,"lastBolusTime":1703979073000,"time":"2023-12-31T00:27:23.682Z","iobWithZeroTemp":{"iob":0.532,"basaliob":-0.581,"bolussnooze":0.1526,"activity":0.0085,"lastBolusTime":1703979073000,"time":"2023-12-31T00:27:23.682Z"}},{"iob":0.771,"basaliob":-0.275,"bolussnooze":0.1338,"activity":0.0097,"lastBolusTime":1703979073000,"time":"2023-12-31T00:32:23.682Z","iobWithZeroTemp":{"iob":0.462,"basaliob":-0.584,"bolussnooze":0.1338,"activity":0.0079,"lastBolusTime":1703979073000,"time":"2023-12-31T00:32:23.682Z"}},{"iob":0.724,"basaliob":-0.258,"bolussnooze":0.1168,"activity":0.0092,"lastBolusTime":1703979073000,"time":"2023-12-31T00:37:23.682Z","iobWithZeroTemp":{"iob":0.395,"basaliob":-0.587,"bolussnooze":0.1168,"activity":0.0072,"lastBolusTime":1703979073000,"time":"2023-12-31T00:37:23.682Z"}},{"iob":0.678,"basaliob":-0.242,"bolussnooze":0.1016,"activity":0.0089,"lastBolusTime":1703979073000,"time":"2023-12-31T00:42:23.682Z","iobWithZeroTemp":{"iob":0.33,"basaliob":-0.59,"bolussnooze":0.1016,"activity":0.0067,"lastBolusTime":1703979073000,"time":"2023-12-31T00:42:23.682Z"}},{"iob":0.635,"basaliob":-0.227,"bolussnooze":0.088,"activity":0.0084,"lastBolusTime":1703979073000,"time":"2023-12-31T00:47:23.682Z","iobWithZeroTemp":{"iob":0.269,"basaliob":-0.593,"bolussnooze":0.088,"activity":0.006,"lastBolusTime":1703979073000,"time":"2023-12-31T00:47:23.682Z"}},{"iob":0.594,"basaliob":-0.212,"bolussnooze":0.076,"activity":0.008,"lastBolusTime":1703979073000,"time":"2023-12-31T00:52:23.682Z","iobWithZeroTemp":{"iob":0.212,"basaliob":-0.594,"bolussnooze":0.076,"activity":0.0054,"lastBolusTime":1703979073000,"time":"2023-12-31T00:52:23.682Z"}},{"iob":0.556,"basaliob":-0.198,"bolussnooze":0.0655,"activity":0.0076,"lastBolusTime":1703979073000,"time":"2023-12-31T00:57:23.682Z","iobWithZeroTemp":{"iob":0.158,"basaliob":-0.596,"bolussnooze":0.0655,"activity":0.0049,"lastBolusTime":1703979073000,"time":"2023-12-31T00:57:23.682Z"}},{"iob":0.519,"basaliob":-0.185,"bolussnooze":0.0562,"activity":0.0071,"lastBolusTime":1703979073000,"time":"2023-12-31T01:02:23.682Z","iobWithZeroTemp":{"iob":0.106,"basaliob":-0.598,"bolussnooze":0.0562,"activity":0.0042,"lastBolusTime":1703979073000,"time":"2023-12-31T01:02:23.682Z"}},{"iob":0.483,"basaliob":-0.173,"bolussnooze":0.0482,"activity":0.0068,"lastBolusTime":1703979073000,"time":"2023-12-31T01:07:23.682Z","iobWithZeroTemp":{"iob":0.062,"basaliob":-0.594,"bolussnooze":0.0482,"activity":0.0037,"lastBolusTime":1703979073000,"time":"2023-12-31T01:07:23.682Z"}},{"iob":0.451,"basaliob":-0.161,"bolussnooze":0.0411,"activity":0.0064,"lastBolusTime":1703979073000,"time":"2023-12-31T01:12:23.682Z","iobWithZeroTemp":{"iob":0.03,"basaliob":-0.582,"bolussnooze":0.0411,"activity":0.0032,"lastBolusTime":1703979073000,"time":"2023-12-31T01:12:23.682Z"}},{"iob":0.42,"basaliob":-0.15,"bolussnooze":0.035,"activity":0.006,"lastBolusTime":1703979073000,"time":"2023-12-31T01:17:23.682Z","iobWithZeroTemp":{"iob":-0.008,"basaliob":-0.578,"bolussnooze":0.035,"activity":0.0027,"lastBolusTime":1703979073000,"time":"2023-12-31T01:17:23.682Z"}},{"iob":0.39,"basaliob":-0.14,"bolussnooze":0.0297,"activity":0.0057,"lastBolusTime":1703979073000,"time":"2023-12-31T01:22:23.682Z","iobWithZeroTemp":{"iob":-0.043,"basaliob":-0.573,"bolussnooze":0.0297,"activity":0.0022,"lastBolusTime":1703979073000,"time":"2023-12-31T01:22:23.682Z"}},{"iob":0.363,"basaliob":-0.13,"bolussnooze":0.0252,"activity":0.0053,"lastBolusTime":1703979073000,"time":"2023-12-31T01:27:23.682Z","iobWithZeroTemp":{"iob":-0.075,"basaliob":-0.568,"bolussnooze":0.0252,"activity":0.0017,"lastBolusTime":1703979073000,"time":"2023-12-31T01:27:23.682Z"}},{"iob":0.337,"basaliob":-0.121,"bolussnooze":0.0213,"activity":0.005,"lastBolusTime":1703979073000,"time":"2023-12-31T01:32:23.682Z","iobWithZeroTemp":{"iob":-0.106,"basaliob":-0.564,"bolussnooze":0.0213,"activity":0.0013,"lastBolusTime":1703979073000,"time":"2023-12-31T01:32:23.682Z"}},{"iob":0.313,"basaliob":-0.112,"bolussnooze":0.0179,"activity":0.0047,"lastBolusTime":1703979073000,"time":"2023-12-31T01:37:23.682Z","iobWithZeroTemp":{"iob":-0.134,"basaliob":-0.559,"bolussnooze":0.0179,"activity":0.001,"lastBolusTime":1703979073000,"time":"2023-12-31T01:37:23.682Z"}},{"iob":0.29,"basaliob":-0.104,"bolussnooze":0.015,"activity":0.0044,"lastBolusTime":1703979073000,"time":"2023-12-31T01:42:23.682Z","iobWithZeroTemp":{"iob":-0.16,"basaliob":-0.554,"bolussnooze":0.015,"activity":6.0E-4,"lastBolusTime":1703979073000,"time":"2023-12-31T01:42:23.682Z"}},{"iob":0.269,"basaliob":-0.096,"bolussnooze":0.0126,"activity":0.0041,"lastBolusTime":1703979073000,"time":"2023-12-31T01:47:23.682Z","iobWithZeroTemp":{"iob":-0.184,"basaliob":-0.549,"bolussnooze":0.0126,"activity":2.0E-4,"lastBolusTime":1703979073000,"time":"2023-12-31T01:47:23.682Z"}},{"iob":0.249,"basaliob":-0.089,"bolussnooze":0.0105,"activity":0.0038,"lastBolusTime":1703979073000,"time":"2023-12-31T01:52:23.682Z","iobWithZeroTemp":{"iob":-0.207,"basaliob":-0.545,"bolussnooze":0.0105,"activity":-2.0E-4,"lastBolusTime":1703979073000,"time":"2023-12-31T01:52:23.682Z"}},{"iob":0.231,"basaliob":-0.082,"bolussnooze":0.0087,"activity":0.0036,"lastBolusTime":1703979073000,"time":"2023-12-31T01:57:23.682Z","iobWithZeroTemp":{"iob":-0.228,"basaliob":-0.541,"bolussnooze":0.0087,"activity":-4.0E-4,"lastBolusTime":1703979073000,"time":"2023-12-31T01:57:23.682Z"}},{"iob":0.213,"basaliob":-0.076,"bolussnooze":0.0072,"activity":0.0034,"lastBolusTime":1703979073000,"time":"2023-12-31T02:02:23.682Z","iobWithZeroTemp":{"iob":-0.248,"basaliob":-0.537,"bolussnooze":0.0072,"activity":-7.0E-4,"lastBolusTime":1703979073000,"time":"2023-12-31T02:02:23.682Z"}},{"iob":0.197,"basaliob":-0.07,"bolussnooze":0.006,"activity":0.0031,"lastBolusTime":1703979073000,"time":"2023-12-31T02:07:23.682Z","iobWithZeroTemp":{"iob":-0.266,"basaliob":-0.533,"bolussnooze":0.006,"activity":-0.001,"lastBolusTime":1703979073000,"time":"2023-12-31T02:07:23.682Z"}},{"iob":0.182,"basaliob":-0.065,"bolussnooze":0.0049,"activity":0.003,"lastBolusTime":1703979073000,"time":"2023-12-31T02:12:23.682Z","iobWithZeroTemp":{"iob":-0.283,"basaliob":-0.53,"bolussnooze":0.0049,"activity":-0.0012,"lastBolusTime":1703979073000,"time":"2023-12-31T02:12:23.682Z"}},{"iob":0.168,"basaliob":-0.06,"bolussnooze":0.004,"activity":0.0027,"lastBolusTime":1703979073000,"time":"2023-12-31T02:17:23.682Z","iobWithZeroTemp":{"iob":-0.299,"basaliob":-0.527,"bolussnooze":0.004,"activity":-0.0015,"lastBolusTime":1703979073000,"time":"2023-12-31T02:17:23.682Z"}},{"iob":0.155,"basaliob":-0.055,"bolussnooze":0.0033,"activity":0.0025,"lastBolusTime":1703979073000,"time":"2023-12-31T02:22:23.682Z","iobWithZeroTemp":{"iob":-0.313,"basaliob":-0.523,"bolussnooze":0.0033,"activity":-0.0017,"lastBolusTime":1703979073000,"time":"2023-12-31T02:22:23.682Z"}},{"iob":0.142,"basaliob":-0.051,"bolussnooze":0.0027,"activity":0.0024,"lastBolusTime":1703979073000,"time":"2023-12-31T02:27:23.682Z","iobWithZeroTemp":{"iob":-0.327,"basaliob":-0.52,"bolussnooze":0.0027,"activity":-0.0019,"lastBolusTime":1703979073000,"time":"2023-12-31T02:27:23.682Z"}},{"iob":0.131,"basaliob":-0.047,"bolussnooze":0.0021,"activity":0.0022,"lastBolusTime":1703979073000,"time":"2023-12-31T02:32:23.682Z","iobWithZeroTemp":{"iob":-0.339,"basaliob":-0.517,"bolussnooze":0.0021,"activity":-0.0021,"lastBolusTime":1703979073000,"time":"2023-12-31T02:32:23.682Z"}},{"iob":0.121,"basaliob":-0.043,"bolussnooze":0.0017,"activity":0.002,"lastBolusTime":1703979073000,"time":"2023-12-31T02:37:23.682Z","iobWithZeroTemp":{"iob":-0.35,"basaliob":-0.514,"bolussnooze":0.0017,"activity":-0.0023,"lastBolusTime":1703979073000,"time":"2023-12-31T02:37:23.682Z"}},{"iob":0.111,"basaliob":-0.04,"bolussnooze":0.0014,"activity":0.0018,"lastBolusTime":1703979073000,"time":"2023-12-31T02:42:23.682Z","iobWithZeroTemp":{"iob":-0.361,"basaliob":-0.512,"bolussnooze":0.0014,"activity":-0.0025,"lastBolusTime":1703979073000,"time":"2023-12-31T02:42:23.682Z"}},{"iob":0.102,"basaliob":-0.036,"bolussnooze":0.0011,"activity":0.0018,"lastBolusTime":1703979073000,"time":"2023-12-31T02:47:23.682Z","iobWithZeroTemp":{"iob":-0.371,"basaliob":-0.509,"bolussnooze":0.0011,"activity":-0.0026,"lastBolusTime":1703979073000,"time":"2023-12-31T02:47:23.682Z"}},{"iob":0.094,"basaliob":-0.033,"bolussnooze":8.0E-4,"activity":0.0016,"lastBolusTime":1703979073000,"time":"2023-12-31T02:52:23.682Z","iobWithZeroTemp":{"iob":-0.38,"basaliob":-0.507,"bolussnooze":8.0E-4,"activity":-0.0028,"lastBolusTime":1703979073000,"time":"2023-12-31T02:52:23.682Z"}},{"iob":0.086,"basaliob":-0.031,"bolussnooze":7.0E-4,"activity":0.0015,"lastBolusTime":1703979073000,"time":"2023-12-31T02:57:23.682Z","iobWithZeroTemp":{"iob":-0.388,"basaliob":-0.505,"bolussnooze":7.0E-4,"activity":-0.0029,"lastBolusTime":1703979073000,"time":"2023-12-31T02:57:23.682Z"}},{"iob":0.079,"basaliob":-0.028,"bolussnooze":5.0E-4,"activity":0.0014,"lastBolusTime":1703979073000,"time":"2023-12-31T03:02:23.682Z","iobWithZeroTemp":{"iob":-0.396,"basaliob":-0.503,"bolussnooze":5.0E-4,"activity":-0.003,"lastBolusTime":1703979073000,"time":"2023-12-31T03:02:23.682Z"}},{"iob":0.072,"basaliob":-0.026,"bolussnooze":4.0E-4,"activity":0.0012,"lastBolusTime":1703979073000,"time":"2023-12-31T03:07:23.682Z","iobWithZeroTemp":{"iob":-0.406,"basaliob":-0.504,"bolussnooze":4.0E-4,"activity":-0.0032,"lastBolusTime":1703979073000,"time":"2023-12-31T03:07:23.682Z"}},{"iob":0.066,"basaliob":-0.024,"bolussnooze":3.0E-4,"activity":0.0012,"lastBolusTime":1703979073000,"time":"2023-12-31T03:12:23.682Z","iobWithZeroTemp":{"iob":-0.414,"basaliob":-0.504,"bolussnooze":3.0E-4,"activity":-0.0032,"lastBolusTime":1703979073000,"time":"2023-12-31T03:12:23.682Z"}},{"iob":0.06,"basaliob":-0.022,"bolussnooze":2.0E-4,"activity":0.0011,"lastBolusTime":1703979073000,"time":"2023-12-31T03:17:23.682Z","iobWithZeroTemp":{"iob":-0.423,"basaliob":-0.505,"bolussnooze":2.0E-4,"activity":-0.0034,"lastBolusTime":1703979073000,"time":"2023-12-31T03:17:23.682Z"}},{"iob":0.055,"basaliob":-0.02,"bolussnooze":1.0E-4,"activity":0.001,"lastBolusTime":1703979073000,"time":"2023-12-31T03:22:23.682Z","iobWithZeroTemp":{"iob":-0.433,"basaliob":-0.508,"bolussnooze":1.0E-4,"activity":-0.0035,"lastBolusTime":1703979073000,"time":"2023-12-31T03:22:23.682Z"}},{"iob":0.05,"basaliob":-0.018,"bolussnooze":1.0E-4,"activity":9.0E-4,"lastBolusTime":1703979073000,"time":"2023-12-31T03:27:23.682Z","iobWithZeroTemp":{"iob":-0.441,"basaliob":-0.509,"bolussnooze":1.0E-4,"activity":-0.0036,"lastBolusTime":1703979073000,"time":"2023-12-31T03:27:23.682Z"}},{"iob":0.046,"basaliob":-0.016,"bolussnooze":1.0E-4,"activity":8.0E-4,"lastBolusTime":1703979073000,"time":"2023-12-31T03:32:23.682Z","iobWithZeroTemp":{"iob":-0.447,"basaliob":-0.509,"bolussnooze":1.0E-4,"activity":-0.0037,"lastBolusTime":1703979073000,"time":"2023-12-31T03:32:23.682Z"}}],"profile":{"max_iob":7,"type":"current","max_daily_basal":0.45,"max_basal":1.35,"min_bg":81,"max_bg":81,"target_bg":81,"carb_ratio":11,"sens":369,"max_daily_safety_multiplier":3,"current_basal_safety_multiplier":4,"lgsThreshold":65,"high_temptarget_raises_sensitivity":false,"low_temptarget_lowers_sensitivity":false,"sensitivity_raises_target":true,"resistance_lowers_target":true,"adv_target_adjustments":false,"exercise_mode":false,"half_basal_exercise_target":160,"maxCOB":120,"skip_neutral_temps":false,"remainingCarbsCap":90,"enableUAM":true,"A52_risk_enable":false,"SMBInterval":4,"enableSMB_with_COB":true,"enableSMB_with_temptarget":false,"allowSMB_with_high_temptarget":true,"enableSMB_always":true,"enableSMB_after_carbs":false,"maxSMBBasalMinutes":60,"maxUAMSMBBasalMinutes":60,"bolus_increment":0.05,"carbsReqThreshold":10,"current_basal":0.45,"temptargetSet":true,"autosens_max":1.2,"autosens_min":0.8,"out_units":"mmol\/L","variable_sens":161,"insulinDivisor":65,"TDD":8.274864375000002},"autosens_data":{"ratio":0.8597867440834314},"meal_data":{"carbs":32,"mealCOB":15.809816188263925,"slopeFromMaxDeviation":-0.4949152542372881,"slopeFromMinDeviation":1.5085714285714285,"lastBolusTime":1703979073000,"lastCarbTime":1703979007000},"microBolusAllowed":true,"currentTime":1703979446039,"flatBGsDetected":false,"tdd1D":21.139583333333334,"tdd7D":25.145285714285723,"tddLast24H":21.619583333333342,"tddLast4H":4.505,"tddLast8to4H":3.1533333333333333},"output":{"temp":"absolute","bg":186,"tick":-1,"eventualBG":190,"targetBG":81,"insulinReq":0,"deliverAt":"2023-12-30T23:37:26.039Z","sensitivityRatio":0.8597867440834314,"variable_sens":161,"predBGs":{"IOB":[186,184,182,178,174,169,163,157,150,142,134,125,115,105,95,85,75,64,52,40,39],"ZT":[186,176,166,155,144,134,122,111,100,89,77,65,53,39,39,39,39,39,39,39,39,39,39,39,39,39,39,39,39,39,39,39,39,39,39,39,39,39,39,39,39,39,39,39,39,39,39,39],"COB":[186,185,184,182,181,179,177,176,175,174,173,172,172,172,171,172,172,172,173,174,175,177,178,180,181,182,184,185,187,188,189,190,191,192,193,193,194,194,194,194,194,194,194,193,192,191,190],"UAM":[186,184,182,180,176,173,169,164,159,154,149,143,136,130,123,116,108,100,92,83,75,66,58,48,39]},"reason":"COB: 15.8, Dev: 2.9, BGI: -0.5, ISF: 8.9, CR: 11, Target: 4.5, minPredBG 2.6, minGuardBG 2.1, IOBpredBG 2.2, COBpredBG 10.6, UAMpredBG 2.2; minGuardBG 2.1<3.6","COB":15.809816188263925,"IOB":1.404,"duration":30,"rate":0,"timestamp":"2023-12-30T23:37:26.066Z"}}