{"algorithm":"OpenAPSSMBDynamicISFPlugin","input":{"glucoseStatus":{"glucose":51,"noise":0,"delta":-1,"short_avgdelta":-1.28,"long_avgdelta":-0.97,"date":1703989619927},"currenttemp":{"temp":"absolute","duration":45,"rate":0,"minutesrunning":75},"iob_data":[{"iob":-0.156,"basaliob":-0.483,"bolussnooze":0.0026,"activity":0,"lastBolusTime":1703984866000,"time":"2023-12-31T02:27:27.178Z","iobWithZeroTemp":{"iob":-0.156,"basaliob":-0.483,"bolussnooze":0.0026,"activity":0,"lastBolusTime":1703984866000,"time":"2023-12-31T02:27:27.178Z"}},{"iob":-0.155,"basaliob":-0.459,"bolussnooze":0.0021,"activity":-2.0E-4,"lastBolusTime":1703984866000,"time":"2023-12-31T02:32:27.178Z","iobWithZeroTemp":{"iob":-0.173,"basaliob":-0.477,"bolussnooze":0.0021,"activity":-2.0E-4,"lastBolusTime":1703984866000,"time":"2023-12-31T02:32:27.178Z"}},{"iob":-0.154,"basaliob":-0.436,"bolussnooze":0.0017,"activity":-4.0E-4,"lastBolusTime":1703984866000,"time":"2023-12-31T02:37:27.178Z","iobWithZeroTemp":{"iob":-0.194,"basaliob":-0.476,"bolussnooze":0.0017,"activity":-5.0E-4,"lastBolusTime":1703984866000,"time":"2023-12-31T02:37:27.178Z"}},{"iob":-0.151,"basaliob":-0.413,"bolussnooze":0.0014,"activity":-6.0E-4,"lastBolusTime":1703984866000,"time":"2023-12-31T02:42:27.178Z","iobWithZeroTemp":{"iob":-0.213,"basaliob":-0.475,"bolussnooze":0.0014,"activity":-7.0E-4,"lastBolusTime":1703984866000,"time":"2023-12-31T02:42:27.178Z"}},{"iob":-0.148,"basaliob":-0.391,"bolussnooze":0.0011,"activity":-7.0E-4,"lastBolusTime":1703984866000,"time":"2023-12-31T02:47:27.178Z","iobWithZeroTemp":{"iob":-0.232,"basaliob":-0.475,"bolussnooze":0.0011,"activity":-9.0E-4,"lastBolusTime":1703984866000,"time":"2023-12-31T02:47:27.178Z"}},{"iob":-0.145,"basaliob":-0.37,"bolussnooze":8.0E-4,"activity":-8.0E-4,"lastBolusTime":1703984866000,"time":"2023-12-31T02:52:27.178Z","iobWithZeroTemp":{"iob":-0.25,"basaliob":-0.475,"bolussnooze":8.0E-4,"activity":-0.0011,"lastBolusTime":1703984866000,"time":"2023-12-31T02:52:27.178Z"}},{"iob":-0.14,"basaliob":-0.349,"bolussnooze":7.0E-4,"activity":-9.0E-4,"lastBolusTime":1703984866000,"time":"2023-12-31T02:57:27.178Z","iobWithZeroTemp":{"iob":-0.266,"basaliob":-0.475,"bolussnooze":7.0E-4,"activity":-0.0014,"lastBolusTime":1703984866000,"time":"2023-12-31T02:57:27.178Z"}},{"iob":-0.136,"basaliob":-0.329,"bolussnooze":5.0E-4,"activity":-0.001,"lastBolusTime":1703984866000,"time":"2023-12-31T03:02:27.178Z","iobWithZeroTemp":{"iob":-0.284,"basaliob":-0.477,"bolussnooze":5.0E-4,"activity":-0.0016,"lastBolusTime":1703984866000,"time":"2023-12-31T03:02:27.178Z"}},{"iob":-0.13,"basaliob":-0.309,"bolussnooze":4.0E-4,"activity":-0.001,"lastBolusTime":1703984866000,"time":"2023-12-31T03:07:27.178Z","iobWithZeroTemp":{"iob":-0.3,"basaliob":-0.479,"bolussnooze":4.0E-4,"activity":-0.0017,"lastBolusTime":1703984866000,"time":"2023-12-31T03:07:27.178Z"}},{"iob":-0.126,"basaliob":-0.291,"bolussnooze":3.0E-4,"activity":-0.001,"lastBolusTime":1703984866000,"time":"2023-12-31T03:12:27.178Z","iobWithZeroTemp":{"iob":-0.317,"basaliob":-0.482,"bolussnooze":3.0E-4,"activity":-0.0019,"lastBolusTime":1703984866000,"time":"2023-12-31T03:12:27.178Z"}},{"iob":-0.121,"basaliob":-0.273,"bolussnooze":2.0E-4,"activity":-0.0011,"lastBolusTime":1703984866000,"time":"2023-12-31T03:17:27.178Z","iobWithZeroTemp":{"iob":-0.332,"basaliob":-0.484,"bolussnooze":2.0E-4,"activity":-0.0022,"lastBolusTime":1703984866000,"time":"2023-12-31T03:17:27.178Z"}},{"iob":-0.115,"basaliob":-0.256,"bolussnooze":1.0E-4,"activity":-0.001,"lastBolusTime":1703984866000,"time":"2023-12-31T03:22:27.178Z","iobWithZeroTemp":{"iob":-0.345,"basaliob":-0.486,"bolussnooze":1.0E-4,"activity":-0.0022,"lastBolusTime":1703984866000,"time":"2023-12-31T03:22:27.178Z"}},{"iob":-0.109,"basaliob":-0.239,"bolussnooze":1.0E-4,"activity":-0.0011,"lastBolusTime":1703984866000,"time":"2023-12-31T03:27:27.178Z","iobWithZeroTemp":{"iob":-0.357,"basaliob":-0.487,"bolussnooze":1.0E-4,"activity":-0.0025,"lastBolusTime":1703984866000,"time":"2023-12-31T03:27:27.178Z"}},{"iob":-0.105,"basaliob":-0.224,"bolussnooze":1.0E-4,"activity":-0.001,"lastBolusTime":1703984866000,"time":"2023-12-31T03:32:27.178Z","iobWithZeroTemp":{"iob":-0.371,"basaliob":-0.49,"bolussnooze":1.0E-4,"activity":-0.0026,"lastBolusTime":1703984866000,"time":"2023-12-31T03:32:27.178Z"}},{"iob":-0.099,"basaliob":-0.209,"bolussnooze":0,"activity":-0.0011,"lastBolusTime":1703984866000,"time":"2023-12-31T03:37:27.178Z","iobWithZeroTemp":{"iob":-0.382,"basaliob":-0.492,"bolussnooze":0,"activity":-0.0028,"lastBolusTime":1703984866000,"time":"2023-12-31T03:37:27.178Z"}},{"iob":-0.094,"basaliob":-0.195,"bolussnooze":0,"activity":-0.001,"lastBolusTime":1703984866000,"time":"2023-12-31T03:42:27.178Z","iobWithZeroTemp":{"iob":-0.393,"basaliob":-0.494,"bolussnooze":0,"activity":-0.0029,"lastBolusTime":1703984866000,"time":"2023-12-31T03:42:27.178Z"}},{"iob":-0.089,"basaliob":-0.182,"bolussnooze":0,"activity":-0.001,"lastBolusTime":1703984866000,"time":"2023-12-31T03:47:27.178Z","iobWithZeroTemp":{"iob":-0.403,"basaliob":-0.496,"bolussnooze":0,"activity":-0.0031,"lastBolusTime":1703984866000,"time":"2023-12-31T03:47:27.178Z"}},{"iob":-0.085,"basaliob":-0.17,"bolussnooze":0,"activity":-9.0E-4,"lastBolusTime":1703984866000,"time":"2023-12-31T03:52:27.178Z","iobWithZeroTemp":{"iob":-0.413,"basaliob":-0.498,"bolussnooze":0,"activity":-0.0031,"lastBolusTime":1703984866000,"time":"2023-12-31T03:52:27.178Z"}},{"iob":-0.08,"basaliob":-0.158,"bolussnooze":0,"activity":-0.001,"lastBolusTime":1703984866000,"time":"2023-12-31T03:57:27.178Z","iobWithZeroTemp":{"iob":-0.422,"basaliob":-0.5,"bolussnooze":0,"activity":-0.0034,"lastBolusTime":1703984866000,"time":"2023-12-31T03:57:27.178Z"}},{"iob":-0.075,"basaliob":-0.147,"bolussnooze":0,"activity":-9.0E-4,"lastBolusTime":1703984866000,"time":"2023-12-31T04:02:27.178Z","iobWithZeroTemp":{"iob":-0.429,"basaliob":-0.501,"bolussnooze":0,"activity":-0.0034,"lastBolusTime":1703984866000,"time":"2023-12-31T04:02:27.178Z"}},{"iob":-0.071,"basaliob":-0.137,"bolussnooze":0,"activity":-8.0E-4,"lastBolusTime":1703984866000,"time":"2023-12-31T04:07:27.178Z","iobWithZeroTemp":{"iob":-0.454,"basaliob":-0.52,"bolussnooze":0,"activity":-0.0035,"lastBolusTime":1703984866000,"time":"2023-12-31T04:07:27.178Z"}},{"iob":-0.067,"basaliob":-0.127,"bolussnooze":0,"activity":-8.0E-4,"lastBolusTime":1703984866000,"time":"2023-12-31T04:12:27.178Z","iobWithZeroTemp":{"iob":-0.469,"basaliob":-0.529,"bolussnooze":0,"activity":-0.0037,"lastBolusTime":1703984866000,"time":"2023-12-31T04:12:27.178Z"}},{"iob":-0.063,"basaliob":-0.118,"bolussnooze":0,"activity":-8.0E-4,"lastBolusTime":1703984866000,"time":"2023-12-31T04:17:27.178Z","iobWithZeroTemp":{"iob":-0.484,"basaliob":-0.539,"bolussnooze":0,"activity":-0.0038,"lastBolusTime":1703984866000,"time":"2023-12-31T04:17:27.178Z"}},{"iob":-0.058,"basaliob":-0.109,"bolussnooze":0,"activity":-8.0E-4,"lastBolusTime":1703984866000,"time":"2023-12-31T04:22:27.178Z","iobWithZeroTemp":{"iob":-0.497,"basaliob":-0.548,"bolussnooze":0,"activity":-0.004,"lastBolusTime":1703984866000,"time":"2023-12-31T04:22:27.178Z"}},{"iob":-0.055,"basaliob":-0.101,"bolussnooze":0,"activity":-8.0E-4,"lastBolusTime":1703984866000,"time":"2023-12-31T04:27:27.178Z","iobWithZeroTemp":{"iob":-0.51,"basaliob":-0.556,"bolussnooze":0,"activity":-0.0042,"lastBolusTime":1703984866000,"time":"2023-12-31T04:27:27.178Z"}},{"iob":-0.052,"basaliob":-0.094,"bolussnooze":0,"activity":-7.0E-4,"lastBolusTime":1703984866000,"time":"2023-12-31T04:32:27.178Z","iobWithZeroTemp":{"iob":-0.524,"basaliob":-0.566,"bolussnooze":0,"activity":-0.0042,"lastBolusTime":1703984866000,"time":"2023-12-31T04:32:27.178Z"}},{"iob":-0.048,"basaliob":-0.087,"bolussnooze":0,"activity":-7.0E-4,"lastBolusTime":1703984866000,"time":"2023-12-31T04:37:27.178Z","iobWithZeroTemp":{"iob":-0.535,"basaliob":-0.574,"bolussnooze":0,"activity":-0.0044,"lastBolusTime":1703984866000,"time":"2023-12-31T04:37:27.178Z"}},{"iob":-0.045,"basaliob":-0.08,"bolussnooze":0,"activity":-6.0E-4,"lastBolusTime":1703984866000,"time":"2023-12-31T04:42:27.178Z","iobWithZeroTemp":{"iob":-0.546,"basaliob":-0.581,"bolussnooze":0,"activity":-0.0044,"lastBolusTime":1703984866000,"time":"2023-12-31T04:42:27.178Z"}},{"iob":-0.042,"basaliob":-0.074,"bolussnooze":0,"activity":-6.0E-4,"lastBolusTime":1703984866000,"time":"2023-12-31T04:47:27.178Z","iobWithZeroTemp":{"iob":-0.557,"basaliob":-0.589,"bolussnooze":0,"activity":-0.0046,"lastBolusTime":1703984866000,"time":"2023-12-31T04:47:27.178Z"}},{"iob":-0.039,"basaliob":-0.068,"bolussnooze":0,"activity":-5.0E-4,"lastBolusTime":1703984866000,"time":"2023-12-31T04:52:27.178Z","iobWithZeroTemp":{"iob":-0.567,"basaliob":-0.596,"bolussnooze":0,"activity":-0.0047,"lastBolusTime":1703984866000,"time":"2023-12-31T04:52:27.178Z"}},{"iob":-0.036,"basaliob":-0.063,"bolussnooze":0,"activity":-5.0E-4,"lastBolusTime":1703984866000,"time":"2023-12-31T04:57:27.178Z","iobWithZeroTemp":{"iob":-0.576,"basaliob":-0.603,"bolussnooze":0,"activity":-0.0048,"lastBolusTime":1703984866000,"time":"2023-12-31T04:57:27.178Z"}},{"iob":-0.034,"basaliob":-0.058,"bolussnooze":0,"activity":-5.0E-4,"lastBolusTime":1703984866000,"time":"2023-12-31T05:02:27.178Z","iobWithZeroTemp":{"iob":-0.586,"basaliob":-0.61,"bolussnooze":0,"activity":-0.0049,"lastBolusTime":1703984866000,"time":"2023-12-31T05:02:27.178Z"}},{"iob":-0.032,"basaliob":-0.054,"bolussnooze":0,"activity":-5.0E-4,"lastBolusTime":1703984866000,"time":"2023-12-31T05:07:27.178Z","iobWithZeroTemp":{"iob":-0.594,"basaliob":-0.616,"bolussnooze":0,"activity":-0.0051,"lastBolusTime":1703984866000,"time":"2023-12-31T05:07:27.178Z"}},{"iob":-0.029,"basaliob":-0.049,"bolussnooze":0,"activity":-4.0E-4,"lastBolusTime":1703984866000,"time":"2023-12-31T05:12:27.178Z","iobWithZeroTemp":{"iob":-0.602,"basaliob":-0.622,"bolussnooze":0,"activity":-0.0051,"lastBolusTime":1703984866000,"time":"2023-12-31T05:12:27.178Z"}},{"iob":-0.027,"basaliob":-0.045,"bolussnooze":0,"activity":-4.0E-4,"lastBolusTime":1703984866000,"time":"2023-12-31T05:17:27.178Z","iobWithZeroTemp":{"iob":-0.609,"basaliob":-0.627,"bolussnooze":0,"activity":-0.0052,"lastBolusTime":1703984866000,"time":"2023-12-31T05:17:27.178Z"}},{"iob":-0.026,"basaliob":-0.042,"bolussnooze":0,"activity":-4.0E-4,"lastBolusTime":1703984866000,"time":"2023-12-31T05:22:27.178Z","iobWithZeroTemp":{"iob":-0.617,"basaliob":-0.633,"bolussnooze":0,"activity":-0.0053,"lastBolusTime":1703984866000,"time":"2023-12-31T05:22:27.178Z"}},{"iob":-0.023,"basaliob":-0.038,"bolussnooze":0,"activity":-4.0E-4,"lastBolusTime":1703984866000,"time":"2023-12-31T05:27:27.178Z","iobWithZeroTemp":{"iob":-0.622,"basaliob":-0.637,"bolussnooze":0,"activity":-0.0054,"lastBolusTime":1703984866000,"time":"2023-12-31T05:27:27.178Z"}},{"iob":-0.022,"basaliob":-0.035,"bolussnooze":0,"activity":-3.0E-4,"lastBolusTime":1703984866000,"time":"2023-12-31T05:32:27.178Z","iobWithZeroTemp":{"iob":-0.629,"basaliob":-0.642,"bolussnooze":0,"activity":-0.0055,"lastBolusTime":1703984866000,"time":"2023-12-31T05:32:27.178Z"}},{"iob":-0.02,"basaliob":-0.032,"bolussnooze":0,"activity":-4.0E-4,"lastBolusTime":1703984866000,"time":"2023-12-31T05:37:27.178Z","iobWithZeroTemp":{"iob":-0.635,"basaliob":-0.647,"bolussnooze":0,"activity":-0.0057,"lastBolusTime":1703984866000,"time":"2023-12-31T05:37:27.178Z"}},{"iob":-0.019,"basaliob":-0.03,"bolussnooze":0,"activity":-3.0E-4,"lastBolusTime":1703984866000,"time":"2023-12-31T05:42:27.178Z","iobWithZeroTemp":{"iob":-0.64,"basaliob":-0.651,"bolussnooze":0,"activity":-0.0056,"lastBolusTime":1703984866000,"time":"2023-12-31T05:42:27.178Z"}},{"iob":-0.017,"basaliob":-0.027,"bolussnooze":0,"activity":-3.0E-4,"lastBolusTime":1703984866000,"time":"2023-12-31T05:47:27.178Z","iobWithZeroTemp":{"iob":-0.645,"basaliob":-0.655,"bolussnooze":0,"activity":-0.0057,"lastBolusTime":1703984866000,"time":"2023-12-31T05:47:27.178Z"}},{"iob":-0.016,"basaliob":-0.025,"bolussnooze":0,"activity":-2.0E-4,"lastBolusTime":1703984866000,"time":"2023-12-31T05:52:27.178Z","iobWithZeroTemp":{"iob":-0.65,"basaliob":-0.659,"bolussnooze":0,"activity":-0.0057,"lastBolusTime":1703984866000,"time":"2023-12-31T05:52:27.178Z"}},{"iob":-0.015,"basaliob":-0.023,"bolussnooze":0,"activity":-2.0E-4,"lastBolusTime":1703984866000,"time":"2023-12-31T05:57:27.178Z","iobWithZeroTemp":{"iob":-0.654,"basaliob":-0.662,"bolussnooze":0,"activity":-0.0058,"lastBolusTime":1703984866000,"time":"2023-12-31T05:57:27.178Z"}},{"iob":-0.014,"basaliob":-0.021,"bolussnooze":0,"activity":-2.0E-4,"lastBolusTime":1703984866000,"time":"2023-12-31T06:02:27.178Z","iobWithZeroTemp":{"iob":-0.658,"basaliob":-0.665,"bolussnooze":0,"activity":-0.0059,"lastBolusTime":1703984866000,"time":"2023-12-31T06:02:27.178Z"}},{"iob":-0.013,"basaliob":-0.019,"bolussnooze":0,"activity":-2.0E-4,"lastBolusTime":1703984866000,"time":"2023-12-31T06:07:27.178Z","iobWithZeroTemp":{"iob":-0.662,"basaliob":-0.668,"bolussnooze":0,"activity":-0.0059,"lastBolusTime":1703984866000,"time":"2023-12-31T06:07:27.178Z"}},{"iob":-0.011,"basaliob":-0.017,"bolussnooze":0,"activity":-2.0E-4,"lastBolusTime":1703984866000,"time":"2023-12-31T06:12:27.178Z","iobWithZeroTemp":{"iob":-0.665,"basaliob":-0.671,"bolussnooze":0,"activity":-0.006,"lastBolusTime":1703984866000,"time":"2023-12-31T06:12:27.178Z"}},{"iob":-0.011,"basaliob":-0.016,"bolussnooze":0,"activity":-2.0E-4,"lastBolusTime":1703984866000,"time":"2023-12-31T06:17:27.178Z","iobWithZeroTemp":{"iob":-0.669,"basaliob":-0.674,"bolussnooze":0,"activity":-0.0061,"lastBolusTime":1703984866000,"time":"2023-12-31T06:17:27.178Z"}},{"iob":-0.009,"basaliob":-0.014,"bolussnooze":0,"activity":-2.0E-4,"lastBolusTime":1703984866000,"time":"2023-12-31T06:22:27.178Z","iobWithZeroTemp":{"iob":-0.671,"basaliob":-0.676,"bolussnooze":0,"activity":-0.0061,"lastBolusTime":1703984866000,"time":"2023-12-31T06:22:27.178Z"}}],"profile":{"max_iob":7,"type":"current","max_daily_basal":0.45,"max_basal":1.08,"min_bg":144,"max_bg":144,"target_bg":144,"carb_ratio":11,"sens":369,"max_daily_safety_multiplier":3,"current_basal_safety_multiplier":4,"lgsThreshold":65,"high_temptarget_raises_sensitivity":false,"low_temptarget_lowers_sensitivity":false,"sensitivity_raises_target":true,"resistance_lowers_target":true,"adv_target_adjustments":false,"exercise_mode":false,"half_basal_exercise_target":160,"maxCOB":120,"skip_neutral_temps":false,"remainingCarbsCap":90,"enableUAM":true,"A52_risk_enable":false,"SMBInterval":4,"enableSMB_with_COB":true,"enableSMB_with_temptarget":false,"allowSMB_with_high_temptarget":true,"enableSMB_always":true,"enableSMB_after_carbs":false,"maxSMBBasalMinutes":60,"maxUAMSMBBasalMinutes":60,"bolus_increment":0.05,"carbsReqThreshold":10,"current_basal":0.27,"temptargetSet":true,"autosens_max":1.2,"autosens_min":0.8,"out_units":"mmol\/L","variable_sens":424.6,"insulinDivisor":65,"TDD":7.318853550000001},"autosens_data":{"ratio":0.7778528967845905},"meal_data":{"carbs":12,"mealCOB":0,"slopeFromMaxDeviation":-0.23666666666666666,"slopeFromMinDeviation":0.5358823529411765,"lastBolusTime":1703984866000,"lastCarbTime":1703979007000},"microBolusAllowed":true,"currentTime":1703989649593,"flatBGsDetected":false,"tdd1D":21.139583333333334,"tdd7D":25.145285714285723,"tddLast24H":19.55933333333333,"tddLast4H":2.4355,"tddLast8to4H":3.38375},"output":{"temp":"absolute","bg":51,"tick":-1,"eventualBG":111,"targetBG":144,"insulinReq":0,"deliverAt":"2023-12-31T02:27:29.593Z","sensitivityRatio":0.7778528967845905,"variable_sens":424.6,"predBGs":{"IOB":[51,50,49,49,49,50,51,53,54,56,58,60,62,64,66,67,69,71,72,74,75,77,78,79,81,82,83,84,85,86,86,87,88,89,89,90,90,91,91,92,92,93,93,93,93,94],"ZT":[51,51,51,52,54,56,58,61,64,67,70,74,77,81,85,89,93,98,102,106,111,115,119,124,128,133,138,143]},"reason":"COB: 0, Dev: -0.3, BGI: 0.0, ISF: 23.6, CR: 11, Target: 8.0, minPredBG 3.2, minGuardBG 2.7, IOBpredBG 5.2; minGuardBG 2.7<5.1","COB":0,"IOB":-0.156,"duration":60,"rate":0,"timestamp":"2023-12-31T02:27:29.621Z"}}