{"algorithm":"OpenAPSSMBDynamicISFPlugin","input":{"glucoseStatus":{"glucose":128,"noise":0,"delta":-9,"short_avgdelta":-17.11,"long_avgdelta":-16.16,"date":1704052025028},"currenttemp":{"temp":"absolute","duration":105,"rate":0,"minutesrunning":15},"iob_data":[{"iob":3.378,"basaliob":-0.626,"bolussnooze":1.3334,"activity":0.0325,"lastBolusTime":1704049849000,"time":"2023-12-31T19:47:26.303Z","iobWithZeroTemp":{"iob":3.378,"basaliob":-0.626,"bolussnooze":1.3334,"activity":0.0325,"lastBolusTime":1704049849000,"time":"2023-12-31T19:47:26.303Z"}},{"iob":3.217,"basaliob":-0.598,"bolussnooze":1.1844,"activity":0.0322,"lastBolusTime":1704049849000,"time":"2023-12-31T19:52:26.303Z","iobWithZeroTemp":{"iob":3.19,"basaliob":-0.625,"bolussnooze":1.1844,"activity":0.0322,"lastBolusTime":1704049849000,"time":"2023-12-31T19:52:26.303Z"}},{"iob":3.056,"basaliob":-0.571,"bolussnooze":1.0467,"activity":0.0318,"lastBolusTime":1704049849000,"time":"2023-12-31T19:57:26.303Z","iobWithZeroTemp":{"iob":2.996,"basaliob":-0.631,"bolussnooze":1.0467,"activity":0.0317,"lastBolusTime":1704049849000,"time":"2023-12-31T19:57:26.303Z"}},{"iob":2.899,"basaliob":-0.543,"bolussnooze":0.9207,"activity":0.0312,"lastBolusTime":1704049849000,"time":"2023-12-31T20:02:26.303Z","iobWithZeroTemp":{"iob":2.807,"basaliob":-0.635,"bolussnooze":0.9207,"activity":0.031,"lastBolusTime":1704049849000,"time":"2023-12-31T20:02:26.303Z"}},{"iob":2.744,"basaliob":-0.516,"bolussnooze":0.8063,"activity":0.0305,"lastBolusTime":1704049849000,"time":"2023-12-31T20:07:26.303Z","iobWithZeroTemp":{"iob":2.619,"basaliob":-0.641,"bolussnooze":0.8063,"activity":0.0302,"lastBolusTime":1704049849000,"time":"2023-12-31T20:07:26.303Z"}},{"iob":2.594,"basaliob":-0.489,"bolussnooze":0.7034,"activity":0.0296,"lastBolusTime":1704049849000,"time":"2023-12-31T20:12:26.303Z","iobWithZeroTemp":{"iob":2.438,"basaliob":-0.645,"bolussnooze":0.7034,"activity":0.0291,"lastBolusTime":1704049849000,"time":"2023-12-31T20:12:26.303Z"}},{"iob":2.449,"basaliob":-0.463,"bolussnooze":0.6114,"activity":0.0286,"lastBolusTime":1704049849000,"time":"2023-12-31T20:17:26.303Z","iobWithZeroTemp":{"iob":2.263,"basaliob":-0.649,"bolussnooze":0.6114,"activity":0.0279,"lastBolusTime":1704049849000,"time":"2023-12-31T20:17:26.303Z"}},{"iob":2.308,"basaliob":-0.437,"bolussnooze":0.5296,"activity":0.0277,"lastBolusTime":1704049849000,"time":"2023-12-31T20:22:26.303Z","iobWithZeroTemp":{"iob":2.092,"basaliob":-0.653,"bolussnooze":0.5296,"activity":0.0268,"lastBolusTime":1704049849000,"time":"2023-12-31T20:22:26.303Z"}},{"iob":2.173,"basaliob":-0.412,"bolussnooze":0.4572,"activity":0.0265,"lastBolusTime":1704049849000,"time":"2023-12-31T20:27:26.303Z","iobWithZeroTemp":{"iob":1.929,"basaliob":-0.656,"bolussnooze":0.4572,"activity":0.0254,"lastBolusTime":1704049849000,"time":"2023-12-31T20:27:26.303Z"}},{"iob":2.042,"basaliob":-0.389,"bolussnooze":0.3935,"activity":0.0255,"lastBolusTime":1704049849000,"time":"2023-12-31T20:32:26.303Z","iobWithZeroTemp":{"iob":1.77,"basaliob":-0.661,"bolussnooze":0.3935,"activity":0.0242,"lastBolusTime":1704049849000,"time":"2023-12-31T20:32:26.303Z"}},{"iob":1.918,"basaliob":-0.366,"bolussnooze":0.3376,"activity":0.0244,"lastBolusTime":1704049849000,"time":"2023-12-31T20:37:26.303Z","iobWithZeroTemp":{"iob":1.62,"basaliob":-0.664,"bolussnooze":0.3376,"activity":0.0229,"lastBolusTime":1704049849000,"time":"2023-12-31T20:37:26.303Z"}},{"iob":1.799,"basaliob":-0.344,"bolussnooze":0.2889,"activity":0.0233,"lastBolusTime":1704049849000,"time":"2023-12-31T20:42:26.303Z","iobWithZeroTemp":{"iob":1.476,"basaliob":-0.667,"bolussnooze":0.2889,"activity":0.0215,"lastBolusTime":1704049849000,"time":"2023-12-31T20:42:26.303Z"}},{"iob":1.686,"basaliob":-0.322,"bolussnooze":0.2464,"activity":0.0222,"lastBolusTime":1704049849000,"time":"2023-12-31T20:47:26.303Z","iobWithZeroTemp":{"iob":1.339,"basaliob":-0.669,"bolussnooze":0.2464,"activity":0.0202,"lastBolusTime":1704049849000,"time":"2023-12-31T20:47:26.303Z"}},{"iob":1.578,"basaliob":-0.302,"bolussnooze":0.2096,"activity":0.0211,"lastBolusTime":1704049849000,"time":"2023-12-31T20:52:26.303Z","iobWithZeroTemp":{"iob":1.208,"basaliob":-0.672,"bolussnooze":0.2096,"activity":0.0189,"lastBolusTime":1704049849000,"time":"2023-12-31T20:52:26.303Z"}},{"iob":1.475,"basaliob":-0.283,"bolussnooze":0.1778,"activity":0.02,"lastBolusTime":1704049849000,"time":"2023-12-31T20:57:26.303Z","iobWithZeroTemp":{"iob":1.084,"basaliob":-0.674,"bolussnooze":0.1778,"activity":0.0176,"lastBolusTime":1704049849000,"time":"2023-12-31T20:57:26.303Z"}},{"iob":1.377,"basaliob":-0.265,"bolussnooze":0.1504,"activity":0.0189,"lastBolusTime":1704049849000,"time":"2023-12-31T21:02:26.303Z","iobWithZeroTemp":{"iob":0.965,"basaliob":-0.677,"bolussnooze":0.1504,"activity":0.0162,"lastBolusTime":1704049849000,"time":"2023-12-31T21:02:26.303Z"}},{"iob":1.285,"basaliob":-0.248,"bolussnooze":0.1269,"activity":0.0179,"lastBolusTime":1704049849000,"time":"2023-12-31T21:07:26.303Z","iobWithZeroTemp":{"iob":0.854,"basaliob":-0.679,"bolussnooze":0.1269,"activity":0.015,"lastBolusTime":1704049849000,"time":"2023-12-31T21:07:26.303Z"}},{"iob":1.199,"basaliob":-0.231,"bolussnooze":0.1067,"activity":0.0169,"lastBolusTime":1704049849000,"time":"2023-12-31T21:12:26.303Z","iobWithZeroTemp":{"iob":0.749,"basaliob":-0.681,"bolussnooze":0.1067,"activity":0.0138,"lastBolusTime":1704049849000,"time":"2023-12-31T21:12:26.303Z"}},{"iob":1.116,"basaliob":-0.216,"bolussnooze":0.0895,"activity":0.016,"lastBolusTime":1704049849000,"time":"2023-12-31T21:17:26.303Z","iobWithZeroTemp":{"iob":0.649,"basaliob":-0.683,"bolussnooze":0.0895,"activity":0.0127,"lastBolusTime":1704049849000,"time":"2023-12-31T21:17:26.303Z"}},{"iob":1.039,"basaliob":-0.201,"bolussnooze":0.0748,"activity":0.0151,"lastBolusTime":1704049849000,"time":"2023-12-31T21:22:26.303Z","iobWithZeroTemp":{"iob":0.555,"basaliob":-0.685,"bolussnooze":0.0748,"activity":0.0116,"lastBolusTime":1704049849000,"time":"2023-12-31T21:22:26.303Z"}},{"iob":0.966,"basaliob":-0.187,"bolussnooze":0.0623,"activity":0.0141,"lastBolusTime":1704049849000,"time":"2023-12-31T21:27:26.303Z","iobWithZeroTemp":{"iob":0.467,"basaliob":-0.686,"bolussnooze":0.0623,"activity":0.0104,"lastBolusTime":1704049849000,"time":"2023-12-31T21:27:26.303Z"}},{"iob":0.898,"basaliob":-0.174,"bolussnooze":0.0518,"activity":0.0133,"lastBolusTime":1704049849000,"time":"2023-12-31T21:32:26.303Z","iobWithZeroTemp":{"iob":0.384,"basaliob":-0.688,"bolussnooze":0.0518,"activity":0.0094,"lastBolusTime":1704049849000,"time":"2023-12-31T21:32:26.303Z"}},{"iob":0.833,"basaliob":-0.162,"bolussnooze":0.0428,"activity":0.0124,"lastBolusTime":1704049849000,"time":"2023-12-31T21:37:26.303Z","iobWithZeroTemp":{"iob":0.306,"basaliob":-0.689,"bolussnooze":0.0428,"activity":0.0084,"lastBolusTime":1704049849000,"time":"2023-12-31T21:37:26.303Z"}},{"iob":0.774,"basaliob":-0.15,"bolussnooze":0.0353,"activity":0.0117,"lastBolusTime":1704049849000,"time":"2023-12-31T21:42:26.303Z","iobWithZeroTemp":{"iob":0.234,"basaliob":-0.69,"bolussnooze":0.0353,"activity":0.0075,"lastBolusTime":1704049849000,"time":"2023-12-31T21:42:26.303Z"}},{"iob":0.717,"basaliob":-0.139,"bolussnooze":0.029,"activity":0.0109,"lastBolusTime":1704049849000,"time":"2023-12-31T21:47:26.303Z","iobWithZeroTemp":{"iob":0.165,"basaliob":-0.691,"bolussnooze":0.029,"activity":0.0066,"lastBolusTime":1704049849000,"time":"2023-12-31T21:47:26.303Z"}},{"iob":0.665,"basaliob":-0.129,"bolussnooze":0.0237,"activity":0.0102,"lastBolusTime":1704049849000,"time":"2023-12-31T21:52:26.303Z","iobWithZeroTemp":{"iob":0.102,"basaliob":-0.692,"bolussnooze":0.0237,"activity":0.0057,"lastBolusTime":1704049849000,"time":"2023-12-31T21:52:26.303Z"}},{"iob":0.615,"basaliob":-0.12,"bolussnooze":0.0193,"activity":0.0096,"lastBolusTime":1704049849000,"time":"2023-12-31T21:57:26.303Z","iobWithZeroTemp":{"iob":0.041,"basaliob":-0.694,"bolussnooze":0.0193,"activity":0.005,"lastBolusTime":1704049849000,"time":"2023-12-31T21:57:26.303Z"}},{"iob":0.569,"basaliob":-0.111,"bolussnooze":0.0157,"activity":0.0089,"lastBolusTime":1704049849000,"time":"2023-12-31T22:02:26.303Z","iobWithZeroTemp":{"iob":-0.015,"basaliob":-0.695,"bolussnooze":0.0157,"activity":0.0041,"lastBolusTime":1704049849000,"time":"2023-12-31T22:02:26.303Z"}},{"iob":0.525,"basaliob":-0.103,"bolussnooze":0.0126,"activity":0.0083,"lastBolusTime":1704049849000,"time":"2023-12-31T22:07:26.303Z","iobWithZeroTemp":{"iob":-0.076,"basaliob":-0.704,"bolussnooze":0.0126,"activity":0.0034,"lastBolusTime":1704049849000,"time":"2023-12-31T22:07:26.303Z"}},{"iob":0.486,"basaliob":-0.095,"bolussnooze":0.0101,"activity":0.0077,"lastBolusTime":1704049849000,"time":"2023-12-31T22:12:26.303Z","iobWithZeroTemp":{"iob":-0.128,"basaliob":-0.709,"bolussnooze":0.0101,"activity":0.0027,"lastBolusTime":1704049849000,"time":"2023-12-31T22:12:26.303Z"}},{"iob":0.448,"basaliob":-0.088,"bolussnooze":0.0081,"activity":0.0072,"lastBolusTime":1704049849000,"time":"2023-12-31T22:17:26.303Z","iobWithZeroTemp":{"iob":-0.178,"basaliob":-0.714,"bolussnooze":0.0081,"activity":0.002,"lastBolusTime":1704049849000,"time":"2023-12-31T22:17:26.303Z"}},{"iob":0.413,"basaliob":-0.081,"bolussnooze":0.0064,"activity":0.0067,"lastBolusTime":1704049849000,"time":"2023-12-31T22:22:26.303Z","iobWithZeroTemp":{"iob":-0.224,"basaliob":-0.718,"bolussnooze":0.0064,"activity":0.0014,"lastBolusTime":1704049849000,"time":"2023-12-31T22:22:26.303Z"}},{"iob":0.381,"basaliob":-0.075,"bolussnooze":0.005,"activity":0.0062,"lastBolusTime":1704049849000,"time":"2023-12-31T22:27:26.303Z","iobWithZeroTemp":{"iob":-0.267,"basaliob":-0.723,"bolussnooze":0.005,"activity":8.0E-4,"lastBolusTime":1704049849000,"time":"2023-12-31T22:27:26.303Z"}},{"iob":0.351,"basaliob":-0.069,"bolussnooze":0.0039,"activity":0.0058,"lastBolusTime":1704049849000,"time":"2023-12-31T22:32:26.303Z","iobWithZeroTemp":{"iob":-0.307,"basaliob":-0.727,"bolussnooze":0.0039,"activity":3.0E-4,"lastBolusTime":1704049849000,"time":"2023-12-31T22:32:26.303Z"}},{"iob":0.323,"basaliob":-0.063,"bolussnooze":0.003,"activity":0.0054,"lastBolusTime":1704049849000,"time":"2023-12-31T22:37:26.303Z","iobWithZeroTemp":{"iob":-0.344,"basaliob":-0.73,"bolussnooze":0.003,"activity":-3.0E-4,"lastBolusTime":1704049849000,"time":"2023-12-31T22:37:26.303Z"}},{"iob":0.298,"basaliob":-0.058,"bolussnooze":0.0023,"activity":0.005,"lastBolusTime":1704049849000,"time":"2023-12-31T22:42:26.303Z","iobWithZeroTemp":{"iob":-0.378,"basaliob":-0.734,"bolussnooze":0.0023,"activity":-8.0E-4,"lastBolusTime":1704049849000,"time":"2023-12-31T22:42:26.303Z"}},{"iob":0.273,"basaliob":-0.054,"bolussnooze":0.0017,"activity":0.0046,"lastBolusTime":1704049849000,"time":"2023-12-31T22:47:26.303Z","iobWithZeroTemp":{"iob":-0.411,"basaliob":-0.738,"bolussnooze":0.0017,"activity":-0.0013,"lastBolusTime":1704049849000,"time":"2023-12-31T22:47:26.303Z"}},{"iob":0.251,"basaliob":-0.049,"bolussnooze":0.0013,"activity":0.0043,"lastBolusTime":1704049849000,"time":"2023-12-31T22:52:26.303Z","iobWithZeroTemp":{"iob":-0.441,"basaliob":-0.741,"bolussnooze":0.0013,"activity":-0.0017,"lastBolusTime":1704049849000,"time":"2023-12-31T22:52:26.303Z"}},{"iob":0.231,"basaliob":-0.045,"bolussnooze":9.0E-4,"activity":0.0039,"lastBolusTime":1704049849000,"time":"2023-12-31T22:57:26.303Z","iobWithZeroTemp":{"iob":-0.469,"basaliob":-0.745,"bolussnooze":9.0E-4,"activity":-0.0022,"lastBolusTime":1704049849000,"time":"2023-12-31T22:57:26.303Z"}},{"iob":0.211,"basaliob":-0.042,"bolussnooze":6.0E-4,"activity":0.0037,"lastBolusTime":1704049849000,"time":"2023-12-31T23:02:26.303Z","iobWithZeroTemp":{"iob":-0.495,"basaliob":-0.748,"bolussnooze":6.0E-4,"activity":-0.0025,"lastBolusTime":1704049849000,"time":"2023-12-31T23:02:26.303Z"}},{"iob":0.194,"basaliob":-0.038,"bolussnooze":4.0E-4,"activity":0.0034,"lastBolusTime":1704049849000,"time":"2023-12-31T23:07:26.303Z","iobWithZeroTemp":{"iob":-0.519,"basaliob":-0.751,"bolussnooze":4.0E-4,"activity":-0.0029,"lastBolusTime":1704049849000,"time":"2023-12-31T23:07:26.303Z"}},{"iob":0.177,"basaliob":-0.035,"bolussnooze":3.0E-4,"activity":0.0031,"lastBolusTime":1704049849000,"time":"2023-12-31T23:12:26.303Z","iobWithZeroTemp":{"iob":-0.542,"basaliob":-0.754,"bolussnooze":3.0E-4,"activity":-0.0032,"lastBolusTime":1704049849000,"time":"2023-12-31T23:12:26.303Z"}},{"iob":0.162,"basaliob":-0.032,"bolussnooze":2.0E-4,"activity":0.0029,"lastBolusTime":1704049849000,"time":"2023-12-31T23:17:26.303Z","iobWithZeroTemp":{"iob":-0.563,"basaliob":-0.757,"bolussnooze":2.0E-4,"activity":-0.0035,"lastBolusTime":1704049849000,"time":"2023-12-31T23:17:26.303Z"}},{"iob":0.149,"basaliob":-0.029,"bolussnooze":1.0E-4,"activity":0.0027,"lastBolusTime":1704049849000,"time":"2023-12-31T23:22:26.303Z","iobWithZeroTemp":{"iob":-0.581,"basaliob":-0.759,"bolussnooze":1.0E-4,"activity":-0.0038,"lastBolusTime":1704049849000,"time":"2023-12-31T23:22:26.303Z"}},{"iob":0.135,"basaliob":-0.027,"bolussnooze":0,"activity":0.0024,"lastBolusTime":1704049849000,"time":"2023-12-31T23:27:26.303Z","iobWithZeroTemp":{"iob":-0.6,"basaliob":-0.762,"bolussnooze":0,"activity":-0.0042,"lastBolusTime":1704049849000,"time":"2023-12-31T23:27:26.303Z"}},{"iob":0.123,"basaliob":-0.025,"bolussnooze":0,"activity":0.0023,"lastBolusTime":1704049849000,"time":"2023-12-31T23:32:26.303Z","iobWithZeroTemp":{"iob":-0.616,"basaliob":-0.764,"bolussnooze":0,"activity":-0.0043,"lastBolusTime":1704049849000,"time":"2023-12-31T23:32:26.303Z"}},{"iob":0.113,"basaliob":-0.022,"bolussnooze":0,"activity":0.0021,"lastBolusTime":1704049849000,"time":"2023-12-31T23:37:26.303Z","iobWithZeroTemp":{"iob":-0.63,"basaliob":-0.765,"bolussnooze":0,"activity":-0.0046,"lastBolusTime":1704049849000,"time":"2023-12-31T23:37:26.303Z"}},{"iob":0.102,"basaliob":-0.021,"bolussnooze":0,"activity":0.0019,"lastBolusTime":1704049849000,"time":"2023-12-31T23:42:26.303Z","iobWithZeroTemp":{"iob":-0.645,"basaliob":-0.768,"bolussnooze":0,"activity":-0.0048,"lastBolusTime":1704049849000,"time":"2023-12-31T23:42:26.303Z"}}],"profile":{"max_iob":7,"type":"current","max_daily_basal":0.45,"max_basal":1.35,"min_bg":81.0000000000001,"max_bg":81.0000000000001,"target_bg":81.0000000000001,"carb_ratio":11,"sens":352.8,"max_daily_safety_multiplier":3,"current_basal_safety_multiplier":4,"lgsThreshold":65,"high_temptarget_raises_sensitivity":false,"low_temptarget_lowers_sensitivity":false,"sensitivity_raises_target":true,"resistance_lowers_target":true,"adv_target_adjustments":false,"exercise_mode":false,"half_basal_exercise_target":160,"maxCOB":120,"skip_neutral_temps":false,"remainingCarbsCap":90,"enableUAM":true,"A52_risk_enable":false,"SMBInterval":4,"enableSMB_with_COB":true,"enableSMB_with_temptarget":false,"allowSMB_with_high_temptarget":true,"enableSMB_always":true,"enableSMB_after_carbs":false,"maxSMBBasalMinutes":60,"maxUAMSMBBasalMinutes":60,"bolus_increment":0.05,"carbsReqThreshold":10,"current_basal":0.4,"temptargetSet":true,"autosens_max":1.2,"autosens_min":0.8,"out_units":"mmol\/L","variable_sens":169,"insulinDivisor":65,"TDD":9.783871875},"autosens_data":{"ratio":0.8131974941814332},"meal_data":{"carbs":75,"mealCOB":53.72022902494332,"slopeFromMaxDeviation":-4.524166666666667,"slopeFromMinDeviation":0,"lastBolusTime":1704049849000,"lastCarbTime":1704049811000},"microBolusAllowed":true,"currentTime":1704052049365,"flatBGsDetected":false,"tdd1D":21.139583333333334,"tdd7D":25.145285714285723,"tddLast24H":20.44808333333334,"tddLast4H":7.429999999999999,"tddLast8to4H":3.5866666666666664},"output":{"temp":"absolute","bg":128,"tick":-9,"eventualBG":355,"targetBG":81.0000000000001,"insulinReq":0,"deliverAt":"2023-12-31T19:47:29.365Z","sensitivityRatio":0.8131974941814332,"variable_sens":169,"predBGs":{"IOB":[128,110,89,63,39,39,39,39,39,39,39,39,39],"ZT":[128,101,69,39,39,39,39,39,39,39,39,39,39,39,39,39,39,39,39,39,39,39,39,39,39,39,39,39,39,39,39,39,39,39,39,39,39,39,39,39,39,39,39,39,39,39,39,39],"COB":[128,111,96,81,67,54,43,39,39,39,39,39,39,39,39,39,39,39,39,39,39,39,49,61,74,88,103,120,136,153,169,184,200,214,228,242,255,267,279,290,301,310,320,328,336,343,349,355],"UAM":[128,106,77,40,39,39,39,39,39,39,39,39,39]},"reason":"COB: 53.7, Dev: 3.4, BGI: -1.5, ISF: 9.4, CR: 11, Target: 4.5, minPredBG -2.8, minGuardBG -17.1, IOBpredBG 2.2, COBpredBG 19.7, UAMpredBG 2.2; minGuardBG -17.1<3.6","COB":53.72022902494332,"IOB":3.378,"duration":120,"rate":0,"timestamp":"2023-12-31T19:47:29.389Z"}}