{"algorithm":"OpenAPSSMBDynamicISFPlugin","input":{"glucoseStatus":{"glucose":56,"noise":0,"delta":0,"short_avgdelta":-0.39,"long_avgdelta":-4.19,"date":1703996525499},"currenttemp":{"temp":"absolute","duration":20,"rate":0,"minutesrunning":40},"iob_data":[{"iob":-0.16,"basaliob":-0.369,"bolussnooze":0,"activity":-9.0E-4,"lastBolusTime":1703993866000,"time":"2023-12-31T04:22:24.642Z","iobWithZeroTemp":{"iob":-0.16,"basaliob":-0.369,"bolussnooze":0,"activity":-9.0E-4,"lastBolusTime":1703993866000,"time":"2023-12-31T04:22:24.642Z"}},{"iob":-0.155,"basaliob":-0.353,"bolussnooze":0,"activity":-0.001,"lastBolusTime":1703993866000,"time":"2023-12-31T04:27:24.642Z","iobWithZeroTemp":{"iob":-0.182,"basaliob":-0.38,"bolussnooze":0,"activity":-0.001,"lastBolusTime":1703993866000,"time":"2023-12-31T04:27:24.642Z"}},{"iob":-0.149,"basaliob":-0.336,"bolussnooze":0,"activity":-0.0011,"lastBolusTime":1703993866000,"time":"2023-12-31T04:32:24.642Z","iobWithZeroTemp":{"iob":-0.209,"basaliob":-0.396,"bolussnooze":0,"activity":-0.0012,"lastBolusTime":1703993866000,"time":"2023-12-31T04:32:24.642Z"}},{"iob":-0.144,"basaliob":-0.32,"bolussnooze":0,"activity":-0.0011,"lastBolusTime":1703993866000,"time":"2023-12-31T04:37:24.642Z","iobWithZeroTemp":{"iob":-0.236,"basaliob":-0.412,"bolussnooze":0,"activity":-0.0013,"lastBolusTime":1703993866000,"time":"2023-12-31T04:37:24.642Z"}},{"iob":-0.138,"basaliob":-0.304,"bolussnooze":0,"activity":-0.0012,"lastBolusTime":1703993866000,"time":"2023-12-31T04:42:24.642Z","iobWithZeroTemp":{"iob":-0.263,"basaliob":-0.429,"bolussnooze":0,"activity":-0.0015,"lastBolusTime":1703993866000,"time":"2023-12-31T04:42:24.642Z"}},{"iob":-0.133,"basaliob":-0.289,"bolussnooze":0,"activity":-0.0012,"lastBolusTime":1703993866000,"time":"2023-12-31T04:47:24.642Z","iobWithZeroTemp":{"iob":-0.289,"basaliob":-0.445,"bolussnooze":0,"activity":-0.0017,"lastBolusTime":1703993866000,"time":"2023-12-31T04:47:24.642Z"}},{"iob":-0.126,"basaliob":-0.273,"bolussnooze":0,"activity":-0.0012,"lastBolusTime":1703993866000,"time":"2023-12-31T04:52:24.642Z","iobWithZeroTemp":{"iob":-0.312,"basaliob":-0.459,"bolussnooze":0,"activity":-0.0019,"lastBolusTime":1703993866000,"time":"2023-12-31T04:52:24.642Z"}},{"iob":-0.12,"basaliob":-0.258,"bolussnooze":0,"activity":-0.0011,"lastBolusTime":1703993866000,"time":"2023-12-31T04:57:24.642Z","iobWithZeroTemp":{"iob":-0.336,"basaliob":-0.474,"bolussnooze":0,"activity":-0.002,"lastBolusTime":1703993866000,"time":"2023-12-31T04:57:24.642Z"}},{"iob":-0.115,"basaliob":-0.244,"bolussnooze":0,"activity":-0.0012,"lastBolusTime":1703993866000,"time":"2023-12-31T05:02:24.642Z","iobWithZeroTemp":{"iob":-0.359,"basaliob":-0.488,"bolussnooze":0,"activity":-0.0023,"lastBolusTime":1703993866000,"time":"2023-12-31T05:02:24.642Z"}},{"iob":-0.109,"basaliob":-0.23,"bolussnooze":0,"activity":-0.0012,"lastBolusTime":1703993866000,"time":"2023-12-31T05:07:24.642Z","iobWithZeroTemp":{"iob":-0.381,"basaliob":-0.502,"bolussnooze":0,"activity":-0.0025,"lastBolusTime":1703993866000,"time":"2023-12-31T05:07:24.642Z"}},{"iob":-0.103,"basaliob":-0.216,"bolussnooze":0,"activity":-0.0012,"lastBolusTime":1703993866000,"time":"2023-12-31T05:12:24.642Z","iobWithZeroTemp":{"iob":-0.401,"basaliob":-0.514,"bolussnooze":0,"activity":-0.0027,"lastBolusTime":1703993866000,"time":"2023-12-31T05:12:24.642Z"}},{"iob":-0.097,"basaliob":-0.203,"bolussnooze":0,"activity":-0.0011,"lastBolusTime":1703993866000,"time":"2023-12-31T05:17:24.642Z","iobWithZeroTemp":{"iob":-0.42,"basaliob":-0.526,"bolussnooze":0,"activity":-0.0029,"lastBolusTime":1703993866000,"time":"2023-12-31T05:17:24.642Z"}},{"iob":-0.092,"basaliob":-0.191,"bolussnooze":0,"activity":-0.001,"lastBolusTime":1703993866000,"time":"2023-12-31T05:22:24.642Z","iobWithZeroTemp":{"iob":-0.439,"basaliob":-0.538,"bolussnooze":0,"activity":-0.003,"lastBolusTime":1703993866000,"time":"2023-12-31T05:22:24.642Z"}},{"iob":-0.087,"basaliob":-0.179,"bolussnooze":0,"activity":-0.001,"lastBolusTime":1703993866000,"time":"2023-12-31T05:27:24.642Z","iobWithZeroTemp":{"iob":-0.457,"basaliob":-0.549,"bolussnooze":0,"activity":-0.0032,"lastBolusTime":1703993866000,"time":"2023-12-31T05:27:24.642Z"}},{"iob":-0.082,"basaliob":-0.168,"bolussnooze":0,"activity":-0.001,"lastBolusTime":1703993866000,"time":"2023-12-31T05:32:24.642Z","iobWithZeroTemp":{"iob":-0.473,"basaliob":-0.559,"bolussnooze":0,"activity":-0.0034,"lastBolusTime":1703993866000,"time":"2023-12-31T05:32:24.642Z"}},{"iob":-0.077,"basaliob":-0.157,"bolussnooze":0,"activity":-0.001,"lastBolusTime":1703993866000,"time":"2023-12-31T05:37:24.642Z","iobWithZeroTemp":{"iob":-0.489,"basaliob":-0.569,"bolussnooze":0,"activity":-0.0037,"lastBolusTime":1703993866000,"time":"2023-12-31T05:37:24.642Z"}},{"iob":-0.073,"basaliob":-0.147,"bolussnooze":0,"activity":-9.0E-4,"lastBolusTime":1703993866000,"time":"2023-12-31T05:42:24.642Z","iobWithZeroTemp":{"iob":-0.504,"basaliob":-0.578,"bolussnooze":0,"activity":-0.0038,"lastBolusTime":1703993866000,"time":"2023-12-31T05:42:24.642Z"}},{"iob":-0.068,"basaliob":-0.137,"bolussnooze":0,"activity":-9.0E-4,"lastBolusTime":1703993866000,"time":"2023-12-31T05:47:24.642Z","iobWithZeroTemp":{"iob":-0.518,"basaliob":-0.587,"bolussnooze":0,"activity":-0.004,"lastBolusTime":1703993866000,"time":"2023-12-31T05:47:24.642Z"}},{"iob":-0.064,"basaliob":-0.128,"bolussnooze":0,"activity":-8.0E-4,"lastBolusTime":1703993866000,"time":"2023-12-31T05:52:24.642Z","iobWithZeroTemp":{"iob":-0.531,"basaliob":-0.595,"bolussnooze":0,"activity":-0.0041,"lastBolusTime":1703993866000,"time":"2023-12-31T05:52:24.642Z"}},{"iob":-0.059,"basaliob":-0.119,"bolussnooze":0,"activity":-8.0E-4,"lastBolusTime":1703993866000,"time":"2023-12-31T05:57:24.642Z","iobWithZeroTemp":{"iob":-0.543,"basaliob":-0.603,"bolussnooze":0,"activity":-0.0043,"lastBolusTime":1703993866000,"time":"2023-12-31T05:57:24.642Z"}},{"iob":-0.056,"basaliob":-0.111,"bolussnooze":0,"activity":-8.0E-4,"lastBolusTime":1703993866000,"time":"2023-12-31T06:02:24.642Z","iobWithZeroTemp":{"iob":-0.555,"basaliob":-0.61,"bolussnooze":0,"activity":-0.0045,"lastBolusTime":1703993866000,"time":"2023-12-31T06:02:24.642Z"}},{"iob":-0.052,"basaliob":-0.103,"bolussnooze":0,"activity":-7.0E-4,"lastBolusTime":1703993866000,"time":"2023-12-31T06:07:24.642Z","iobWithZeroTemp":{"iob":-0.566,"basaliob":-0.617,"bolussnooze":0,"activity":-0.0046,"lastBolusTime":1703993866000,"time":"2023-12-31T06:07:24.642Z"}},{"iob":-0.049,"basaliob":-0.096,"bolussnooze":0,"activity":-7.0E-4,"lastBolusTime":1703993866000,"time":"2023-12-31T06:12:24.642Z","iobWithZeroTemp":{"iob":-0.576,"basaliob":-0.623,"bolussnooze":0,"activity":-0.0047,"lastBolusTime":1703993866000,"time":"2023-12-31T06:12:24.642Z"}},{"iob":-0.045,"basaliob":-0.089,"bolussnooze":0,"activity":-6.0E-4,"lastBolusTime":1703993866000,"time":"2023-12-31T06:17:24.642Z","iobWithZeroTemp":{"iob":-0.585,"basaliob":-0.629,"bolussnooze":0,"activity":-0.0048,"lastBolusTime":1703993866000,"time":"2023-12-31T06:17:24.642Z"}},{"iob":-0.042,"basaliob":-0.083,"bolussnooze":0,"activity":-6.0E-4,"lastBolusTime":1703993866000,"time":"2023-12-31T06:22:24.642Z","iobWithZeroTemp":{"iob":-0.594,"basaliob":-0.635,"bolussnooze":0,"activity":-0.0049,"lastBolusTime":1703993866000,"time":"2023-12-31T06:22:24.642Z"}},{"iob":-0.039,"basaliob":-0.077,"bolussnooze":0,"activity":-6.0E-4,"lastBolusTime":1703993866000,"time":"2023-12-31T06:27:24.642Z","iobWithZeroTemp":{"iob":-0.602,"basaliob":-0.64,"bolussnooze":0,"activity":-0.0051,"lastBolusTime":1703993866000,"time":"2023-12-31T06:27:24.642Z"}},{"iob":-0.036,"basaliob":-0.071,"bolussnooze":0,"activity":-5.0E-4,"lastBolusTime":1703993866000,"time":"2023-12-31T06:32:24.642Z","iobWithZeroTemp":{"iob":-0.61,"basaliob":-0.645,"bolussnooze":0,"activity":-0.0051,"lastBolusTime":1703993866000,"time":"2023-12-31T06:32:24.642Z"}},{"iob":-0.034,"basaliob":-0.066,"bolussnooze":0,"activity":-5.0E-4,"lastBolusTime":1703993866000,"time":"2023-12-31T06:37:24.642Z","iobWithZeroTemp":{"iob":-0.618,"basaliob":-0.65,"bolussnooze":0,"activity":-0.0053,"lastBolusTime":1703993866000,"time":"2023-12-31T06:37:24.642Z"}},{"iob":-0.032,"basaliob":-0.061,"bolussnooze":0,"activity":-4.0E-4,"lastBolusTime":1703993866000,"time":"2023-12-31T06:42:24.642Z","iobWithZeroTemp":{"iob":-0.625,"basaliob":-0.654,"bolussnooze":0,"activity":-0.0053,"lastBolusTime":1703993866000,"time":"2023-12-31T06:42:24.642Z"}},{"iob":-0.029,"basaliob":-0.056,"bolussnooze":0,"activity":-5.0E-4,"lastBolusTime":1703993866000,"time":"2023-12-31T06:47:24.642Z","iobWithZeroTemp":{"iob":-0.63,"basaliob":-0.657,"bolussnooze":0,"activity":-0.0055,"lastBolusTime":1703993866000,"time":"2023-12-31T06:47:24.642Z"}},{"iob":-0.027,"basaliob":-0.052,"bolussnooze":0,"activity":-4.0E-4,"lastBolusTime":1703993866000,"time":"2023-12-31T06:52:24.642Z","iobWithZeroTemp":{"iob":-0.636,"basaliob":-0.661,"bolussnooze":0,"activity":-0.0055,"lastBolusTime":1703993866000,"time":"2023-12-31T06:52:24.642Z"}},{"iob":-0.025,"basaliob":-0.048,"bolussnooze":0,"activity":-4.0E-4,"lastBolusTime":1703993866000,"time":"2023-12-31T06:57:24.642Z","iobWithZeroTemp":{"iob":-0.642,"basaliob":-0.665,"bolussnooze":0,"activity":-0.0056,"lastBolusTime":1703993866000,"time":"2023-12-31T06:57:24.642Z"}},{"iob":-0.023,"basaliob":-0.044,"bolussnooze":0,"activity":-3.0E-4,"lastBolusTime":1703993866000,"time":"2023-12-31T07:02:24.642Z","iobWithZeroTemp":{"iob":-0.647,"basaliob":-0.668,"bolussnooze":0,"activity":-0.0056,"lastBolusTime":1703993866000,"time":"2023-12-31T07:02:24.642Z"}},{"iob":-0.022,"basaliob":-0.041,"bolussnooze":0,"activity":-4.0E-4,"lastBolusTime":1703993866000,"time":"2023-12-31T07:07:24.642Z","iobWithZeroTemp":{"iob":-0.652,"basaliob":-0.671,"bolussnooze":0,"activity":-0.0058,"lastBolusTime":1703993866000,"time":"2023-12-31T07:07:24.642Z"}},{"iob":-0.02,"basaliob":-0.038,"bolussnooze":0,"activity":-3.0E-4,"lastBolusTime":1703993866000,"time":"2023-12-31T07:12:24.642Z","iobWithZeroTemp":{"iob":-0.656,"basaliob":-0.674,"bolussnooze":0,"activity":-0.0058,"lastBolusTime":1703993866000,"time":"2023-12-31T07:12:24.642Z"}},{"iob":-0.019,"basaliob":-0.035,"bolussnooze":0,"activity":-3.0E-4,"lastBolusTime":1703993866000,"time":"2023-12-31T07:17:24.642Z","iobWithZeroTemp":{"iob":-0.661,"basaliob":-0.677,"bolussnooze":0,"activity":-0.0059,"lastBolusTime":1703993866000,"time":"2023-12-31T07:17:24.642Z"}},{"iob":-0.017,"basaliob":-0.032,"bolussnooze":0,"activity":-2.0E-4,"lastBolusTime":1703993866000,"time":"2023-12-31T07:22:24.642Z","iobWithZeroTemp":{"iob":-0.664,"basaliob":-0.679,"bolussnooze":0,"activity":-0.0059,"lastBolusTime":1703993866000,"time":"2023-12-31T07:22:24.642Z"}},{"iob":-0.015,"basaliob":-0.029,"bolussnooze":0,"activity":-3.0E-4,"lastBolusTime":1703993866000,"time":"2023-12-31T07:27:24.642Z","iobWithZeroTemp":{"iob":-0.666,"basaliob":-0.68,"bolussnooze":0,"activity":-0.0061,"lastBolusTime":1703993866000,"time":"2023-12-31T07:27:24.642Z"}},{"iob":-0.014,"basaliob":-0.027,"bolussnooze":0,"activity":-3.0E-4,"lastBolusTime":1703993866000,"time":"2023-12-31T07:32:24.642Z","iobWithZeroTemp":{"iob":-0.67,"basaliob":-0.683,"bolussnooze":0,"activity":-0.0061,"lastBolusTime":1703993866000,"time":"2023-12-31T07:32:24.642Z"}},{"iob":-0.013,"basaliob":-0.025,"bolussnooze":0,"activity":-2.0E-4,"lastBolusTime":1703993866000,"time":"2023-12-31T07:37:24.642Z","iobWithZeroTemp":{"iob":-0.673,"basaliob":-0.685,"bolussnooze":0,"activity":-0.0061,"lastBolusTime":1703993866000,"time":"2023-12-31T07:37:24.642Z"}},{"iob":-0.012,"basaliob":-0.023,"bolussnooze":0,"activity":-2.0E-4,"lastBolusTime":1703993866000,"time":"2023-12-31T07:42:24.642Z","iobWithZeroTemp":{"iob":-0.676,"basaliob":-0.687,"bolussnooze":0,"activity":-0.0061,"lastBolusTime":1703993866000,"time":"2023-12-31T07:42:24.642Z"}},{"iob":-0.011,"basaliob":-0.021,"bolussnooze":0,"activity":-2.0E-4,"lastBolusTime":1703993866000,"time":"2023-12-31T07:47:24.642Z","iobWithZeroTemp":{"iob":-0.678,"basaliob":-0.688,"bolussnooze":0,"activity":-0.0062,"lastBolusTime":1703993866000,"time":"2023-12-31T07:47:24.642Z"}},{"iob":-0.01,"basaliob":-0.019,"bolussnooze":0,"activity":-1.0E-4,"lastBolusTime":1703993866000,"time":"2023-12-31T07:52:24.642Z","iobWithZeroTemp":{"iob":-0.68,"basaliob":-0.689,"bolussnooze":0,"activity":-0.0062,"lastBolusTime":1703993866000,"time":"2023-12-31T07:52:24.642Z"}},{"iob":-0.009,"basaliob":-0.017,"bolussnooze":0,"activity":-2.0E-4,"lastBolusTime":1703993866000,"time":"2023-12-31T07:57:24.642Z","iobWithZeroTemp":{"iob":-0.682,"basaliob":-0.69,"bolussnooze":0,"activity":-0.0063,"lastBolusTime":1703993866000,"time":"2023-12-31T07:57:24.642Z"}},{"iob":-0.009,"basaliob":-0.016,"bolussnooze":0,"activity":-2.0E-4,"lastBolusTime":1703993866000,"time":"2023-12-31T08:02:24.642Z","iobWithZeroTemp":{"iob":-0.685,"basaliob":-0.692,"bolussnooze":0,"activity":-0.0063,"lastBolusTime":1703993866000,"time":"2023-12-31T08:02:24.642Z"}},{"iob":-0.008,"basaliob":-0.015,"bolussnooze":0,"activity":-2.0E-4,"lastBolusTime":1703993866000,"time":"2023-12-31T08:07:24.642Z","iobWithZeroTemp":{"iob":-0.686,"basaliob":-0.693,"bolussnooze":0,"activity":-0.0064,"lastBolusTime":1703993866000,"time":"2023-12-31T08:07:24.642Z"}},{"iob":-0.007,"basaliob":-0.013,"bolussnooze":0,"activity":-1.0E-4,"lastBolusTime":1703993866000,"time":"2023-12-31T08:12:24.642Z","iobWithZeroTemp":{"iob":-0.688,"basaliob":-0.694,"bolussnooze":0,"activity":-0.0063,"lastBolusTime":1703993866000,"time":"2023-12-31T08:12:24.642Z"}},{"iob":-0.006,"basaliob":-0.012,"bolussnooze":0,"activity":-1.0E-4,"lastBolusTime":1703993866000,"time":"2023-12-31T08:17:24.642Z","iobWithZeroTemp":{"iob":-0.689,"basaliob":-0.695,"bolussnooze":0,"activity":-0.0064,"lastBolusTime":1703993866000,"time":"2023-12-31T08:17:24.642Z"}}],"profile":{"max_iob":7,"type":"current","max_daily_basal":0.45,"max_basal":1.35,"min_bg":144,"max_bg":144,"target_bg":144,"carb_ratio":9,"sens":352.8,"max_daily_safety_multiplier":3,"current_basal_safety_multiplier":4,"lgsThreshold":65,"high_temptarget_raises_sensitivity":false,"low_temptarget_lowers_sensitivity":false,"sensitivity_raises_target":true,"resistance_lowers_target":true,"adv_target_adjustments":false,"exercise_mode":false,"half_basal_exercise_target":160,"maxCOB":120,"skip_neutral_temps":false,"remainingCarbsCap":90,"enableUAM":true,"A52_risk_enable":false,"SMBInterval":4,"enableSMB_with_COB":true,"enableSMB_with_temptarget":false,"allowSMB_with_high_temptarget":true,"enableSMB_always":true,"enableSMB_after_carbs":false,"maxSMBBasalMinutes":60,"maxUAMSMBBasalMinutes":60,"bolus_increment":0.05,"carbsReqThreshold":10,"current_basal":0.3,"temptargetSet":true,"autosens_max":1.2,"autosens_min":0.8,"out_units":"mmol\/L","variable_sens":435.9,"insulinDivisor":65,"TDD":6.644807100000001},"autosens_data":{"ratio":0.777670622723941},"meal_data":{"carbs":2,"mealCOB":2,"slopeFromMaxDeviation":-1.5107317073170732,"slopeFromMinDeviation":0,"lastBolusTime":1703993866000,"lastCarbTime":1703996129000},"microBolusAllowed":true,"currentTime":1703996546914,"flatBGsDetected":false,"tdd1D":21.139583333333334,"tdd7D":25.145285714285723,"tddLast24H":19.55475,"tddLast4H":0.7797499999999999,"tddLast8to4H":4.005},"output":{"temp":"absolute","bg":56,"tick":"+0","eventualBG":208,"targetBG":144,"insulinReq":0,"deliverAt":"2023-12-31T04:22:26.914Z","sensitivityRatio":0.777670622723941,"variable_sens":435.9,"predBGs":{"IOB":[56,56,56,57,58,59,60,62,63,65,67,69,71,73,75,77,78,80,81,83,84,85,86,88,88,89,90,91,92,93,93,94,95,95,96,96,96,97,97,98,98,98,99,99,99,99,100],"ZT":[56,58,60,63,65,68,71,75,78,82,86,91,95,100,104,109,114,119,125,130,135,140],"COB":[56,56,57,58,59,61,64,67,70,73,77,82,86,90,95,100,104,109,114,119,124,130,135,140,145,151,156,160,165,169,173,177,180,183,187,189,192,194,197,199,201,202,204,205,206,207,208],"UAM":[56,56,56,57,58,59,60,62,63,65,67,69,71,73,75,77,78,80,81,83,84,85,86,88,88,89,90,91,92,93,93,94,95,95,96,96,96,97,97,98,98,98,99,99,99,99,100]},"reason":"COB: 2, Dev: -2.1, BGI: 0.1, ISF: 24.2, CR: 9, Target: 8.0, minPredBG 6.3, minGuardBG 3.1, IOBpredBG 5.6, COBpredBG 11.6, UAMpredBG 5.6; minGuardBG 3.1<5.1","COB":2,"IOB":-0.16,"duration":30,"rate":0,"timestamp":"2023-12-31T04:22:26.942Z"}}