{"algorithm":"OpenAPSSMBDynamicISFPlugin","input":{"glucoseStatus":{"glucose":163,"noise":0,"delta":-10,"short_avgdelta":-6.17,"long_avgdelta":0.26,"date":1704046923553},"currenttemp":{"temp":"absolute","duration":70,"rate":0,"minutesrunning":50},"iob_data":[{"iob":2.26,"basaliob":-0.467,"bolussnooze":1.2905,"activity":0.0167,"lastBolusTime":1704046480000,"time":"2023-12-31T18:22:23.084Z","iobWithZeroTemp":{"iob":2.26,"basaliob":-0.467,"bolussnooze":1.2905,"activity":0.0167,"lastBolusTime":1704046480000,"time":"2023-12-31T18:22:23.084Z"}},{"iob":2.174,"basaliob":-0.447,"bolussnooze":1.2035,"activity":0.0174,"lastBolusTime":1704046480000,"time":"2023-12-31T18:27:23.084Z","iobWithZeroTemp":{"iob":2.147,"basaliob":-0.474,"bolussnooze":1.2035,"activity":0.0174,"lastBolusTime":1704046480000,"time":"2023-12-31T18:27:23.084Z"}},{"iob":2.086,"basaliob":-0.426,"bolussnooze":1.1087,"activity":0.0179,"lastBolusTime":1704046480000,"time":"2023-12-31T18:32:23.084Z","iobWithZeroTemp":{"iob":2.026,"basaliob":-0.486,"bolussnooze":1.1087,"activity":0.0178,"lastBolusTime":1704046480000,"time":"2023-12-31T18:32:23.084Z"}},{"iob":1.997,"basaliob":-0.405,"bolussnooze":1.011,"activity":0.0181,"lastBolusTime":1704046480000,"time":"2023-12-31T18:37:23.084Z","iobWithZeroTemp":{"iob":1.905,"basaliob":-0.497,"bolussnooze":1.011,"activity":0.0179,"lastBolusTime":1704046480000,"time":"2023-12-31T18:37:23.084Z"}},{"iob":1.906,"basaliob":-0.385,"bolussnooze":0.9141,"activity":0.0182,"lastBolusTime":1704046480000,"time":"2023-12-31T18:42:23.084Z","iobWithZeroTemp":{"iob":1.781,"basaliob":-0.51,"bolussnooze":0.9141,"activity":0.0179,"lastBolusTime":1704046480000,"time":"2023-12-31T18:42:23.084Z"}},{"iob":1.815,"basaliob":-0.365,"bolussnooze":0.8204,"activity":0.018,"lastBolusTime":1704046480000,"time":"2023-12-31T18:47:23.084Z","iobWithZeroTemp":{"iob":1.659,"basaliob":-0.521,"bolussnooze":0.8204,"activity":0.0175,"lastBolusTime":1704046480000,"time":"2023-12-31T18:47:23.084Z"}},{"iob":1.726,"basaliob":-0.345,"bolussnooze":0.7317,"activity":0.0178,"lastBolusTime":1704046480000,"time":"2023-12-31T18:52:23.084Z","iobWithZeroTemp":{"iob":1.54,"basaliob":-0.531,"bolussnooze":0.7317,"activity":0.0171,"lastBolusTime":1704046480000,"time":"2023-12-31T18:52:23.084Z"}},{"iob":1.638,"basaliob":-0.326,"bolussnooze":0.649,"activity":0.0174,"lastBolusTime":1704046480000,"time":"2023-12-31T18:57:23.084Z","iobWithZeroTemp":{"iob":1.422,"basaliob":-0.542,"bolussnooze":0.649,"activity":0.0165,"lastBolusTime":1704046480000,"time":"2023-12-31T18:57:23.084Z"}},{"iob":1.551,"basaliob":-0.308,"bolussnooze":0.5727,"activity":0.0171,"lastBolusTime":1704046480000,"time":"2023-12-31T19:02:23.084Z","iobWithZeroTemp":{"iob":1.307,"basaliob":-0.552,"bolussnooze":0.5727,"activity":0.016,"lastBolusTime":1704046480000,"time":"2023-12-31T19:02:23.084Z"}},{"iob":1.467,"basaliob":-0.29,"bolussnooze":0.503,"activity":0.0166,"lastBolusTime":1704046480000,"time":"2023-12-31T19:07:23.084Z","iobWithZeroTemp":{"iob":1.195,"basaliob":-0.562,"bolussnooze":0.503,"activity":0.0153,"lastBolusTime":1704046480000,"time":"2023-12-31T19:07:23.084Z"}},{"iob":1.385,"basaliob":-0.273,"bolussnooze":0.44,"activity":0.0161,"lastBolusTime":1704046480000,"time":"2023-12-31T19:12:23.084Z","iobWithZeroTemp":{"iob":1.087,"basaliob":-0.571,"bolussnooze":0.44,"activity":0.0146,"lastBolusTime":1704046480000,"time":"2023-12-31T19:12:23.084Z"}},{"iob":1.306,"basaliob":-0.256,"bolussnooze":0.3835,"activity":0.0156,"lastBolusTime":1704046480000,"time":"2023-12-31T19:17:23.084Z","iobWithZeroTemp":{"iob":0.983,"basaliob":-0.579,"bolussnooze":0.3835,"activity":0.0138,"lastBolusTime":1704046480000,"time":"2023-12-31T19:17:23.084Z"}},{"iob":1.23,"basaliob":-0.24,"bolussnooze":0.3329,"activity":0.0149,"lastBolusTime":1704046480000,"time":"2023-12-31T19:22:23.084Z","iobWithZeroTemp":{"iob":0.883,"basaliob":-0.587,"bolussnooze":0.3329,"activity":0.0129,"lastBolusTime":1704046480000,"time":"2023-12-31T19:22:23.084Z"}},{"iob":1.157,"basaliob":-0.225,"bolussnooze":0.2881,"activity":0.0144,"lastBolusTime":1704046480000,"time":"2023-12-31T19:27:23.084Z","iobWithZeroTemp":{"iob":0.787,"basaliob":-0.595,"bolussnooze":0.2881,"activity":0.0122,"lastBolusTime":1704046480000,"time":"2023-12-31T19:27:23.084Z"}},{"iob":1.086,"basaliob":-0.211,"bolussnooze":0.2485,"activity":0.0137,"lastBolusTime":1704046480000,"time":"2023-12-31T19:32:23.084Z","iobWithZeroTemp":{"iob":0.695,"basaliob":-0.602,"bolussnooze":0.2485,"activity":0.0113,"lastBolusTime":1704046480000,"time":"2023-12-31T19:32:23.084Z"}},{"iob":1.019,"basaliob":-0.197,"bolussnooze":0.2137,"activity":0.0131,"lastBolusTime":1704046480000,"time":"2023-12-31T19:37:23.084Z","iobWithZeroTemp":{"iob":0.607,"basaliob":-0.609,"bolussnooze":0.2137,"activity":0.0104,"lastBolusTime":1704046480000,"time":"2023-12-31T19:37:23.084Z"}},{"iob":0.955,"basaliob":-0.184,"bolussnooze":0.1832,"activity":0.0125,"lastBolusTime":1704046480000,"time":"2023-12-31T19:42:23.084Z","iobWithZeroTemp":{"iob":0.524,"basaliob":-0.615,"bolussnooze":0.1832,"activity":0.0096,"lastBolusTime":1704046480000,"time":"2023-12-31T19:42:23.084Z"}},{"iob":0.894,"basaliob":-0.172,"bolussnooze":0.1566,"activity":0.0119,"lastBolusTime":1704046480000,"time":"2023-12-31T19:47:23.084Z","iobWithZeroTemp":{"iob":0.444,"basaliob":-0.622,"bolussnooze":0.1566,"activity":0.0088,"lastBolusTime":1704046480000,"time":"2023-12-31T19:47:23.084Z"}},{"iob":0.835,"basaliob":-0.161,"bolussnooze":0.1335,"activity":0.0112,"lastBolusTime":1704046480000,"time":"2023-12-31T19:52:23.084Z","iobWithZeroTemp":{"iob":0.368,"basaliob":-0.628,"bolussnooze":0.1335,"activity":0.0079,"lastBolusTime":1704046480000,"time":"2023-12-31T19:52:23.084Z"}},{"iob":0.78,"basaliob":-0.15,"bolussnooze":0.1135,"activity":0.0107,"lastBolusTime":1704046480000,"time":"2023-12-31T19:57:23.084Z","iobWithZeroTemp":{"iob":0.296,"basaliob":-0.634,"bolussnooze":0.1135,"activity":0.0072,"lastBolusTime":1704046480000,"time":"2023-12-31T19:57:23.084Z"}},{"iob":0.729,"basaliob":-0.139,"bolussnooze":0.0962,"activity":0.0101,"lastBolusTime":1704046480000,"time":"2023-12-31T20:02:23.084Z","iobWithZeroTemp":{"iob":0.23,"basaliob":-0.638,"bolussnooze":0.0962,"activity":0.0064,"lastBolusTime":1704046480000,"time":"2023-12-31T20:02:23.084Z"}},{"iob":0.679,"basaliob":-0.13,"bolussnooze":0.0813,"activity":0.0095,"lastBolusTime":1704046480000,"time":"2023-12-31T20:07:23.084Z","iobWithZeroTemp":{"iob":0.165,"basaliob":-0.644,"bolussnooze":0.0813,"activity":0.0056,"lastBolusTime":1704046480000,"time":"2023-12-31T20:07:23.084Z"}},{"iob":0.634,"basaliob":-0.12,"bolussnooze":0.0685,"activity":0.009,"lastBolusTime":1704046480000,"time":"2023-12-31T20:12:23.084Z","iobWithZeroTemp":{"iob":0.107,"basaliob":-0.647,"bolussnooze":0.0685,"activity":0.005,"lastBolusTime":1704046480000,"time":"2023-12-31T20:12:23.084Z"}},{"iob":0.589,"basaliob":-0.112,"bolussnooze":0.0576,"activity":0.0085,"lastBolusTime":1704046480000,"time":"2023-12-31T20:17:23.084Z","iobWithZeroTemp":{"iob":0.049,"basaliob":-0.652,"bolussnooze":0.0576,"activity":0.0043,"lastBolusTime":1704046480000,"time":"2023-12-31T20:17:23.084Z"}},{"iob":0.548,"basaliob":-0.104,"bolussnooze":0.0482,"activity":0.0079,"lastBolusTime":1704046480000,"time":"2023-12-31T20:22:23.084Z","iobWithZeroTemp":{"iob":-0.004,"basaliob":-0.656,"bolussnooze":0.0482,"activity":0.0036,"lastBolusTime":1704046480000,"time":"2023-12-31T20:22:23.084Z"}},{"iob":0.51,"basaliob":-0.096,"bolussnooze":0.0403,"activity":0.0075,"lastBolusTime":1704046480000,"time":"2023-12-31T20:27:23.084Z","iobWithZeroTemp":{"iob":-0.053,"basaliob":-0.659,"bolussnooze":0.0403,"activity":0.003,"lastBolusTime":1704046480000,"time":"2023-12-31T20:27:23.084Z"}},{"iob":0.473,"basaliob":-0.089,"bolussnooze":0.0335,"activity":0.007,"lastBolusTime":1704046480000,"time":"2023-12-31T20:32:23.084Z","iobWithZeroTemp":{"iob":-0.101,"basaliob":-0.663,"bolussnooze":0.0335,"activity":0.0024,"lastBolusTime":1704046480000,"time":"2023-12-31T20:32:23.084Z"}},{"iob":0.439,"basaliob":-0.083,"bolussnooze":0.0278,"activity":0.0066,"lastBolusTime":1704046480000,"time":"2023-12-31T20:37:23.084Z","iobWithZeroTemp":{"iob":-0.145,"basaliob":-0.667,"bolussnooze":0.0278,"activity":0.0018,"lastBolusTime":1704046480000,"time":"2023-12-31T20:37:23.084Z"}},{"iob":0.407,"basaliob":-0.076,"bolussnooze":0.023,"activity":0.0062,"lastBolusTime":1704046480000,"time":"2023-12-31T20:42:23.084Z","iobWithZeroTemp":{"iob":-0.186,"basaliob":-0.669,"bolussnooze":0.023,"activity":0.0013,"lastBolusTime":1704046480000,"time":"2023-12-31T20:42:23.084Z"}},{"iob":0.377,"basaliob":-0.071,"bolussnooze":0.0189,"activity":0.0058,"lastBolusTime":1704046480000,"time":"2023-12-31T20:47:23.084Z","iobWithZeroTemp":{"iob":-0.224,"basaliob":-0.672,"bolussnooze":0.0189,"activity":8.0E-4,"lastBolusTime":1704046480000,"time":"2023-12-31T20:47:23.084Z"}},{"iob":0.349,"basaliob":-0.065,"bolussnooze":0.0155,"activity":0.0054,"lastBolusTime":1704046480000,"time":"2023-12-31T20:52:23.084Z","iobWithZeroTemp":{"iob":-0.26,"basaliob":-0.674,"bolussnooze":0.0155,"activity":3.0E-4,"lastBolusTime":1704046480000,"time":"2023-12-31T20:52:23.084Z"}},{"iob":0.323,"basaliob":-0.06,"bolussnooze":0.0127,"activity":0.005,"lastBolusTime":1704046480000,"time":"2023-12-31T20:57:23.084Z","iobWithZeroTemp":{"iob":-0.294,"basaliob":-0.677,"bolussnooze":0.0127,"activity":-2.0E-4,"lastBolusTime":1704046480000,"time":"2023-12-31T20:57:23.084Z"}},{"iob":0.298,"basaliob":-0.056,"bolussnooze":0.0103,"activity":0.0047,"lastBolusTime":1704046480000,"time":"2023-12-31T21:02:23.084Z","iobWithZeroTemp":{"iob":-0.326,"basaliob":-0.68,"bolussnooze":0.0103,"activity":-6.0E-4,"lastBolusTime":1704046480000,"time":"2023-12-31T21:02:23.084Z"}},{"iob":0.276,"basaliob":-0.051,"bolussnooze":0.0083,"activity":0.0044,"lastBolusTime":1704046480000,"time":"2023-12-31T21:07:23.084Z","iobWithZeroTemp":{"iob":-0.354,"basaliob":-0.681,"bolussnooze":0.0083,"activity":-0.001,"lastBolusTime":1704046480000,"time":"2023-12-31T21:07:23.084Z"}},{"iob":0.255,"basaliob":-0.047,"bolussnooze":0.0067,"activity":0.0041,"lastBolusTime":1704046480000,"time":"2023-12-31T21:12:23.084Z","iobWithZeroTemp":{"iob":-0.381,"basaliob":-0.683,"bolussnooze":0.0067,"activity":-0.0014,"lastBolusTime":1704046480000,"time":"2023-12-31T21:12:23.084Z"}},{"iob":0.235,"basaliob":-0.043,"bolussnooze":0.0053,"activity":0.0038,"lastBolusTime":1704046480000,"time":"2023-12-31T21:17:23.084Z","iobWithZeroTemp":{"iob":-0.407,"basaliob":-0.685,"bolussnooze":0.0053,"activity":-0.0018,"lastBolusTime":1704046480000,"time":"2023-12-31T21:17:23.084Z"}},{"iob":0.216,"basaliob":-0.04,"bolussnooze":0.0042,"activity":0.0035,"lastBolusTime":1704046480000,"time":"2023-12-31T21:22:23.084Z","iobWithZeroTemp":{"iob":-0.431,"basaliob":-0.687,"bolussnooze":0.0042,"activity":-0.0022,"lastBolusTime":1704046480000,"time":"2023-12-31T21:22:23.084Z"}},{"iob":0.199,"basaliob":-0.037,"bolussnooze":0.0033,"activity":0.0033,"lastBolusTime":1704046480000,"time":"2023-12-31T21:27:23.084Z","iobWithZeroTemp":{"iob":-0.452,"basaliob":-0.688,"bolussnooze":0.0033,"activity":-0.0025,"lastBolusTime":1704046480000,"time":"2023-12-31T21:27:23.084Z"}},{"iob":0.183,"basaliob":-0.034,"bolussnooze":0.0026,"activity":0.003,"lastBolusTime":1704046480000,"time":"2023-12-31T21:32:23.084Z","iobWithZeroTemp":{"iob":-0.473,"basaliob":-0.69,"bolussnooze":0.0026,"activity":-0.0028,"lastBolusTime":1704046480000,"time":"2023-12-31T21:32:23.084Z"}},{"iob":0.169,"basaliob":-0.031,"bolussnooze":0.002,"activity":0.0029,"lastBolusTime":1704046480000,"time":"2023-12-31T21:37:23.084Z","iobWithZeroTemp":{"iob":-0.491,"basaliob":-0.691,"bolussnooze":0.002,"activity":-0.003,"lastBolusTime":1704046480000,"time":"2023-12-31T21:37:23.084Z"}},{"iob":0.156,"basaliob":-0.028,"bolussnooze":0.0015,"activity":0.0026,"lastBolusTime":1704046480000,"time":"2023-12-31T21:42:23.084Z","iobWithZeroTemp":{"iob":-0.508,"basaliob":-0.692,"bolussnooze":0.0015,"activity":-0.0033,"lastBolusTime":1704046480000,"time":"2023-12-31T21:42:23.084Z"}},{"iob":0.143,"basaliob":-0.026,"bolussnooze":0.0012,"activity":0.0024,"lastBolusTime":1704046480000,"time":"2023-12-31T21:47:23.084Z","iobWithZeroTemp":{"iob":-0.524,"basaliob":-0.693,"bolussnooze":0.0012,"activity":-0.0036,"lastBolusTime":1704046480000,"time":"2023-12-31T21:47:23.084Z"}},{"iob":0.131,"basaliob":-0.024,"bolussnooze":9.0E-4,"activity":0.0023,"lastBolusTime":1704046480000,"time":"2023-12-31T21:52:23.084Z","iobWithZeroTemp":{"iob":-0.539,"basaliob":-0.694,"bolussnooze":9.0E-4,"activity":-0.0038,"lastBolusTime":1704046480000,"time":"2023-12-31T21:52:23.084Z"}},{"iob":0.12,"basaliob":-0.022,"bolussnooze":6.0E-4,"activity":0.0021,"lastBolusTime":1704046480000,"time":"2023-12-31T21:57:23.084Z","iobWithZeroTemp":{"iob":-0.553,"basaliob":-0.695,"bolussnooze":6.0E-4,"activity":-0.004,"lastBolusTime":1704046480000,"time":"2023-12-31T21:57:23.084Z"}},{"iob":0.11,"basaliob":-0.02,"bolussnooze":5.0E-4,"activity":0.0019,"lastBolusTime":1704046480000,"time":"2023-12-31T22:02:23.084Z","iobWithZeroTemp":{"iob":-0.566,"basaliob":-0.696,"bolussnooze":5.0E-4,"activity":-0.0042,"lastBolusTime":1704046480000,"time":"2023-12-31T22:02:23.084Z"}},{"iob":0.101,"basaliob":-0.018,"bolussnooze":3.0E-4,"activity":0.0018,"lastBolusTime":1704046480000,"time":"2023-12-31T22:07:23.084Z","iobWithZeroTemp":{"iob":-0.582,"basaliob":-0.701,"bolussnooze":3.0E-4,"activity":-0.0044,"lastBolusTime":1704046480000,"time":"2023-12-31T22:07:23.084Z"}},{"iob":0.092,"basaliob":-0.017,"bolussnooze":2.0E-4,"activity":0.0016,"lastBolusTime":1704046480000,"time":"2023-12-31T22:12:23.084Z","iobWithZeroTemp":{"iob":-0.597,"basaliob":-0.706,"bolussnooze":2.0E-4,"activity":-0.0046,"lastBolusTime":1704046480000,"time":"2023-12-31T22:12:23.084Z"}},{"iob":0.084,"basaliob":-0.015,"bolussnooze":1.0E-4,"activity":0.0015,"lastBolusTime":1704046480000,"time":"2023-12-31T22:17:23.084Z","iobWithZeroTemp":{"iob":-0.611,"basaliob":-0.71,"bolussnooze":1.0E-4,"activity":-0.0048,"lastBolusTime":1704046480000,"time":"2023-12-31T22:17:23.084Z"}}],"profile":{"max_iob":7,"type":"current","max_daily_basal":0.45,"max_basal":1.35,"min_bg":81.0000000000001,"max_bg":81.0000000000001,"target_bg":81.0000000000001,"carb_ratio":11,"sens":352.8,"max_daily_safety_multiplier":3,"current_basal_safety_multiplier":4,"lgsThreshold":65,"high_temptarget_raises_sensitivity":false,"low_temptarget_lowers_sensitivity":false,"sensitivity_raises_target":true,"resistance_lowers_target":true,"adv_target_adjustments":false,"exercise_mode":false,"half_basal_exercise_target":160,"maxCOB":120,"skip_neutral_temps":false,"remainingCarbsCap":90,"enableUAM":true,"A52_risk_enable":false,"SMBInterval":4,"enableSMB_with_COB":true,"enableSMB_with_temptarget":false,"allowSMB_with_high_temptarget":true,"enableSMB_always":true,"enableSMB_after_carbs":false,"maxSMBBasalMinutes":60,"maxUAMSMBBasalMinutes":60,"bolus_increment":0.05,"carbsReqThreshold":10,"current_basal":0.4,"temptargetSet":true,"autosens_max":1.2,"autosens_min":0.8,"out_units":"mmol\/L","variable_sens":163.3,"insulinDivisor":65,"TDD":8.783179875000002},"autosens_data":{"ratio":0.7094007018261492},"meal_data":{"carbs":55,"mealCOB":38.316280045351476,"slopeFromMaxDeviation":-1.7650000000000006,"slopeFromMinDeviation":3.993333333333333,"lastBolusTime":1704046480000,"lastCarbTime":1704046399000},"microBolusAllowed":true,"currentTime":1704046946255,"flatBGsDetected":false,"tdd1D":21.139583333333334,"tdd7D":25.145285714285723,"tddLast24H":17.838083333333337,"tddLast4H":5.3,"tddLast8to4H":3.743333333333334},"output":{"temp":"absolute","bg":163,"tick":-10,"eventualBG":354,"targetBG":81.0000000000001,"insulinReq":0,"deliverAt":"2023-12-31T18:22:26.255Z","sensitivityRatio":0.7094007018261492,"variable_sens":163.3,"predBGs":{"IOB":[163,153,141,128,113,97,78,57,39,39,39,39,39],"ZT":[163,149,134,118,100,81,59,39,39,39,39,39,39,39,39,39,39,39,39,39,39,39,39,39,39,39,39,39,39,39,39,39,39,39,39,39,39,39,39,39,39,39,39,39,39,39,39,39],"COB":[163,154,144,135,126,118,110,103,97,92,88,85,83,81,81,83,85,88,92,98,104,112,120,130,141,152,165,178,192,204,217,229,240,251,262,272,282,291,300,308,316,323,330,336,341,346,350,354],"UAM":[163,151,136,120,102,83,60,39,39,39,39,39,39]},"reason":"COB: 38.3, Dev: 1.2, BGI: -0.8, ISF: 9.1, CR: 11, Target: 4.5, minPredBG 2.6, minGuardBG -8.1, IOBpredBG 2.2, COBpredBG 19.7, UAMpredBG 2.2; minGuardBG -8.1<3.6","COB":38.316280045351476,"IOB":2.26,"duration":120,"rate":0,"timestamp":"2023-12-31T18:22:26.281Z"}}