{"algorithm":"OpenAPSSMBDynamicISFPlugin","input":{"glucoseStatus":{"glucose":129,"noise":0,"delta":-1,"short_avgdelta":-6.17,"long_avgdelta":-7.53,"date":1704004320472},"currenttemp":{"temp":"absolute","duration":115,"rate":0,"minutesrunning":5},"iob_data":[{"iob":0.435,"basaliob":-0.291,"bolussnooze":0,"activity":0.0035,"lastBolusTime":1704002556000,"time":"2023-12-31T06:32:23.388Z","iobWithZeroTemp":{"iob":0.435,"basaliob":-0.291,"bolussnooze":0,"activity":0.0035,"lastBolusTime":1704002556000,"time":"2023-12-31T06:32:23.388Z"}},{"iob":0.418,"basaliob":-0.277,"bolussnooze":0,"activity":0.0036,"lastBolusTime":1704002556000,"time":"2023-12-31T06:37:23.388Z","iobWithZeroTemp":{"iob":0.391,"basaliob":-0.304,"bolussnooze":0,"activity":0.0036,"lastBolusTime":1704002556000,"time":"2023-12-31T06:37:23.388Z"}},{"iob":0.4,"basaliob":-0.264,"bolussnooze":0,"activity":0.0036,"lastBolusTime":1704002556000,"time":"2023-12-31T06:42:23.388Z","iobWithZeroTemp":{"iob":0.34,"basaliob":-0.324,"bolussnooze":0,"activity":0.0035,"lastBolusTime":1704002556000,"time":"2023-12-31T06:42:23.388Z"}},{"iob":0.381,"basaliob":-0.251,"bolussnooze":0,"activity":0.0036,"lastBolusTime":1704002556000,"time":"2023-12-31T06:47:23.388Z","iobWithZeroTemp":{"iob":0.289,"basaliob":-0.343,"bolussnooze":0,"activity":0.0034,"lastBolusTime":1704002556000,"time":"2023-12-31T06:47:23.388Z"}},{"iob":0.363,"basaliob":-0.238,"bolussnooze":0,"activity":0.0036,"lastBolusTime":1704002556000,"time":"2023-12-31T06:52:23.388Z","iobWithZeroTemp":{"iob":0.238,"basaliob":-0.363,"bolussnooze":0,"activity":0.0033,"lastBolusTime":1704002556000,"time":"2023-12-31T06:52:23.388Z"}},{"iob":0.346,"basaliob":-0.225,"bolussnooze":0,"activity":0.0036,"lastBolusTime":1704002556000,"time":"2023-12-31T06:57:23.388Z","iobWithZeroTemp":{"iob":0.19,"basaliob":-0.381,"bolussnooze":0,"activity":0.0031,"lastBolusTime":1704002556000,"time":"2023-12-31T06:57:23.388Z"}},{"iob":0.328,"basaliob":-0.213,"bolussnooze":0,"activity":0.0035,"lastBolusTime":1704002556000,"time":"2023-12-31T07:02:23.388Z","iobWithZeroTemp":{"iob":0.142,"basaliob":-0.399,"bolussnooze":0,"activity":0.0028,"lastBolusTime":1704002556000,"time":"2023-12-31T07:02:23.388Z"}},{"iob":0.31,"basaliob":-0.201,"bolussnooze":0,"activity":0.0034,"lastBolusTime":1704002556000,"time":"2023-12-31T07:07:23.388Z","iobWithZeroTemp":{"iob":0.094,"basaliob":-0.417,"bolussnooze":0,"activity":0.0025,"lastBolusTime":1704002556000,"time":"2023-12-31T07:07:23.388Z"}},{"iob":0.294,"basaliob":-0.189,"bolussnooze":0,"activity":0.0033,"lastBolusTime":1704002556000,"time":"2023-12-31T07:12:23.388Z","iobWithZeroTemp":{"iob":0.05,"basaliob":-0.433,"bolussnooze":0,"activity":0.0022,"lastBolusTime":1704002556000,"time":"2023-12-31T07:12:23.388Z"}},{"iob":0.277,"basaliob":-0.178,"bolussnooze":0,"activity":0.0032,"lastBolusTime":1704002556000,"time":"2023-12-31T07:17:23.388Z","iobWithZeroTemp":{"iob":0.005,"basaliob":-0.45,"bolussnooze":0,"activity":0.0019,"lastBolusTime":1704002556000,"time":"2023-12-31T07:17:23.388Z"}},{"iob":0.262,"basaliob":-0.167,"bolussnooze":0,"activity":0.0031,"lastBolusTime":1704002556000,"time":"2023-12-31T07:22:23.388Z","iobWithZeroTemp":{"iob":-0.036,"basaliob":-0.465,"bolussnooze":0,"activity":0.0016,"lastBolusTime":1704002556000,"time":"2023-12-31T07:22:23.388Z"}},{"iob":0.246,"basaliob":-0.157,"bolussnooze":0,"activity":0.003,"lastBolusTime":1704002556000,"time":"2023-12-31T07:27:23.388Z","iobWithZeroTemp":{"iob":-0.077,"basaliob":-0.48,"bolussnooze":0,"activity":0.0012,"lastBolusTime":1704002556000,"time":"2023-12-31T07:27:23.388Z"}},{"iob":0.232,"basaliob":-0.147,"bolussnooze":0,"activity":0.0029,"lastBolusTime":1704002556000,"time":"2023-12-31T07:32:23.388Z","iobWithZeroTemp":{"iob":-0.115,"basaliob":-0.494,"bolussnooze":0,"activity":9.0E-4,"lastBolusTime":1704002556000,"time":"2023-12-31T07:32:23.388Z"}},{"iob":0.218,"basaliob":-0.138,"bolussnooze":0,"activity":0.0028,"lastBolusTime":1704002556000,"time":"2023-12-31T07:37:23.388Z","iobWithZeroTemp":{"iob":-0.152,"basaliob":-0.508,"bolussnooze":0,"activity":6.0E-4,"lastBolusTime":1704002556000,"time":"2023-12-31T07:37:23.388Z"}},{"iob":0.204,"basaliob":-0.129,"bolussnooze":0,"activity":0.0027,"lastBolusTime":1704002556000,"time":"2023-12-31T07:42:23.388Z","iobWithZeroTemp":{"iob":-0.187,"basaliob":-0.52,"bolussnooze":0,"activity":3.0E-4,"lastBolusTime":1704002556000,"time":"2023-12-31T07:42:23.388Z"}},{"iob":0.191,"basaliob":-0.121,"bolussnooze":0,"activity":0.0025,"lastBolusTime":1704002556000,"time":"2023-12-31T07:47:23.388Z","iobWithZeroTemp":{"iob":-0.221,"basaliob":-0.533,"bolussnooze":0,"activity":-2.0E-4,"lastBolusTime":1704002556000,"time":"2023-12-31T07:47:23.388Z"}},{"iob":0.179,"basaliob":-0.113,"bolussnooze":0,"activity":0.0023,"lastBolusTime":1704002556000,"time":"2023-12-31T07:52:23.388Z","iobWithZeroTemp":{"iob":-0.252,"basaliob":-0.544,"bolussnooze":0,"activity":-6.0E-4,"lastBolusTime":1704002556000,"time":"2023-12-31T07:52:23.388Z"}},{"iob":0.168,"basaliob":-0.105,"bolussnooze":0,"activity":0.0022,"lastBolusTime":1704002556000,"time":"2023-12-31T07:57:23.388Z","iobWithZeroTemp":{"iob":-0.282,"basaliob":-0.555,"bolussnooze":0,"activity":-9.0E-4,"lastBolusTime":1704002556000,"time":"2023-12-31T07:57:23.388Z"}},{"iob":0.157,"basaliob":-0.098,"bolussnooze":0,"activity":0.0021,"lastBolusTime":1704002556000,"time":"2023-12-31T08:02:23.388Z","iobWithZeroTemp":{"iob":-0.31,"basaliob":-0.565,"bolussnooze":0,"activity":-0.0012,"lastBolusTime":1704002556000,"time":"2023-12-31T08:02:23.388Z"}},{"iob":0.146,"basaliob":-0.091,"bolussnooze":0,"activity":0.002,"lastBolusTime":1704002556000,"time":"2023-12-31T08:07:23.388Z","iobWithZeroTemp":{"iob":-0.338,"basaliob":-0.575,"bolussnooze":0,"activity":-0.0015,"lastBolusTime":1704002556000,"time":"2023-12-31T08:07:23.388Z"}},{"iob":0.136,"basaliob":-0.085,"bolussnooze":0,"activity":0.0019,"lastBolusTime":1704002556000,"time":"2023-12-31T08:12:23.388Z","iobWithZeroTemp":{"iob":-0.363,"basaliob":-0.584,"bolussnooze":0,"activity":-0.0018,"lastBolusTime":1704002556000,"time":"2023-12-31T08:12:23.388Z"}},{"iob":0.127,"basaliob":-0.079,"bolussnooze":0,"activity":0.0018,"lastBolusTime":1704002556000,"time":"2023-12-31T08:17:23.388Z","iobWithZeroTemp":{"iob":-0.387,"basaliob":-0.593,"bolussnooze":0,"activity":-0.0021,"lastBolusTime":1704002556000,"time":"2023-12-31T08:17:23.388Z"}},{"iob":0.119,"basaliob":-0.073,"bolussnooze":0,"activity":0.0017,"lastBolusTime":1704002556000,"time":"2023-12-31T08:22:23.388Z","iobWithZeroTemp":{"iob":-0.408,"basaliob":-0.6,"bolussnooze":0,"activity":-0.0023,"lastBolusTime":1704002556000,"time":"2023-12-31T08:22:23.388Z"}},{"iob":0.11,"basaliob":-0.068,"bolussnooze":0,"activity":0.0016,"lastBolusTime":1704002556000,"time":"2023-12-31T08:27:23.388Z","iobWithZeroTemp":{"iob":-0.43,"basaliob":-0.608,"bolussnooze":0,"activity":-0.0026,"lastBolusTime":1704002556000,"time":"2023-12-31T08:27:23.388Z"}},{"iob":0.103,"basaliob":-0.063,"bolussnooze":0,"activity":0.0015,"lastBolusTime":1704002556000,"time":"2023-12-31T08:32:23.388Z","iobWithZeroTemp":{"iob":-0.449,"basaliob":-0.615,"bolussnooze":0,"activity":-0.0028,"lastBolusTime":1704002556000,"time":"2023-12-31T08:32:23.388Z"}},{"iob":0.096,"basaliob":-0.058,"bolussnooze":0,"activity":0.0014,"lastBolusTime":1704002556000,"time":"2023-12-31T08:37:23.388Z","iobWithZeroTemp":{"iob":-0.467,"basaliob":-0.621,"bolussnooze":0,"activity":-0.0031,"lastBolusTime":1704002556000,"time":"2023-12-31T08:37:23.388Z"}},{"iob":0.088,"basaliob":-0.054,"bolussnooze":0,"activity":0.0014,"lastBolusTime":1704002556000,"time":"2023-12-31T08:42:23.388Z","iobWithZeroTemp":{"iob":-0.486,"basaliob":-0.628,"bolussnooze":0,"activity":-0.0032,"lastBolusTime":1704002556000,"time":"2023-12-31T08:42:23.388Z"}},{"iob":0.082,"basaliob":-0.05,"bolussnooze":0,"activity":0.0012,"lastBolusTime":1704002556000,"time":"2023-12-31T08:47:23.388Z","iobWithZeroTemp":{"iob":-0.502,"basaliob":-0.634,"bolussnooze":0,"activity":-0.0036,"lastBolusTime":1704002556000,"time":"2023-12-31T08:47:23.388Z"}},{"iob":0.076,"basaliob":-0.046,"bolussnooze":0,"activity":0.0012,"lastBolusTime":1704002556000,"time":"2023-12-31T08:52:23.388Z","iobWithZeroTemp":{"iob":-0.517,"basaliob":-0.639,"bolussnooze":0,"activity":-0.0037,"lastBolusTime":1704002556000,"time":"2023-12-31T08:52:23.388Z"}},{"iob":0.07,"basaliob":-0.043,"bolussnooze":0,"activity":0.0011,"lastBolusTime":1704002556000,"time":"2023-12-31T08:57:23.388Z","iobWithZeroTemp":{"iob":-0.531,"basaliob":-0.644,"bolussnooze":0,"activity":-0.0039,"lastBolusTime":1704002556000,"time":"2023-12-31T08:57:23.388Z"}},{"iob":0.066,"basaliob":-0.039,"bolussnooze":0,"activity":0.001,"lastBolusTime":1704002556000,"time":"2023-12-31T09:02:23.388Z","iobWithZeroTemp":{"iob":-0.543,"basaliob":-0.648,"bolussnooze":0,"activity":-0.0041,"lastBolusTime":1704002556000,"time":"2023-12-31T09:02:23.388Z"}},{"iob":0.061,"basaliob":-0.036,"bolussnooze":0,"activity":9.0E-4,"lastBolusTime":1704002556000,"time":"2023-12-31T09:07:23.388Z","iobWithZeroTemp":{"iob":-0.556,"basaliob":-0.653,"bolussnooze":0,"activity":-0.0043,"lastBolusTime":1704002556000,"time":"2023-12-31T09:07:23.388Z"}},{"iob":0.055,"basaliob":-0.034,"bolussnooze":0,"activity":9.0E-4,"lastBolusTime":1704002556000,"time":"2023-12-31T09:12:23.388Z","iobWithZeroTemp":{"iob":-0.569,"basaliob":-0.658,"bolussnooze":0,"activity":-0.0044,"lastBolusTime":1704002556000,"time":"2023-12-31T09:12:23.388Z"}},{"iob":0.051,"basaliob":-0.031,"bolussnooze":0,"activity":8.0E-4,"lastBolusTime":1704002556000,"time":"2023-12-31T09:17:23.388Z","iobWithZeroTemp":{"iob":-0.579,"basaliob":-0.661,"bolussnooze":0,"activity":-0.0046,"lastBolusTime":1704002556000,"time":"2023-12-31T09:17:23.388Z"}},{"iob":0.048,"basaliob":-0.028,"bolussnooze":0,"activity":7.0E-4,"lastBolusTime":1704002556000,"time":"2023-12-31T09:22:23.388Z","iobWithZeroTemp":{"iob":-0.588,"basaliob":-0.664,"bolussnooze":0,"activity":-0.0048,"lastBolusTime":1704002556000,"time":"2023-12-31T09:22:23.388Z"}},{"iob":0.044,"basaliob":-0.026,"bolussnooze":0,"activity":8.0E-4,"lastBolusTime":1704002556000,"time":"2023-12-31T09:27:23.388Z","iobWithZeroTemp":{"iob":-0.598,"basaliob":-0.668,"bolussnooze":0,"activity":-0.0048,"lastBolusTime":1704002556000,"time":"2023-12-31T09:27:23.388Z"}},{"iob":0.04,"basaliob":-0.024,"bolussnooze":0,"activity":7.0E-4,"lastBolusTime":1704002556000,"time":"2023-12-31T09:32:23.388Z","iobWithZeroTemp":{"iob":-0.607,"basaliob":-0.671,"bolussnooze":0,"activity":-0.005,"lastBolusTime":1704002556000,"time":"2023-12-31T09:32:23.388Z"}},{"iob":0.037,"basaliob":-0.022,"bolussnooze":0,"activity":6.0E-4,"lastBolusTime":1704002556000,"time":"2023-12-31T09:37:23.388Z","iobWithZeroTemp":{"iob":-0.614,"basaliob":-0.673,"bolussnooze":0,"activity":-0.0052,"lastBolusTime":1704002556000,"time":"2023-12-31T09:37:23.388Z"}},{"iob":0.035,"basaliob":-0.02,"bolussnooze":0,"activity":6.0E-4,"lastBolusTime":1704002556000,"time":"2023-12-31T09:42:23.388Z","iobWithZeroTemp":{"iob":-0.621,"basaliob":-0.676,"bolussnooze":0,"activity":-0.0052,"lastBolusTime":1704002556000,"time":"2023-12-31T09:42:23.388Z"}},{"iob":0.031,"basaliob":-0.019,"bolussnooze":0,"activity":6.0E-4,"lastBolusTime":1704002556000,"time":"2023-12-31T09:47:23.388Z","iobWithZeroTemp":{"iob":-0.629,"basaliob":-0.679,"bolussnooze":0,"activity":-0.0053,"lastBolusTime":1704002556000,"time":"2023-12-31T09:47:23.388Z"}},{"iob":0.029,"basaliob":-0.017,"bolussnooze":0,"activity":5.0E-4,"lastBolusTime":1704002556000,"time":"2023-12-31T09:52:23.388Z","iobWithZeroTemp":{"iob":-0.635,"basaliob":-0.681,"bolussnooze":0,"activity":-0.0054,"lastBolusTime":1704002556000,"time":"2023-12-31T09:52:23.388Z"}},{"iob":0.026,"basaliob":-0.016,"bolussnooze":0,"activity":4.0E-4,"lastBolusTime":1704002556000,"time":"2023-12-31T09:57:23.388Z","iobWithZeroTemp":{"iob":-0.641,"basaliob":-0.683,"bolussnooze":0,"activity":-0.0056,"lastBolusTime":1704002556000,"time":"2023-12-31T09:57:23.388Z"}},{"iob":0.025,"basaliob":-0.014,"bolussnooze":0,"activity":4.0E-4,"lastBolusTime":1704002556000,"time":"2023-12-31T10:02:23.388Z","iobWithZeroTemp":{"iob":-0.645,"basaliob":-0.684,"bolussnooze":0,"activity":-0.0057,"lastBolusTime":1704002556000,"time":"2023-12-31T10:02:23.388Z"}},{"iob":0.022,"basaliob":-0.013,"bolussnooze":0,"activity":4.0E-4,"lastBolusTime":1704002556000,"time":"2023-12-31T10:07:23.388Z","iobWithZeroTemp":{"iob":-0.651,"basaliob":-0.686,"bolussnooze":0,"activity":-0.0057,"lastBolusTime":1704002556000,"time":"2023-12-31T10:07:23.388Z"}},{"iob":0.02,"basaliob":-0.012,"bolussnooze":0,"activity":4.0E-4,"lastBolusTime":1704002556000,"time":"2023-12-31T10:12:23.388Z","iobWithZeroTemp":{"iob":-0.656,"basaliob":-0.688,"bolussnooze":0,"activity":-0.0057,"lastBolusTime":1704002556000,"time":"2023-12-31T10:12:23.388Z"}},{"iob":0.019,"basaliob":-0.011,"bolussnooze":0,"activity":3.0E-4,"lastBolusTime":1704002556000,"time":"2023-12-31T10:17:23.388Z","iobWithZeroTemp":{"iob":-0.659,"basaliob":-0.689,"bolussnooze":0,"activity":-0.0059,"lastBolusTime":1704002556000,"time":"2023-12-31T10:17:23.388Z"}},{"iob":0.017,"basaliob":-0.01,"bolussnooze":0,"activity":3.0E-4,"lastBolusTime":1704002556000,"time":"2023-12-31T10:22:23.388Z","iobWithZeroTemp":{"iob":-0.664,"basaliob":-0.691,"bolussnooze":0,"activity":-0.0059,"lastBolusTime":1704002556000,"time":"2023-12-31T10:22:23.388Z"}},{"iob":0.016,"basaliob":-0.009,"bolussnooze":0,"activity":3.0E-4,"lastBolusTime":1704002556000,"time":"2023-12-31T10:27:23.388Z","iobWithZeroTemp":{"iob":-0.667,"basaliob":-0.692,"bolussnooze":0,"activity":-0.006,"lastBolusTime":1704002556000,"time":"2023-12-31T10:27:23.388Z"}}],"profile":{"max_iob":7,"type":"current","max_daily_basal":0.45,"max_basal":1.35,"min_bg":106.2,"max_bg":106.2,"target_bg":106.2,"carb_ratio":9,"sens":352.8,"max_daily_safety_multiplier":3,"current_basal_safety_multiplier":4,"lgsThreshold":65,"high_temptarget_raises_sensitivity":false,"low_temptarget_lowers_sensitivity":false,"sensitivity_raises_target":true,"resistance_lowers_target":true,"adv_target_adjustments":false,"exercise_mode":false,"half_basal_exercise_target":160,"maxCOB":120,"skip_neutral_temps":false,"remainingCarbsCap":90,"enableUAM":true,"A52_risk_enable":false,"SMBInterval":4,"enableSMB_with_COB":true,"enableSMB_with_temptarget":false,"allowSMB_with_high_temptarget":true,"enableSMB_always":true,"enableSMB_after_carbs":false,"maxSMBBasalMinutes":60,"maxUAMSMBBasalMinutes":60,"bolus_increment":0.05,"carbsReqThreshold":10,"current_basal":0.4,"temptargetSet":false,"autosens_max":1.2,"autosens_min":0.8,"out_units":"mmol\/L","variable_sens":245.8,"insulinDivisor":65,"TDD":6.695892750000001},"autosens_data":{"ratio":0.801929643159467},"meal_data":{"carbs":2,"mealCOB":0,"slopeFromMaxDeviation":-4.045322580645162,"slopeFromMinDeviation":0,"lastBolusTime":1704002556000,"lastCarbTime":1703996129000},"microBolusAllowed":true,"currentTime":1704004345560,"flatBGsDetected":false,"tdd1D":21.139583333333334,"tdd7D":25.145285714285723,"tddLast24H":20.164749999999994,"tddLast4H":1.7821666666666667,"tddLast8to4H":1.91175},"output":{"temp":"absolute","bg":129,"tick":-1,"eventualBG":3,"targetBG":118,"insulinReq":0,"deliverAt":"2023-12-31T06:32:25.560Z","sensitivityRatio":0.801929643159467,"variable_sens":245.8,"predBGs":{"IOB":[129,123,117,111,105,98,92,86,80,74,68,62,56,50,43,39],"ZT":[129,125,120,116,111,107,102,99,95,92,89,86,84,83,82,81,82,83,84,86,88,91,94,98,102,106,110,114]},"reason":"COB: 0, Dev: -1.1, BGI: -0.2, ISF: 13.7, CR: 9, Target: 6.6, minPredBG 3.3, minGuardBG -3.8, IOBpredBG 2.2; minGuardBG -3.8<4.4 115m left and 0 ~ req 0U\/hr: no temp required","COB":0,"IOB":0.435,"timestamp":"2023-12-31T06:32:25.585Z"}}