{"algorithm":"OpenAPSSMBDynamicISFPlugin","input":{"glucoseStatus":{"glucose":171,"noise":0,"delta":-8,"short_avgdelta":-3.78,"long_avgdelta":8.87,"date":1704003120058},"currenttemp":{"temp":"absolute","duration":20,"rate":0,"minutesrunning":10},"iob_data":[{"iob":0.628,"basaliob":-0.212,"bolussnooze":0,"activity":0.0021,"lastBolusTime":1704002556000,"time":"2023-12-31T06:12:24.340Z","iobWithZeroTemp":{"iob":0.628,"basaliob":-0.212,"bolussnooze":0,"activity":0.0021,"lastBolusTime":1704002556000,"time":"2023-12-31T06:12:24.340Z"}},{"iob":0.616,"basaliob":-0.198,"bolussnooze":0,"activity":0.0026,"lastBolusTime":1704002556000,"time":"2023-12-31T06:17:24.340Z","iobWithZeroTemp":{"iob":0.589,"basaliob":-0.225,"bolussnooze":0,"activity":0.0026,"lastBolusTime":1704002556000,"time":"2023-12-31T06:17:24.340Z"}},{"iob":0.602,"basaliob":-0.184,"bolussnooze":0,"activity":0.0032,"lastBolusTime":1704002556000,"time":"2023-12-31T06:22:24.340Z","iobWithZeroTemp":{"iob":0.542,"basaliob":-0.244,"bolussnooze":0,"activity":0.0031,"lastBolusTime":1704002556000,"time":"2023-12-31T06:22:24.340Z"}},{"iob":0.584,"basaliob":-0.172,"bolussnooze":0,"activity":0.0035,"lastBolusTime":1704002556000,"time":"2023-12-31T06:27:24.340Z","iobWithZeroTemp":{"iob":0.492,"basaliob":-0.264,"bolussnooze":0,"activity":0.0033,"lastBolusTime":1704002556000,"time":"2023-12-31T06:27:24.340Z"}},{"iob":0.566,"basaliob":-0.16,"bolussnooze":0,"activity":0.0039,"lastBolusTime":1704002556000,"time":"2023-12-31T06:32:24.340Z","iobWithZeroTemp":{"iob":0.441,"basaliob":-0.285,"bolussnooze":0,"activity":0.0036,"lastBolusTime":1704002556000,"time":"2023-12-31T06:32:24.340Z"}},{"iob":0.546,"basaliob":-0.149,"bolussnooze":0,"activity":0.0041,"lastBolusTime":1704002556000,"time":"2023-12-31T06:37:24.340Z","iobWithZeroTemp":{"iob":0.39,"basaliob":-0.305,"bolussnooze":0,"activity":0.0036,"lastBolusTime":1704002556000,"time":"2023-12-31T06:37:24.340Z"}},{"iob":0.525,"basaliob":-0.138,"bolussnooze":0,"activity":0.0043,"lastBolusTime":1704002556000,"time":"2023-12-31T06:42:24.340Z","iobWithZeroTemp":{"iob":0.339,"basaliob":-0.324,"bolussnooze":0,"activity":0.0036,"lastBolusTime":1704002556000,"time":"2023-12-31T06:42:24.340Z"}},{"iob":0.504,"basaliob":-0.128,"bolussnooze":0,"activity":0.0043,"lastBolusTime":1704002556000,"time":"2023-12-31T06:47:24.340Z","iobWithZeroTemp":{"iob":0.288,"basaliob":-0.344,"bolussnooze":0,"activity":0.0034,"lastBolusTime":1704002556000,"time":"2023-12-31T06:47:24.340Z"}},{"iob":0.482,"basaliob":-0.119,"bolussnooze":0,"activity":0.0044,"lastBolusTime":1704002556000,"time":"2023-12-31T06:52:24.340Z","iobWithZeroTemp":{"iob":0.238,"basaliob":-0.363,"bolussnooze":0,"activity":0.0033,"lastBolusTime":1704002556000,"time":"2023-12-31T06:52:24.340Z"}},{"iob":0.46,"basaliob":-0.11,"bolussnooze":0,"activity":0.0044,"lastBolusTime":1704002556000,"time":"2023-12-31T06:57:24.340Z","iobWithZeroTemp":{"iob":0.188,"basaliob":-0.382,"bolussnooze":0,"activity":0.0031,"lastBolusTime":1704002556000,"time":"2023-12-31T06:57:24.340Z"}},{"iob":0.438,"basaliob":-0.102,"bolussnooze":0,"activity":0.0043,"lastBolusTime":1704002556000,"time":"2023-12-31T07:02:24.340Z","iobWithZeroTemp":{"iob":0.14,"basaliob":-0.4,"bolussnooze":0,"activity":0.0028,"lastBolusTime":1704002556000,"time":"2023-12-31T07:02:24.340Z"}},{"iob":0.416,"basaliob":-0.095,"bolussnooze":0,"activity":0.0043,"lastBolusTime":1704002556000,"time":"2023-12-31T07:07:24.340Z","iobWithZeroTemp":{"iob":0.093,"basaliob":-0.418,"bolussnooze":0,"activity":0.0025,"lastBolusTime":1704002556000,"time":"2023-12-31T07:07:24.340Z"}},{"iob":0.395,"basaliob":-0.088,"bolussnooze":0,"activity":0.0042,"lastBolusTime":1704002556000,"time":"2023-12-31T07:12:24.340Z","iobWithZeroTemp":{"iob":0.048,"basaliob":-0.435,"bolussnooze":0,"activity":0.0022,"lastBolusTime":1704002556000,"time":"2023-12-31T07:12:24.340Z"}},{"iob":0.374,"basaliob":-0.081,"bolussnooze":0,"activity":0.0041,"lastBolusTime":1704002556000,"time":"2023-12-31T07:17:24.340Z","iobWithZeroTemp":{"iob":0.004,"basaliob":-0.451,"bolussnooze":0,"activity":0.0019,"lastBolusTime":1704002556000,"time":"2023-12-31T07:17:24.340Z"}},{"iob":0.354,"basaliob":-0.075,"bolussnooze":0,"activity":0.004,"lastBolusTime":1704002556000,"time":"2023-12-31T07:22:24.340Z","iobWithZeroTemp":{"iob":-0.037,"basaliob":-0.466,"bolussnooze":0,"activity":0.0016,"lastBolusTime":1704002556000,"time":"2023-12-31T07:22:24.340Z"}},{"iob":0.334,"basaliob":-0.069,"bolussnooze":0,"activity":0.0039,"lastBolusTime":1704002556000,"time":"2023-12-31T07:27:24.340Z","iobWithZeroTemp":{"iob":-0.078,"basaliob":-0.481,"bolussnooze":0,"activity":0.0012,"lastBolusTime":1704002556000,"time":"2023-12-31T07:27:24.340Z"}},{"iob":0.315,"basaliob":-0.064,"bolussnooze":0,"activity":0.0038,"lastBolusTime":1704002556000,"time":"2023-12-31T07:32:24.340Z","iobWithZeroTemp":{"iob":-0.116,"basaliob":-0.495,"bolussnooze":0,"activity":9.0E-4,"lastBolusTime":1704002556000,"time":"2023-12-31T07:32:24.340Z"}},{"iob":0.296,"basaliob":-0.059,"bolussnooze":0,"activity":0.0036,"lastBolusTime":1704002556000,"time":"2023-12-31T07:37:24.340Z","iobWithZeroTemp":{"iob":-0.154,"basaliob":-0.509,"bolussnooze":0,"activity":5.0E-4,"lastBolusTime":1704002556000,"time":"2023-12-31T07:37:24.340Z"}},{"iob":0.279,"basaliob":-0.054,"bolussnooze":0,"activity":0.0035,"lastBolusTime":1704002556000,"time":"2023-12-31T07:42:24.340Z","iobWithZeroTemp":{"iob":-0.188,"basaliob":-0.521,"bolussnooze":0,"activity":2.0E-4,"lastBolusTime":1704002556000,"time":"2023-12-31T07:42:24.340Z"}},{"iob":0.262,"basaliob":-0.05,"bolussnooze":0,"activity":0.0033,"lastBolusTime":1704002556000,"time":"2023-12-31T07:47:24.340Z","iobWithZeroTemp":{"iob":-0.222,"basaliob":-0.534,"bolussnooze":0,"activity":-2.0E-4,"lastBolusTime":1704002556000,"time":"2023-12-31T07:47:24.340Z"}},{"iob":0.246,"basaliob":-0.046,"bolussnooze":0,"activity":0.0031,"lastBolusTime":1704002556000,"time":"2023-12-31T07:52:24.340Z","iobWithZeroTemp":{"iob":-0.253,"basaliob":-0.545,"bolussnooze":0,"activity":-6.0E-4,"lastBolusTime":1704002556000,"time":"2023-12-31T07:52:24.340Z"}},{"iob":0.231,"basaliob":-0.042,"bolussnooze":0,"activity":0.003,"lastBolusTime":1704002556000,"time":"2023-12-31T07:57:24.340Z","iobWithZeroTemp":{"iob":-0.283,"basaliob":-0.556,"bolussnooze":0,"activity":-9.0E-4,"lastBolusTime":1704002556000,"time":"2023-12-31T07:57:24.340Z"}},{"iob":0.216,"basaliob":-0.039,"bolussnooze":0,"activity":0.0028,"lastBolusTime":1704002556000,"time":"2023-12-31T08:02:24.340Z","iobWithZeroTemp":{"iob":-0.311,"basaliob":-0.566,"bolussnooze":0,"activity":-0.0012,"lastBolusTime":1704002556000,"time":"2023-12-31T08:02:24.340Z"}},{"iob":0.202,"basaliob":-0.035,"bolussnooze":0,"activity":0.0027,"lastBolusTime":1704002556000,"time":"2023-12-31T08:07:24.340Z","iobWithZeroTemp":{"iob":-0.338,"basaliob":-0.575,"bolussnooze":0,"activity":-0.0015,"lastBolusTime":1704002556000,"time":"2023-12-31T08:07:24.340Z"}},{"iob":0.188,"basaliob":-0.033,"bolussnooze":0,"activity":0.0025,"lastBolusTime":1704002556000,"time":"2023-12-31T08:12:24.340Z","iobWithZeroTemp":{"iob":-0.364,"basaliob":-0.585,"bolussnooze":0,"activity":-0.0018,"lastBolusTime":1704002556000,"time":"2023-12-31T08:12:24.340Z"}},{"iob":0.176,"basaliob":-0.03,"bolussnooze":0,"activity":0.0025,"lastBolusTime":1704002556000,"time":"2023-12-31T08:17:24.340Z","iobWithZeroTemp":{"iob":-0.387,"basaliob":-0.593,"bolussnooze":0,"activity":-0.002,"lastBolusTime":1704002556000,"time":"2023-12-31T08:17:24.340Z"}},{"iob":0.165,"basaliob":-0.027,"bolussnooze":0,"activity":0.0023,"lastBolusTime":1704002556000,"time":"2023-12-31T08:22:24.340Z","iobWithZeroTemp":{"iob":-0.409,"basaliob":-0.601,"bolussnooze":0,"activity":-0.0023,"lastBolusTime":1704002556000,"time":"2023-12-31T08:22:24.340Z"}},{"iob":0.153,"basaliob":-0.025,"bolussnooze":0,"activity":0.0022,"lastBolusTime":1704002556000,"time":"2023-12-31T08:27:24.340Z","iobWithZeroTemp":{"iob":-0.431,"basaliob":-0.609,"bolussnooze":0,"activity":-0.0026,"lastBolusTime":1704002556000,"time":"2023-12-31T08:27:24.340Z"}},{"iob":0.142,"basaliob":-0.023,"bolussnooze":0,"activity":0.0021,"lastBolusTime":1704002556000,"time":"2023-12-31T08:32:24.340Z","iobWithZeroTemp":{"iob":-0.451,"basaliob":-0.616,"bolussnooze":0,"activity":-0.0028,"lastBolusTime":1704002556000,"time":"2023-12-31T08:32:24.340Z"}},{"iob":0.133,"basaliob":-0.021,"bolussnooze":0,"activity":0.0019,"lastBolusTime":1704002556000,"time":"2023-12-31T08:37:24.340Z","iobWithZeroTemp":{"iob":-0.468,"basaliob":-0.622,"bolussnooze":0,"activity":-0.0031,"lastBolusTime":1704002556000,"time":"2023-12-31T08:37:24.340Z"}},{"iob":0.123,"basaliob":-0.019,"bolussnooze":0,"activity":0.0019,"lastBolusTime":1704002556000,"time":"2023-12-31T08:42:24.340Z","iobWithZeroTemp":{"iob":-0.486,"basaliob":-0.628,"bolussnooze":0,"activity":-0.0032,"lastBolusTime":1704002556000,"time":"2023-12-31T08:42:24.340Z"}},{"iob":0.115,"basaliob":-0.017,"bolussnooze":0,"activity":0.0017,"lastBolusTime":1704002556000,"time":"2023-12-31T08:47:24.340Z","iobWithZeroTemp":{"iob":-0.502,"basaliob":-0.634,"bolussnooze":0,"activity":-0.0035,"lastBolusTime":1704002556000,"time":"2023-12-31T08:47:24.340Z"}},{"iob":0.106,"basaliob":-0.016,"bolussnooze":0,"activity":0.0016,"lastBolusTime":1704002556000,"time":"2023-12-31T08:52:24.340Z","iobWithZeroTemp":{"iob":-0.518,"basaliob":-0.64,"bolussnooze":0,"activity":-0.0037,"lastBolusTime":1704002556000,"time":"2023-12-31T08:52:24.340Z"}},{"iob":0.099,"basaliob":-0.014,"bolussnooze":0,"activity":0.0015,"lastBolusTime":1704002556000,"time":"2023-12-31T08:57:24.340Z","iobWithZeroTemp":{"iob":-0.531,"basaliob":-0.644,"bolussnooze":0,"activity":-0.0039,"lastBolusTime":1704002556000,"time":"2023-12-31T08:57:24.340Z"}},{"iob":0.092,"basaliob":-0.013,"bolussnooze":0,"activity":0.0014,"lastBolusTime":1704002556000,"time":"2023-12-31T09:02:24.340Z","iobWithZeroTemp":{"iob":-0.544,"basaliob":-0.649,"bolussnooze":0,"activity":-0.0041,"lastBolusTime":1704002556000,"time":"2023-12-31T09:02:24.340Z"}},{"iob":0.085,"basaliob":-0.012,"bolussnooze":0,"activity":0.0013,"lastBolusTime":1704002556000,"time":"2023-12-31T09:07:24.340Z","iobWithZeroTemp":{"iob":-0.557,"basaliob":-0.654,"bolussnooze":0,"activity":-0.0043,"lastBolusTime":1704002556000,"time":"2023-12-31T09:07:24.340Z"}},{"iob":0.078,"basaliob":-0.011,"bolussnooze":0,"activity":0.0012,"lastBolusTime":1704002556000,"time":"2023-12-31T09:12:24.340Z","iobWithZeroTemp":{"iob":-0.569,"basaliob":-0.658,"bolussnooze":0,"activity":-0.0045,"lastBolusTime":1704002556000,"time":"2023-12-31T09:12:24.340Z"}},{"iob":0.072,"basaliob":-0.01,"bolussnooze":0,"activity":0.0011,"lastBolusTime":1704002556000,"time":"2023-12-31T09:17:24.340Z","iobWithZeroTemp":{"iob":-0.579,"basaliob":-0.661,"bolussnooze":0,"activity":-0.0047,"lastBolusTime":1704002556000,"time":"2023-12-31T09:17:24.340Z"}},{"iob":0.067,"basaliob":-0.009,"bolussnooze":0,"activity":0.001,"lastBolusTime":1704002556000,"time":"2023-12-31T09:22:24.340Z","iobWithZeroTemp":{"iob":-0.589,"basaliob":-0.665,"bolussnooze":0,"activity":-0.0048,"lastBolusTime":1704002556000,"time":"2023-12-31T09:22:24.340Z"}},{"iob":0.062,"basaliob":-0.008,"bolussnooze":0,"activity":9.0E-4,"lastBolusTime":1704002556000,"time":"2023-12-31T09:27:24.340Z","iobWithZeroTemp":{"iob":-0.598,"basaliob":-0.668,"bolussnooze":0,"activity":-0.005,"lastBolusTime":1704002556000,"time":"2023-12-31T09:27:24.340Z"}},{"iob":0.057,"basaliob":-0.007,"bolussnooze":0,"activity":0.001,"lastBolusTime":1704002556000,"time":"2023-12-31T09:32:24.340Z","iobWithZeroTemp":{"iob":-0.607,"basaliob":-0.671,"bolussnooze":0,"activity":-0.0049,"lastBolusTime":1704002556000,"time":"2023-12-31T09:32:24.340Z"}},{"iob":0.052,"basaliob":-0.007,"bolussnooze":0,"activity":9.0E-4,"lastBolusTime":1704002556000,"time":"2023-12-31T09:37:24.340Z","iobWithZeroTemp":{"iob":-0.615,"basaliob":-0.674,"bolussnooze":0,"activity":-0.0051,"lastBolusTime":1704002556000,"time":"2023-12-31T09:37:24.340Z"}},{"iob":0.049,"basaliob":-0.006,"bolussnooze":0,"activity":8.0E-4,"lastBolusTime":1704002556000,"time":"2023-12-31T09:42:24.340Z","iobWithZeroTemp":{"iob":-0.621,"basaliob":-0.676,"bolussnooze":0,"activity":-0.0053,"lastBolusTime":1704002556000,"time":"2023-12-31T09:42:24.340Z"}},{"iob":0.045,"basaliob":-0.005,"bolussnooze":0,"activity":8.0E-4,"lastBolusTime":1704002556000,"time":"2023-12-31T09:47:24.340Z","iobWithZeroTemp":{"iob":-0.628,"basaliob":-0.678,"bolussnooze":0,"activity":-0.0053,"lastBolusTime":1704002556000,"time":"2023-12-31T09:47:24.340Z"}},{"iob":0.041,"basaliob":-0.005,"bolussnooze":0,"activity":7.0E-4,"lastBolusTime":1704002556000,"time":"2023-12-31T09:52:24.340Z","iobWithZeroTemp":{"iob":-0.635,"basaliob":-0.681,"bolussnooze":0,"activity":-0.0054,"lastBolusTime":1704002556000,"time":"2023-12-31T09:52:24.340Z"}},{"iob":0.038,"basaliob":-0.004,"bolussnooze":0,"activity":6.0E-4,"lastBolusTime":1704002556000,"time":"2023-12-31T09:57:24.340Z","iobWithZeroTemp":{"iob":-0.64,"basaliob":-0.682,"bolussnooze":0,"activity":-0.0056,"lastBolusTime":1704002556000,"time":"2023-12-31T09:57:24.340Z"}},{"iob":0.035,"basaliob":-0.004,"bolussnooze":0,"activity":6.0E-4,"lastBolusTime":1704002556000,"time":"2023-12-31T10:02:24.340Z","iobWithZeroTemp":{"iob":-0.646,"basaliob":-0.685,"bolussnooze":0,"activity":-0.0056,"lastBolusTime":1704002556000,"time":"2023-12-31T10:02:24.340Z"}},{"iob":0.031,"basaliob":-0.004,"bolussnooze":0,"activity":5.0E-4,"lastBolusTime":1704002556000,"time":"2023-12-31T10:07:24.340Z","iobWithZeroTemp":{"iob":-0.652,"basaliob":-0.687,"bolussnooze":0,"activity":-0.0058,"lastBolusTime":1704002556000,"time":"2023-12-31T10:07:24.340Z"}}],"profile":{"max_iob":7,"type":"current","max_daily_basal":0.45,"max_basal":1.35,"min_bg":81,"max_bg":81,"target_bg":81,"carb_ratio":9,"sens":352.8,"max_daily_safety_multiplier":3,"current_basal_safety_multiplier":4,"lgsThreshold":65,"high_temptarget_raises_sensitivity":false,"low_temptarget_lowers_sensitivity":false,"sensitivity_raises_target":true,"resistance_lowers_target":true,"adv_target_adjustments":false,"exercise_mode":false,"half_basal_exercise_target":160,"maxCOB":120,"skip_neutral_temps":false,"remainingCarbsCap":90,"enableUAM":true,"A52_risk_enable":false,"SMBInterval":4,"enableSMB_with_COB":true,"enableSMB_with_temptarget":false,"allowSMB_with_high_temptarget":true,"enableSMB_always":true,"enableSMB_after_carbs":false,"maxSMBBasalMinutes":60,"maxUAMSMBBasalMinutes":60,"bolus_increment":0.05,"carbsReqThreshold":10,"current_basal":0.4,"temptargetSet":true,"autosens_max":1.2,"autosens_min":0.8,"out_units":"mmol\/L","variable_sens":203.1,"insulinDivisor":65,"TDD":6.874167000000001},"autosens_data":{"ratio":0.813462620087832},"meal_data":{"carbs":2,"mealCOB":0,"slopeFromMaxDeviation":0,"slopeFromMinDeviation":1.5568627450980395,"lastBolusTime":1704002556000,"lastCarbTime":1703996129000},"microBolusAllowed":true,"currentTime":1704003146638,"flatBGsDetected":false,"tdd1D":21.139583333333334,"tdd7D":25.145285714285723,"tddLast24H":20.454749999999997,"tddLast4H":1.7821666666666667,"tddLast8to4H":2.76925},"output":{"temp":"absolute","bg":171,"tick":-8,"eventualBG":109,"targetBG":81,"insulinReq":0,"deliverAt":"2023-12-31T06:12:26.638Z","sensitivityRatio":0.813462620087832,"variable_sens":203.1,"predBGs":{"IOB":[171,163,156,148,140,132,125,117,109,102,95,88,82,75,68,61,53,44,39],"ZT":[171,169,166,163,160,156,152,148,144,141,137,134,131,128,126,124,123,121,121,121,121]},"reason":"COB: 0, Dev: 3.7, BGI: -0.1, ISF: 11.3, CR: 9, Target: 4.5, minPredBG 4.4, minGuardBG -6.0, IOBpredBG 2.2; minGuardBG -6.0<3.6","COB":0,"IOB":0.628,"duration":120,"rate":0,"timestamp":"2023-12-31T06:12:26.666Z"}}