{"algorithm":"OpenAPSSMBDynamicISFPlugin","input":{"glucoseStatus":{"glucose":156,"noise":0,"delta":-17,"short_avgdelta":-16.67,"long_avgdelta":-8.9,"date":1704045121418},"currenttemp":{"temp":"absolute","duration":100,"rate":0,"minutesrunning":20},"iob_data":[{"iob":1.821,"basaliob":-0.389,"bolussnooze":0.6317,"activity":0.015,"lastBolusTime":1704043719000,"time":"2023-12-31T17:52:22.365Z","iobWithZeroTemp":{"iob":1.821,"basaliob":-0.389,"bolussnooze":0.6317,"activity":0.015,"lastBolusTime":1704043719000,"time":"2023-12-31T17:52:22.365Z"}},{"iob":1.745,"basaliob":-0.369,"bolussnooze":0.5751,"activity":0.0153,"lastBolusTime":1704043719000,"time":"2023-12-31T17:57:22.365Z","iobWithZeroTemp":{"iob":1.718,"basaliob":-0.396,"bolussnooze":0.5751,"activity":0.0153,"lastBolusTime":1704043719000,"time":"2023-12-31T17:57:22.365Z"}},{"iob":1.668,"basaliob":-0.349,"bolussnooze":0.5193,"activity":0.0154,"lastBolusTime":1704043719000,"time":"2023-12-31T18:02:22.365Z","iobWithZeroTemp":{"iob":1.608,"basaliob":-0.409,"bolussnooze":0.5193,"activity":0.0153,"lastBolusTime":1704043719000,"time":"2023-12-31T18:02:22.365Z"}},{"iob":1.592,"basaliob":-0.329,"bolussnooze":0.4655,"activity":0.0154,"lastBolusTime":1704043719000,"time":"2023-12-31T18:07:22.365Z","iobWithZeroTemp":{"iob":1.5,"basaliob":-0.421,"bolussnooze":0.4655,"activity":0.0152,"lastBolusTime":1704043719000,"time":"2023-12-31T18:07:22.365Z"}},{"iob":1.515,"basaliob":-0.31,"bolussnooze":0.4148,"activity":0.0153,"lastBolusTime":1704043719000,"time":"2023-12-31T18:12:22.365Z","iobWithZeroTemp":{"iob":1.39,"basaliob":-0.435,"bolussnooze":0.4148,"activity":0.015,"lastBolusTime":1704043719000,"time":"2023-12-31T18:12:22.365Z"}},{"iob":1.44,"basaliob":-0.292,"bolussnooze":0.3675,"activity":0.015,"lastBolusTime":1704043719000,"time":"2023-12-31T18:17:22.365Z","iobWithZeroTemp":{"iob":1.284,"basaliob":-0.448,"bolussnooze":0.3675,"activity":0.0145,"lastBolusTime":1704043719000,"time":"2023-12-31T18:17:22.365Z"}},{"iob":1.365,"basaliob":-0.275,"bolussnooze":0.3241,"activity":0.0148,"lastBolusTime":1704043719000,"time":"2023-12-31T18:22:22.365Z","iobWithZeroTemp":{"iob":1.179,"basaliob":-0.461,"bolussnooze":0.3241,"activity":0.0141,"lastBolusTime":1704043719000,"time":"2023-12-31T18:22:22.365Z"}},{"iob":1.292,"basaliob":-0.258,"bolussnooze":0.2845,"activity":0.0144,"lastBolusTime":1704043719000,"time":"2023-12-31T18:27:22.365Z","iobWithZeroTemp":{"iob":1.076,"basaliob":-0.474,"bolussnooze":0.2845,"activity":0.0135,"lastBolusTime":1704043719000,"time":"2023-12-31T18:27:22.365Z"}},{"iob":1.221,"basaliob":-0.242,"bolussnooze":0.2487,"activity":0.014,"lastBolusTime":1704043719000,"time":"2023-12-31T18:32:22.365Z","iobWithZeroTemp":{"iob":0.977,"basaliob":-0.486,"bolussnooze":0.2487,"activity":0.0129,"lastBolusTime":1704043719000,"time":"2023-12-31T18:32:22.365Z"}},{"iob":1.152,"basaliob":-0.227,"bolussnooze":0.2166,"activity":0.0135,"lastBolusTime":1704043719000,"time":"2023-12-31T18:37:22.365Z","iobWithZeroTemp":{"iob":0.88,"basaliob":-0.499,"bolussnooze":0.2166,"activity":0.0122,"lastBolusTime":1704043719000,"time":"2023-12-31T18:37:22.365Z"}},{"iob":1.086,"basaliob":-0.212,"bolussnooze":0.188,"activity":0.0131,"lastBolusTime":1704043719000,"time":"2023-12-31T18:42:22.365Z","iobWithZeroTemp":{"iob":0.788,"basaliob":-0.51,"bolussnooze":0.188,"activity":0.0116,"lastBolusTime":1704043719000,"time":"2023-12-31T18:42:22.365Z"}},{"iob":1.022,"basaliob":-0.199,"bolussnooze":0.1626,"activity":0.0125,"lastBolusTime":1704043719000,"time":"2023-12-31T18:47:22.365Z","iobWithZeroTemp":{"iob":0.699,"basaliob":-0.522,"bolussnooze":0.1626,"activity":0.0107,"lastBolusTime":1704043719000,"time":"2023-12-31T18:47:22.365Z"}},{"iob":0.96,"basaliob":-0.186,"bolussnooze":0.1402,"activity":0.0121,"lastBolusTime":1704043719000,"time":"2023-12-31T18:52:22.365Z","iobWithZeroTemp":{"iob":0.613,"basaliob":-0.533,"bolussnooze":0.1402,"activity":0.0101,"lastBolusTime":1704043719000,"time":"2023-12-31T18:52:22.365Z"}},{"iob":0.902,"basaliob":-0.173,"bolussnooze":0.1205,"activity":0.0115,"lastBolusTime":1704043719000,"time":"2023-12-31T18:57:22.365Z","iobWithZeroTemp":{"iob":0.532,"basaliob":-0.543,"bolussnooze":0.1205,"activity":0.0093,"lastBolusTime":1704043719000,"time":"2023-12-31T18:57:22.365Z"}},{"iob":0.845,"basaliob":-0.162,"bolussnooze":0.1033,"activity":0.0109,"lastBolusTime":1704043719000,"time":"2023-12-31T19:02:22.365Z","iobWithZeroTemp":{"iob":0.454,"basaliob":-0.553,"bolussnooze":0.1033,"activity":0.0085,"lastBolusTime":1704043719000,"time":"2023-12-31T19:02:22.365Z"}},{"iob":0.793,"basaliob":-0.15,"bolussnooze":0.0883,"activity":0.0105,"lastBolusTime":1704043719000,"time":"2023-12-31T19:07:22.365Z","iobWithZeroTemp":{"iob":0.381,"basaliob":-0.562,"bolussnooze":0.0883,"activity":0.0078,"lastBolusTime":1704043719000,"time":"2023-12-31T19:07:22.365Z"}},{"iob":0.741,"basaliob":-0.14,"bolussnooze":0.0752,"activity":0.0099,"lastBolusTime":1704043719000,"time":"2023-12-31T19:12:22.365Z","iobWithZeroTemp":{"iob":0.31,"basaliob":-0.571,"bolussnooze":0.0752,"activity":0.007,"lastBolusTime":1704043719000,"time":"2023-12-31T19:12:22.365Z"}},{"iob":0.693,"basaliob":-0.13,"bolussnooze":0.0639,"activity":0.0094,"lastBolusTime":1704043719000,"time":"2023-12-31T19:17:22.365Z","iobWithZeroTemp":{"iob":0.243,"basaliob":-0.58,"bolussnooze":0.0639,"activity":0.0063,"lastBolusTime":1704043719000,"time":"2023-12-31T19:17:22.365Z"}},{"iob":0.647,"basaliob":-0.121,"bolussnooze":0.0542,"activity":0.0089,"lastBolusTime":1704043719000,"time":"2023-12-31T19:22:22.365Z","iobWithZeroTemp":{"iob":0.18,"basaliob":-0.588,"bolussnooze":0.0542,"activity":0.0056,"lastBolusTime":1704043719000,"time":"2023-12-31T19:22:22.365Z"}},{"iob":0.604,"basaliob":-0.112,"bolussnooze":0.0458,"activity":0.0084,"lastBolusTime":1704043719000,"time":"2023-12-31T19:27:22.365Z","iobWithZeroTemp":{"iob":0.12,"basaliob":-0.596,"bolussnooze":0.0458,"activity":0.0049,"lastBolusTime":1704043719000,"time":"2023-12-31T19:27:22.365Z"}},{"iob":0.563,"basaliob":-0.104,"bolussnooze":0.0386,"activity":0.0079,"lastBolusTime":1704043719000,"time":"2023-12-31T19:32:22.365Z","iobWithZeroTemp":{"iob":0.064,"basaliob":-0.603,"bolussnooze":0.0386,"activity":0.0042,"lastBolusTime":1704043719000,"time":"2023-12-31T19:32:22.365Z"}},{"iob":0.524,"basaliob":-0.097,"bolussnooze":0.0325,"activity":0.0075,"lastBolusTime":1704043719000,"time":"2023-12-31T19:37:22.365Z","iobWithZeroTemp":{"iob":0.01,"basaliob":-0.611,"bolussnooze":0.0325,"activity":0.0036,"lastBolusTime":1704043719000,"time":"2023-12-31T19:37:22.365Z"}},{"iob":0.488,"basaliob":-0.089,"bolussnooze":0.0272,"activity":0.007,"lastBolusTime":1704043719000,"time":"2023-12-31T19:42:22.365Z","iobWithZeroTemp":{"iob":-0.039,"basaliob":-0.616,"bolussnooze":0.0272,"activity":0.003,"lastBolusTime":1704043719000,"time":"2023-12-31T19:42:22.365Z"}},{"iob":0.454,"basaliob":-0.083,"bolussnooze":0.0227,"activity":0.0066,"lastBolusTime":1704043719000,"time":"2023-12-31T19:47:22.365Z","iobWithZeroTemp":{"iob":-0.086,"basaliob":-0.623,"bolussnooze":0.0227,"activity":0.0024,"lastBolusTime":1704043719000,"time":"2023-12-31T19:47:22.365Z"}},{"iob":0.421,"basaliob":-0.077,"bolussnooze":0.0189,"activity":0.0062,"lastBolusTime":1704043719000,"time":"2023-12-31T19:52:22.365Z","iobWithZeroTemp":{"iob":-0.131,"basaliob":-0.629,"bolussnooze":0.0189,"activity":0.0019,"lastBolusTime":1704043719000,"time":"2023-12-31T19:52:22.365Z"}},{"iob":0.391,"basaliob":-0.071,"bolussnooze":0.0157,"activity":0.0059,"lastBolusTime":1704043719000,"time":"2023-12-31T19:57:22.365Z","iobWithZeroTemp":{"iob":-0.172,"basaliob":-0.634,"bolussnooze":0.0157,"activity":0.0014,"lastBolusTime":1704043719000,"time":"2023-12-31T19:57:22.365Z"}},{"iob":0.363,"basaliob":-0.065,"bolussnooze":0.013,"activity":0.0055,"lastBolusTime":1704043719000,"time":"2023-12-31T20:02:22.365Z","iobWithZeroTemp":{"iob":-0.211,"basaliob":-0.639,"bolussnooze":0.013,"activity":9.0E-4,"lastBolusTime":1704043719000,"time":"2023-12-31T20:02:22.365Z"}},{"iob":0.337,"basaliob":-0.06,"bolussnooze":0.0107,"activity":0.0051,"lastBolusTime":1704043719000,"time":"2023-12-31T20:07:22.365Z","iobWithZeroTemp":{"iob":-0.247,"basaliob":-0.644,"bolussnooze":0.0107,"activity":3.0E-4,"lastBolusTime":1704043719000,"time":"2023-12-31T20:07:22.365Z"}},{"iob":0.311,"basaliob":-0.056,"bolussnooze":0.0088,"activity":0.0048,"lastBolusTime":1704043719000,"time":"2023-12-31T20:12:22.365Z","iobWithZeroTemp":{"iob":-0.282,"basaliob":-0.649,"bolussnooze":0.0088,"activity":-1.0E-4,"lastBolusTime":1704043719000,"time":"2023-12-31T20:12:22.365Z"}},{"iob":0.289,"basaliob":-0.051,"bolussnooze":0.0072,"activity":0.0045,"lastBolusTime":1704043719000,"time":"2023-12-31T20:17:22.365Z","iobWithZeroTemp":{"iob":-0.312,"basaliob":-0.652,"bolussnooze":0.0072,"activity":-5.0E-4,"lastBolusTime":1704043719000,"time":"2023-12-31T20:17:22.365Z"}},{"iob":0.267,"basaliob":-0.047,"bolussnooze":0.0058,"activity":0.0042,"lastBolusTime":1704043719000,"time":"2023-12-31T20:22:22.365Z","iobWithZeroTemp":{"iob":-0.342,"basaliob":-0.656,"bolussnooze":0.0058,"activity":-9.0E-4,"lastBolusTime":1704043719000,"time":"2023-12-31T20:22:22.365Z"}},{"iob":0.247,"basaliob":-0.043,"bolussnooze":0.0047,"activity":0.0039,"lastBolusTime":1704043719000,"time":"2023-12-31T20:27:22.365Z","iobWithZeroTemp":{"iob":-0.37,"basaliob":-0.66,"bolussnooze":0.0047,"activity":-0.0013,"lastBolusTime":1704043719000,"time":"2023-12-31T20:27:22.365Z"}},{"iob":0.228,"basaliob":-0.04,"bolussnooze":0.0038,"activity":0.0036,"lastBolusTime":1704043719000,"time":"2023-12-31T20:32:22.365Z","iobWithZeroTemp":{"iob":-0.396,"basaliob":-0.664,"bolussnooze":0.0038,"activity":-0.0017,"lastBolusTime":1704043719000,"time":"2023-12-31T20:32:22.365Z"}},{"iob":0.21,"basaliob":-0.037,"bolussnooze":0.003,"activity":0.0034,"lastBolusTime":1704043719000,"time":"2023-12-31T20:37:22.365Z","iobWithZeroTemp":{"iob":-0.42,"basaliob":-0.667,"bolussnooze":0.003,"activity":-0.002,"lastBolusTime":1704043719000,"time":"2023-12-31T20:37:22.365Z"}},{"iob":0.194,"basaliob":-0.034,"bolussnooze":0.0024,"activity":0.0031,"lastBolusTime":1704043719000,"time":"2023-12-31T20:42:22.365Z","iobWithZeroTemp":{"iob":-0.442,"basaliob":-0.67,"bolussnooze":0.0024,"activity":-0.0024,"lastBolusTime":1704043719000,"time":"2023-12-31T20:42:22.365Z"}},{"iob":0.179,"basaliob":-0.031,"bolussnooze":0.0019,"activity":0.003,"lastBolusTime":1704043719000,"time":"2023-12-31T20:47:22.365Z","iobWithZeroTemp":{"iob":-0.463,"basaliob":-0.673,"bolussnooze":0.0019,"activity":-0.0026,"lastBolusTime":1704043719000,"time":"2023-12-31T20:47:22.365Z"}},{"iob":0.165,"basaliob":-0.028,"bolussnooze":0.0015,"activity":0.0027,"lastBolusTime":1704043719000,"time":"2023-12-31T20:52:22.365Z","iobWithZeroTemp":{"iob":-0.482,"basaliob":-0.675,"bolussnooze":0.0015,"activity":-0.003,"lastBolusTime":1704043719000,"time":"2023-12-31T20:52:22.365Z"}},{"iob":0.151,"basaliob":-0.026,"bolussnooze":0.0011,"activity":0.0025,"lastBolusTime":1704043719000,"time":"2023-12-31T20:57:22.365Z","iobWithZeroTemp":{"iob":-0.5,"basaliob":-0.677,"bolussnooze":0.0011,"activity":-0.0033,"lastBolusTime":1704043719000,"time":"2023-12-31T20:57:22.365Z"}},{"iob":0.139,"basaliob":-0.024,"bolussnooze":9.0E-4,"activity":0.0024,"lastBolusTime":1704043719000,"time":"2023-12-31T21:02:22.365Z","iobWithZeroTemp":{"iob":-0.517,"basaliob":-0.68,"bolussnooze":9.0E-4,"activity":-0.0034,"lastBolusTime":1704043719000,"time":"2023-12-31T21:02:22.365Z"}},{"iob":0.128,"basaliob":-0.022,"bolussnooze":6.0E-4,"activity":0.0022,"lastBolusTime":1704043719000,"time":"2023-12-31T21:07:22.365Z","iobWithZeroTemp":{"iob":-0.532,"basaliob":-0.682,"bolussnooze":6.0E-4,"activity":-0.0037,"lastBolusTime":1704043719000,"time":"2023-12-31T21:07:22.365Z"}},{"iob":0.118,"basaliob":-0.02,"bolussnooze":5.0E-4,"activity":0.002,"lastBolusTime":1704043719000,"time":"2023-12-31T21:12:22.365Z","iobWithZeroTemp":{"iob":-0.546,"basaliob":-0.684,"bolussnooze":5.0E-4,"activity":-0.0039,"lastBolusTime":1704043719000,"time":"2023-12-31T21:12:22.365Z"}},{"iob":0.108,"basaliob":-0.018,"bolussnooze":3.0E-4,"activity":0.0019,"lastBolusTime":1704043719000,"time":"2023-12-31T21:17:22.365Z","iobWithZeroTemp":{"iob":-0.559,"basaliob":-0.685,"bolussnooze":3.0E-4,"activity":-0.0041,"lastBolusTime":1704043719000,"time":"2023-12-31T21:17:22.365Z"}},{"iob":0.099,"basaliob":-0.017,"bolussnooze":2.0E-4,"activity":0.0017,"lastBolusTime":1704043719000,"time":"2023-12-31T21:22:22.365Z","iobWithZeroTemp":{"iob":-0.571,"basaliob":-0.687,"bolussnooze":2.0E-4,"activity":-0.0044,"lastBolusTime":1704043719000,"time":"2023-12-31T21:22:22.365Z"}},{"iob":0.091,"basaliob":-0.015,"bolussnooze":2.0E-4,"activity":0.0016,"lastBolusTime":1704043719000,"time":"2023-12-31T21:27:22.365Z","iobWithZeroTemp":{"iob":-0.582,"basaliob":-0.688,"bolussnooze":2.0E-4,"activity":-0.0045,"lastBolusTime":1704043719000,"time":"2023-12-31T21:27:22.365Z"}},{"iob":0.083,"basaliob":-0.014,"bolussnooze":1.0E-4,"activity":0.0014,"lastBolusTime":1704043719000,"time":"2023-12-31T21:32:22.365Z","iobWithZeroTemp":{"iob":-0.593,"basaliob":-0.69,"bolussnooze":1.0E-4,"activity":-0.0047,"lastBolusTime":1704043719000,"time":"2023-12-31T21:32:22.365Z"}},{"iob":0.076,"basaliob":-0.013,"bolussnooze":1.0E-4,"activity":0.0014,"lastBolusTime":1704043719000,"time":"2023-12-31T21:37:22.365Z","iobWithZeroTemp":{"iob":-0.602,"basaliob":-0.691,"bolussnooze":1.0E-4,"activity":-0.0048,"lastBolusTime":1704043719000,"time":"2023-12-31T21:37:22.365Z"}},{"iob":0.07,"basaliob":-0.011,"bolussnooze":0,"activity":0.0013,"lastBolusTime":1704043719000,"time":"2023-12-31T21:42:22.365Z","iobWithZeroTemp":{"iob":-0.611,"basaliob":-0.692,"bolussnooze":0,"activity":-0.0049,"lastBolusTime":1704043719000,"time":"2023-12-31T21:42:22.365Z"}},{"iob":0.064,"basaliob":-0.01,"bolussnooze":0,"activity":0.0012,"lastBolusTime":1704043719000,"time":"2023-12-31T21:47:22.365Z","iobWithZeroTemp":{"iob":-0.619,"basaliob":-0.693,"bolussnooze":0,"activity":-0.0051,"lastBolusTime":1704043719000,"time":"2023-12-31T21:47:22.365Z"}}],"profile":{"max_iob":7,"type":"current","max_daily_basal":0.45,"max_basal":1.35,"min_bg":81.0000000000001,"max_bg":81.0000000000001,"target_bg":81.0000000000001,"carb_ratio":11,"sens":352.8,"max_daily_safety_multiplier":3,"current_basal_safety_multiplier":4,"lgsThreshold":65,"high_temptarget_raises_sensitivity":false,"low_temptarget_lowers_sensitivity":false,"sensitivity_raises_target":true,"resistance_lowers_target":true,"adv_target_adjustments":false,"exercise_mode":false,"half_basal_exercise_target":160,"maxCOB":120,"skip_neutral_temps":false,"remainingCarbsCap":90,"enableUAM":true,"A52_risk_enable":false,"SMBInterval":4,"enableSMB_with_COB":true,"enableSMB_with_temptarget":false,"allowSMB_with_high_temptarget":true,"enableSMB_always":true,"enableSMB_after_carbs":false,"maxSMBBasalMinutes":60,"maxUAMSMBBasalMinutes":60,"bolus_increment":0.05,"carbsReqThreshold":10,"current_basal":0.4,"temptargetSet":true,"autosens_max":1.2,"autosens_min":0.8,"out_units":"mmol\/L","variable_sens":176.4,"insulinDivisor":65,"TDD":8.337349875000001},"autosens_data":{"ratio":0.6815624816542338},"meal_data":{"carbs":41,"mealCOB":18.354280045351473,"slopeFromMaxDeviation":-4.9146,"slopeFromMinDeviation":0,"lastBolusTime":1704043719000,"lastCarbTime":1704043563000},"microBolusAllowed":true,"currentTime":1704045145543,"flatBGsDetected":false,"tdd1D":21.139583333333334,"tdd7D":25.145285714285723,"tddLast24H":17.13808333333333,"tddLast4H":4.516666666666667,"tddLast8to4H":3.4266666666666676},"output":{"temp":"absolute","bg":156,"tick":-17,"eventualBG":84,"targetBG":81.0000000000001,"insulinReq":0,"deliverAt":"2023-12-31T17:52:25.543Z","sensitivityRatio":0.6815624816542338,"variable_sens":176.4,"predBGs":{"IOB":[156,139,122,103,83,61,39,39,39,39,39,39,39],"ZT":[156,143,129,113,97,79,60,39,39,39,39,39,39,39,39,39,39,39,39,39,39,39,39,39,39,39,39,39,39,39,39,39,39,39,39,39,39,39,39,39,39,39,39,39,39,39,39,39],"COB":[156,140,124,108,93,79,66,53,42,39,39,39,39,39,39,39,39,39,39,39,39,39,39,39,39,39,39,39,39,39,39,39,39,39,39,39,39,41,46,51,56,60,65,69,73,77,80,84],"UAM":[156,139,122,103,83,61,39,39,39,39,39,39,39]},"reason":"COB: 18.4, Dev: 1.4, BGI: -0.7, ISF: 9.8, CR: 11, Target: 4.5, minPredBG -15.6, minGuardBG -18.6, IOBpredBG 2.2, COBpredBG 4.7, UAMpredBG 2.2; 14 add'l carbs req w\/in 35m; minGuardBG -18.6<3.6","COB":18.354280045351473,"IOB":1.821,"carbsReq":14,"carbsReqWithin":35,"duration":120,"rate":0,"timestamp":"2023-12-31T17:52:25.577Z"}}