{"algorithm":"OpenAPSSMBDynamicISFPlugin","input":{"glucoseStatus":{"glucose":218,"noise":0,"delta":16,"short_avgdelta":19.39,"long_avgdelta":11.58,"date":1704049620758},"currenttemp":{"temp":"absolute","duration":25,"rate":0,"minutesrunning":95},"iob_data":[{"iob":2.37,"basaliob":-0.567,"bolussnooze":0.5029,"activity":0.0185,"lastBolusTime":1704049366000,"time":"2023-12-31T19:07:23.626Z","iobWithZeroTemp":{"iob":2.37,"basaliob":-0.567,"bolussnooze":0.5029,"activity":0.0185,"lastBolusTime":1704049366000,"time":"2023-12-31T19:07:23.626Z"}},{"iob":2.276,"basaliob":-0.543,"bolussnooze":0.4399,"activity":0.019,"lastBolusTime":1704049366000,"time":"2023-12-31T19:12:23.626Z","iobWithZeroTemp":{"iob":2.249,"basaliob":-0.57,"bolussnooze":0.4399,"activity":0.019,"lastBolusTime":1704049366000,"time":"2023-12-31T19:12:23.626Z"}},{"iob":2.18,"basaliob":-0.518,"bolussnooze":0.3834,"activity":0.0194,"lastBolusTime":1704049366000,"time":"2023-12-31T19:17:23.626Z","iobWithZeroTemp":{"iob":2.12,"basaliob":-0.578,"bolussnooze":0.3834,"activity":0.0193,"lastBolusTime":1704049366000,"time":"2023-12-31T19:17:23.626Z"}},{"iob":2.084,"basaliob":-0.493,"bolussnooze":0.3329,"activity":0.0195,"lastBolusTime":1704049366000,"time":"2023-12-31T19:22:23.626Z","iobWithZeroTemp":{"iob":1.992,"basaliob":-0.585,"bolussnooze":0.3329,"activity":0.0193,"lastBolusTime":1704049366000,"time":"2023-12-31T19:22:23.626Z"}},{"iob":1.986,"basaliob":-0.469,"bolussnooze":0.288,"activity":0.0195,"lastBolusTime":1704049366000,"time":"2023-12-31T19:27:23.626Z","iobWithZeroTemp":{"iob":1.861,"basaliob":-0.594,"bolussnooze":0.288,"activity":0.0192,"lastBolusTime":1704049366000,"time":"2023-12-31T19:27:23.626Z"}},{"iob":1.889,"basaliob":-0.445,"bolussnooze":0.2485,"activity":0.0192,"lastBolusTime":1704049366000,"time":"2023-12-31T19:32:23.626Z","iobWithZeroTemp":{"iob":1.733,"basaliob":-0.601,"bolussnooze":0.2485,"activity":0.0187,"lastBolusTime":1704049366000,"time":"2023-12-31T19:32:23.626Z"}},{"iob":1.794,"basaliob":-0.421,"bolussnooze":0.2137,"activity":0.019,"lastBolusTime":1704049366000,"time":"2023-12-31T19:37:23.626Z","iobWithZeroTemp":{"iob":1.608,"basaliob":-0.607,"bolussnooze":0.2137,"activity":0.0183,"lastBolusTime":1704049366000,"time":"2023-12-31T19:37:23.626Z"}},{"iob":1.699,"basaliob":-0.399,"bolussnooze":0.1832,"activity":0.0186,"lastBolusTime":1704049366000,"time":"2023-12-31T19:42:23.626Z","iobWithZeroTemp":{"iob":1.483,"basaliob":-0.615,"bolussnooze":0.1832,"activity":0.0177,"lastBolusTime":1704049366000,"time":"2023-12-31T19:42:23.626Z"}},{"iob":1.609,"basaliob":-0.376,"bolussnooze":0.1566,"activity":0.018,"lastBolusTime":1704049366000,"time":"2023-12-31T19:47:23.626Z","iobWithZeroTemp":{"iob":1.365,"basaliob":-0.62,"bolussnooze":0.1566,"activity":0.0169,"lastBolusTime":1704049366000,"time":"2023-12-31T19:47:23.626Z"}},{"iob":1.519,"basaliob":-0.355,"bolussnooze":0.1335,"activity":0.0176,"lastBolusTime":1704049366000,"time":"2023-12-31T19:52:23.626Z","iobWithZeroTemp":{"iob":1.247,"basaliob":-0.627,"bolussnooze":0.1335,"activity":0.0163,"lastBolusTime":1704049366000,"time":"2023-12-31T19:52:23.626Z"}},{"iob":1.433,"basaliob":-0.334,"bolussnooze":0.1135,"activity":0.0169,"lastBolusTime":1704049366000,"time":"2023-12-31T19:57:23.626Z","iobWithZeroTemp":{"iob":1.135,"basaliob":-0.632,"bolussnooze":0.1135,"activity":0.0154,"lastBolusTime":1704049366000,"time":"2023-12-31T19:57:23.626Z"}},{"iob":1.35,"basaliob":-0.314,"bolussnooze":0.0962,"activity":0.0163,"lastBolusTime":1704049366000,"time":"2023-12-31T20:02:23.626Z","iobWithZeroTemp":{"iob":1.027,"basaliob":-0.637,"bolussnooze":0.0962,"activity":0.0145,"lastBolusTime":1704049366000,"time":"2023-12-31T20:02:23.626Z"}},{"iob":1.27,"basaliob":-0.295,"bolussnooze":0.0813,"activity":0.0157,"lastBolusTime":1704049366000,"time":"2023-12-31T20:07:23.626Z","iobWithZeroTemp":{"iob":0.923,"basaliob":-0.642,"bolussnooze":0.0813,"activity":0.0137,"lastBolusTime":1704049366000,"time":"2023-12-31T20:07:23.626Z"}},{"iob":1.193,"basaliob":-0.277,"bolussnooze":0.0685,"activity":0.015,"lastBolusTime":1704049366000,"time":"2023-12-31T20:12:23.626Z","iobWithZeroTemp":{"iob":0.823,"basaliob":-0.647,"bolussnooze":0.0685,"activity":0.0128,"lastBolusTime":1704049366000,"time":"2023-12-31T20:12:23.626Z"}},{"iob":1.12,"basaliob":-0.259,"bolussnooze":0.0576,"activity":0.0144,"lastBolusTime":1704049366000,"time":"2023-12-31T20:17:23.626Z","iobWithZeroTemp":{"iob":0.729,"basaliob":-0.65,"bolussnooze":0.0576,"activity":0.012,"lastBolusTime":1704049366000,"time":"2023-12-31T20:17:23.626Z"}},{"iob":1.049,"basaliob":-0.243,"bolussnooze":0.0482,"activity":0.0137,"lastBolusTime":1704049366000,"time":"2023-12-31T20:22:23.626Z","iobWithZeroTemp":{"iob":0.637,"basaliob":-0.655,"bolussnooze":0.0482,"activity":0.011,"lastBolusTime":1704049366000,"time":"2023-12-31T20:22:23.626Z"}},{"iob":0.983,"basaliob":-0.227,"bolussnooze":0.0403,"activity":0.013,"lastBolusTime":1704049366000,"time":"2023-12-31T20:27:23.626Z","iobWithZeroTemp":{"iob":0.552,"basaliob":-0.658,"bolussnooze":0.0403,"activity":0.0101,"lastBolusTime":1704049366000,"time":"2023-12-31T20:27:23.626Z"}},{"iob":0.919,"basaliob":-0.212,"bolussnooze":0.0335,"activity":0.0124,"lastBolusTime":1704049366000,"time":"2023-12-31T20:32:23.626Z","iobWithZeroTemp":{"iob":0.469,"basaliob":-0.662,"bolussnooze":0.0335,"activity":0.0093,"lastBolusTime":1704049366000,"time":"2023-12-31T20:32:23.626Z"}},{"iob":0.859,"basaliob":-0.198,"bolussnooze":0.0278,"activity":0.0117,"lastBolusTime":1704049366000,"time":"2023-12-31T20:37:23.626Z","iobWithZeroTemp":{"iob":0.392,"basaliob":-0.665,"bolussnooze":0.0278,"activity":0.0084,"lastBolusTime":1704049366000,"time":"2023-12-31T20:37:23.626Z"}},{"iob":0.802,"basaliob":-0.184,"bolussnooze":0.023,"activity":0.0111,"lastBolusTime":1704049366000,"time":"2023-12-31T20:42:23.626Z","iobWithZeroTemp":{"iob":0.318,"basaliob":-0.668,"bolussnooze":0.023,"activity":0.0076,"lastBolusTime":1704049366000,"time":"2023-12-31T20:42:23.626Z"}},{"iob":0.748,"basaliob":-0.172,"bolussnooze":0.0189,"activity":0.0104,"lastBolusTime":1704049366000,"time":"2023-12-31T20:47:23.626Z","iobWithZeroTemp":{"iob":0.249,"basaliob":-0.671,"bolussnooze":0.0189,"activity":0.0067,"lastBolusTime":1704049366000,"time":"2023-12-31T20:47:23.626Z"}},{"iob":0.697,"basaliob":-0.16,"bolussnooze":0.0155,"activity":0.0099,"lastBolusTime":1704049366000,"time":"2023-12-31T20:52:23.626Z","iobWithZeroTemp":{"iob":0.183,"basaliob":-0.674,"bolussnooze":0.0155,"activity":0.006,"lastBolusTime":1704049366000,"time":"2023-12-31T20:52:23.626Z"}},{"iob":0.649,"basaliob":-0.149,"bolussnooze":0.0127,"activity":0.0093,"lastBolusTime":1704049366000,"time":"2023-12-31T20:57:23.626Z","iobWithZeroTemp":{"iob":0.122,"basaliob":-0.676,"bolussnooze":0.0127,"activity":0.0053,"lastBolusTime":1704049366000,"time":"2023-12-31T20:57:23.626Z"}},{"iob":0.604,"basaliob":-0.138,"bolussnooze":0.0103,"activity":0.0088,"lastBolusTime":1704049366000,"time":"2023-12-31T21:02:23.626Z","iobWithZeroTemp":{"iob":0.064,"basaliob":-0.678,"bolussnooze":0.0103,"activity":0.0046,"lastBolusTime":1704049366000,"time":"2023-12-31T21:02:23.626Z"}},{"iob":0.562,"basaliob":-0.128,"bolussnooze":0.0083,"activity":0.0083,"lastBolusTime":1704049366000,"time":"2023-12-31T21:07:23.626Z","iobWithZeroTemp":{"iob":0.01,"basaliob":-0.68,"bolussnooze":0.0083,"activity":0.004,"lastBolusTime":1704049366000,"time":"2023-12-31T21:07:23.626Z"}},{"iob":0.521,"basaliob":-0.119,"bolussnooze":0.0067,"activity":0.0077,"lastBolusTime":1704049366000,"time":"2023-12-31T21:12:23.626Z","iobWithZeroTemp":{"iob":-0.042,"basaliob":-0.682,"bolussnooze":0.0067,"activity":0.0032,"lastBolusTime":1704049366000,"time":"2023-12-31T21:12:23.626Z"}},{"iob":0.484,"basaliob":-0.11,"bolussnooze":0.0053,"activity":0.0072,"lastBolusTime":1704049366000,"time":"2023-12-31T21:17:23.626Z","iobWithZeroTemp":{"iob":-0.09,"basaliob":-0.684,"bolussnooze":0.0053,"activity":0.0026,"lastBolusTime":1704049366000,"time":"2023-12-31T21:17:23.626Z"}},{"iob":0.449,"basaliob":-0.102,"bolussnooze":0.0042,"activity":0.0068,"lastBolusTime":1704049366000,"time":"2023-12-31T21:22:23.626Z","iobWithZeroTemp":{"iob":-0.135,"basaliob":-0.686,"bolussnooze":0.0042,"activity":0.002,"lastBolusTime":1704049366000,"time":"2023-12-31T21:22:23.626Z"}},{"iob":0.415,"basaliob":-0.095,"bolussnooze":0.0033,"activity":0.0063,"lastBolusTime":1704049366000,"time":"2023-12-31T21:27:23.626Z","iobWithZeroTemp":{"iob":-0.178,"basaliob":-0.688,"bolussnooze":0.0033,"activity":0.0014,"lastBolusTime":1704049366000,"time":"2023-12-31T21:27:23.626Z"}},{"iob":0.385,"basaliob":-0.087,"bolussnooze":0.0026,"activity":0.0059,"lastBolusTime":1704049366000,"time":"2023-12-31T21:32:23.626Z","iobWithZeroTemp":{"iob":-0.216,"basaliob":-0.688,"bolussnooze":0.0026,"activity":9.0E-4,"lastBolusTime":1704049366000,"time":"2023-12-31T21:32:23.626Z"}},{"iob":0.356,"basaliob":-0.081,"bolussnooze":0.002,"activity":0.0055,"lastBolusTime":1704049366000,"time":"2023-12-31T21:37:23.626Z","iobWithZeroTemp":{"iob":-0.253,"basaliob":-0.69,"bolussnooze":0.002,"activity":4.0E-4,"lastBolusTime":1704049366000,"time":"2023-12-31T21:37:23.626Z"}},{"iob":0.329,"basaliob":-0.075,"bolussnooze":0.0015,"activity":0.0052,"lastBolusTime":1704049366000,"time":"2023-12-31T21:42:23.626Z","iobWithZeroTemp":{"iob":-0.288,"basaliob":-0.692,"bolussnooze":0.0015,"activity":0,"lastBolusTime":1704049366000,"time":"2023-12-31T21:42:23.626Z"}},{"iob":0.304,"basaliob":-0.069,"bolussnooze":0.0012,"activity":0.0048,"lastBolusTime":1704049366000,"time":"2023-12-31T21:47:23.626Z","iobWithZeroTemp":{"iob":-0.32,"basaliob":-0.693,"bolussnooze":0.0012,"activity":-5.0E-4,"lastBolusTime":1704049366000,"time":"2023-12-31T21:47:23.626Z"}},{"iob":0.28,"basaliob":-0.064,"bolussnooze":9.0E-4,"activity":0.0045,"lastBolusTime":1704049366000,"time":"2023-12-31T21:52:23.626Z","iobWithZeroTemp":{"iob":-0.35,"basaliob":-0.694,"bolussnooze":9.0E-4,"activity":-9.0E-4,"lastBolusTime":1704049366000,"time":"2023-12-31T21:52:23.626Z"}},{"iob":0.259,"basaliob":-0.059,"bolussnooze":6.0E-4,"activity":0.0042,"lastBolusTime":1704049366000,"time":"2023-12-31T21:57:23.626Z","iobWithZeroTemp":{"iob":-0.377,"basaliob":-0.695,"bolussnooze":6.0E-4,"activity":-0.0013,"lastBolusTime":1704049366000,"time":"2023-12-31T21:57:23.626Z"}},{"iob":0.239,"basaliob":-0.054,"bolussnooze":5.0E-4,"activity":0.0039,"lastBolusTime":1704049366000,"time":"2023-12-31T22:02:23.626Z","iobWithZeroTemp":{"iob":-0.403,"basaliob":-0.696,"bolussnooze":5.0E-4,"activity":-0.0017,"lastBolusTime":1704049366000,"time":"2023-12-31T22:02:23.626Z"}},{"iob":0.22,"basaliob":-0.05,"bolussnooze":3.0E-4,"activity":0.0037,"lastBolusTime":1704049366000,"time":"2023-12-31T22:07:23.626Z","iobWithZeroTemp":{"iob":-0.431,"basaliob":-0.701,"bolussnooze":3.0E-4,"activity":-0.002,"lastBolusTime":1704049366000,"time":"2023-12-31T22:07:23.626Z"}},{"iob":0.202,"basaliob":-0.046,"bolussnooze":2.0E-4,"activity":0.0033,"lastBolusTime":1704049366000,"time":"2023-12-31T22:12:23.626Z","iobWithZeroTemp":{"iob":-0.458,"basaliob":-0.706,"bolussnooze":2.0E-4,"activity":-0.0025,"lastBolusTime":1704049366000,"time":"2023-12-31T22:12:23.626Z"}},{"iob":0.186,"basaliob":-0.042,"bolussnooze":1.0E-4,"activity":0.0031,"lastBolusTime":1704049366000,"time":"2023-12-31T22:17:23.626Z","iobWithZeroTemp":{"iob":-0.486,"basaliob":-0.714,"bolussnooze":1.0E-4,"activity":-0.0028,"lastBolusTime":1704049366000,"time":"2023-12-31T22:17:23.626Z"}},{"iob":0.171,"basaliob":-0.039,"bolussnooze":1.0E-4,"activity":0.0029,"lastBolusTime":1704049366000,"time":"2023-12-31T22:22:23.626Z","iobWithZeroTemp":{"iob":-0.509,"basaliob":-0.719,"bolussnooze":1.0E-4,"activity":-0.0031,"lastBolusTime":1704049366000,"time":"2023-12-31T22:22:23.626Z"}},{"iob":0.158,"basaliob":-0.035,"bolussnooze":0,"activity":0.0027,"lastBolusTime":1704049366000,"time":"2023-12-31T22:27:23.626Z","iobWithZeroTemp":{"iob":-0.53,"basaliob":-0.723,"bolussnooze":0,"activity":-0.0033,"lastBolusTime":1704049366000,"time":"2023-12-31T22:27:23.626Z"}},{"iob":0.145,"basaliob":-0.032,"bolussnooze":0,"activity":0.0024,"lastBolusTime":1704049366000,"time":"2023-12-31T22:32:23.626Z","iobWithZeroTemp":{"iob":-0.55,"basaliob":-0.727,"bolussnooze":0,"activity":-0.0037,"lastBolusTime":1704049366000,"time":"2023-12-31T22:32:23.626Z"}},{"iob":0.132,"basaliob":-0.03,"bolussnooze":0,"activity":0.0023,"lastBolusTime":1704049366000,"time":"2023-12-31T22:37:23.626Z","iobWithZeroTemp":{"iob":-0.569,"basaliob":-0.731,"bolussnooze":0,"activity":-0.0039,"lastBolusTime":1704049366000,"time":"2023-12-31T22:37:23.626Z"}},{"iob":0.122,"basaliob":-0.027,"bolussnooze":0,"activity":0.0021,"lastBolusTime":1704049366000,"time":"2023-12-31T22:42:23.626Z","iobWithZeroTemp":{"iob":-0.586,"basaliob":-0.735,"bolussnooze":0,"activity":-0.0042,"lastBolusTime":1704049366000,"time":"2023-12-31T22:42:23.626Z"}},{"iob":0.111,"basaliob":-0.025,"bolussnooze":0,"activity":0.002,"lastBolusTime":1704049366000,"time":"2023-12-31T22:47:23.626Z","iobWithZeroTemp":{"iob":-0.603,"basaliob":-0.739,"bolussnooze":0,"activity":-0.0043,"lastBolusTime":1704049366000,"time":"2023-12-31T22:47:23.626Z"}},{"iob":0.102,"basaliob":-0.023,"bolussnooze":0,"activity":0.0018,"lastBolusTime":1704049366000,"time":"2023-12-31T22:52:23.626Z","iobWithZeroTemp":{"iob":-0.617,"basaliob":-0.742,"bolussnooze":0,"activity":-0.0046,"lastBolusTime":1704049366000,"time":"2023-12-31T22:52:23.626Z"}},{"iob":0.093,"basaliob":-0.021,"bolussnooze":0,"activity":0.0016,"lastBolusTime":1704049366000,"time":"2023-12-31T22:57:23.626Z","iobWithZeroTemp":{"iob":-0.632,"basaliob":-0.746,"bolussnooze":0,"activity":-0.0049,"lastBolusTime":1704049366000,"time":"2023-12-31T22:57:23.626Z"}},{"iob":0.085,"basaliob":-0.019,"bolussnooze":0,"activity":0.0016,"lastBolusTime":1704049366000,"time":"2023-12-31T23:02:23.626Z","iobWithZeroTemp":{"iob":-0.645,"basaliob":-0.749,"bolussnooze":0,"activity":-0.0049,"lastBolusTime":1704049366000,"time":"2023-12-31T23:02:23.626Z"}}],"profile":{"max_iob":7,"type":"current","max_daily_basal":0.45,"max_basal":1.35,"min_bg":81.0000000000001,"max_bg":81.0000000000001,"target_bg":81.0000000000001,"carb_ratio":11,"sens":352.8,"max_daily_safety_multiplier":3,"current_basal_safety_multiplier":4,"lgsThreshold":65,"high_temptarget_raises_sensitivity":false,"low_temptarget_lowers_sensitivity":false,"sensitivity_raises_target":true,"resistance_lowers_target":true,"adv_target_adjustments":false,"exercise_mode":false,"half_basal_exercise_target":160,"maxCOB":120,"skip_neutral_temps":false,"remainingCarbsCap":90,"enableUAM":true,"A52_risk_enable":false,"SMBInterval":4,"enableSMB_with_COB":true,"enableSMB_with_temptarget":false,"allowSMB_with_high_temptarget":true,"enableSMB_always":true,"enableSMB_after_carbs":false,"maxSMBBasalMinutes":60,"maxUAMSMBBasalMinutes":60,"bolus_increment":0.05,"carbsReqThreshold":10,"current_basal":0.4,"temptargetSet":true,"autosens_max":1.2,"autosens_min":0.8,"out_units":"mmol\/L","variable_sens":131.8,"insulinDivisor":65,"TDD":9.280522875000003},"autosens_data":{"ratio":0.742408877172849},"meal_data":{"carbs":75,"mealCOB":28.766085034013614,"slopeFromMaxDeviation":0,"slopeFromMinDeviation":3.4565714285714284,"lastBolusTime":1704049366000,"lastCarbTime":1704049643000},"microBolusAllowed":true,"currentTime":1704049646760,"flatBGsDetected":false,"tdd1D":21.139583333333334,"tdd7D":25.145285714285723,"tddLast24H":18.668083333333342,"tddLast4H":6.406666666666668,"tddLast8to4H":3.5533333333333332},"output":{"temp":"absolute","bg":218,"tick":"+16","eventualBG":289,"targetBG":81.0000000000001,"insulinReq":1.21,"deliverAt":"2023-12-31T19:07:26.760Z","sensitivityRatio":0.742408877172849,"variable_sens":131.8,"predBGs":{"IOB":[218,232,243,252,259,264,266,267,265,261,255,247,237,228,218,208,199,190,181,173,165,157,149,141,134,127,120,113,106,100,94,88,82,76,71,65,60,54,49,44,39],"ZT":[218,206,193,179,165,150,135,120,103,86,67,46,39,39,39,39,39,39,39,39,39,39,39,39,39,39,39,39,39,39,39,39,39,39,39,39,39,39,39,39,39,39,39,39,39,39,39,39],"COB":[218,233,246,258,269,279,287,295,301,307,312,317,320,323,325,327,328,328,327,325,323,320,317,312,307,301,296,292,287,283,279,276,272,269,266,263,261,258,256,254,252,250,249,247,246,244,243,242],"UAM":[218,233,247,259,271,282,292,302,310,318,325,331,337,342,346,349,352,354,355,355,354,353,351,347,343,339,335,331,327,324,321,318,315,312,310,307,305,303,301,300,298,296,295,294,293,291,290,289]},"reason":"COB: 28.8, Dev: 9.4, BGI: -0.7, ISF: 7.3, CR: 11, Target: 4.5, minPredBG 13.4, minGuardBG 12.9, IOBpredBG 2.2, COBpredBG 13.4, UAMpredBG 16.1; Eventual BG 16.1 >= 4.5,  insulinReq 1.21; maxBolus 0.4; setting 60m low temp of 0U\/h. Microbolusing 0.4U. ","COB":28.766085034013614,"IOB":2.37,"units":0.4,"rate":0,"duration":60,"timestamp":"2023-12-31T19:07:26.784Z"}}