{"algorithm":"OpenAPSSMBDynamicISFPlugin","input":{"glucoseStatus":{"glucose":210,"noise":0,"delta":-3,"short_avgdelta":0.94,"long_avgdelta":8.82,"date":1703976419358},"currenttemp":{"temp":"absolute","duration":20,"rate":0,"minutesrunning":10},"iob_data":[{"iob":1.81,"basaliob":-0.375,"bolussnooze":0.0479,"activity":0.0109,"lastBolusTime":1703976158000,"time":"2023-12-30T22:47:21.980Z","iobWithZeroTemp":{"iob":1.81,"basaliob":-0.375,"bolussnooze":0.0479,"activity":0.0109,"lastBolusTime":1703976158000,"time":"2023-12-30T22:47:21.980Z"}},{"iob":1.753,"basaliob":-0.354,"bolussnooze":0.0405,"activity":0.0119,"lastBolusTime":1703976158000,"time":"2023-12-30T22:52:21.980Z","iobWithZeroTemp":{"iob":1.723,"basaliob":-0.384,"bolussnooze":0.0405,"activity":0.0119,"lastBolusTime":1703976158000,"time":"2023-12-30T22:52:21.980Z"}},{"iob":1.692,"basaliob":-0.334,"bolussnooze":0.0341,"activity":0.0126,"lastBolusTime":1703976158000,"time":"2023-12-30T22:57:21.980Z","iobWithZeroTemp":{"iob":1.625,"basaliob":-0.401,"bolussnooze":0.0341,"activity":0.0125,"lastBolusTime":1703976158000,"time":"2023-12-30T22:57:21.980Z"}},{"iob":1.628,"basaliob":-0.314,"bolussnooze":0.0286,"activity":0.0131,"lastBolusTime":1703976158000,"time":"2023-12-30T23:02:21.980Z","iobWithZeroTemp":{"iob":1.524,"basaliob":-0.418,"bolussnooze":0.0286,"activity":0.0129,"lastBolusTime":1703976158000,"time":"2023-12-30T23:02:21.980Z"}},{"iob":1.561,"basaliob":-0.296,"bolussnooze":0.0239,"activity":0.0134,"lastBolusTime":1703976158000,"time":"2023-12-30T23:07:21.980Z","iobWithZeroTemp":{"iob":1.421,"basaliob":-0.436,"bolussnooze":0.0239,"activity":0.013,"lastBolusTime":1703976158000,"time":"2023-12-30T23:07:21.980Z"}},{"iob":1.493,"basaliob":-0.278,"bolussnooze":0.02,"activity":0.0136,"lastBolusTime":1703976158000,"time":"2023-12-30T23:12:21.980Z","iobWithZeroTemp":{"iob":1.318,"basaliob":-0.453,"bolussnooze":0.02,"activity":0.013,"lastBolusTime":1703976158000,"time":"2023-12-30T23:12:21.980Z"}},{"iob":1.425,"basaliob":-0.261,"bolussnooze":0.0166,"activity":0.0137,"lastBolusTime":1703976158000,"time":"2023-12-30T23:17:21.980Z","iobWithZeroTemp":{"iob":1.215,"basaliob":-0.471,"bolussnooze":0.0166,"activity":0.0129,"lastBolusTime":1703976158000,"time":"2023-12-30T23:17:21.980Z"}},{"iob":1.358,"basaliob":-0.244,"bolussnooze":0.0138,"activity":0.0135,"lastBolusTime":1703976158000,"time":"2023-12-30T23:22:21.980Z","iobWithZeroTemp":{"iob":1.115,"basaliob":-0.487,"bolussnooze":0.0138,"activity":0.0125,"lastBolusTime":1703976158000,"time":"2023-12-30T23:22:21.980Z"}},{"iob":1.29,"basaliob":-0.229,"bolussnooze":0.0114,"activity":0.0134,"lastBolusTime":1703976158000,"time":"2023-12-30T23:27:21.980Z","iobWithZeroTemp":{"iob":1.015,"basaliob":-0.504,"bolussnooze":0.0114,"activity":0.0122,"lastBolusTime":1703976158000,"time":"2023-12-30T23:27:21.980Z"}},{"iob":1.224,"basaliob":-0.214,"bolussnooze":0.0093,"activity":0.0131,"lastBolusTime":1703976158000,"time":"2023-12-30T23:32:21.980Z","iobWithZeroTemp":{"iob":0.918,"basaliob":-0.52,"bolussnooze":0.0093,"activity":0.0116,"lastBolusTime":1703976158000,"time":"2023-12-30T23:32:21.980Z"}},{"iob":1.159,"basaliob":-0.2,"bolussnooze":0.0076,"activity":0.0128,"lastBolusTime":1703976158000,"time":"2023-12-30T23:37:21.980Z","iobWithZeroTemp":{"iob":0.824,"basaliob":-0.535,"bolussnooze":0.0076,"activity":0.0111,"lastBolusTime":1703976158000,"time":"2023-12-30T23:37:21.980Z"}},{"iob":1.096,"basaliob":-0.187,"bolussnooze":0.0062,"activity":0.0124,"lastBolusTime":1703976158000,"time":"2023-12-30T23:42:21.980Z","iobWithZeroTemp":{"iob":0.733,"basaliob":-0.55,"bolussnooze":0.0062,"activity":0.0104,"lastBolusTime":1703976158000,"time":"2023-12-30T23:42:21.980Z"}},{"iob":1.035,"basaliob":-0.174,"bolussnooze":0.0051,"activity":0.0121,"lastBolusTime":1703976158000,"time":"2023-12-30T23:47:21.980Z","iobWithZeroTemp":{"iob":0.645,"basaliob":-0.564,"bolussnooze":0.0051,"activity":0.0099,"lastBolusTime":1703976158000,"time":"2023-12-30T23:47:21.980Z"}},{"iob":0.975,"basaliob":-0.162,"bolussnooze":0.0041,"activity":0.0117,"lastBolusTime":1703976158000,"time":"2023-12-30T23:52:21.980Z","iobWithZeroTemp":{"iob":0.559,"basaliob":-0.578,"bolussnooze":0.0041,"activity":0.0092,"lastBolusTime":1703976158000,"time":"2023-12-30T23:52:21.980Z"}},{"iob":0.918,"basaliob":-0.151,"bolussnooze":0.0033,"activity":0.0112,"lastBolusTime":1703976158000,"time":"2023-12-30T23:57:21.980Z","iobWithZeroTemp":{"iob":0.478,"basaliob":-0.591,"bolussnooze":0.0033,"activity":0.0085,"lastBolusTime":1703976158000,"time":"2023-12-30T23:57:21.980Z"}},{"iob":0.864,"basaliob":-0.14,"bolussnooze":0.0026,"activity":0.0108,"lastBolusTime":1703976158000,"time":"2023-12-31T00:02:21.980Z","iobWithZeroTemp":{"iob":0.401,"basaliob":-0.603,"bolussnooze":0.0026,"activity":0.0078,"lastBolusTime":1703976158000,"time":"2023-12-31T00:02:21.980Z"}},{"iob":0.811,"basaliob":-0.13,"bolussnooze":0.0021,"activity":0.0103,"lastBolusTime":1703976158000,"time":"2023-12-31T00:07:21.980Z","iobWithZeroTemp":{"iob":0.334,"basaliob":-0.607,"bolussnooze":0.0021,"activity":0.0071,"lastBolusTime":1703976158000,"time":"2023-12-31T00:07:21.980Z"}},{"iob":0.761,"basaliob":-0.121,"bolussnooze":0.0016,"activity":0.0098,"lastBolusTime":1703976158000,"time":"2023-12-31T00:12:21.980Z","iobWithZeroTemp":{"iob":0.279,"basaliob":-0.603,"bolussnooze":0.0016,"activity":0.0064,"lastBolusTime":1703976158000,"time":"2023-12-31T00:12:21.980Z"}},{"iob":0.713,"basaliob":-0.112,"bolussnooze":0.0013,"activity":0.0093,"lastBolusTime":1703976158000,"time":"2023-12-31T00:17:21.980Z","iobWithZeroTemp":{"iob":0.22,"basaliob":-0.605,"bolussnooze":0.0013,"activity":0.0057,"lastBolusTime":1703976158000,"time":"2023-12-31T00:17:21.980Z"}},{"iob":0.667,"basaliob":-0.104,"bolussnooze":0.001,"activity":0.0089,"lastBolusTime":1703976158000,"time":"2023-12-31T00:22:21.980Z","iobWithZeroTemp":{"iob":0.163,"basaliob":-0.608,"bolussnooze":0.001,"activity":0.0051,"lastBolusTime":1703976158000,"time":"2023-12-31T00:22:21.980Z"}},{"iob":0.623,"basaliob":-0.097,"bolussnooze":7.0E-4,"activity":0.0084,"lastBolusTime":1703976158000,"time":"2023-12-31T00:27:21.980Z","iobWithZeroTemp":{"iob":0.109,"basaliob":-0.611,"bolussnooze":7.0E-4,"activity":0.0044,"lastBolusTime":1703976158000,"time":"2023-12-31T00:27:21.980Z"}},{"iob":0.583,"basaliob":-0.089,"bolussnooze":6.0E-4,"activity":0.008,"lastBolusTime":1703976158000,"time":"2023-12-31T00:32:21.980Z","iobWithZeroTemp":{"iob":0.06,"basaliob":-0.612,"bolussnooze":6.0E-4,"activity":0.0039,"lastBolusTime":1703976158000,"time":"2023-12-31T00:32:21.980Z"}},{"iob":0.543,"basaliob":-0.083,"bolussnooze":4.0E-4,"activity":0.0076,"lastBolusTime":1703976158000,"time":"2023-12-31T00:37:21.980Z","iobWithZeroTemp":{"iob":0.012,"basaliob":-0.614,"bolussnooze":4.0E-4,"activity":0.0033,"lastBolusTime":1703976158000,"time":"2023-12-31T00:37:21.980Z"}},{"iob":0.507,"basaliob":-0.076,"bolussnooze":3.0E-4,"activity":0.0072,"lastBolusTime":1703976158000,"time":"2023-12-31T00:42:21.980Z","iobWithZeroTemp":{"iob":-0.032,"basaliob":-0.615,"bolussnooze":3.0E-4,"activity":0.0028,"lastBolusTime":1703976158000,"time":"2023-12-31T00:42:21.980Z"}},{"iob":0.472,"basaliob":-0.071,"bolussnooze":2.0E-4,"activity":0.0068,"lastBolusTime":1703976158000,"time":"2023-12-31T00:47:21.980Z","iobWithZeroTemp":{"iob":-0.074,"basaliob":-0.617,"bolussnooze":2.0E-4,"activity":0.0023,"lastBolusTime":1703976158000,"time":"2023-12-31T00:47:21.980Z"}},{"iob":0.44,"basaliob":-0.065,"bolussnooze":2.0E-4,"activity":0.0064,"lastBolusTime":1703976158000,"time":"2023-12-31T00:52:21.980Z","iobWithZeroTemp":{"iob":-0.112,"basaliob":-0.617,"bolussnooze":2.0E-4,"activity":0.0018,"lastBolusTime":1703976158000,"time":"2023-12-31T00:52:21.980Z"}},{"iob":0.409,"basaliob":-0.06,"bolussnooze":1.0E-4,"activity":0.0059,"lastBolusTime":1703976158000,"time":"2023-12-31T00:57:21.980Z","iobWithZeroTemp":{"iob":-0.149,"basaliob":-0.618,"bolussnooze":1.0E-4,"activity":0.0012,"lastBolusTime":1703976158000,"time":"2023-12-31T00:57:21.980Z"}},{"iob":0.38,"basaliob":-0.055,"bolussnooze":1.0E-4,"activity":0.0056,"lastBolusTime":1703976158000,"time":"2023-12-31T01:02:21.980Z","iobWithZeroTemp":{"iob":-0.184,"basaliob":-0.619,"bolussnooze":1.0E-4,"activity":8.0E-4,"lastBolusTime":1703976158000,"time":"2023-12-31T01:02:21.980Z"}},{"iob":0.353,"basaliob":-0.051,"bolussnooze":0,"activity":0.0053,"lastBolusTime":1703976158000,"time":"2023-12-31T01:07:21.980Z","iobWithZeroTemp":{"iob":-0.209,"basaliob":-0.613,"bolussnooze":0,"activity":4.0E-4,"lastBolusTime":1703976158000,"time":"2023-12-31T01:07:21.980Z"}},{"iob":0.327,"basaliob":-0.047,"bolussnooze":0,"activity":0.0049,"lastBolusTime":1703976158000,"time":"2023-12-31T01:12:21.980Z","iobWithZeroTemp":{"iob":-0.233,"basaliob":-0.607,"bolussnooze":0,"activity":-1.0E-4,"lastBolusTime":1703976158000,"time":"2023-12-31T01:12:21.980Z"}},{"iob":0.303,"basaliob":-0.043,"bolussnooze":0,"activity":0.0046,"lastBolusTime":1703976158000,"time":"2023-12-31T01:17:21.980Z","iobWithZeroTemp":{"iob":-0.255,"basaliob":-0.601,"bolussnooze":0,"activity":-4.0E-4,"lastBolusTime":1703976158000,"time":"2023-12-31T01:17:21.980Z"}},{"iob":0.281,"basaliob":-0.04,"bolussnooze":0,"activity":0.0043,"lastBolusTime":1703976158000,"time":"2023-12-31T01:22:21.980Z","iobWithZeroTemp":{"iob":-0.268,"basaliob":-0.589,"bolussnooze":0,"activity":-7.0E-4,"lastBolusTime":1703976158000,"time":"2023-12-31T01:22:21.980Z"}},{"iob":0.259,"basaliob":-0.037,"bolussnooze":0,"activity":0.0041,"lastBolusTime":1703976158000,"time":"2023-12-31T01:27:21.980Z","iobWithZeroTemp":{"iob":-0.287,"basaliob":-0.583,"bolussnooze":0,"activity":-9.0E-4,"lastBolusTime":1703976158000,"time":"2023-12-31T01:27:21.980Z"}},{"iob":0.24,"basaliob":-0.034,"bolussnooze":0,"activity":0.0037,"lastBolusTime":1703976158000,"time":"2023-12-31T01:32:21.980Z","iobWithZeroTemp":{"iob":-0.303,"basaliob":-0.577,"bolussnooze":0,"activity":-0.0014,"lastBolusTime":1703976158000,"time":"2023-12-31T01:32:21.980Z"}},{"iob":0.222,"basaliob":-0.031,"bolussnooze":0,"activity":0.0035,"lastBolusTime":1703976158000,"time":"2023-12-31T01:37:21.980Z","iobWithZeroTemp":{"iob":-0.319,"basaliob":-0.572,"bolussnooze":0,"activity":-0.0016,"lastBolusTime":1703976158000,"time":"2023-12-31T01:37:21.980Z"}},{"iob":0.205,"basaliob":-0.028,"bolussnooze":0,"activity":0.0033,"lastBolusTime":1703976158000,"time":"2023-12-31T01:42:21.980Z","iobWithZeroTemp":{"iob":-0.333,"basaliob":-0.566,"bolussnooze":0,"activity":-0.0018,"lastBolusTime":1703976158000,"time":"2023-12-31T01:42:21.980Z"}},{"iob":0.189,"basaliob":-0.026,"bolussnooze":0,"activity":0.003,"lastBolusTime":1703976158000,"time":"2023-12-31T01:47:21.980Z","iobWithZeroTemp":{"iob":-0.346,"basaliob":-0.561,"bolussnooze":0,"activity":-0.0021,"lastBolusTime":1703976158000,"time":"2023-12-31T01:47:21.980Z"}},{"iob":0.174,"basaliob":-0.024,"bolussnooze":0,"activity":0.0029,"lastBolusTime":1703976158000,"time":"2023-12-31T01:52:21.980Z","iobWithZeroTemp":{"iob":-0.358,"basaliob":-0.556,"bolussnooze":0,"activity":-0.0022,"lastBolusTime":1703976158000,"time":"2023-12-31T01:52:21.980Z"}},{"iob":0.161,"basaliob":-0.022,"bolussnooze":0,"activity":0.0026,"lastBolusTime":1703976158000,"time":"2023-12-31T01:57:21.980Z","iobWithZeroTemp":{"iob":-0.368,"basaliob":-0.551,"bolussnooze":0,"activity":-0.0025,"lastBolusTime":1703976158000,"time":"2023-12-31T01:57:21.980Z"}},{"iob":0.148,"basaliob":-0.02,"bolussnooze":0,"activity":0.0024,"lastBolusTime":1703976158000,"time":"2023-12-31T02:02:21.980Z","iobWithZeroTemp":{"iob":-0.379,"basaliob":-0.547,"bolussnooze":0,"activity":-0.0026,"lastBolusTime":1703976158000,"time":"2023-12-31T02:02:21.980Z"}},{"iob":0.137,"basaliob":-0.018,"bolussnooze":0,"activity":0.0023,"lastBolusTime":1703976158000,"time":"2023-12-31T02:07:21.980Z","iobWithZeroTemp":{"iob":-0.387,"basaliob":-0.542,"bolussnooze":0,"activity":-0.0027,"lastBolusTime":1703976158000,"time":"2023-12-31T02:07:21.980Z"}},{"iob":0.126,"basaliob":-0.016,"bolussnooze":0,"activity":0.0021,"lastBolusTime":1703976158000,"time":"2023-12-31T02:12:21.980Z","iobWithZeroTemp":{"iob":-0.395,"basaliob":-0.537,"bolussnooze":0,"activity":-0.0029,"lastBolusTime":1703976158000,"time":"2023-12-31T02:12:21.980Z"}},{"iob":0.115,"basaliob":-0.015,"bolussnooze":0,"activity":0.0019,"lastBolusTime":1703976158000,"time":"2023-12-31T02:17:21.980Z","iobWithZeroTemp":{"iob":-0.404,"basaliob":-0.534,"bolussnooze":0,"activity":-0.0031,"lastBolusTime":1703976158000,"time":"2023-12-31T02:17:21.980Z"}},{"iob":0.106,"basaliob":-0.014,"bolussnooze":0,"activity":0.0018,"lastBolusTime":1703976158000,"time":"2023-12-31T02:22:21.980Z","iobWithZeroTemp":{"iob":-0.411,"basaliob":-0.531,"bolussnooze":0,"activity":-0.0032,"lastBolusTime":1703976158000,"time":"2023-12-31T02:22:21.980Z"}},{"iob":0.098,"basaliob":-0.012,"bolussnooze":0,"activity":0.0017,"lastBolusTime":1703976158000,"time":"2023-12-31T02:27:21.980Z","iobWithZeroTemp":{"iob":-0.416,"basaliob":-0.526,"bolussnooze":0,"activity":-0.0033,"lastBolusTime":1703976158000,"time":"2023-12-31T02:27:21.980Z"}},{"iob":0.09,"basaliob":-0.011,"bolussnooze":0,"activity":0.0016,"lastBolusTime":1703976158000,"time":"2023-12-31T02:32:21.980Z","iobWithZeroTemp":{"iob":-0.422,"basaliob":-0.523,"bolussnooze":0,"activity":-0.0033,"lastBolusTime":1703976158000,"time":"2023-12-31T02:32:21.980Z"}},{"iob":0.082,"basaliob":-0.01,"bolussnooze":0,"activity":0.0014,"lastBolusTime":1703976158000,"time":"2023-12-31T02:37:21.980Z","iobWithZeroTemp":{"iob":-0.428,"basaliob":-0.52,"bolussnooze":0,"activity":-0.0035,"lastBolusTime":1703976158000,"time":"2023-12-31T02:37:21.980Z"}},{"iob":0.075,"basaliob":-0.009,"bolussnooze":0,"activity":0.0013,"lastBolusTime":1703976158000,"time":"2023-12-31T02:42:21.980Z","iobWithZeroTemp":{"iob":-0.433,"basaliob":-0.517,"bolussnooze":0,"activity":-0.0036,"lastBolusTime":1703976158000,"time":"2023-12-31T02:42:21.980Z"}}],"profile":{"max_iob":7,"type":"current","max_daily_basal":0.45,"max_basal":1.35,"min_bg":81.0000000000001,"max_bg":81.0000000000001,"target_bg":81.0000000000001,"carb_ratio":11,"sens":369,"max_daily_safety_multiplier":3,"current_basal_safety_multiplier":4,"lgsThreshold":65,"high_temptarget_raises_sensitivity":false,"low_temptarget_lowers_sensitivity":false,"sensitivity_raises_target":true,"resistance_lowers_target":true,"adv_target_adjustments":false,"exercise_mode":false,"half_basal_exercise_target":160,"maxCOB":120,"skip_neutral_temps":false,"remainingCarbsCap":90,"enableUAM":true,"A52_risk_enable":false,"SMBInterval":4,"enableSMB_with_COB":true,"enableSMB_with_temptarget":false,"allowSMB_with_high_temptarget":true,"enableSMB_always":true,"enableSMB_after_carbs":false,"maxSMBBasalMinutes":60,"maxUAMSMBBasalMinutes":60,"bolus_increment":0.05,"carbsReqThreshold":10,"current_basal":0.4,"temptargetSet":true,"autosens_max":1.2,"autosens_min":0.8,"out_units":"mmol\/L","variable_sens":148.7,"insulinDivisor":65,"TDD":8.392068000000002},"autosens_data":{"ratio":0.9144192511708147},"meal_data":{"carbs":35,"mealCOB":14.967505890160945,"slopeFromMaxDeviation":0,"slopeFromMinDeviation":2.1489705882352936,"lastBolusTime":1703976158000,"lastCarbTime":1703975704000},"microBolusAllowed":true,"currentTime":1703976444386,"flatBGsDetected":false,"tdd1D":21.139583333333334,"tdd7D":25.145285714285723,"tddLast24H":22.993333333333336,"tddLast4H":4.80375,"tddLast8to4H":3.02},"output":{"temp":"absolute","bg":210,"tick":-3,"eventualBG":148,"targetBG":81.0000000000001,"insulinReq":0,"deliverAt":"2023-12-30T22:47:24.386Z","sensitivityRatio":0.9144192511708147,"variable_sens":148.7,"predBGs":{"IOB":[210,207,202,196,189,182,174,164,155,144,133,121,108,95,81,66,50,39],"ZT":[210,202,193,183,173,162,151,139,128,116,103,91,78,65,51,39,39,39,39,39,39,39,39,39,39,39,39,39,39,39,39,39,39,39,39,39,39,39,39,39,39,39,39,39,39,39,39,39],"COB":[210,207,203,199,195,191,186,182,177,173,169,166,163,160,157,155,154,152,152,151,151,152,153,153,154,155,155,156,157,157,158,158,159,159,159,159,159,158,158,157,157,156,154,153,152,150,149,148],"UAM":[210,206,201,194,186,177,167,156,144,131,119,106,92,77,61,43,39]},"reason":"COB: 15, Dev: 1.7, BGI: -0.4, ISF: 8.3, CR: 11, Target: 4.5, minPredBG -4.8, minGuardBG -6.9, IOBpredBG 2.2, COBpredBG 8.2, UAMpredBG 2.2; minGuardBG -6.9<3.6","COB":14.967505890160945,"IOB":1.81,"duration":120,"rate":0,"timestamp":"2023-12-30T22:47:24.413Z"}}