{"algorithm":"OpenAPSSMBDynamicISFPlugin","input":{"glucoseStatus":{"glucose":70,"noise":0,"delta":0,"short_avgdelta":-0.39,"long_avgdelta":1.12,"date":1703999822932},"currenttemp":{"temp":"absolute","duration":20,"rate":0,"minutesrunning":10},"iob_data":[{"iob":-0.346,"basaliob":-0.452,"bolussnooze":0,"activity":-0.0026,"lastBolusTime":1703993866000,"time":"2023-12-31T05:17:23.734Z","iobWithZeroTemp":{"iob":-0.346,"basaliob":-0.452,"bolussnooze":0,"activity":-0.0026,"lastBolusTime":1703993866000,"time":"2023-12-31T05:17:23.734Z"}},{"iob":-0.333,"basaliob":-0.432,"bolussnooze":0,"activity":-0.0026,"lastBolusTime":1703993866000,"time":"2023-12-31T05:22:23.734Z","iobWithZeroTemp":{"iob":-0.36,"basaliob":-0.459,"bolussnooze":0,"activity":-0.0026,"lastBolusTime":1703993866000,"time":"2023-12-31T05:22:23.734Z"}},{"iob":-0.32,"basaliob":-0.412,"bolussnooze":0,"activity":-0.0027,"lastBolusTime":1703993866000,"time":"2023-12-31T05:27:23.734Z","iobWithZeroTemp":{"iob":-0.38,"basaliob":-0.472,"bolussnooze":0,"activity":-0.0028,"lastBolusTime":1703993866000,"time":"2023-12-31T05:27:23.734Z"}},{"iob":-0.306,"basaliob":-0.392,"bolussnooze":0,"activity":-0.0028,"lastBolusTime":1703993866000,"time":"2023-12-31T05:32:23.734Z","iobWithZeroTemp":{"iob":-0.398,"basaliob":-0.484,"bolussnooze":0,"activity":-0.003,"lastBolusTime":1703993866000,"time":"2023-12-31T05:32:23.734Z"}},{"iob":-0.292,"basaliob":-0.372,"bolussnooze":0,"activity":-0.0028,"lastBolusTime":1703993866000,"time":"2023-12-31T05:37:23.734Z","iobWithZeroTemp":{"iob":-0.417,"basaliob":-0.497,"bolussnooze":0,"activity":-0.0031,"lastBolusTime":1703993866000,"time":"2023-12-31T05:37:23.734Z"}},{"iob":-0.279,"basaliob":-0.353,"bolussnooze":0,"activity":-0.0027,"lastBolusTime":1703993866000,"time":"2023-12-31T05:42:23.734Z","iobWithZeroTemp":{"iob":-0.435,"basaliob":-0.509,"bolussnooze":0,"activity":-0.0032,"lastBolusTime":1703993866000,"time":"2023-12-31T05:42:23.734Z"}},{"iob":-0.265,"basaliob":-0.334,"bolussnooze":0,"activity":-0.0027,"lastBolusTime":1703993866000,"time":"2023-12-31T05:47:23.734Z","iobWithZeroTemp":{"iob":-0.451,"basaliob":-0.52,"bolussnooze":0,"activity":-0.0034,"lastBolusTime":1703993866000,"time":"2023-12-31T05:47:23.734Z"}},{"iob":-0.251,"basaliob":-0.315,"bolussnooze":0,"activity":-0.0026,"lastBolusTime":1703993866000,"time":"2023-12-31T05:52:23.734Z","iobWithZeroTemp":{"iob":-0.467,"basaliob":-0.531,"bolussnooze":0,"activity":-0.0035,"lastBolusTime":1703993866000,"time":"2023-12-31T05:52:23.734Z"}},{"iob":-0.237,"basaliob":-0.297,"bolussnooze":0,"activity":-0.0026,"lastBolusTime":1703993866000,"time":"2023-12-31T05:57:23.734Z","iobWithZeroTemp":{"iob":-0.481,"basaliob":-0.541,"bolussnooze":0,"activity":-0.0037,"lastBolusTime":1703993866000,"time":"2023-12-31T05:57:23.734Z"}},{"iob":-0.225,"basaliob":-0.28,"bolussnooze":0,"activity":-0.0026,"lastBolusTime":1703993866000,"time":"2023-12-31T06:02:23.734Z","iobWithZeroTemp":{"iob":-0.497,"basaliob":-0.552,"bolussnooze":0,"activity":-0.0039,"lastBolusTime":1703993866000,"time":"2023-12-31T06:02:23.734Z"}},{"iob":-0.212,"basaliob":-0.263,"bolussnooze":0,"activity":-0.0024,"lastBolusTime":1703993866000,"time":"2023-12-31T06:07:23.734Z","iobWithZeroTemp":{"iob":-0.51,"basaliob":-0.561,"bolussnooze":0,"activity":-0.0039,"lastBolusTime":1703993866000,"time":"2023-12-31T06:07:23.734Z"}},{"iob":-0.201,"basaliob":-0.248,"bolussnooze":0,"activity":-0.0024,"lastBolusTime":1703993866000,"time":"2023-12-31T06:12:23.734Z","iobWithZeroTemp":{"iob":-0.524,"basaliob":-0.571,"bolussnooze":0,"activity":-0.0042,"lastBolusTime":1703993866000,"time":"2023-12-31T06:12:23.734Z"}},{"iob":-0.188,"basaliob":-0.232,"bolussnooze":0,"activity":-0.0023,"lastBolusTime":1703993866000,"time":"2023-12-31T06:17:23.734Z","iobWithZeroTemp":{"iob":-0.535,"basaliob":-0.579,"bolussnooze":0,"activity":-0.0043,"lastBolusTime":1703993866000,"time":"2023-12-31T06:17:23.734Z"}},{"iob":-0.177,"basaliob":-0.218,"bolussnooze":0,"activity":-0.0022,"lastBolusTime":1703993866000,"time":"2023-12-31T06:22:23.734Z","iobWithZeroTemp":{"iob":-0.547,"basaliob":-0.588,"bolussnooze":0,"activity":-0.0044,"lastBolusTime":1703993866000,"time":"2023-12-31T06:22:23.734Z"}},{"iob":-0.166,"basaliob":-0.204,"bolussnooze":0,"activity":-0.0021,"lastBolusTime":1703993866000,"time":"2023-12-31T06:27:23.734Z","iobWithZeroTemp":{"iob":-0.557,"basaliob":-0.595,"bolussnooze":0,"activity":-0.0045,"lastBolusTime":1703993866000,"time":"2023-12-31T06:27:23.734Z"}},{"iob":-0.156,"basaliob":-0.191,"bolussnooze":0,"activity":-0.002,"lastBolusTime":1703993866000,"time":"2023-12-31T06:32:23.734Z","iobWithZeroTemp":{"iob":-0.568,"basaliob":-0.603,"bolussnooze":0,"activity":-0.0047,"lastBolusTime":1703993866000,"time":"2023-12-31T06:32:23.734Z"}},{"iob":-0.146,"basaliob":-0.178,"bolussnooze":0,"activity":-0.0019,"lastBolusTime":1703993866000,"time":"2023-12-31T06:37:23.734Z","iobWithZeroTemp":{"iob":-0.577,"basaliob":-0.609,"bolussnooze":0,"activity":-0.0048,"lastBolusTime":1703993866000,"time":"2023-12-31T06:37:23.734Z"}},{"iob":-0.137,"basaliob":-0.166,"bolussnooze":0,"activity":-0.0018,"lastBolusTime":1703993866000,"time":"2023-12-31T06:42:23.734Z","iobWithZeroTemp":{"iob":-0.587,"basaliob":-0.616,"bolussnooze":0,"activity":-0.0049,"lastBolusTime":1703993866000,"time":"2023-12-31T06:42:23.734Z"}},{"iob":-0.128,"basaliob":-0.155,"bolussnooze":0,"activity":-0.0018,"lastBolusTime":1703993866000,"time":"2023-12-31T06:47:23.734Z","iobWithZeroTemp":{"iob":-0.595,"basaliob":-0.622,"bolussnooze":0,"activity":-0.0051,"lastBolusTime":1703993866000,"time":"2023-12-31T06:47:23.734Z"}},{"iob":-0.12,"basaliob":-0.145,"bolussnooze":0,"activity":-0.0017,"lastBolusTime":1703993866000,"time":"2023-12-31T06:52:23.734Z","iobWithZeroTemp":{"iob":-0.604,"basaliob":-0.629,"bolussnooze":0,"activity":-0.0052,"lastBolusTime":1703993866000,"time":"2023-12-31T06:52:23.734Z"}},{"iob":-0.112,"basaliob":-0.135,"bolussnooze":0,"activity":-0.0015,"lastBolusTime":1703993866000,"time":"2023-12-31T06:57:23.734Z","iobWithZeroTemp":{"iob":-0.611,"basaliob":-0.634,"bolussnooze":0,"activity":-0.0052,"lastBolusTime":1703993866000,"time":"2023-12-31T06:57:23.734Z"}},{"iob":-0.104,"basaliob":-0.125,"bolussnooze":0,"activity":-0.0014,"lastBolusTime":1703993866000,"time":"2023-12-31T07:02:23.734Z","iobWithZeroTemp":{"iob":-0.618,"basaliob":-0.639,"bolussnooze":0,"activity":-0.0053,"lastBolusTime":1703993866000,"time":"2023-12-31T07:02:23.734Z"}},{"iob":-0.098,"basaliob":-0.117,"bolussnooze":0,"activity":-0.0014,"lastBolusTime":1703993866000,"time":"2023-12-31T07:07:23.734Z","iobWithZeroTemp":{"iob":-0.625,"basaliob":-0.644,"bolussnooze":0,"activity":-0.0054,"lastBolusTime":1703993866000,"time":"2023-12-31T07:07:23.734Z"}},{"iob":-0.09,"basaliob":-0.108,"bolussnooze":0,"activity":-0.0013,"lastBolusTime":1703993866000,"time":"2023-12-31T07:12:23.734Z","iobWithZeroTemp":{"iob":-0.63,"basaliob":-0.648,"bolussnooze":0,"activity":-0.0055,"lastBolusTime":1703993866000,"time":"2023-12-31T07:12:23.734Z"}},{"iob":-0.084,"basaliob":-0.1,"bolussnooze":0,"activity":-0.0012,"lastBolusTime":1703993866000,"time":"2023-12-31T07:17:23.734Z","iobWithZeroTemp":{"iob":-0.636,"basaliob":-0.652,"bolussnooze":0,"activity":-0.0055,"lastBolusTime":1703993866000,"time":"2023-12-31T07:17:23.734Z"}},{"iob":-0.078,"basaliob":-0.093,"bolussnooze":0,"activity":-0.0011,"lastBolusTime":1703993866000,"time":"2023-12-31T07:22:23.734Z","iobWithZeroTemp":{"iob":-0.641,"basaliob":-0.656,"bolussnooze":0,"activity":-0.0056,"lastBolusTime":1703993866000,"time":"2023-12-31T07:22:23.734Z"}},{"iob":-0.072,"basaliob":-0.086,"bolussnooze":0,"activity":-0.0011,"lastBolusTime":1703993866000,"time":"2023-12-31T07:27:23.734Z","iobWithZeroTemp":{"iob":-0.646,"basaliob":-0.66,"bolussnooze":0,"activity":-0.0057,"lastBolusTime":1703993866000,"time":"2023-12-31T07:27:23.734Z"}},{"iob":-0.067,"basaliob":-0.08,"bolussnooze":0,"activity":-0.001,"lastBolusTime":1703993866000,"time":"2023-12-31T07:32:23.734Z","iobWithZeroTemp":{"iob":-0.651,"basaliob":-0.664,"bolussnooze":0,"activity":-0.0058,"lastBolusTime":1703993866000,"time":"2023-12-31T07:32:23.734Z"}},{"iob":-0.062,"basaliob":-0.074,"bolussnooze":0,"activity":-0.001,"lastBolusTime":1703993866000,"time":"2023-12-31T07:37:23.734Z","iobWithZeroTemp":{"iob":-0.655,"basaliob":-0.667,"bolussnooze":0,"activity":-0.0059,"lastBolusTime":1703993866000,"time":"2023-12-31T07:37:23.734Z"}},{"iob":-0.057,"basaliob":-0.068,"bolussnooze":0,"activity":-9.0E-4,"lastBolusTime":1703993866000,"time":"2023-12-31T07:42:23.734Z","iobWithZeroTemp":{"iob":-0.658,"basaliob":-0.669,"bolussnooze":0,"activity":-0.0059,"lastBolusTime":1703993866000,"time":"2023-12-31T07:42:23.734Z"}},{"iob":-0.053,"basaliob":-0.063,"bolussnooze":0,"activity":-8.0E-4,"lastBolusTime":1703993866000,"time":"2023-12-31T07:47:23.734Z","iobWithZeroTemp":{"iob":-0.662,"basaliob":-0.672,"bolussnooze":0,"activity":-0.0059,"lastBolusTime":1703993866000,"time":"2023-12-31T07:47:23.734Z"}},{"iob":-0.049,"basaliob":-0.058,"bolussnooze":0,"activity":-7.0E-4,"lastBolusTime":1703993866000,"time":"2023-12-31T07:52:23.734Z","iobWithZeroTemp":{"iob":-0.666,"basaliob":-0.675,"bolussnooze":0,"activity":-0.0059,"lastBolusTime":1703993866000,"time":"2023-12-31T07:52:23.734Z"}},{"iob":-0.046,"basaliob":-0.054,"bolussnooze":0,"activity":-8.0E-4,"lastBolusTime":1703993866000,"time":"2023-12-31T07:57:23.734Z","iobWithZeroTemp":{"iob":-0.67,"basaliob":-0.678,"bolussnooze":0,"activity":-0.0061,"lastBolusTime":1703993866000,"time":"2023-12-31T07:57:23.734Z"}},{"iob":-0.043,"basaliob":-0.05,"bolussnooze":0,"activity":-7.0E-4,"lastBolusTime":1703993866000,"time":"2023-12-31T08:02:23.734Z","iobWithZeroTemp":{"iob":-0.673,"basaliob":-0.68,"bolussnooze":0,"activity":-0.0061,"lastBolusTime":1703993866000,"time":"2023-12-31T08:02:23.734Z"}},{"iob":-0.039,"basaliob":-0.046,"bolussnooze":0,"activity":-7.0E-4,"lastBolusTime":1703993866000,"time":"2023-12-31T08:07:23.734Z","iobWithZeroTemp":{"iob":-0.675,"basaliob":-0.682,"bolussnooze":0,"activity":-0.0062,"lastBolusTime":1703993866000,"time":"2023-12-31T08:07:23.734Z"}},{"iob":-0.036,"basaliob":-0.042,"bolussnooze":0,"activity":-6.0E-4,"lastBolusTime":1703993866000,"time":"2023-12-31T08:12:23.734Z","iobWithZeroTemp":{"iob":-0.678,"basaliob":-0.684,"bolussnooze":0,"activity":-0.0062,"lastBolusTime":1703993866000,"time":"2023-12-31T08:12:23.734Z"}},{"iob":-0.033,"basaliob":-0.039,"bolussnooze":0,"activity":-5.0E-4,"lastBolusTime":1703993866000,"time":"2023-12-31T08:17:23.734Z","iobWithZeroTemp":{"iob":-0.68,"basaliob":-0.686,"bolussnooze":0,"activity":-0.0062,"lastBolusTime":1703993866000,"time":"2023-12-31T08:17:23.734Z"}},{"iob":-0.031,"basaliob":-0.036,"bolussnooze":0,"activity":-5.0E-4,"lastBolusTime":1703993866000,"time":"2023-12-31T08:22:23.734Z","iobWithZeroTemp":{"iob":-0.682,"basaliob":-0.687,"bolussnooze":0,"activity":-0.0063,"lastBolusTime":1703993866000,"time":"2023-12-31T08:22:23.734Z"}},{"iob":-0.028,"basaliob":-0.033,"bolussnooze":0,"activity":-5.0E-4,"lastBolusTime":1703993866000,"time":"2023-12-31T08:27:23.734Z","iobWithZeroTemp":{"iob":-0.684,"basaliob":-0.689,"bolussnooze":0,"activity":-0.0063,"lastBolusTime":1703993866000,"time":"2023-12-31T08:27:23.734Z"}},{"iob":-0.026,"basaliob":-0.03,"bolussnooze":0,"activity":-4.0E-4,"lastBolusTime":1703993866000,"time":"2023-12-31T08:32:23.734Z","iobWithZeroTemp":{"iob":-0.686,"basaliob":-0.69,"bolussnooze":0,"activity":-0.0063,"lastBolusTime":1703993866000,"time":"2023-12-31T08:32:23.734Z"}},{"iob":-0.024,"basaliob":-0.028,"bolussnooze":0,"activity":-4.0E-4,"lastBolusTime":1703993866000,"time":"2023-12-31T08:37:23.734Z","iobWithZeroTemp":{"iob":-0.688,"basaliob":-0.692,"bolussnooze":0,"activity":-0.0063,"lastBolusTime":1703993866000,"time":"2023-12-31T08:37:23.734Z"}},{"iob":-0.022,"basaliob":-0.025,"bolussnooze":0,"activity":-3.0E-4,"lastBolusTime":1703993866000,"time":"2023-12-31T08:42:23.734Z","iobWithZeroTemp":{"iob":-0.689,"basaliob":-0.692,"bolussnooze":0,"activity":-0.0063,"lastBolusTime":1703993866000,"time":"2023-12-31T08:42:23.734Z"}},{"iob":-0.02,"basaliob":-0.023,"bolussnooze":0,"activity":-3.0E-4,"lastBolusTime":1703993866000,"time":"2023-12-31T08:47:23.734Z","iobWithZeroTemp":{"iob":-0.69,"basaliob":-0.693,"bolussnooze":0,"activity":-0.0064,"lastBolusTime":1703993866000,"time":"2023-12-31T08:47:23.734Z"}},{"iob":-0.018,"basaliob":-0.021,"bolussnooze":0,"activity":-3.0E-4,"lastBolusTime":1703993866000,"time":"2023-12-31T08:52:23.734Z","iobWithZeroTemp":{"iob":-0.691,"basaliob":-0.694,"bolussnooze":0,"activity":-0.0064,"lastBolusTime":1703993866000,"time":"2023-12-31T08:52:23.734Z"}},{"iob":-0.016,"basaliob":-0.019,"bolussnooze":0,"activity":-2.0E-4,"lastBolusTime":1703993866000,"time":"2023-12-31T08:57:23.734Z","iobWithZeroTemp":{"iob":-0.692,"basaliob":-0.695,"bolussnooze":0,"activity":-0.0063,"lastBolusTime":1703993866000,"time":"2023-12-31T08:57:23.734Z"}},{"iob":-0.016,"basaliob":-0.018,"bolussnooze":0,"activity":-3.0E-4,"lastBolusTime":1703993866000,"time":"2023-12-31T09:02:23.734Z","iobWithZeroTemp":{"iob":-0.694,"basaliob":-0.696,"bolussnooze":0,"activity":-0.0065,"lastBolusTime":1703993866000,"time":"2023-12-31T09:02:23.734Z"}},{"iob":-0.014,"basaliob":-0.016,"bolussnooze":0,"activity":-3.0E-4,"lastBolusTime":1703993866000,"time":"2023-12-31T09:07:23.734Z","iobWithZeroTemp":{"iob":-0.695,"basaliob":-0.697,"bolussnooze":0,"activity":-0.0065,"lastBolusTime":1703993866000,"time":"2023-12-31T09:07:23.734Z"}},{"iob":-0.013,"basaliob":-0.015,"bolussnooze":0,"activity":-3.0E-4,"lastBolusTime":1703993866000,"time":"2023-12-31T09:12:23.734Z","iobWithZeroTemp":{"iob":-0.696,"basaliob":-0.698,"bolussnooze":0,"activity":-0.0066,"lastBolusTime":1703993866000,"time":"2023-12-31T09:12:23.734Z"}}],"profile":{"max_iob":7,"type":"current","max_daily_basal":0.45,"max_basal":1.35,"min_bg":144,"max_bg":144,"target_bg":144,"carb_ratio":9,"sens":352.8,"max_daily_safety_multiplier":3,"current_basal_safety_multiplier":4,"lgsThreshold":65,"high_temptarget_raises_sensitivity":false,"low_temptarget_lowers_sensitivity":false,"sensitivity_raises_target":true,"resistance_lowers_target":true,"adv_target_adjustments":false,"exercise_mode":false,"half_basal_exercise_target":160,"maxCOB":120,"skip_neutral_temps":false,"remainingCarbsCap":90,"enableUAM":true,"A52_risk_enable":false,"SMBInterval":4,"enableSMB_with_COB":true,"enableSMB_with_temptarget":false,"allowSMB_with_high_temptarget":true,"enableSMB_always":true,"enableSMB_after_carbs":false,"maxSMBBasalMinutes":60,"maxUAMSMBBasalMinutes":60,"bolus_increment":0.05,"carbsReqThreshold":10,"current_basal":0.4,"temptargetSet":true,"autosens_max":1.2,"autosens_min":0.8,"out_units":"mmol\/L","variable_sens":392.7,"insulinDivisor":65,"TDD":6.271026000000001},"autosens_data":{"ratio":0.7707773491575621},"meal_data":{"carbs":2,"mealCOB":0,"slopeFromMaxDeviation":0,"slopeFromMinDeviation":0.05964285714285715,"lastBolusTime":1703993866000,"lastCarbTime":1703996129000},"microBolusAllowed":true,"currentTime":1703999845980,"flatBGsDetected":false,"tdd1D":21.139583333333334,"tdd7D":25.145285714285723,"tddLast24H":19.381416666666667,"tddLast4H":0.5388333333333333,"tddLast8to4H":2.76925},"output":{"temp":"absolute","bg":70,"tick":"+0","eventualBG":182,"targetBG":144,"insulinReq":0,"deliverAt":"2023-12-31T05:17:25.980Z","sensitivityRatio":0.7707773491575621,"variable_sens":392.7,"predBGs":{"IOB":[70,70,71,72,73,76,78,80,83,86,90,93,97,101,104,107,110,113,116,118,121,123,125,126,128,130,131,133,134,135,136,137,138,139,140,141,142,142,143,144,144,145,145,145,146,146,146,147],"ZT":[70,75,80,85,90,95,100,106,111,116,122,127,132,138,144]},"reason":"COB: 0, Dev: -1.3, BGI: 0.3, ISF: 21.8, CR: 9, Target: 8.0, minPredBG 4.8, minGuardBG 3.9, IOBpredBG 8.2; minGuardBG 3.9<5.1","COB":0,"IOB":-0.346,"duration":30,"rate":0,"timestamp":"2023-12-31T05:17:26.008Z"}}