{"algorithm":"OpenAPSSMBDynamicISFPlugin","input":{"glucoseStatus":{"glucose":157,"noise":0,"delta":7,"short_avgdelta":4.22,"long_avgdelta":-1.89,"date":1704048125583},"currenttemp":{"temp":"absolute","duration":50,"rate":0,"minutesrunning":70},"iob_data":[{"iob":1.775,"basaliob":-0.516,"bolussnooze":0.9144,"activity":0.0178,"lastBolusTime":1704046480000,"time":"2023-12-31T18:42:21.925Z","iobWithZeroTemp":{"iob":1.775,"basaliob":-0.516,"bolussnooze":0.9144,"activity":0.0178,"lastBolusTime":1704046480000,"time":"2023-12-31T18:42:21.925Z"}},{"iob":1.687,"basaliob":-0.494,"bolussnooze":0.8208,"activity":0.0175,"lastBolusTime":1704046480000,"time":"2023-12-31T18:47:21.925Z","iobWithZeroTemp":{"iob":1.66,"basaliob":-0.521,"bolussnooze":0.8208,"activity":0.0175,"lastBolusTime":1704046480000,"time":"2023-12-31T18:47:21.925Z"}},{"iob":1.601,"basaliob":-0.471,"bolussnooze":0.7321,"activity":0.0172,"lastBolusTime":1704046480000,"time":"2023-12-31T18:52:21.925Z","iobWithZeroTemp":{"iob":1.541,"basaliob":-0.531,"bolussnooze":0.7321,"activity":0.0171,"lastBolusTime":1704046480000,"time":"2023-12-31T18:52:21.925Z"}},{"iob":1.515,"basaliob":-0.449,"bolussnooze":0.6493,"activity":0.0167,"lastBolusTime":1704046480000,"time":"2023-12-31T18:57:21.925Z","iobWithZeroTemp":{"iob":1.423,"basaliob":-0.541,"bolussnooze":0.6493,"activity":0.0165,"lastBolusTime":1704046480000,"time":"2023-12-31T18:57:21.925Z"}},{"iob":1.432,"basaliob":-0.427,"bolussnooze":0.5729,"activity":0.0163,"lastBolusTime":1704046480000,"time":"2023-12-31T19:02:21.925Z","iobWithZeroTemp":{"iob":1.307,"basaliob":-0.552,"bolussnooze":0.5729,"activity":0.016,"lastBolusTime":1704046480000,"time":"2023-12-31T19:02:21.925Z"}},{"iob":1.352,"basaliob":-0.405,"bolussnooze":0.5033,"activity":0.0158,"lastBolusTime":1704046480000,"time":"2023-12-31T19:07:21.925Z","iobWithZeroTemp":{"iob":1.196,"basaliob":-0.561,"bolussnooze":0.5033,"activity":0.0153,"lastBolusTime":1704046480000,"time":"2023-12-31T19:07:21.925Z"}},{"iob":1.274,"basaliob":-0.384,"bolussnooze":0.4403,"activity":0.0153,"lastBolusTime":1704046480000,"time":"2023-12-31T19:12:21.925Z","iobWithZeroTemp":{"iob":1.088,"basaliob":-0.57,"bolussnooze":0.4403,"activity":0.0146,"lastBolusTime":1704046480000,"time":"2023-12-31T19:12:21.925Z"}},{"iob":1.2,"basaliob":-0.363,"bolussnooze":0.3837,"activity":0.0147,"lastBolusTime":1704046480000,"time":"2023-12-31T19:17:21.925Z","iobWithZeroTemp":{"iob":0.984,"basaliob":-0.579,"bolussnooze":0.3837,"activity":0.0138,"lastBolusTime":1704046480000,"time":"2023-12-31T19:17:21.925Z"}},{"iob":1.128,"basaliob":-0.342,"bolussnooze":0.3331,"activity":0.0141,"lastBolusTime":1704046480000,"time":"2023-12-31T19:22:21.925Z","iobWithZeroTemp":{"iob":0.884,"basaliob":-0.586,"bolussnooze":0.3331,"activity":0.013,"lastBolusTime":1704046480000,"time":"2023-12-31T19:22:21.925Z"}},{"iob":1.059,"basaliob":-0.323,"bolussnooze":0.2883,"activity":0.0135,"lastBolusTime":1704046480000,"time":"2023-12-31T19:27:21.925Z","iobWithZeroTemp":{"iob":0.787,"basaliob":-0.595,"bolussnooze":0.2883,"activity":0.0122,"lastBolusTime":1704046480000,"time":"2023-12-31T19:27:21.925Z"}},{"iob":0.993,"basaliob":-0.304,"bolussnooze":0.2487,"activity":0.0128,"lastBolusTime":1704046480000,"time":"2023-12-31T19:32:21.925Z","iobWithZeroTemp":{"iob":0.695,"basaliob":-0.602,"bolussnooze":0.2487,"activity":0.0113,"lastBolusTime":1704046480000,"time":"2023-12-31T19:32:21.925Z"}},{"iob":0.931,"basaliob":-0.286,"bolussnooze":0.2138,"activity":0.0122,"lastBolusTime":1704046480000,"time":"2023-12-31T19:37:21.925Z","iobWithZeroTemp":{"iob":0.608,"basaliob":-0.609,"bolussnooze":0.2138,"activity":0.0104,"lastBolusTime":1704046480000,"time":"2023-12-31T19:37:21.925Z"}},{"iob":0.871,"basaliob":-0.268,"bolussnooze":0.1833,"activity":0.0116,"lastBolusTime":1704046480000,"time":"2023-12-31T19:42:21.925Z","iobWithZeroTemp":{"iob":0.524,"basaliob":-0.615,"bolussnooze":0.1833,"activity":0.0096,"lastBolusTime":1704046480000,"time":"2023-12-31T19:42:21.925Z"}},{"iob":0.814,"basaliob":-0.252,"bolussnooze":0.1567,"activity":0.011,"lastBolusTime":1704046480000,"time":"2023-12-31T19:47:21.925Z","iobWithZeroTemp":{"iob":0.444,"basaliob":-0.622,"bolussnooze":0.1567,"activity":0.0088,"lastBolusTime":1704046480000,"time":"2023-12-31T19:47:21.925Z"}},{"iob":0.761,"basaliob":-0.236,"bolussnooze":0.1336,"activity":0.0104,"lastBolusTime":1704046480000,"time":"2023-12-31T19:52:21.925Z","iobWithZeroTemp":{"iob":0.37,"basaliob":-0.627,"bolussnooze":0.1336,"activity":0.008,"lastBolusTime":1704046480000,"time":"2023-12-31T19:52:21.925Z"}},{"iob":0.71,"basaliob":-0.221,"bolussnooze":0.1136,"activity":0.0099,"lastBolusTime":1704046480000,"time":"2023-12-31T19:57:21.925Z","iobWithZeroTemp":{"iob":0.298,"basaliob":-0.633,"bolussnooze":0.1136,"activity":0.0072,"lastBolusTime":1704046480000,"time":"2023-12-31T19:57:21.925Z"}},{"iob":0.662,"basaliob":-0.206,"bolussnooze":0.0963,"activity":0.0093,"lastBolusTime":1704046480000,"time":"2023-12-31T20:02:21.925Z","iobWithZeroTemp":{"iob":0.231,"basaliob":-0.637,"bolussnooze":0.0963,"activity":0.0064,"lastBolusTime":1704046480000,"time":"2023-12-31T20:02:21.925Z"}},{"iob":0.616,"basaliob":-0.193,"bolussnooze":0.0814,"activity":0.0088,"lastBolusTime":1704046480000,"time":"2023-12-31T20:07:21.925Z","iobWithZeroTemp":{"iob":0.166,"basaliob":-0.643,"bolussnooze":0.0814,"activity":0.0057,"lastBolusTime":1704046480000,"time":"2023-12-31T20:07:21.925Z"}},{"iob":0.574,"basaliob":-0.18,"bolussnooze":0.0686,"activity":0.0083,"lastBolusTime":1704046480000,"time":"2023-12-31T20:12:21.925Z","iobWithZeroTemp":{"iob":0.107,"basaliob":-0.647,"bolussnooze":0.0686,"activity":0.005,"lastBolusTime":1704046480000,"time":"2023-12-31T20:12:21.925Z"}},{"iob":0.533,"basaliob":-0.168,"bolussnooze":0.0576,"activity":0.0078,"lastBolusTime":1704046480000,"time":"2023-12-31T20:17:21.925Z","iobWithZeroTemp":{"iob":0.049,"basaliob":-0.652,"bolussnooze":0.0576,"activity":0.0043,"lastBolusTime":1704046480000,"time":"2023-12-31T20:17:21.925Z"}},{"iob":0.496,"basaliob":-0.156,"bolussnooze":0.0483,"activity":0.0074,"lastBolusTime":1704046480000,"time":"2023-12-31T20:22:21.925Z","iobWithZeroTemp":{"iob":-0.003,"basaliob":-0.655,"bolussnooze":0.0483,"activity":0.0037,"lastBolusTime":1704046480000,"time":"2023-12-31T20:22:21.925Z"}},{"iob":0.461,"basaliob":-0.145,"bolussnooze":0.0403,"activity":0.0069,"lastBolusTime":1704046480000,"time":"2023-12-31T20:27:21.925Z","iobWithZeroTemp":{"iob":-0.053,"basaliob":-0.659,"bolussnooze":0.0403,"activity":0.003,"lastBolusTime":1704046480000,"time":"2023-12-31T20:27:21.925Z"}},{"iob":0.427,"basaliob":-0.135,"bolussnooze":0.0336,"activity":0.0064,"lastBolusTime":1704046480000,"time":"2023-12-31T20:32:21.925Z","iobWithZeroTemp":{"iob":-0.1,"basaliob":-0.662,"bolussnooze":0.0336,"activity":0.0024,"lastBolusTime":1704046480000,"time":"2023-12-31T20:32:21.925Z"}},{"iob":0.396,"basaliob":-0.126,"bolussnooze":0.0278,"activity":0.006,"lastBolusTime":1704046480000,"time":"2023-12-31T20:37:21.925Z","iobWithZeroTemp":{"iob":-0.144,"basaliob":-0.666,"bolussnooze":0.0278,"activity":0.0018,"lastBolusTime":1704046480000,"time":"2023-12-31T20:37:21.925Z"}},{"iob":0.367,"basaliob":-0.117,"bolussnooze":0.023,"activity":0.0057,"lastBolusTime":1704046480000,"time":"2023-12-31T20:42:21.925Z","iobWithZeroTemp":{"iob":-0.185,"basaliob":-0.669,"bolussnooze":0.023,"activity":0.0014,"lastBolusTime":1704046480000,"time":"2023-12-31T20:42:21.925Z"}},{"iob":0.34,"basaliob":-0.108,"bolussnooze":0.0189,"activity":0.0053,"lastBolusTime":1704046480000,"time":"2023-12-31T20:47:21.925Z","iobWithZeroTemp":{"iob":-0.223,"basaliob":-0.671,"bolussnooze":0.0189,"activity":8.0E-4,"lastBolusTime":1704046480000,"time":"2023-12-31T20:47:21.925Z"}},{"iob":0.314,"basaliob":-0.1,"bolussnooze":0.0155,"activity":0.0049,"lastBolusTime":1704046480000,"time":"2023-12-31T20:52:21.925Z","iobWithZeroTemp":{"iob":-0.26,"basaliob":-0.674,"bolussnooze":0.0155,"activity":3.0E-4,"lastBolusTime":1704046480000,"time":"2023-12-31T20:52:21.925Z"}},{"iob":0.29,"basaliob":-0.093,"bolussnooze":0.0127,"activity":0.0046,"lastBolusTime":1704046480000,"time":"2023-12-31T20:57:21.925Z","iobWithZeroTemp":{"iob":-0.294,"basaliob":-0.677,"bolussnooze":0.0127,"activity":-2.0E-4,"lastBolusTime":1704046480000,"time":"2023-12-31T20:57:21.925Z"}},{"iob":0.268,"basaliob":-0.086,"bolussnooze":0.0103,"activity":0.0043,"lastBolusTime":1704046480000,"time":"2023-12-31T21:02:21.925Z","iobWithZeroTemp":{"iob":-0.325,"basaliob":-0.679,"bolussnooze":0.0103,"activity":-6.0E-4,"lastBolusTime":1704046480000,"time":"2023-12-31T21:02:21.925Z"}},{"iob":0.247,"basaliob":-0.08,"bolussnooze":0.0083,"activity":0.004,"lastBolusTime":1704046480000,"time":"2023-12-31T21:07:21.925Z","iobWithZeroTemp":{"iob":-0.354,"basaliob":-0.681,"bolussnooze":0.0083,"activity":-0.001,"lastBolusTime":1704046480000,"time":"2023-12-31T21:07:21.925Z"}},{"iob":0.228,"basaliob":-0.074,"bolussnooze":0.0067,"activity":0.0037,"lastBolusTime":1704046480000,"time":"2023-12-31T21:12:21.925Z","iobWithZeroTemp":{"iob":-0.381,"basaliob":-0.683,"bolussnooze":0.0067,"activity":-0.0014,"lastBolusTime":1704046480000,"time":"2023-12-31T21:12:21.925Z"}},{"iob":0.21,"basaliob":-0.068,"bolussnooze":0.0053,"activity":0.0034,"lastBolusTime":1704046480000,"time":"2023-12-31T21:17:21.925Z","iobWithZeroTemp":{"iob":-0.407,"basaliob":-0.685,"bolussnooze":0.0053,"activity":-0.0018,"lastBolusTime":1704046480000,"time":"2023-12-31T21:17:21.925Z"}},{"iob":0.193,"basaliob":-0.063,"bolussnooze":0.0042,"activity":0.0032,"lastBolusTime":1704046480000,"time":"2023-12-31T21:22:21.925Z","iobWithZeroTemp":{"iob":-0.431,"basaliob":-0.687,"bolussnooze":0.0042,"activity":-0.0021,"lastBolusTime":1704046480000,"time":"2023-12-31T21:22:21.925Z"}},{"iob":0.178,"basaliob":-0.058,"bolussnooze":0.0033,"activity":0.003,"lastBolusTime":1704046480000,"time":"2023-12-31T21:27:21.925Z","iobWithZeroTemp":{"iob":-0.452,"basaliob":-0.688,"bolussnooze":0.0033,"activity":-0.0024,"lastBolusTime":1704046480000,"time":"2023-12-31T21:27:21.925Z"}},{"iob":0.164,"basaliob":-0.053,"bolussnooze":0.0026,"activity":0.0027,"lastBolusTime":1704046480000,"time":"2023-12-31T21:32:21.925Z","iobWithZeroTemp":{"iob":-0.472,"basaliob":-0.689,"bolussnooze":0.0026,"activity":-0.0028,"lastBolusTime":1704046480000,"time":"2023-12-31T21:32:21.925Z"}},{"iob":0.151,"basaliob":-0.049,"bolussnooze":0.002,"activity":0.0026,"lastBolusTime":1704046480000,"time":"2023-12-31T21:37:21.925Z","iobWithZeroTemp":{"iob":-0.491,"basaliob":-0.691,"bolussnooze":0.002,"activity":-0.003,"lastBolusTime":1704046480000,"time":"2023-12-31T21:37:21.925Z"}},{"iob":0.139,"basaliob":-0.045,"bolussnooze":0.0015,"activity":0.0023,"lastBolusTime":1704046480000,"time":"2023-12-31T21:42:21.925Z","iobWithZeroTemp":{"iob":-0.508,"basaliob":-0.692,"bolussnooze":0.0015,"activity":-0.0034,"lastBolusTime":1704046480000,"time":"2023-12-31T21:42:21.925Z"}},{"iob":0.128,"basaliob":-0.041,"bolussnooze":0.0012,"activity":0.0022,"lastBolusTime":1704046480000,"time":"2023-12-31T21:47:21.925Z","iobWithZeroTemp":{"iob":-0.523,"basaliob":-0.692,"bolussnooze":0.0012,"activity":-0.0036,"lastBolusTime":1704046480000,"time":"2023-12-31T21:47:21.925Z"}},{"iob":0.117,"basaliob":-0.038,"bolussnooze":9.0E-4,"activity":0.0021,"lastBolusTime":1704046480000,"time":"2023-12-31T21:52:21.925Z","iobWithZeroTemp":{"iob":-0.539,"basaliob":-0.694,"bolussnooze":9.0E-4,"activity":-0.0037,"lastBolusTime":1704046480000,"time":"2023-12-31T21:52:21.925Z"}},{"iob":0.107,"basaliob":-0.035,"bolussnooze":6.0E-4,"activity":0.0019,"lastBolusTime":1704046480000,"time":"2023-12-31T21:57:21.925Z","iobWithZeroTemp":{"iob":-0.553,"basaliob":-0.695,"bolussnooze":6.0E-4,"activity":-0.004,"lastBolusTime":1704046480000,"time":"2023-12-31T21:57:21.925Z"}},{"iob":0.098,"basaliob":-0.032,"bolussnooze":5.0E-4,"activity":0.0017,"lastBolusTime":1704046480000,"time":"2023-12-31T22:02:21.925Z","iobWithZeroTemp":{"iob":-0.566,"basaliob":-0.696,"bolussnooze":5.0E-4,"activity":-0.0042,"lastBolusTime":1704046480000,"time":"2023-12-31T22:02:21.925Z"}},{"iob":0.09,"basaliob":-0.029,"bolussnooze":3.0E-4,"activity":0.0016,"lastBolusTime":1704046480000,"time":"2023-12-31T22:07:21.925Z","iobWithZeroTemp":{"iob":-0.581,"basaliob":-0.7,"bolussnooze":3.0E-4,"activity":-0.0044,"lastBolusTime":1704046480000,"time":"2023-12-31T22:07:21.925Z"}},{"iob":0.082,"basaliob":-0.027,"bolussnooze":2.0E-4,"activity":0.0014,"lastBolusTime":1704046480000,"time":"2023-12-31T22:12:21.925Z","iobWithZeroTemp":{"iob":-0.597,"basaliob":-0.706,"bolussnooze":2.0E-4,"activity":-0.0047,"lastBolusTime":1704046480000,"time":"2023-12-31T22:12:21.925Z"}},{"iob":0.074,"basaliob":-0.025,"bolussnooze":1.0E-4,"activity":0.0014,"lastBolusTime":1704046480000,"time":"2023-12-31T22:17:21.925Z","iobWithZeroTemp":{"iob":-0.612,"basaliob":-0.711,"bolussnooze":1.0E-4,"activity":-0.0047,"lastBolusTime":1704046480000,"time":"2023-12-31T22:17:21.925Z"}},{"iob":0.068,"basaliob":-0.023,"bolussnooze":1.0E-4,"activity":0.0013,"lastBolusTime":1704046480000,"time":"2023-12-31T22:22:21.925Z","iobWithZeroTemp":{"iob":-0.624,"basaliob":-0.715,"bolussnooze":1.0E-4,"activity":-0.0049,"lastBolusTime":1704046480000,"time":"2023-12-31T22:22:21.925Z"}},{"iob":0.062,"basaliob":-0.021,"bolussnooze":0,"activity":0.0011,"lastBolusTime":1704046480000,"time":"2023-12-31T22:27:21.925Z","iobWithZeroTemp":{"iob":-0.64,"basaliob":-0.723,"bolussnooze":0,"activity":-0.0052,"lastBolusTime":1704046480000,"time":"2023-12-31T22:27:21.925Z"}},{"iob":0.057,"basaliob":-0.019,"bolussnooze":0,"activity":0.0011,"lastBolusTime":1704046480000,"time":"2023-12-31T22:32:21.925Z","iobWithZeroTemp":{"iob":-0.651,"basaliob":-0.727,"bolussnooze":0,"activity":-0.0052,"lastBolusTime":1704046480000,"time":"2023-12-31T22:32:21.925Z"}},{"iob":0.052,"basaliob":-0.017,"bolussnooze":0,"activity":0.001,"lastBolusTime":1704046480000,"time":"2023-12-31T22:37:21.925Z","iobWithZeroTemp":{"iob":-0.662,"basaliob":-0.731,"bolussnooze":0,"activity":-0.0054,"lastBolusTime":1704046480000,"time":"2023-12-31T22:37:21.925Z"}}],"profile":{"max_iob":7,"type":"current","max_daily_basal":0.45,"max_basal":1.35,"min_bg":81.0000000000001,"max_bg":81.0000000000001,"target_bg":81.0000000000001,"carb_ratio":11,"sens":352.8,"max_daily_safety_multiplier":3,"current_basal_safety_multiplier":4,"lgsThreshold":65,"high_temptarget_raises_sensitivity":false,"low_temptarget_lowers_sensitivity":false,"sensitivity_raises_target":true,"resistance_lowers_target":true,"adv_target_adjustments":false,"exercise_mode":false,"half_basal_exercise_target":160,"maxCOB":120,"skip_neutral_temps":false,"remainingCarbsCap":90,"enableUAM":true,"A52_risk_enable":false,"SMBInterval":4,"enableSMB_with_COB":true,"enableSMB_with_temptarget":false,"allowSMB_with_high_temptarget":true,"enableSMB_always":true,"enableSMB_after_carbs":false,"maxSMBBasalMinutes":60,"maxUAMSMBBasalMinutes":60,"bolus_increment":0.05,"carbsReqThreshold":10,"current_basal":0.4,"temptargetSet":true,"autosens_max":1.2,"autosens_min":0.8,"out_units":"mmol\/L","variable_sens":167.4,"insulinDivisor":65,"TDD":8.755690875},"autosens_data":{"ratio":0.7074122575281553},"meal_data":{"carbs":55,"mealCOB":35.188900226757376,"slopeFromMaxDeviation":-1.6788000000000003,"slopeFromMinDeviation":1.7331000000000003,"lastBolusTime":1704046480000,"lastCarbTime":1704046399000},"microBolusAllowed":true,"currentTime":1704048145092,"flatBGsDetected":false,"tdd1D":21.139583333333334,"tdd7D":25.145285714285723,"tddLast24H":17.788083333333336,"tddLast4H":5.2333333333333325,"tddLast8to4H":3.7666666666666675},"output":{"temp":"absolute","bg":157,"tick":"+7","eventualBG":375,"targetBG":81.0000000000001,"insulinReq":0,"deliverAt":"2023-12-31T18:42:25.092Z","sensitivityRatio":0.7074122575281553,"variable_sens":167.4,"predBGs":{"IOB":[157,160,161,161,160,158,154,149,143,135,126,115,103,91,78,64,49,39],"ZT":[157,142,127,110,93,75,54,39,39,39,39,39,39,39,39,39,39,39,39,39,39,39,39,39,39,39,39,39,39,39,39,39,39,39,39,39,39,39,39,39,39,39,39,39,39,39,39,39],"COB":[157,161,165,168,172,176,180,184,188,192,196,201,206,211,216,221,226,232,238,243,249,255,261,266,272,278,284,290,296,301,307,312,317,323,328,333,337,342,346,350,354,358,361,365,367,370,373,375],"UAM":[157,160,161,161,159,156,152,146,139,131,120,108,96,82,69,54,39]},"reason":"COB: 35.2, Dev: 6.4, BGI: -0.8, ISF: 9.3, CR: 11, Target: 4.5, minPredBG 8.6, minGuardBG 0.9, IOBpredBG 2.2, COBpredBG 20.8, UAMpredBG 2.2; minGuardBG 0.9<3.6","COB":35.188900226757376,"IOB":1.775,"duration":60,"rate":0,"timestamp":"2023-12-31T18:42:25.117Z"}}