{"algorithm":"OpenAPSSMBDynamicISFPlugin","input":{"glucoseStatus":{"glucose":142,"noise":0,"delta":14,"short_avgdelta":17.33,"long_avgdelta":4.17,"date":1704054120913},"currenttemp":{"temp":"absolute","duration":10,"rate":1.32,"minutesrunning":5},"iob_data":[{"iob":2.195,"basaliob":-0.549,"bolussnooze":0.5288,"activity":0.0268,"lastBolusTime":1704049849000,"time":"2023-12-31T20:22:29.393Z","iobWithZeroTemp":{"iob":2.195,"basaliob":-0.549,"bolussnooze":0.5288,"activity":0.0268,"lastBolusTime":1704049849000,"time":"2023-12-31T20:22:29.393Z"}},{"iob":2.064,"basaliob":-0.52,"bolussnooze":0.4565,"activity":0.0257,"lastBolusTime":1704049849000,"time":"2023-12-31T20:27:29.393Z","iobWithZeroTemp":{"iob":2.037,"basaliob":-0.547,"bolussnooze":0.4565,"activity":0.0257,"lastBolusTime":1704049849000,"time":"2023-12-31T20:27:29.393Z"}},{"iob":1.939,"basaliob":-0.491,"bolussnooze":0.3929,"activity":0.0246,"lastBolusTime":1704049849000,"time":"2023-12-31T20:32:29.393Z","iobWithZeroTemp":{"iob":1.879,"basaliob":-0.551,"bolussnooze":0.3929,"activity":0.0245,"lastBolusTime":1704049849000,"time":"2023-12-31T20:32:29.393Z"}},{"iob":1.818,"basaliob":-0.464,"bolussnooze":0.3371,"activity":0.0235,"lastBolusTime":1704049849000,"time":"2023-12-31T20:37:29.393Z","iobWithZeroTemp":{"iob":1.726,"basaliob":-0.556,"bolussnooze":0.3371,"activity":0.0233,"lastBolusTime":1704049849000,"time":"2023-12-31T20:37:29.393Z"}},{"iob":1.704,"basaliob":-0.437,"bolussnooze":0.2884,"activity":0.0224,"lastBolusTime":1704049849000,"time":"2023-12-31T20:42:29.393Z","iobWithZeroTemp":{"iob":1.579,"basaliob":-0.562,"bolussnooze":0.2884,"activity":0.0221,"lastBolusTime":1704049849000,"time":"2023-12-31T20:42:29.393Z"}},{"iob":1.594,"basaliob":-0.412,"bolussnooze":0.246,"activity":0.0213,"lastBolusTime":1704049849000,"time":"2023-12-31T20:47:29.393Z","iobWithZeroTemp":{"iob":1.438,"basaliob":-0.568,"bolussnooze":0.246,"activity":0.0208,"lastBolusTime":1704049849000,"time":"2023-12-31T20:47:29.393Z"}},{"iob":1.491,"basaliob":-0.387,"bolussnooze":0.2093,"activity":0.0202,"lastBolusTime":1704049849000,"time":"2023-12-31T20:52:29.393Z","iobWithZeroTemp":{"iob":1.305,"basaliob":-0.573,"bolussnooze":0.2093,"activity":0.0195,"lastBolusTime":1704049849000,"time":"2023-12-31T20:52:29.393Z"}},{"iob":1.393,"basaliob":-0.364,"bolussnooze":0.1775,"activity":0.0191,"lastBolusTime":1704049849000,"time":"2023-12-31T20:57:29.393Z","iobWithZeroTemp":{"iob":1.177,"basaliob":-0.58,"bolussnooze":0.1775,"activity":0.0182,"lastBolusTime":1704049849000,"time":"2023-12-31T20:57:29.393Z"}},{"iob":1.3,"basaliob":-0.341,"bolussnooze":0.1502,"activity":0.0181,"lastBolusTime":1704049849000,"time":"2023-12-31T21:02:29.393Z","iobWithZeroTemp":{"iob":1.056,"basaliob":-0.585,"bolussnooze":0.1502,"activity":0.017,"lastBolusTime":1704049849000,"time":"2023-12-31T21:02:29.393Z"}},{"iob":1.212,"basaliob":-0.32,"bolussnooze":0.1266,"activity":0.0171,"lastBolusTime":1704049849000,"time":"2023-12-31T21:07:29.393Z","iobWithZeroTemp":{"iob":0.94,"basaliob":-0.592,"bolussnooze":0.1266,"activity":0.0158,"lastBolusTime":1704049849000,"time":"2023-12-31T21:07:29.393Z"}},{"iob":1.13,"basaliob":-0.299,"bolussnooze":0.1065,"activity":0.0161,"lastBolusTime":1704049849000,"time":"2023-12-31T21:12:29.393Z","iobWithZeroTemp":{"iob":0.832,"basaliob":-0.597,"bolussnooze":0.1065,"activity":0.0146,"lastBolusTime":1704049849000,"time":"2023-12-31T21:12:29.393Z"}},{"iob":1.051,"basaliob":-0.28,"bolussnooze":0.0893,"activity":0.0151,"lastBolusTime":1704049849000,"time":"2023-12-31T21:17:29.393Z","iobWithZeroTemp":{"iob":0.728,"basaliob":-0.603,"bolussnooze":0.0893,"activity":0.0133,"lastBolusTime":1704049849000,"time":"2023-12-31T21:17:29.393Z"}},{"iob":0.977,"basaliob":-0.262,"bolussnooze":0.0746,"activity":0.0142,"lastBolusTime":1704049849000,"time":"2023-12-31T21:22:29.393Z","iobWithZeroTemp":{"iob":0.63,"basaliob":-0.609,"bolussnooze":0.0746,"activity":0.0122,"lastBolusTime":1704049849000,"time":"2023-12-31T21:22:29.393Z"}},{"iob":0.909,"basaliob":-0.244,"bolussnooze":0.0622,"activity":0.0134,"lastBolusTime":1704049849000,"time":"2023-12-31T21:27:29.393Z","iobWithZeroTemp":{"iob":0.539,"basaliob":-0.614,"bolussnooze":0.0622,"activity":0.0112,"lastBolusTime":1704049849000,"time":"2023-12-31T21:27:29.393Z"}},{"iob":0.843,"basaliob":-0.228,"bolussnooze":0.0517,"activity":0.0126,"lastBolusTime":1704049849000,"time":"2023-12-31T21:32:29.393Z","iobWithZeroTemp":{"iob":0.452,"basaliob":-0.619,"bolussnooze":0.0517,"activity":0.0102,"lastBolusTime":1704049849000,"time":"2023-12-31T21:32:29.393Z"}},{"iob":0.783,"basaliob":-0.212,"bolussnooze":0.0428,"activity":0.0118,"lastBolusTime":1704049849000,"time":"2023-12-31T21:37:29.393Z","iobWithZeroTemp":{"iob":0.371,"basaliob":-0.624,"bolussnooze":0.0428,"activity":0.0091,"lastBolusTime":1704049849000,"time":"2023-12-31T21:37:29.393Z"}},{"iob":0.726,"basaliob":-0.197,"bolussnooze":0.0353,"activity":0.0111,"lastBolusTime":1704049849000,"time":"2023-12-31T21:42:29.393Z","iobWithZeroTemp":{"iob":0.295,"basaliob":-0.628,"bolussnooze":0.0353,"activity":0.0082,"lastBolusTime":1704049849000,"time":"2023-12-31T21:42:29.393Z"}},{"iob":0.672,"basaliob":-0.184,"bolussnooze":0.029,"activity":0.0103,"lastBolusTime":1704049849000,"time":"2023-12-31T21:47:29.393Z","iobWithZeroTemp":{"iob":0.222,"basaliob":-0.634,"bolussnooze":0.029,"activity":0.0072,"lastBolusTime":1704049849000,"time":"2023-12-31T21:47:29.393Z"}},{"iob":0.622,"basaliob":-0.171,"bolussnooze":0.0237,"activity":0.0097,"lastBolusTime":1704049849000,"time":"2023-12-31T21:52:29.393Z","iobWithZeroTemp":{"iob":0.155,"basaliob":-0.638,"bolussnooze":0.0237,"activity":0.0064,"lastBolusTime":1704049849000,"time":"2023-12-31T21:52:29.393Z"}},{"iob":0.576,"basaliob":-0.158,"bolussnooze":0.0193,"activity":0.009,"lastBolusTime":1704049849000,"time":"2023-12-31T21:57:29.393Z","iobWithZeroTemp":{"iob":0.092,"basaliob":-0.642,"bolussnooze":0.0193,"activity":0.0055,"lastBolusTime":1704049849000,"time":"2023-12-31T21:57:29.393Z"}},{"iob":0.532,"basaliob":-0.147,"bolussnooze":0.0156,"activity":0.0084,"lastBolusTime":1704049849000,"time":"2023-12-31T22:02:29.393Z","iobWithZeroTemp":{"iob":0.029,"basaliob":-0.65,"bolussnooze":0.0156,"activity":0.0047,"lastBolusTime":1704049849000,"time":"2023-12-31T22:02:29.393Z"}},{"iob":0.492,"basaliob":-0.136,"bolussnooze":0.0126,"activity":0.0078,"lastBolusTime":1704049849000,"time":"2023-12-31T22:07:29.393Z","iobWithZeroTemp":{"iob":-0.03,"basaliob":-0.658,"bolussnooze":0.0126,"activity":0.0039,"lastBolusTime":1704049849000,"time":"2023-12-31T22:07:29.393Z"}},{"iob":0.454,"basaliob":-0.126,"bolussnooze":0.0101,"activity":0.0073,"lastBolusTime":1704049849000,"time":"2023-12-31T22:12:29.393Z","iobWithZeroTemp":{"iob":-0.086,"basaliob":-0.666,"bolussnooze":0.0101,"activity":0.0032,"lastBolusTime":1704049849000,"time":"2023-12-31T22:12:29.393Z"}},{"iob":0.418,"basaliob":-0.117,"bolussnooze":0.008,"activity":0.0068,"lastBolusTime":1704049849000,"time":"2023-12-31T22:17:29.393Z","iobWithZeroTemp":{"iob":-0.138,"basaliob":-0.673,"bolussnooze":0.008,"activity":0.0026,"lastBolusTime":1704049849000,"time":"2023-12-31T22:17:29.393Z"}},{"iob":0.386,"basaliob":-0.108,"bolussnooze":0.0064,"activity":0.0063,"lastBolusTime":1704049849000,"time":"2023-12-31T22:22:29.393Z","iobWithZeroTemp":{"iob":-0.186,"basaliob":-0.68,"bolussnooze":0.0064,"activity":0.0019,"lastBolusTime":1704049849000,"time":"2023-12-31T22:22:29.393Z"}},{"iob":0.355,"basaliob":-0.1,"bolussnooze":0.005,"activity":0.0058,"lastBolusTime":1704049849000,"time":"2023-12-31T22:27:29.393Z","iobWithZeroTemp":{"iob":-0.232,"basaliob":-0.687,"bolussnooze":0.005,"activity":0.0012,"lastBolusTime":1704049849000,"time":"2023-12-31T22:27:29.393Z"}},{"iob":0.327,"basaliob":-0.092,"bolussnooze":0.0039,"activity":0.0054,"lastBolusTime":1704049849000,"time":"2023-12-31T22:32:29.393Z","iobWithZeroTemp":{"iob":-0.274,"basaliob":-0.693,"bolussnooze":0.0039,"activity":6.0E-4,"lastBolusTime":1704049849000,"time":"2023-12-31T22:32:29.393Z"}},{"iob":0.301,"basaliob":-0.085,"bolussnooze":0.003,"activity":0.005,"lastBolusTime":1704049849000,"time":"2023-12-31T22:37:29.393Z","iobWithZeroTemp":{"iob":-0.314,"basaliob":-0.7,"bolussnooze":0.003,"activity":1.0E-4,"lastBolusTime":1704049849000,"time":"2023-12-31T22:37:29.393Z"}},{"iob":0.276,"basaliob":-0.079,"bolussnooze":0.0023,"activity":0.0047,"lastBolusTime":1704049849000,"time":"2023-12-31T22:42:29.393Z","iobWithZeroTemp":{"iob":-0.351,"basaliob":-0.706,"bolussnooze":0.0023,"activity":-4.0E-4,"lastBolusTime":1704049849000,"time":"2023-12-31T22:42:29.393Z"}},{"iob":0.255,"basaliob":-0.072,"bolussnooze":0.0017,"activity":0.0043,"lastBolusTime":1704049849000,"time":"2023-12-31T22:47:29.393Z","iobWithZeroTemp":{"iob":-0.384,"basaliob":-0.711,"bolussnooze":0.0017,"activity":-9.0E-4,"lastBolusTime":1704049849000,"time":"2023-12-31T22:47:29.393Z"}},{"iob":0.233,"basaliob":-0.067,"bolussnooze":0.0013,"activity":0.004,"lastBolusTime":1704049849000,"time":"2023-12-31T22:52:29.393Z","iobWithZeroTemp":{"iob":-0.417,"basaliob":-0.717,"bolussnooze":0.0013,"activity":-0.0014,"lastBolusTime":1704049849000,"time":"2023-12-31T22:52:29.393Z"}},{"iob":0.214,"basaliob":-0.061,"bolussnooze":9.0E-4,"activity":0.0037,"lastBolusTime":1704049849000,"time":"2023-12-31T22:57:29.393Z","iobWithZeroTemp":{"iob":-0.446,"basaliob":-0.721,"bolussnooze":9.0E-4,"activity":-0.0018,"lastBolusTime":1704049849000,"time":"2023-12-31T22:57:29.393Z"}},{"iob":0.196,"basaliob":-0.057,"bolussnooze":6.0E-4,"activity":0.0035,"lastBolusTime":1704049849000,"time":"2023-12-31T23:02:29.393Z","iobWithZeroTemp":{"iob":-0.474,"basaliob":-0.727,"bolussnooze":6.0E-4,"activity":-0.0021,"lastBolusTime":1704049849000,"time":"2023-12-31T23:02:29.393Z"}},{"iob":0.179,"basaliob":-0.052,"bolussnooze":4.0E-4,"activity":0.0031,"lastBolusTime":1704049849000,"time":"2023-12-31T23:07:29.393Z","iobWithZeroTemp":{"iob":-0.5,"basaliob":-0.731,"bolussnooze":4.0E-4,"activity":-0.0026,"lastBolusTime":1704049849000,"time":"2023-12-31T23:07:29.393Z"}},{"iob":0.164,"basaliob":-0.048,"bolussnooze":3.0E-4,"activity":0.0029,"lastBolusTime":1704049849000,"time":"2023-12-31T23:12:29.393Z","iobWithZeroTemp":{"iob":-0.524,"basaliob":-0.736,"bolussnooze":3.0E-4,"activity":-0.003,"lastBolusTime":1704049849000,"time":"2023-12-31T23:12:29.393Z"}},{"iob":0.15,"basaliob":-0.044,"bolussnooze":2.0E-4,"activity":0.0027,"lastBolusTime":1704049849000,"time":"2023-12-31T23:17:29.393Z","iobWithZeroTemp":{"iob":-0.546,"basaliob":-0.74,"bolussnooze":2.0E-4,"activity":-0.0033,"lastBolusTime":1704049849000,"time":"2023-12-31T23:17:29.393Z"}},{"iob":0.137,"basaliob":-0.04,"bolussnooze":1.0E-4,"activity":0.0025,"lastBolusTime":1704049849000,"time":"2023-12-31T23:22:29.393Z","iobWithZeroTemp":{"iob":-0.566,"basaliob":-0.743,"bolussnooze":1.0E-4,"activity":-0.0036,"lastBolusTime":1704049849000,"time":"2023-12-31T23:22:29.393Z"}},{"iob":0.125,"basaliob":-0.037,"bolussnooze":0,"activity":0.0023,"lastBolusTime":1704049849000,"time":"2023-12-31T23:27:29.393Z","iobWithZeroTemp":{"iob":-0.585,"basaliob":-0.747,"bolussnooze":0,"activity":-0.0039,"lastBolusTime":1704049849000,"time":"2023-12-31T23:27:29.393Z"}},{"iob":0.114,"basaliob":-0.034,"bolussnooze":0,"activity":0.0021,"lastBolusTime":1704049849000,"time":"2023-12-31T23:32:29.393Z","iobWithZeroTemp":{"iob":-0.602,"basaliob":-0.75,"bolussnooze":0,"activity":-0.0042,"lastBolusTime":1704049849000,"time":"2023-12-31T23:32:29.393Z"}},{"iob":0.104,"basaliob":-0.031,"bolussnooze":0,"activity":0.002,"lastBolusTime":1704049849000,"time":"2023-12-31T23:37:29.393Z","iobWithZeroTemp":{"iob":-0.618,"basaliob":-0.753,"bolussnooze":0,"activity":-0.0043,"lastBolusTime":1704049849000,"time":"2023-12-31T23:37:29.393Z"}},{"iob":0.095,"basaliob":-0.028,"bolussnooze":0,"activity":0.0018,"lastBolusTime":1704049849000,"time":"2023-12-31T23:42:29.393Z","iobWithZeroTemp":{"iob":-0.633,"basaliob":-0.756,"bolussnooze":0,"activity":-0.0046,"lastBolusTime":1704049849000,"time":"2023-12-31T23:42:29.393Z"}},{"iob":0.086,"basaliob":-0.026,"bolussnooze":0,"activity":0.0016,"lastBolusTime":1704049849000,"time":"2023-12-31T23:47:29.393Z","iobWithZeroTemp":{"iob":-0.647,"basaliob":-0.759,"bolussnooze":0,"activity":-0.0049,"lastBolusTime":1704049849000,"time":"2023-12-31T23:47:29.393Z"}},{"iob":0.078,"basaliob":-0.024,"bolussnooze":0,"activity":0.0015,"lastBolusTime":1704049849000,"time":"2023-12-31T23:52:29.393Z","iobWithZeroTemp":{"iob":-0.66,"basaliob":-0.762,"bolussnooze":0,"activity":-0.0051,"lastBolusTime":1704049849000,"time":"2023-12-31T23:52:29.393Z"}},{"iob":0.072,"basaliob":-0.021,"bolussnooze":0,"activity":0.0014,"lastBolusTime":1704049849000,"time":"2023-12-31T23:57:29.393Z","iobWithZeroTemp":{"iob":-0.67,"basaliob":-0.763,"bolussnooze":0,"activity":-0.0052,"lastBolusTime":1704049849000,"time":"2023-12-31T23:57:29.393Z"}},{"iob":0.064,"basaliob":-0.02,"bolussnooze":0,"activity":0.0012,"lastBolusTime":1704049849000,"time":"2024-01-01T00:02:29.393Z","iobWithZeroTemp":{"iob":-0.674,"basaliob":-0.758,"bolussnooze":0,"activity":-0.0055,"lastBolusTime":1704049849000,"time":"2024-01-01T00:02:29.393Z"}},{"iob":0.058,"basaliob":-0.018,"bolussnooze":0,"activity":0.0012,"lastBolusTime":1704049849000,"time":"2024-01-01T00:07:29.393Z","iobWithZeroTemp":{"iob":-0.676,"basaliob":-0.752,"bolussnooze":0,"activity":-0.0055,"lastBolusTime":1704049849000,"time":"2024-01-01T00:07:29.393Z"}},{"iob":0.053,"basaliob":-0.016,"bolussnooze":0,"activity":0.0011,"lastBolusTime":1704049849000,"time":"2024-01-01T00:12:29.393Z","iobWithZeroTemp":{"iob":-0.676,"basaliob":-0.745,"bolussnooze":0,"activity":-0.0057,"lastBolusTime":1704049849000,"time":"2024-01-01T00:12:29.393Z"}},{"iob":0.048,"basaliob":-0.015,"bolussnooze":0,"activity":0.001,"lastBolusTime":1704049849000,"time":"2024-01-01T00:17:29.393Z","iobWithZeroTemp":{"iob":-0.677,"basaliob":-0.74,"bolussnooze":0,"activity":-0.0058,"lastBolusTime":1704049849000,"time":"2024-01-01T00:17:29.393Z"}}],"profile":{"max_iob":7,"type":"current","max_daily_basal":0.45,"max_basal":1.35,"min_bg":81.0000000000001,"max_bg":81.0000000000001,"target_bg":81.0000000000001,"carb_ratio":11,"sens":352.8,"max_daily_safety_multiplier":3,"current_basal_safety_multiplier":4,"lgsThreshold":65,"high_temptarget_raises_sensitivity":false,"low_temptarget_lowers_sensitivity":false,"sensitivity_raises_target":true,"resistance_lowers_target":true,"adv_target_adjustments":false,"exercise_mode":false,"half_basal_exercise_target":160,"maxCOB":120,"skip_neutral_temps":false,"remainingCarbsCap":90,"enableUAM":true,"A52_risk_enable":false,"SMBInterval":4,"enableSMB_with_COB":true,"enableSMB_with_temptarget":false,"allowSMB_with_high_temptarget":true,"enableSMB_always":true,"enableSMB_after_carbs":false,"maxSMBBasalMinutes":60,"maxUAMSMBBasalMinutes":60,"bolus_increment":0.05,"carbsReqThreshold":10,"current_basal":0.4,"temptargetSet":true,"autosens_max":1.2,"autosens_min":0.8,"out_units":"mmol\/L","variable_sens":164.2,"insulinDivisor":65,"TDD":9.465091875},"autosens_data":{"ratio":0.7933130512014938},"meal_data":{"carbs":60,"mealCOB":27.23634126984128,"slopeFromMaxDeviation":0,"slopeFromMinDeviation":4.291857142857143,"lastBolusTime":1704049849000,"lastCarbTime":1704049643000},"microBolusAllowed":true,"currentTime":1704054152522,"flatBGsDetected":false,"tdd1D":21.139583333333334,"tdd7D":25.145285714285723,"tddLast24H":19.94808333333334,"tddLast4H":7.0299999999999985,"tddLast8to4H":2.9866666666666664},"output":{"temp":"absolute","bg":142,"tick":"+14","eventualBG":304,"targetBG":81.0000000000001,"insulinReq":0.52,"deliverAt":"2023-12-31T20:22:32.522Z","sensitivityRatio":0.7933130512014938,"variable_sens":164.2,"predBGs":{"IOB":[142,153,163,171,178,183,186,186,185,181,175,166,155,144,133,122,111,101,90,80,69,58,47,39],"ZT":[142,120,97,71,41,39,39,39,39,39,39,39,39,39,39,39,39,39,39,39,39,39,39,39,39,39,39,39,39,39,39,39,39,39,39,39,39,39,39,39,39,39,39,39,39,39,39,39],"COB":[142,154,166,177,187,197,206,214,222,229,235,240,244,248,251,252,253,253,252,250,246,242,237,231,225,220,215,211,207,203,199,196,193,190,187,185,183,181,179,177,176,174,173,172,170,169,168,167],"UAM":[142,155,168,181,194,208,221,234,247,259,271,282,292,301,310,318,324,330,335,339,342,343,344,343,341,338,335,332,330,327,325,323,321,319,317,316,314,313,312,311,309,309,308,307,306,305,305,304]},"reason":"COB: 27.2, Dev: 12.0, BGI: -1.2, ISF: 9.1, CR: 11, Target: 4.5, minPredBG 9.3, minGuardBG 8.6, IOBpredBG 2.2, COBpredBG 9.3, UAMpredBG 16.9; Eventual BG 16.9 >= 4.5,  insulinReq 0.52; setting 60m low temp of 0U\/h. Microbolusing 0.25U. ","COB":27.23634126984128,"IOB":2.195,"units":0.25,"rate":0,"duration":60,"timestamp":"2023-12-31T20:22:32.547Z"}}