{"algorithm":"OpenAPSSMBDynamicISFPlugin","input":{"glucoseStatus":{"glucose":56,"noise":0,"delta":0,"short_avgdelta":0.11,"long_avgdelta":-2.91,"date":1703996820068},"currenttemp":{"temp":"absolute","duration":15,"rate":0,"minutesrunning":45},"iob_data":[{"iob":-0.188,"basaliob":-0.386,"bolussnooze":0,"activity":-0.001,"lastBolusTime":1703993866000,"time":"2023-12-31T04:27:30.643Z","iobWithZeroTemp":{"iob":-0.188,"basaliob":-0.386,"bolussnooze":0,"activity":-0.001,"lastBolusTime":1703993866000,"time":"2023-12-31T04:27:30.643Z"}},{"iob":-0.182,"basaliob":-0.369,"bolussnooze":0,"activity":-0.0012,"lastBolusTime":1703993866000,"time":"2023-12-31T04:32:30.643Z","iobWithZeroTemp":{"iob":-0.209,"basaliob":-0.396,"bolussnooze":0,"activity":-0.0012,"lastBolusTime":1703993866000,"time":"2023-12-31T04:32:30.643Z"}},{"iob":-0.177,"basaliob":-0.353,"bolussnooze":0,"activity":-0.0012,"lastBolusTime":1703993866000,"time":"2023-12-31T04:37:30.643Z","iobWithZeroTemp":{"iob":-0.237,"basaliob":-0.413,"bolussnooze":0,"activity":-0.0013,"lastBolusTime":1703993866000,"time":"2023-12-31T04:37:30.643Z"}},{"iob":-0.17,"basaliob":-0.336,"bolussnooze":0,"activity":-0.0013,"lastBolusTime":1703993866000,"time":"2023-12-31T04:42:30.643Z","iobWithZeroTemp":{"iob":-0.262,"basaliob":-0.428,"bolussnooze":0,"activity":-0.0015,"lastBolusTime":1703993866000,"time":"2023-12-31T04:42:30.643Z"}},{"iob":-0.164,"basaliob":-0.32,"bolussnooze":0,"activity":-0.0014,"lastBolusTime":1703993866000,"time":"2023-12-31T04:47:30.643Z","iobWithZeroTemp":{"iob":-0.289,"basaliob":-0.445,"bolussnooze":0,"activity":-0.0017,"lastBolusTime":1703993866000,"time":"2023-12-31T04:47:30.643Z"}},{"iob":-0.156,"basaliob":-0.303,"bolussnooze":0,"activity":-0.0014,"lastBolusTime":1703993866000,"time":"2023-12-31T04:52:30.643Z","iobWithZeroTemp":{"iob":-0.312,"basaliob":-0.459,"bolussnooze":0,"activity":-0.0019,"lastBolusTime":1703993866000,"time":"2023-12-31T04:52:30.643Z"}},{"iob":-0.149,"basaliob":-0.287,"bolussnooze":0,"activity":-0.0014,"lastBolusTime":1703993866000,"time":"2023-12-31T04:57:30.643Z","iobWithZeroTemp":{"iob":-0.335,"basaliob":-0.473,"bolussnooze":0,"activity":-0.0021,"lastBolusTime":1703993866000,"time":"2023-12-31T04:57:30.643Z"}},{"iob":-0.143,"basaliob":-0.272,"bolussnooze":0,"activity":-0.0014,"lastBolusTime":1703993866000,"time":"2023-12-31T05:02:30.643Z","iobWithZeroTemp":{"iob":-0.359,"basaliob":-0.488,"bolussnooze":0,"activity":-0.0023,"lastBolusTime":1703993866000,"time":"2023-12-31T05:02:30.643Z"}},{"iob":-0.136,"basaliob":-0.257,"bolussnooze":0,"activity":-0.0014,"lastBolusTime":1703993866000,"time":"2023-12-31T05:07:30.643Z","iobWithZeroTemp":{"iob":-0.38,"basaliob":-0.501,"bolussnooze":0,"activity":-0.0025,"lastBolusTime":1703993866000,"time":"2023-12-31T05:07:30.643Z"}},{"iob":-0.129,"basaliob":-0.242,"bolussnooze":0,"activity":-0.0014,"lastBolusTime":1703993866000,"time":"2023-12-31T05:12:30.643Z","iobWithZeroTemp":{"iob":-0.401,"basaliob":-0.514,"bolussnooze":0,"activity":-0.0027,"lastBolusTime":1703993866000,"time":"2023-12-31T05:12:30.643Z"}},{"iob":-0.122,"basaliob":-0.228,"bolussnooze":0,"activity":-0.0014,"lastBolusTime":1703993866000,"time":"2023-12-31T05:17:30.643Z","iobWithZeroTemp":{"iob":-0.42,"basaliob":-0.526,"bolussnooze":0,"activity":-0.0029,"lastBolusTime":1703993866000,"time":"2023-12-31T05:17:30.643Z"}},{"iob":-0.115,"basaliob":-0.214,"bolussnooze":0,"activity":-0.0013,"lastBolusTime":1703993866000,"time":"2023-12-31T05:22:30.643Z","iobWithZeroTemp":{"iob":-0.438,"basaliob":-0.537,"bolussnooze":0,"activity":-0.0031,"lastBolusTime":1703993866000,"time":"2023-12-31T05:22:30.643Z"}},{"iob":-0.109,"basaliob":-0.201,"bolussnooze":0,"activity":-0.0012,"lastBolusTime":1703993866000,"time":"2023-12-31T05:27:30.643Z","iobWithZeroTemp":{"iob":-0.456,"basaliob":-0.548,"bolussnooze":0,"activity":-0.0032,"lastBolusTime":1703993866000,"time":"2023-12-31T05:27:30.643Z"}},{"iob":-0.103,"basaliob":-0.189,"bolussnooze":0,"activity":-0.0012,"lastBolusTime":1703993866000,"time":"2023-12-31T05:32:30.643Z","iobWithZeroTemp":{"iob":-0.473,"basaliob":-0.559,"bolussnooze":0,"activity":-0.0034,"lastBolusTime":1703993866000,"time":"2023-12-31T05:32:30.643Z"}},{"iob":-0.097,"basaliob":-0.177,"bolussnooze":0,"activity":-0.0012,"lastBolusTime":1703993866000,"time":"2023-12-31T05:37:30.643Z","iobWithZeroTemp":{"iob":-0.488,"basaliob":-0.568,"bolussnooze":0,"activity":-0.0036,"lastBolusTime":1703993866000,"time":"2023-12-31T05:37:30.643Z"}},{"iob":-0.092,"basaliob":-0.166,"bolussnooze":0,"activity":-0.0011,"lastBolusTime":1703993866000,"time":"2023-12-31T05:42:30.643Z","iobWithZeroTemp":{"iob":-0.504,"basaliob":-0.578,"bolussnooze":0,"activity":-0.0038,"lastBolusTime":1703993866000,"time":"2023-12-31T05:42:30.643Z"}},{"iob":-0.086,"basaliob":-0.155,"bolussnooze":0,"activity":-0.0011,"lastBolusTime":1703993866000,"time":"2023-12-31T05:47:30.643Z","iobWithZeroTemp":{"iob":-0.517,"basaliob":-0.586,"bolussnooze":0,"activity":-0.004,"lastBolusTime":1703993866000,"time":"2023-12-31T05:47:30.643Z"}},{"iob":-0.081,"basaliob":-0.145,"bolussnooze":0,"activity":-0.001,"lastBolusTime":1703993866000,"time":"2023-12-31T05:52:30.643Z","iobWithZeroTemp":{"iob":-0.531,"basaliob":-0.595,"bolussnooze":0,"activity":-0.0041,"lastBolusTime":1703993866000,"time":"2023-12-31T05:52:30.643Z"}},{"iob":-0.075,"basaliob":-0.135,"bolussnooze":0,"activity":-0.001,"lastBolusTime":1703993866000,"time":"2023-12-31T05:57:30.643Z","iobWithZeroTemp":{"iob":-0.542,"basaliob":-0.602,"bolussnooze":0,"activity":-0.0043,"lastBolusTime":1703993866000,"time":"2023-12-31T05:57:30.643Z"}},{"iob":-0.071,"basaliob":-0.126,"bolussnooze":0,"activity":-0.001,"lastBolusTime":1703993866000,"time":"2023-12-31T06:02:30.643Z","iobWithZeroTemp":{"iob":-0.555,"basaliob":-0.61,"bolussnooze":0,"activity":-0.0045,"lastBolusTime":1703993866000,"time":"2023-12-31T06:02:30.643Z"}},{"iob":-0.066,"basaliob":-0.117,"bolussnooze":0,"activity":-9.0E-4,"lastBolusTime":1703993866000,"time":"2023-12-31T06:07:30.643Z","iobWithZeroTemp":{"iob":-0.565,"basaliob":-0.616,"bolussnooze":0,"activity":-0.0046,"lastBolusTime":1703993866000,"time":"2023-12-31T06:07:30.643Z"}},{"iob":-0.062,"basaliob":-0.109,"bolussnooze":0,"activity":-9.0E-4,"lastBolusTime":1703993866000,"time":"2023-12-31T06:12:30.643Z","iobWithZeroTemp":{"iob":-0.576,"basaliob":-0.623,"bolussnooze":0,"activity":-0.0048,"lastBolusTime":1703993866000,"time":"2023-12-31T06:12:30.643Z"}},{"iob":-0.058,"basaliob":-0.102,"bolussnooze":0,"activity":-8.0E-4,"lastBolusTime":1703993866000,"time":"2023-12-31T06:17:30.643Z","iobWithZeroTemp":{"iob":-0.585,"basaliob":-0.629,"bolussnooze":0,"activity":-0.0048,"lastBolusTime":1703993866000,"time":"2023-12-31T06:17:30.643Z"}},{"iob":-0.053,"basaliob":-0.094,"bolussnooze":0,"activity":-8.0E-4,"lastBolusTime":1703993866000,"time":"2023-12-31T06:22:30.643Z","iobWithZeroTemp":{"iob":-0.593,"basaliob":-0.634,"bolussnooze":0,"activity":-0.005,"lastBolusTime":1703993866000,"time":"2023-12-31T06:22:30.643Z"}},{"iob":-0.051,"basaliob":-0.088,"bolussnooze":0,"activity":-7.0E-4,"lastBolusTime":1703993866000,"time":"2023-12-31T06:27:30.643Z","iobWithZeroTemp":{"iob":-0.603,"basaliob":-0.64,"bolussnooze":0,"activity":-0.005,"lastBolusTime":1703993866000,"time":"2023-12-31T06:27:30.643Z"}},{"iob":-0.046,"basaliob":-0.081,"bolussnooze":0,"activity":-6.0E-4,"lastBolusTime":1703993866000,"time":"2023-12-31T06:32:30.643Z","iobWithZeroTemp":{"iob":-0.609,"basaliob":-0.644,"bolussnooze":0,"activity":-0.0051,"lastBolusTime":1703993866000,"time":"2023-12-31T06:32:30.643Z"}},{"iob":-0.043,"basaliob":-0.075,"bolussnooze":0,"activity":-6.0E-4,"lastBolusTime":1703993866000,"time":"2023-12-31T06:37:30.643Z","iobWithZeroTemp":{"iob":-0.617,"basaliob":-0.649,"bolussnooze":0,"activity":-0.0052,"lastBolusTime":1703993866000,"time":"2023-12-31T06:37:30.643Z"}},{"iob":-0.041,"basaliob":-0.07,"bolussnooze":0,"activity":-6.0E-4,"lastBolusTime":1703993866000,"time":"2023-12-31T06:42:30.643Z","iobWithZeroTemp":{"iob":-0.625,"basaliob":-0.654,"bolussnooze":0,"activity":-0.0054,"lastBolusTime":1703993866000,"time":"2023-12-31T06:42:30.643Z"}},{"iob":-0.038,"basaliob":-0.065,"bolussnooze":0,"activity":-6.0E-4,"lastBolusTime":1703993866000,"time":"2023-12-31T06:47:30.643Z","iobWithZeroTemp":{"iob":-0.631,"basaliob":-0.658,"bolussnooze":0,"activity":-0.0055,"lastBolusTime":1703993866000,"time":"2023-12-31T06:47:30.643Z"}},{"iob":-0.035,"basaliob":-0.06,"bolussnooze":0,"activity":-5.0E-4,"lastBolusTime":1703993866000,"time":"2023-12-31T06:52:30.643Z","iobWithZeroTemp":{"iob":-0.636,"basaliob":-0.661,"bolussnooze":0,"activity":-0.0055,"lastBolusTime":1703993866000,"time":"2023-12-31T06:52:30.643Z"}},{"iob":-0.032,"basaliob":-0.055,"bolussnooze":0,"activity":-5.0E-4,"lastBolusTime":1703993866000,"time":"2023-12-31T06:57:30.643Z","iobWithZeroTemp":{"iob":-0.641,"basaliob":-0.664,"bolussnooze":0,"activity":-0.0056,"lastBolusTime":1703993866000,"time":"2023-12-31T06:57:30.643Z"}},{"iob":-0.03,"basaliob":-0.051,"bolussnooze":0,"activity":-4.0E-4,"lastBolusTime":1703993866000,"time":"2023-12-31T07:02:30.643Z","iobWithZeroTemp":{"iob":-0.647,"basaliob":-0.668,"bolussnooze":0,"activity":-0.0056,"lastBolusTime":1703993866000,"time":"2023-12-31T07:02:30.643Z"}},{"iob":-0.028,"basaliob":-0.047,"bolussnooze":0,"activity":-5.0E-4,"lastBolusTime":1703993866000,"time":"2023-12-31T07:07:30.643Z","iobWithZeroTemp":{"iob":-0.652,"basaliob":-0.671,"bolussnooze":0,"activity":-0.0058,"lastBolusTime":1703993866000,"time":"2023-12-31T07:07:30.643Z"}},{"iob":-0.025,"basaliob":-0.043,"bolussnooze":0,"activity":-4.0E-4,"lastBolusTime":1703993866000,"time":"2023-12-31T07:12:30.643Z","iobWithZeroTemp":{"iob":-0.655,"basaliob":-0.673,"bolussnooze":0,"activity":-0.0058,"lastBolusTime":1703993866000,"time":"2023-12-31T07:12:30.643Z"}},{"iob":-0.024,"basaliob":-0.04,"bolussnooze":0,"activity":-4.0E-4,"lastBolusTime":1703993866000,"time":"2023-12-31T07:17:30.643Z","iobWithZeroTemp":{"iob":-0.66,"basaliob":-0.676,"bolussnooze":0,"activity":-0.0059,"lastBolusTime":1703993866000,"time":"2023-12-31T07:17:30.643Z"}},{"iob":-0.022,"basaliob":-0.037,"bolussnooze":0,"activity":-3.0E-4,"lastBolusTime":1703993866000,"time":"2023-12-31T07:22:30.643Z","iobWithZeroTemp":{"iob":-0.664,"basaliob":-0.679,"bolussnooze":0,"activity":-0.0059,"lastBolusTime":1703993866000,"time":"2023-12-31T07:22:30.643Z"}},{"iob":-0.02,"basaliob":-0.034,"bolussnooze":0,"activity":-4.0E-4,"lastBolusTime":1703993866000,"time":"2023-12-31T07:27:30.643Z","iobWithZeroTemp":{"iob":-0.667,"basaliob":-0.681,"bolussnooze":0,"activity":-0.0061,"lastBolusTime":1703993866000,"time":"2023-12-31T07:27:30.643Z"}},{"iob":-0.018,"basaliob":-0.031,"bolussnooze":0,"activity":-3.0E-4,"lastBolusTime":1703993866000,"time":"2023-12-31T07:32:30.643Z","iobWithZeroTemp":{"iob":-0.669,"basaliob":-0.682,"bolussnooze":0,"activity":-0.0061,"lastBolusTime":1703993866000,"time":"2023-12-31T07:32:30.643Z"}},{"iob":-0.017,"basaliob":-0.029,"bolussnooze":0,"activity":-3.0E-4,"lastBolusTime":1703993866000,"time":"2023-12-31T07:37:30.643Z","iobWithZeroTemp":{"iob":-0.673,"basaliob":-0.685,"bolussnooze":0,"activity":-0.0061,"lastBolusTime":1703993866000,"time":"2023-12-31T07:37:30.643Z"}},{"iob":-0.015,"basaliob":-0.026,"bolussnooze":0,"activity":-3.0E-4,"lastBolusTime":1703993866000,"time":"2023-12-31T07:42:30.643Z","iobWithZeroTemp":{"iob":-0.675,"basaliob":-0.686,"bolussnooze":0,"activity":-0.0062,"lastBolusTime":1703993866000,"time":"2023-12-31T07:42:30.643Z"}},{"iob":-0.014,"basaliob":-0.024,"bolussnooze":0,"activity":-2.0E-4,"lastBolusTime":1703993866000,"time":"2023-12-31T07:47:30.643Z","iobWithZeroTemp":{"iob":-0.678,"basaliob":-0.688,"bolussnooze":0,"activity":-0.0061,"lastBolusTime":1703993866000,"time":"2023-12-31T07:47:30.643Z"}},{"iob":-0.013,"basaliob":-0.022,"bolussnooze":0,"activity":-2.0E-4,"lastBolusTime":1703993866000,"time":"2023-12-31T07:52:30.643Z","iobWithZeroTemp":{"iob":-0.68,"basaliob":-0.689,"bolussnooze":0,"activity":-0.0062,"lastBolusTime":1703993866000,"time":"2023-12-31T07:52:30.643Z"}},{"iob":-0.012,"basaliob":-0.02,"bolussnooze":0,"activity":-3.0E-4,"lastBolusTime":1703993866000,"time":"2023-12-31T07:57:30.643Z","iobWithZeroTemp":{"iob":-0.682,"basaliob":-0.69,"bolussnooze":0,"activity":-0.0064,"lastBolusTime":1703993866000,"time":"2023-12-31T07:57:30.643Z"}},{"iob":-0.012,"basaliob":-0.019,"bolussnooze":0,"activity":-2.0E-4,"lastBolusTime":1703993866000,"time":"2023-12-31T08:02:30.643Z","iobWithZeroTemp":{"iob":-0.685,"basaliob":-0.692,"bolussnooze":0,"activity":-0.0063,"lastBolusTime":1703993866000,"time":"2023-12-31T08:02:30.643Z"}},{"iob":-0.01,"basaliob":-0.017,"bolussnooze":0,"activity":-2.0E-4,"lastBolusTime":1703993866000,"time":"2023-12-31T08:07:30.643Z","iobWithZeroTemp":{"iob":-0.686,"basaliob":-0.693,"bolussnooze":0,"activity":-0.0063,"lastBolusTime":1703993866000,"time":"2023-12-31T08:07:30.643Z"}},{"iob":-0.01,"basaliob":-0.016,"bolussnooze":0,"activity":-2.0E-4,"lastBolusTime":1703993866000,"time":"2023-12-31T08:12:30.643Z","iobWithZeroTemp":{"iob":-0.688,"basaliob":-0.694,"bolussnooze":0,"activity":-0.0064,"lastBolusTime":1703993866000,"time":"2023-12-31T08:12:30.643Z"}},{"iob":-0.008,"basaliob":-0.014,"bolussnooze":0,"activity":-2.0E-4,"lastBolusTime":1703993866000,"time":"2023-12-31T08:17:30.643Z","iobWithZeroTemp":{"iob":-0.689,"basaliob":-0.695,"bolussnooze":0,"activity":-0.0064,"lastBolusTime":1703993866000,"time":"2023-12-31T08:17:30.643Z"}},{"iob":-0.008,"basaliob":-0.013,"bolussnooze":0,"activity":-1.0E-4,"lastBolusTime":1703993866000,"time":"2023-12-31T08:22:30.643Z","iobWithZeroTemp":{"iob":-0.691,"basaliob":-0.696,"bolussnooze":0,"activity":-0.0064,"lastBolusTime":1703993866000,"time":"2023-12-31T08:22:30.643Z"}}],"profile":{"max_iob":7,"type":"current","max_daily_basal":0.45,"max_basal":1.35,"min_bg":144,"max_bg":144,"target_bg":144,"carb_ratio":9,"sens":352.8,"max_daily_safety_multiplier":3,"current_basal_safety_multiplier":4,"lgsThreshold":65,"high_temptarget_raises_sensitivity":false,"low_temptarget_lowers_sensitivity":false,"sensitivity_raises_target":true,"resistance_lowers_target":true,"adv_target_adjustments":false,"exercise_mode":false,"half_basal_exercise_target":160,"maxCOB":120,"skip_neutral_temps":false,"remainingCarbsCap":90,"enableUAM":true,"A52_risk_enable":false,"SMBInterval":4,"enableSMB_with_COB":true,"enableSMB_with_temptarget":false,"allowSMB_with_high_temptarget":true,"enableSMB_always":true,"enableSMB_after_carbs":false,"maxSMBBasalMinutes":60,"maxUAMSMBBasalMinutes":60,"bolus_increment":0.05,"carbsReqThreshold":10,"current_basal":0.3,"temptargetSet":true,"autosens_max":1.2,"autosens_min":0.8,"out_units":"mmol\/L","variable_sens":435.9,"insulinDivisor":65,"TDD":6.644807100000001},"autosens_data":{"ratio":0.777670622723941},"meal_data":{"carbs":2,"mealCOB":1.7959183673469388,"slopeFromMaxDeviation":-1.1844565217391303,"slopeFromMinDeviation":1.0390322580645162,"lastBolusTime":1703993866000,"lastCarbTime":1703996129000},"microBolusAllowed":true,"currentTime":1703996852955,"flatBGsDetected":false,"tdd1D":21.139583333333334,"tdd7D":25.145285714285723,"tddLast24H":19.55475,"tddLast4H":0.7797499999999999,"tddLast8to4H":4.005},"output":{"temp":"absolute","bg":56,"tick":"+0","eventualBG":211,"targetBG":144,"insulinReq":0,"deliverAt":"2023-12-31T04:27:32.955Z","sensitivityRatio":0.777670622723941,"variable_sens":435.9,"predBGs":{"IOB":[56,56,57,58,59,61,63,64,66,69,71,73,76,78,80,82,84,85,87,89,90,92,93,94,95,96,97,98,99,100,101,101,102,103,103,104,104,105,105,106,106,106,107,107,107,108],"ZT":[56,58,61,63,66,70,73,77,81,85,89,94,99,103,108,113,118,124,129,134,140],"COB":[56,56,57,59,61,63,66,69,72,76,80,85,89,93,98,103,107,112,117,121,126,131,136,141,146,151,156,160,165,169,173,176,180,183,186,189,192,195,197,199,201,203,205,206,208,209,210,211],"UAM":[56,56,57,58,59,61,63,64,66,69,71,73,76,78,80,82,84,85,87,89,90,92,93,94,95,96,97,98,99,100,101,101,102,103,103,104,104,105,105,106,106,106,107,107,107,108]},"reason":"COB: 1.8, Dev: -1.7, BGI: 0.1, ISF: 24.2, CR: 9, Target: 8.0, minPredBG 6.5, minGuardBG 3.1, IOBpredBG 6.0, COBpredBG 11.7, UAMpredBG 6.0; minGuardBG 3.1<5.1","COB":1.7959183673469388,"IOB":-0.188,"duration":30,"rate":0,"timestamp":"2023-12-31T04:27:32.981Z"}}