{"algorithm":"OpenAPSSMBDynamicISFPlugin","input":{"glucoseStatus":{"glucose":201,"noise":0,"delta":-19,"short_avgdelta":-11.11,"long_avgdelta":8.3,"date":1704044232438},"currenttemp":{"temp":"absolute","duration":115,"rate":0,"minutesrunning":5},"iob_data":[{"iob":2.129,"basaliob":-0.354,"bolussnooze":0.782,"activity":0.0124,"lastBolusTime":1704043719000,"time":"2023-12-31T17:37:25.654Z","iobWithZeroTemp":{"iob":2.129,"basaliob":-0.354,"bolussnooze":0.782,"activity":0.0124,"lastBolusTime":1704043719000,"time":"2023-12-31T17:37:25.654Z"}},{"iob":2.064,"basaliob":-0.331,"bolussnooze":0.7381,"activity":0.0136,"lastBolusTime":1704043719000,"time":"2023-12-31T17:42:25.654Z","iobWithZeroTemp":{"iob":2.037,"basaliob":-0.358,"bolussnooze":0.7381,"activity":0.0136,"lastBolusTime":1704043719000,"time":"2023-12-31T17:42:25.654Z"}},{"iob":1.994,"basaliob":-0.31,"bolussnooze":0.6865,"activity":0.0146,"lastBolusTime":1704043719000,"time":"2023-12-31T17:47:25.654Z","iobWithZeroTemp":{"iob":1.934,"basaliob":-0.37,"bolussnooze":0.6865,"activity":0.0145,"lastBolusTime":1704043719000,"time":"2023-12-31T17:47:25.654Z"}},{"iob":1.919,"basaliob":-0.29,"bolussnooze":0.6311,"activity":0.0152,"lastBolusTime":1704043719000,"time":"2023-12-31T17:52:25.654Z","iobWithZeroTemp":{"iob":1.827,"basaliob":-0.382,"bolussnooze":0.6311,"activity":0.015,"lastBolusTime":1704043719000,"time":"2023-12-31T17:52:25.654Z"}},{"iob":1.842,"basaliob":-0.271,"bolussnooze":0.5745,"activity":0.0156,"lastBolusTime":1704043719000,"time":"2023-12-31T17:57:25.654Z","iobWithZeroTemp":{"iob":1.717,"basaliob":-0.396,"bolussnooze":0.5745,"activity":0.0153,"lastBolusTime":1704043719000,"time":"2023-12-31T17:57:25.654Z"}},{"iob":1.763,"basaliob":-0.253,"bolussnooze":0.5187,"activity":0.0158,"lastBolusTime":1704043719000,"time":"2023-12-31T18:02:25.654Z","iobWithZeroTemp":{"iob":1.607,"basaliob":-0.409,"bolussnooze":0.5187,"activity":0.0153,"lastBolusTime":1704043719000,"time":"2023-12-31T18:02:25.654Z"}},{"iob":1.684,"basaliob":-0.236,"bolussnooze":0.465,"activity":0.0159,"lastBolusTime":1704043719000,"time":"2023-12-31T18:07:25.654Z","iobWithZeroTemp":{"iob":1.498,"basaliob":-0.422,"bolussnooze":0.465,"activity":0.0152,"lastBolusTime":1704043719000,"time":"2023-12-31T18:07:25.654Z"}},{"iob":1.605,"basaliob":-0.219,"bolussnooze":0.4142,"activity":0.0159,"lastBolusTime":1704043719000,"time":"2023-12-31T18:12:25.654Z","iobWithZeroTemp":{"iob":1.389,"basaliob":-0.435,"bolussnooze":0.4142,"activity":0.015,"lastBolusTime":1704043719000,"time":"2023-12-31T18:12:25.654Z"}},{"iob":1.527,"basaliob":-0.204,"bolussnooze":0.367,"activity":0.0157,"lastBolusTime":1704043719000,"time":"2023-12-31T18:17:25.654Z","iobWithZeroTemp":{"iob":1.283,"basaliob":-0.448,"bolussnooze":0.367,"activity":0.0146,"lastBolusTime":1704043719000,"time":"2023-12-31T18:17:25.654Z"}},{"iob":1.449,"basaliob":-0.19,"bolussnooze":0.3236,"activity":0.0154,"lastBolusTime":1704043719000,"time":"2023-12-31T18:22:25.654Z","iobWithZeroTemp":{"iob":1.177,"basaliob":-0.462,"bolussnooze":0.3236,"activity":0.0141,"lastBolusTime":1704043719000,"time":"2023-12-31T18:22:25.654Z"}},{"iob":1.372,"basaliob":-0.177,"bolussnooze":0.2841,"activity":0.015,"lastBolusTime":1704043719000,"time":"2023-12-31T18:27:25.654Z","iobWithZeroTemp":{"iob":1.074,"basaliob":-0.475,"bolussnooze":0.2841,"activity":0.0135,"lastBolusTime":1704043719000,"time":"2023-12-31T18:27:25.654Z"}},{"iob":1.298,"basaliob":-0.164,"bolussnooze":0.2483,"activity":0.0147,"lastBolusTime":1704043719000,"time":"2023-12-31T18:32:25.654Z","iobWithZeroTemp":{"iob":0.975,"basaliob":-0.487,"bolussnooze":0.2483,"activity":0.0129,"lastBolusTime":1704043719000,"time":"2023-12-31T18:32:25.654Z"}},{"iob":1.226,"basaliob":-0.152,"bolussnooze":0.2163,"activity":0.0142,"lastBolusTime":1704043719000,"time":"2023-12-31T18:37:25.654Z","iobWithZeroTemp":{"iob":0.879,"basaliob":-0.499,"bolussnooze":0.2163,"activity":0.0122,"lastBolusTime":1704043719000,"time":"2023-12-31T18:37:25.654Z"}},{"iob":1.156,"basaliob":-0.141,"bolussnooze":0.1877,"activity":0.0138,"lastBolusTime":1704043719000,"time":"2023-12-31T18:42:25.654Z","iobWithZeroTemp":{"iob":0.786,"basaliob":-0.511,"bolussnooze":0.1877,"activity":0.0116,"lastBolusTime":1704043719000,"time":"2023-12-31T18:42:25.654Z"}},{"iob":1.089,"basaliob":-0.131,"bolussnooze":0.1623,"activity":0.0132,"lastBolusTime":1704043719000,"time":"2023-12-31T18:47:25.654Z","iobWithZeroTemp":{"iob":0.698,"basaliob":-0.522,"bolussnooze":0.1623,"activity":0.0108,"lastBolusTime":1704043719000,"time":"2023-12-31T18:47:25.654Z"}},{"iob":1.024,"basaliob":-0.121,"bolussnooze":0.14,"activity":0.0127,"lastBolusTime":1704043719000,"time":"2023-12-31T18:52:25.654Z","iobWithZeroTemp":{"iob":0.612,"basaliob":-0.533,"bolussnooze":0.14,"activity":0.01,"lastBolusTime":1704043719000,"time":"2023-12-31T18:52:25.654Z"}},{"iob":0.962,"basaliob":-0.112,"bolussnooze":0.1203,"activity":0.0122,"lastBolusTime":1704043719000,"time":"2023-12-31T18:57:25.654Z","iobWithZeroTemp":{"iob":0.531,"basaliob":-0.543,"bolussnooze":0.1203,"activity":0.0093,"lastBolusTime":1704043719000,"time":"2023-12-31T18:57:25.654Z"}},{"iob":0.903,"basaliob":-0.103,"bolussnooze":0.1031,"activity":0.0116,"lastBolusTime":1704043719000,"time":"2023-12-31T19:02:25.654Z","iobWithZeroTemp":{"iob":0.453,"basaliob":-0.553,"bolussnooze":0.1031,"activity":0.0085,"lastBolusTime":1704043719000,"time":"2023-12-31T19:02:25.654Z"}},{"iob":0.846,"basaliob":-0.096,"bolussnooze":0.0881,"activity":0.0111,"lastBolusTime":1704043719000,"time":"2023-12-31T19:07:25.654Z","iobWithZeroTemp":{"iob":0.379,"basaliob":-0.563,"bolussnooze":0.0881,"activity":0.0078,"lastBolusTime":1704043719000,"time":"2023-12-31T19:07:25.654Z"}},{"iob":0.793,"basaliob":-0.088,"bolussnooze":0.0751,"activity":0.0105,"lastBolusTime":1704043719000,"time":"2023-12-31T19:12:25.654Z","iobWithZeroTemp":{"iob":0.309,"basaliob":-0.572,"bolussnooze":0.0751,"activity":0.007,"lastBolusTime":1704043719000,"time":"2023-12-31T19:12:25.654Z"}},{"iob":0.741,"basaliob":-0.081,"bolussnooze":0.0638,"activity":0.01,"lastBolusTime":1704043719000,"time":"2023-12-31T19:17:25.654Z","iobWithZeroTemp":{"iob":0.242,"basaliob":-0.58,"bolussnooze":0.0638,"activity":0.0063,"lastBolusTime":1704043719000,"time":"2023-12-31T19:17:25.654Z"}},{"iob":0.693,"basaliob":-0.075,"bolussnooze":0.0541,"activity":0.0095,"lastBolusTime":1704043719000,"time":"2023-12-31T19:22:25.654Z","iobWithZeroTemp":{"iob":0.179,"basaliob":-0.589,"bolussnooze":0.0541,"activity":0.0056,"lastBolusTime":1704043719000,"time":"2023-12-31T19:22:25.654Z"}},{"iob":0.647,"basaliob":-0.069,"bolussnooze":0.0457,"activity":0.009,"lastBolusTime":1704043719000,"time":"2023-12-31T19:27:25.654Z","iobWithZeroTemp":{"iob":0.12,"basaliob":-0.596,"bolussnooze":0.0457,"activity":0.005,"lastBolusTime":1704043719000,"time":"2023-12-31T19:27:25.654Z"}},{"iob":0.603,"basaliob":-0.064,"bolussnooze":0.0385,"activity":0.0084,"lastBolusTime":1704043719000,"time":"2023-12-31T19:32:25.654Z","iobWithZeroTemp":{"iob":0.063,"basaliob":-0.604,"bolussnooze":0.0385,"activity":0.0042,"lastBolusTime":1704043719000,"time":"2023-12-31T19:32:25.654Z"}},{"iob":0.561,"basaliob":-0.059,"bolussnooze":0.0324,"activity":0.008,"lastBolusTime":1704043719000,"time":"2023-12-31T19:37:25.654Z","iobWithZeroTemp":{"iob":0.009,"basaliob":-0.611,"bolussnooze":0.0324,"activity":0.0037,"lastBolusTime":1704043719000,"time":"2023-12-31T19:37:25.654Z"}},{"iob":0.523,"basaliob":-0.054,"bolussnooze":0.0271,"activity":0.0075,"lastBolusTime":1704043719000,"time":"2023-12-31T19:42:25.654Z","iobWithZeroTemp":{"iob":-0.04,"basaliob":-0.617,"bolussnooze":0.0271,"activity":0.003,"lastBolusTime":1704043719000,"time":"2023-12-31T19:42:25.654Z"}},{"iob":0.487,"basaliob":-0.049,"bolussnooze":0.0227,"activity":0.0071,"lastBolusTime":1704043719000,"time":"2023-12-31T19:47:25.654Z","iobWithZeroTemp":{"iob":-0.087,"basaliob":-0.623,"bolussnooze":0.0227,"activity":0.0025,"lastBolusTime":1704043719000,"time":"2023-12-31T19:47:25.654Z"}},{"iob":0.453,"basaliob":-0.045,"bolussnooze":0.0189,"activity":0.0066,"lastBolusTime":1704043719000,"time":"2023-12-31T19:52:25.654Z","iobWithZeroTemp":{"iob":-0.131,"basaliob":-0.629,"bolussnooze":0.0189,"activity":0.0018,"lastBolusTime":1704043719000,"time":"2023-12-31T19:52:25.654Z"}},{"iob":0.42,"basaliob":-0.042,"bolussnooze":0.0157,"activity":0.0063,"lastBolusTime":1704043719000,"time":"2023-12-31T19:57:25.654Z","iobWithZeroTemp":{"iob":-0.173,"basaliob":-0.635,"bolussnooze":0.0157,"activity":0.0014,"lastBolusTime":1704043719000,"time":"2023-12-31T19:57:25.654Z"}},{"iob":0.39,"basaliob":-0.038,"bolussnooze":0.013,"activity":0.0058,"lastBolusTime":1704043719000,"time":"2023-12-31T20:02:25.654Z","iobWithZeroTemp":{"iob":-0.211,"basaliob":-0.639,"bolussnooze":0.013,"activity":8.0E-4,"lastBolusTime":1704043719000,"time":"2023-12-31T20:02:25.654Z"}},{"iob":0.362,"basaliob":-0.035,"bolussnooze":0.0107,"activity":0.0055,"lastBolusTime":1704043719000,"time":"2023-12-31T20:07:25.654Z","iobWithZeroTemp":{"iob":-0.247,"basaliob":-0.644,"bolussnooze":0.0107,"activity":4.0E-4,"lastBolusTime":1704043719000,"time":"2023-12-31T20:07:25.654Z"}},{"iob":0.335,"basaliob":-0.032,"bolussnooze":0.0088,"activity":0.0051,"lastBolusTime":1704043719000,"time":"2023-12-31T20:12:25.654Z","iobWithZeroTemp":{"iob":-0.282,"basaliob":-0.649,"bolussnooze":0.0088,"activity":-1.0E-4,"lastBolusTime":1704043719000,"time":"2023-12-31T20:12:25.654Z"}},{"iob":0.311,"basaliob":-0.029,"bolussnooze":0.0072,"activity":0.0048,"lastBolusTime":1704043719000,"time":"2023-12-31T20:17:25.654Z","iobWithZeroTemp":{"iob":-0.313,"basaliob":-0.653,"bolussnooze":0.0072,"activity":-5.0E-4,"lastBolusTime":1704043719000,"time":"2023-12-31T20:17:25.654Z"}},{"iob":0.287,"basaliob":-0.027,"bolussnooze":0.0058,"activity":0.0045,"lastBolusTime":1704043719000,"time":"2023-12-31T20:22:25.654Z","iobWithZeroTemp":{"iob":-0.343,"basaliob":-0.657,"bolussnooze":0.0058,"activity":-9.0E-4,"lastBolusTime":1704043719000,"time":"2023-12-31T20:22:25.654Z"}},{"iob":0.266,"basaliob":-0.024,"bolussnooze":0.0047,"activity":0.0042,"lastBolusTime":1704043719000,"time":"2023-12-31T20:27:25.654Z","iobWithZeroTemp":{"iob":-0.37,"basaliob":-0.66,"bolussnooze":0.0047,"activity":-0.0013,"lastBolusTime":1704043719000,"time":"2023-12-31T20:27:25.654Z"}},{"iob":0.246,"basaliob":-0.022,"bolussnooze":0.0038,"activity":0.0039,"lastBolusTime":1704043719000,"time":"2023-12-31T20:32:25.654Z","iobWithZeroTemp":{"iob":-0.396,"basaliob":-0.664,"bolussnooze":0.0038,"activity":-0.0017,"lastBolusTime":1704043719000,"time":"2023-12-31T20:32:25.654Z"}},{"iob":0.227,"basaliob":-0.02,"bolussnooze":0.003,"activity":0.0036,"lastBolusTime":1704043719000,"time":"2023-12-31T20:37:25.654Z","iobWithZeroTemp":{"iob":-0.42,"basaliob":-0.667,"bolussnooze":0.003,"activity":-0.0021,"lastBolusTime":1704043719000,"time":"2023-12-31T20:37:25.654Z"}},{"iob":0.209,"basaliob":-0.018,"bolussnooze":0.0024,"activity":0.0034,"lastBolusTime":1704043719000,"time":"2023-12-31T20:42:25.654Z","iobWithZeroTemp":{"iob":-0.442,"basaliob":-0.669,"bolussnooze":0.0024,"activity":-0.0024,"lastBolusTime":1704043719000,"time":"2023-12-31T20:42:25.654Z"}},{"iob":0.192,"basaliob":-0.017,"bolussnooze":0.0019,"activity":0.0032,"lastBolusTime":1704043719000,"time":"2023-12-31T20:47:25.654Z","iobWithZeroTemp":{"iob":-0.464,"basaliob":-0.673,"bolussnooze":0.0019,"activity":-0.0026,"lastBolusTime":1704043719000,"time":"2023-12-31T20:47:25.654Z"}},{"iob":0.178,"basaliob":-0.015,"bolussnooze":0.0015,"activity":0.0029,"lastBolusTime":1704043719000,"time":"2023-12-31T20:52:25.654Z","iobWithZeroTemp":{"iob":-0.482,"basaliob":-0.675,"bolussnooze":0.0015,"activity":-0.003,"lastBolusTime":1704043719000,"time":"2023-12-31T20:52:25.654Z"}},{"iob":0.163,"basaliob":-0.014,"bolussnooze":0.0011,"activity":0.0027,"lastBolusTime":1704043719000,"time":"2023-12-31T20:57:25.654Z","iobWithZeroTemp":{"iob":-0.501,"basaliob":-0.678,"bolussnooze":0.0011,"activity":-0.0032,"lastBolusTime":1704043719000,"time":"2023-12-31T20:57:25.654Z"}},{"iob":0.15,"basaliob":-0.013,"bolussnooze":9.0E-4,"activity":0.0026,"lastBolusTime":1704043719000,"time":"2023-12-31T21:02:25.654Z","iobWithZeroTemp":{"iob":-0.517,"basaliob":-0.68,"bolussnooze":9.0E-4,"activity":-0.0034,"lastBolusTime":1704043719000,"time":"2023-12-31T21:02:25.654Z"}},{"iob":0.139,"basaliob":-0.011,"bolussnooze":6.0E-4,"activity":0.0024,"lastBolusTime":1704043719000,"time":"2023-12-31T21:07:25.654Z","iobWithZeroTemp":{"iob":-0.531,"basaliob":-0.681,"bolussnooze":6.0E-4,"activity":-0.0037,"lastBolusTime":1704043719000,"time":"2023-12-31T21:07:25.654Z"}},{"iob":0.127,"basaliob":-0.01,"bolussnooze":5.0E-4,"activity":0.0022,"lastBolusTime":1704043719000,"time":"2023-12-31T21:12:25.654Z","iobWithZeroTemp":{"iob":-0.546,"basaliob":-0.683,"bolussnooze":5.0E-4,"activity":-0.0039,"lastBolusTime":1704043719000,"time":"2023-12-31T21:12:25.654Z"}},{"iob":0.117,"basaliob":-0.009,"bolussnooze":3.0E-4,"activity":0.002,"lastBolusTime":1704043719000,"time":"2023-12-31T21:17:25.654Z","iobWithZeroTemp":{"iob":-0.559,"basaliob":-0.685,"bolussnooze":3.0E-4,"activity":-0.0041,"lastBolusTime":1704043719000,"time":"2023-12-31T21:17:25.654Z"}},{"iob":0.107,"basaliob":-0.008,"bolussnooze":2.0E-4,"activity":0.0018,"lastBolusTime":1704043719000,"time":"2023-12-31T21:22:25.654Z","iobWithZeroTemp":{"iob":-0.571,"basaliob":-0.686,"bolussnooze":2.0E-4,"activity":-0.0044,"lastBolusTime":1704043719000,"time":"2023-12-31T21:22:25.654Z"}},{"iob":0.098,"basaliob":-0.008,"bolussnooze":2.0E-4,"activity":0.0017,"lastBolusTime":1704043719000,"time":"2023-12-31T21:27:25.654Z","iobWithZeroTemp":{"iob":-0.583,"basaliob":-0.689,"bolussnooze":2.0E-4,"activity":-0.0045,"lastBolusTime":1704043719000,"time":"2023-12-31T21:27:25.654Z"}},{"iob":0.09,"basaliob":-0.007,"bolussnooze":1.0E-4,"activity":0.0016,"lastBolusTime":1704043719000,"time":"2023-12-31T21:32:25.654Z","iobWithZeroTemp":{"iob":-0.593,"basaliob":-0.69,"bolussnooze":1.0E-4,"activity":-0.0047,"lastBolusTime":1704043719000,"time":"2023-12-31T21:32:25.654Z"}}],"profile":{"max_iob":7,"type":"current","max_daily_basal":0.45,"max_basal":1.35,"min_bg":81.0000000000001,"max_bg":81.0000000000001,"target_bg":81.0000000000001,"carb_ratio":11,"sens":352.8,"max_daily_safety_multiplier":3,"current_basal_safety_multiplier":4,"lgsThreshold":65,"high_temptarget_raises_sensitivity":false,"low_temptarget_lowers_sensitivity":false,"sensitivity_raises_target":true,"resistance_lowers_target":true,"adv_target_adjustments":false,"exercise_mode":false,"half_basal_exercise_target":160,"maxCOB":120,"skip_neutral_temps":false,"remainingCarbsCap":90,"enableUAM":true,"A52_risk_enable":false,"SMBInterval":4,"enableSMB_with_COB":true,"enableSMB_with_temptarget":false,"allowSMB_with_high_temptarget":true,"enableSMB_always":true,"enableSMB_after_carbs":false,"maxSMBBasalMinutes":60,"maxUAMSMBBasalMinutes":60,"bolus_increment":0.05,"carbsReqThreshold":10,"current_basal":0.4,"temptargetSet":true,"autosens_max":1.2,"autosens_min":0.8,"out_units":"mmol\/L","variable_sens":152.5,"insulinDivisor":65,"TDD":8.375464875},"autosens_data":{"ratio":0.7202708639885159},"meal_data":{"carbs":41,"mealCOB":19.32603401360544,"slopeFromMaxDeviation":-1.7065,"slopeFromMinDeviation":2.523909090909091,"lastBolusTime":1704043719000,"lastCarbTime":1704043563000},"microBolusAllowed":true,"currentTime":1704044248857,"flatBGsDetected":false,"tdd1D":21.139583333333334,"tdd7D":25.145285714285723,"tddLast24H":18.111416666666663,"tddLast4H":4.616666666666666,"tddLast8to4H":3.376666666666667},"output":{"temp":"absolute","bg":201,"tick":-19,"eventualBG":96,"targetBG":81.0000000000001,"insulinReq":0,"deliverAt":"2023-12-31T17:37:28.857Z","sensitivityRatio":0.7202708639885159,"variable_sens":152.5,"predBGs":{"IOB":[201,183,164,144,124,103,80,55,39,39,39,39,39],"ZT":[201,192,181,169,157,143,129,114,98,81,63,41,39,39,39,39,39,39,39,39,39,39,39,39,39,39,39,39,39,39,39,39,39,39,39,39,39,39,39,39,39,39,39,39,39,39,39,39],"COB":[201,183,166,149,132,117,102,89,77,66,56,48,42,39,39,39,39,39,39,39,39,39,39,39,39,39,39,39,40,44,49,53,57,61,65,68,72,75,78,81,84,86,88,90,92,94,95,96],"UAM":[201,183,164,144,124,103,80,55,39,39,39,39,39]},"reason":"COB: 19.3, Dev: 5.9, BGI: -0.5, ISF: 8.5, CR: 11, Target: 4.5, minPredBG -13.5, minGuardBG -18.9, IOBpredBG 2.2, COBpredBG 5.3, UAMpredBG 2.2; minGuardBG -18.9<3.6 115m left and 0 ~ req 0U\/hr: no temp required","COB":19.32603401360544,"IOB":2.129,"timestamp":"2023-12-31T17:37:28.895Z"}}