{"algorithm":"OpenAPSSMBDynamicISFPlugin","input":{"glucoseStatus":{"glucose":136,"noise":0,"delta":19,"short_avgdelta":17.17,"long_avgdelta":7.76,"date":1704037624952},"currenttemp":{"temp":"absolute","duration":85,"rate":0,"minutesrunning":35},"iob_data":[{"iob":1.024,"basaliob":-0.49,"bolussnooze":0.4944,"activity":0.0062,"lastBolusTime":1704037358000,"time":"2023-12-31T15:47:25.047Z","iobWithZeroTemp":{"iob":1.024,"basaliob":-0.49,"bolussnooze":0.4944,"activity":0.0062,"lastBolusTime":1704037358000,"time":"2023-12-31T15:47:25.047Z"}},{"iob":0.991,"basaliob":-0.471,"bolussnooze":0.4425,"activity":0.0068,"lastBolusTime":1704037358000,"time":"2023-12-31T15:52:25.047Z","iobWithZeroTemp":{"iob":0.964,"basaliob":-0.498,"bolussnooze":0.4425,"activity":0.0068,"lastBolusTime":1704037358000,"time":"2023-12-31T15:52:25.047Z"}},{"iob":0.956,"basaliob":-0.451,"bolussnooze":0.3936,"activity":0.0072,"lastBolusTime":1704037358000,"time":"2023-12-31T15:57:25.047Z","iobWithZeroTemp":{"iob":0.896,"basaliob":-0.511,"bolussnooze":0.3936,"activity":0.0071,"lastBolusTime":1704037358000,"time":"2023-12-31T15:57:25.047Z"}},{"iob":0.919,"basaliob":-0.431,"bolussnooze":0.3483,"activity":0.0075,"lastBolusTime":1704037358000,"time":"2023-12-31T16:02:25.047Z","iobWithZeroTemp":{"iob":0.827,"basaliob":-0.523,"bolussnooze":0.3483,"activity":0.0073,"lastBolusTime":1704037358000,"time":"2023-12-31T16:02:25.047Z"}},{"iob":0.882,"basaliob":-0.411,"bolussnooze":0.3068,"activity":0.0076,"lastBolusTime":1704037358000,"time":"2023-12-31T16:07:25.047Z","iobWithZeroTemp":{"iob":0.757,"basaliob":-0.536,"bolussnooze":0.3068,"activity":0.0073,"lastBolusTime":1704037358000,"time":"2023-12-31T16:07:25.047Z"}},{"iob":0.843,"basaliob":-0.391,"bolussnooze":0.269,"activity":0.0077,"lastBolusTime":1704037358000,"time":"2023-12-31T16:12:25.047Z","iobWithZeroTemp":{"iob":0.687,"basaliob":-0.547,"bolussnooze":0.269,"activity":0.0072,"lastBolusTime":1704037358000,"time":"2023-12-31T16:12:25.047Z"}},{"iob":0.804,"basaliob":-0.372,"bolussnooze":0.2349,"activity":0.0077,"lastBolusTime":1704037358000,"time":"2023-12-31T16:17:25.047Z","iobWithZeroTemp":{"iob":0.618,"basaliob":-0.558,"bolussnooze":0.2349,"activity":0.007,"lastBolusTime":1704037358000,"time":"2023-12-31T16:17:25.047Z"}},{"iob":0.766,"basaliob":-0.352,"bolussnooze":0.2044,"activity":0.0077,"lastBolusTime":1704037358000,"time":"2023-12-31T16:22:25.047Z","iobWithZeroTemp":{"iob":0.55,"basaliob":-0.568,"bolussnooze":0.2044,"activity":0.0068,"lastBolusTime":1704037358000,"time":"2023-12-31T16:22:25.047Z"}},{"iob":0.728,"basaliob":-0.333,"bolussnooze":0.1773,"activity":0.0076,"lastBolusTime":1704037358000,"time":"2023-12-31T16:27:25.047Z","iobWithZeroTemp":{"iob":0.484,"basaliob":-0.577,"bolussnooze":0.1773,"activity":0.0065,"lastBolusTime":1704037358000,"time":"2023-12-31T16:27:25.047Z"}},{"iob":0.69,"basaliob":-0.315,"bolussnooze":0.1532,"activity":0.0074,"lastBolusTime":1704037358000,"time":"2023-12-31T16:32:25.047Z","iobWithZeroTemp":{"iob":0.418,"basaliob":-0.587,"bolussnooze":0.1532,"activity":0.0061,"lastBolusTime":1704037358000,"time":"2023-12-31T16:32:25.047Z"}},{"iob":0.654,"basaliob":-0.297,"bolussnooze":0.132,"activity":0.0073,"lastBolusTime":1704037358000,"time":"2023-12-31T16:37:25.047Z","iobWithZeroTemp":{"iob":0.356,"basaliob":-0.595,"bolussnooze":0.132,"activity":0.0058,"lastBolusTime":1704037358000,"time":"2023-12-31T16:37:25.047Z"}},{"iob":0.618,"basaliob":-0.28,"bolussnooze":0.1134,"activity":0.007,"lastBolusTime":1704037358000,"time":"2023-12-31T16:42:25.047Z","iobWithZeroTemp":{"iob":0.295,"basaliob":-0.603,"bolussnooze":0.1134,"activity":0.0052,"lastBolusTime":1704037358000,"time":"2023-12-31T16:42:25.047Z"}},{"iob":0.584,"basaliob":-0.263,"bolussnooze":0.0971,"activity":0.0069,"lastBolusTime":1704037358000,"time":"2023-12-31T16:47:25.047Z","iobWithZeroTemp":{"iob":0.237,"basaliob":-0.61,"bolussnooze":0.0971,"activity":0.0049,"lastBolusTime":1704037358000,"time":"2023-12-31T16:47:25.047Z"}},{"iob":0.549,"basaliob":-0.248,"bolussnooze":0.083,"activity":0.0066,"lastBolusTime":1704037358000,"time":"2023-12-31T16:52:25.047Z","iobWithZeroTemp":{"iob":0.179,"basaliob":-0.618,"bolussnooze":0.083,"activity":0.0044,"lastBolusTime":1704037358000,"time":"2023-12-31T16:52:25.047Z"}},{"iob":0.518,"basaliob":-0.232,"bolussnooze":0.0707,"activity":0.0063,"lastBolusTime":1704037358000,"time":"2023-12-31T16:57:25.047Z","iobWithZeroTemp":{"iob":0.127,"basaliob":-0.623,"bolussnooze":0.0707,"activity":0.0039,"lastBolusTime":1704037358000,"time":"2023-12-31T16:57:25.047Z"}},{"iob":0.486,"basaliob":-0.218,"bolussnooze":0.06,"activity":0.0061,"lastBolusTime":1704037358000,"time":"2023-12-31T17:02:25.047Z","iobWithZeroTemp":{"iob":0.074,"basaliob":-0.63,"bolussnooze":0.06,"activity":0.0034,"lastBolusTime":1704037358000,"time":"2023-12-31T17:02:25.047Z"}},{"iob":0.457,"basaliob":-0.204,"bolussnooze":0.0508,"activity":0.0058,"lastBolusTime":1704037358000,"time":"2023-12-31T17:07:25.047Z","iobWithZeroTemp":{"iob":0.026,"basaliob":-0.635,"bolussnooze":0.0508,"activity":0.0029,"lastBolusTime":1704037358000,"time":"2023-12-31T17:07:25.047Z"}},{"iob":0.428,"basaliob":-0.191,"bolussnooze":0.0429,"activity":0.0055,"lastBolusTime":1704037358000,"time":"2023-12-31T17:12:25.047Z","iobWithZeroTemp":{"iob":-0.022,"basaliob":-0.641,"bolussnooze":0.0429,"activity":0.0024,"lastBolusTime":1704037358000,"time":"2023-12-31T17:12:25.047Z"}},{"iob":0.402,"basaliob":-0.178,"bolussnooze":0.0362,"activity":0.0053,"lastBolusTime":1704037358000,"time":"2023-12-31T17:17:25.047Z","iobWithZeroTemp":{"iob":-0.065,"basaliob":-0.645,"bolussnooze":0.0362,"activity":0.002,"lastBolusTime":1704037358000,"time":"2023-12-31T17:17:25.047Z"}},{"iob":0.375,"basaliob":-0.167,"bolussnooze":0.0304,"activity":0.005,"lastBolusTime":1704037358000,"time":"2023-12-31T17:22:25.047Z","iobWithZeroTemp":{"iob":-0.109,"basaliob":-0.651,"bolussnooze":0.0304,"activity":0.0015,"lastBolusTime":1704037358000,"time":"2023-12-31T17:22:25.047Z"}},{"iob":0.35,"basaliob":-0.156,"bolussnooze":0.0254,"activity":0.0047,"lastBolusTime":1704037358000,"time":"2023-12-31T17:27:25.047Z","iobWithZeroTemp":{"iob":-0.149,"basaliob":-0.655,"bolussnooze":0.0254,"activity":0.001,"lastBolusTime":1704037358000,"time":"2023-12-31T17:27:25.047Z"}},{"iob":0.328,"basaliob":-0.145,"bolussnooze":0.0212,"activity":0.0045,"lastBolusTime":1704037358000,"time":"2023-12-31T17:32:25.047Z","iobWithZeroTemp":{"iob":-0.186,"basaliob":-0.659,"bolussnooze":0.0212,"activity":6.0E-4,"lastBolusTime":1704037358000,"time":"2023-12-31T17:32:25.047Z"}},{"iob":0.306,"basaliob":-0.135,"bolussnooze":0.0176,"activity":0.0043,"lastBolusTime":1704037358000,"time":"2023-12-31T17:37:25.047Z","iobWithZeroTemp":{"iob":-0.221,"basaliob":-0.662,"bolussnooze":0.0176,"activity":3.0E-4,"lastBolusTime":1704037358000,"time":"2023-12-31T17:37:25.047Z"}},{"iob":0.285,"basaliob":-0.126,"bolussnooze":0.0146,"activity":0.004,"lastBolusTime":1704037358000,"time":"2023-12-31T17:42:25.047Z","iobWithZeroTemp":{"iob":-0.255,"basaliob":-0.666,"bolussnooze":0.0146,"activity":-2.0E-4,"lastBolusTime":1704037358000,"time":"2023-12-31T17:42:25.047Z"}},{"iob":0.265,"basaliob":-0.117,"bolussnooze":0.0121,"activity":0.0038,"lastBolusTime":1704037358000,"time":"2023-12-31T17:47:25.047Z","iobWithZeroTemp":{"iob":-0.287,"basaliob":-0.669,"bolussnooze":0.0121,"activity":-5.0E-4,"lastBolusTime":1704037358000,"time":"2023-12-31T17:47:25.047Z"}},{"iob":0.248,"basaliob":-0.108,"bolussnooze":0.0099,"activity":0.0036,"lastBolusTime":1704037358000,"time":"2023-12-31T17:52:25.047Z","iobWithZeroTemp":{"iob":-0.315,"basaliob":-0.671,"bolussnooze":0.0099,"activity":-9.0E-4,"lastBolusTime":1704037358000,"time":"2023-12-31T17:52:25.047Z"}},{"iob":0.229,"basaliob":-0.101,"bolussnooze":0.0081,"activity":0.0034,"lastBolusTime":1704037358000,"time":"2023-12-31T17:57:25.047Z","iobWithZeroTemp":{"iob":-0.345,"basaliob":-0.675,"bolussnooze":0.0081,"activity":-0.0012,"lastBolusTime":1704037358000,"time":"2023-12-31T17:57:25.047Z"}},{"iob":0.214,"basaliob":-0.093,"bolussnooze":0.0066,"activity":0.0032,"lastBolusTime":1704037358000,"time":"2023-12-31T18:02:25.047Z","iobWithZeroTemp":{"iob":-0.37,"basaliob":-0.677,"bolussnooze":0.0066,"activity":-0.0016,"lastBolusTime":1704037358000,"time":"2023-12-31T18:02:25.047Z"}},{"iob":0.198,"basaliob":-0.087,"bolussnooze":0.0054,"activity":0.003,"lastBolusTime":1704037358000,"time":"2023-12-31T18:07:25.047Z","iobWithZeroTemp":{"iob":-0.395,"basaliob":-0.68,"bolussnooze":0.0054,"activity":-0.0019,"lastBolusTime":1704037358000,"time":"2023-12-31T18:07:25.047Z"}},{"iob":0.184,"basaliob":-0.08,"bolussnooze":0.0043,"activity":0.0028,"lastBolusTime":1704037358000,"time":"2023-12-31T18:12:25.047Z","iobWithZeroTemp":{"iob":-0.417,"basaliob":-0.681,"bolussnooze":0.0043,"activity":-0.0022,"lastBolusTime":1704037358000,"time":"2023-12-31T18:12:25.047Z"}},{"iob":0.171,"basaliob":-0.074,"bolussnooze":0.0035,"activity":0.0026,"lastBolusTime":1704037358000,"time":"2023-12-31T18:17:25.047Z","iobWithZeroTemp":{"iob":-0.438,"basaliob":-0.683,"bolussnooze":0.0035,"activity":-0.0025,"lastBolusTime":1704037358000,"time":"2023-12-31T18:17:25.047Z"}},{"iob":0.157,"basaliob":-0.069,"bolussnooze":0.0028,"activity":0.0024,"lastBolusTime":1704037358000,"time":"2023-12-31T18:22:25.047Z","iobWithZeroTemp":{"iob":-0.46,"basaliob":-0.686,"bolussnooze":0.0028,"activity":-0.0028,"lastBolusTime":1704037358000,"time":"2023-12-31T18:22:25.047Z"}},{"iob":0.147,"basaliob":-0.063,"bolussnooze":0.0022,"activity":0.0023,"lastBolusTime":1704037358000,"time":"2023-12-31T18:27:25.047Z","iobWithZeroTemp":{"iob":-0.477,"basaliob":-0.687,"bolussnooze":0.0022,"activity":-0.003,"lastBolusTime":1704037358000,"time":"2023-12-31T18:27:25.047Z"}},{"iob":0.135,"basaliob":-0.059,"bolussnooze":0.0017,"activity":0.0022,"lastBolusTime":1704037358000,"time":"2023-12-31T18:32:25.047Z","iobWithZeroTemp":{"iob":-0.495,"basaliob":-0.689,"bolussnooze":0.0017,"activity":-0.0032,"lastBolusTime":1704037358000,"time":"2023-12-31T18:32:25.047Z"}},{"iob":0.125,"basaliob":-0.054,"bolussnooze":0.0013,"activity":0.0019,"lastBolusTime":1704037358000,"time":"2023-12-31T18:37:25.047Z","iobWithZeroTemp":{"iob":-0.511,"basaliob":-0.69,"bolussnooze":0.0013,"activity":-0.0036,"lastBolusTime":1704037358000,"time":"2023-12-31T18:37:25.047Z"}},{"iob":0.115,"basaliob":-0.05,"bolussnooze":0.001,"activity":0.0019,"lastBolusTime":1704037358000,"time":"2023-12-31T18:42:25.047Z","iobWithZeroTemp":{"iob":-0.527,"basaliob":-0.692,"bolussnooze":0.001,"activity":-0.0037,"lastBolusTime":1704037358000,"time":"2023-12-31T18:42:25.047Z"}},{"iob":0.106,"basaliob":-0.046,"bolussnooze":8.0E-4,"activity":0.0017,"lastBolusTime":1704037358000,"time":"2023-12-31T18:47:25.047Z","iobWithZeroTemp":{"iob":-0.541,"basaliob":-0.693,"bolussnooze":8.0E-4,"activity":-0.004,"lastBolusTime":1704037358000,"time":"2023-12-31T18:47:25.047Z"}},{"iob":0.098,"basaliob":-0.042,"bolussnooze":6.0E-4,"activity":0.0016,"lastBolusTime":1704037358000,"time":"2023-12-31T18:52:25.047Z","iobWithZeroTemp":{"iob":-0.553,"basaliob":-0.693,"bolussnooze":6.0E-4,"activity":-0.0042,"lastBolusTime":1704037358000,"time":"2023-12-31T18:52:25.047Z"}},{"iob":0.09,"basaliob":-0.039,"bolussnooze":4.0E-4,"activity":0.0015,"lastBolusTime":1704037358000,"time":"2023-12-31T18:57:25.047Z","iobWithZeroTemp":{"iob":-0.566,"basaliob":-0.695,"bolussnooze":4.0E-4,"activity":-0.0043,"lastBolusTime":1704037358000,"time":"2023-12-31T18:57:25.047Z"}},{"iob":0.083,"basaliob":-0.036,"bolussnooze":3.0E-4,"activity":0.0014,"lastBolusTime":1704037358000,"time":"2023-12-31T19:02:25.047Z","iobWithZeroTemp":{"iob":-0.577,"basaliob":-0.696,"bolussnooze":3.0E-4,"activity":-0.0045,"lastBolusTime":1704037358000,"time":"2023-12-31T19:02:25.047Z"}},{"iob":0.077,"basaliob":-0.033,"bolussnooze":2.0E-4,"activity":0.0012,"lastBolusTime":1704037358000,"time":"2023-12-31T19:07:25.047Z","iobWithZeroTemp":{"iob":-0.587,"basaliob":-0.697,"bolussnooze":2.0E-4,"activity":-0.0047,"lastBolusTime":1704037358000,"time":"2023-12-31T19:07:25.047Z"}},{"iob":0.071,"basaliob":-0.03,"bolussnooze":1.0E-4,"activity":0.0012,"lastBolusTime":1704037358000,"time":"2023-12-31T19:12:25.047Z","iobWithZeroTemp":{"iob":-0.596,"basaliob":-0.697,"bolussnooze":1.0E-4,"activity":-0.0048,"lastBolusTime":1704037358000,"time":"2023-12-31T19:12:25.047Z"}},{"iob":0.065,"basaliob":-0.028,"bolussnooze":1.0E-4,"activity":0.0011,"lastBolusTime":1704037358000,"time":"2023-12-31T19:17:25.047Z","iobWithZeroTemp":{"iob":-0.605,"basaliob":-0.698,"bolussnooze":1.0E-4,"activity":-0.005,"lastBolusTime":1704037358000,"time":"2023-12-31T19:17:25.047Z"}},{"iob":0.06,"basaliob":-0.025,"bolussnooze":0,"activity":0.0011,"lastBolusTime":1704037358000,"time":"2023-12-31T19:22:25.047Z","iobWithZeroTemp":{"iob":-0.613,"basaliob":-0.698,"bolussnooze":0,"activity":-0.005,"lastBolusTime":1704037358000,"time":"2023-12-31T19:22:25.047Z"}},{"iob":0.055,"basaliob":-0.023,"bolussnooze":0,"activity":0.001,"lastBolusTime":1704037358000,"time":"2023-12-31T19:27:25.047Z","iobWithZeroTemp":{"iob":-0.621,"basaliob":-0.699,"bolussnooze":0,"activity":-0.0051,"lastBolusTime":1704037358000,"time":"2023-12-31T19:27:25.047Z"}},{"iob":0.05,"basaliob":-0.021,"bolussnooze":0,"activity":8.0E-4,"lastBolusTime":1704037358000,"time":"2023-12-31T19:32:25.047Z","iobWithZeroTemp":{"iob":-0.628,"basaliob":-0.699,"bolussnooze":0,"activity":-0.0054,"lastBolusTime":1704037358000,"time":"2023-12-31T19:32:25.047Z"}},{"iob":0.045,"basaliob":-0.02,"bolussnooze":0,"activity":9.0E-4,"lastBolusTime":1704037358000,"time":"2023-12-31T19:37:25.047Z","iobWithZeroTemp":{"iob":-0.636,"basaliob":-0.701,"bolussnooze":0,"activity":-0.0053,"lastBolusTime":1704037358000,"time":"2023-12-31T19:37:25.047Z"}},{"iob":0.042,"basaliob":-0.018,"bolussnooze":0,"activity":8.0E-4,"lastBolusTime":1704037358000,"time":"2023-12-31T19:42:25.047Z","iobWithZeroTemp":{"iob":-0.641,"basaliob":-0.701,"bolussnooze":0,"activity":-0.0055,"lastBolusTime":1704037358000,"time":"2023-12-31T19:42:25.047Z"}}],"profile":{"max_iob":7,"type":"current","max_daily_basal":0.45,"max_basal":1.35,"min_bg":81.0000000000001,"max_bg":81.0000000000001,"target_bg":81.0000000000001,"carb_ratio":11,"sens":352.8,"max_daily_safety_multiplier":3,"current_basal_safety_multiplier":4,"lgsThreshold":65,"high_temptarget_raises_sensitivity":false,"low_temptarget_lowers_sensitivity":false,"sensitivity_raises_target":true,"resistance_lowers_target":true,"adv_target_adjustments":false,"exercise_mode":false,"half_basal_exercise_target":160,"maxCOB":120,"skip_neutral_temps":false,"remainingCarbsCap":90,"enableUAM":true,"A52_risk_enable":false,"SMBInterval":4,"enableSMB_with_COB":true,"enableSMB_with_temptarget":false,"allowSMB_with_high_temptarget":true,"enableSMB_always":true,"enableSMB_after_carbs":false,"maxSMBBasalMinutes":60,"maxUAMSMBBasalMinutes":60,"bolus_increment":0.05,"carbsReqThreshold":10,"current_basal":0.4,"temptargetSet":true,"autosens_max":1.2,"autosens_min":0.8,"out_units":"mmol\/L","variable_sens":205.7,"insulinDivisor":65,"TDD":7.751764875000001},"autosens_data":{"ratio":0.641130780928357},"meal_data":{"carbs":26,"mealCOB":17.696770975056687,"slopeFromMaxDeviation":0,"slopeFromMinDeviation":8.634,"lastBolusTime":1704037358000,"lastCarbTime":1704035688000},"microBolusAllowed":true,"currentTime":1704037647500,"flatBGsDetected":false,"tdd1D":21.139583333333334,"tdd7D":25.145285714285723,"tddLast24H":16.121416666666665,"tddLast4H":3.5866666666666664,"tddLast8to4H":2.7800000000000002},"output":{"temp":"absolute","bg":136,"tick":"+19","eventualBG":250,"targetBG":81.0000000000001,"insulinReq":0.35,"deliverAt":"2023-12-31T15:47:27.500Z","sensitivityRatio":0.641130780928357,"variable_sens":205.7,"predBGs":{"IOB":[136,151,164,175,184,192,197,200,202,202,199,195,189,184,178,172,167,162,156,151,147,142,138,133,129,125,121,117,114,110,107,104,101,98,95,93,90,88,86,84,82,80,78,77,75,74,72,71],"ZT":[136,130,122,115,106,98,88,79,69,59,48,39,39,39,39,39,39,39,39,39,39,39,39,39,39,39,39,39,39,39,39,39,39,39,39,39,39,39,43,53,61,70,77],"COB":[136,152,167,181,193,205,216,225,234,243,250,257,263,269,274,278,282,286,288,291,292,293,294,294,293,292,290,287,284,281,278,275,273,270,268,266,264,262,261,259,258,256,255,254,253,252,251,250],"UAM":[136,150,162,170,175,178,177,174,168,161,154,147,140,133,126,119,112,106,99,93,86,79,73,66,60,53,46,39]},"reason":"COB: 17.7, Dev: 7.8, BGI: -0.4, ISF: 11.4, CR: 11, Target: 4.5, minPredBG 8.5, minGuardBG 4.8, IOBpredBG 3.9, COBpredBG 13.9, UAMpredBG 2.2; Eventual BG 13.9 >= 4.5,  insulinReq 0.35; setting 60m low temp of 0U\/h. Microbolusing 0.15U. ","COB":17.696770975056687,"IOB":1.024,"units":0.15,"rate":0,"duration":60,"timestamp":"2023-12-31T15:47:27.537Z"}}