{"algorithm":"OpenAPSSMBDynamicISFPlugin","input":{"glucoseStatus":{"glucose":88,"noise":0,"delta":-1,"short_avgdelta":-0.33,"long_avgdelta":0.97,"date":1704175326242},"currenttemp":{"temp":"absolute","duration":10,"rate":0,"minutesrunning":20},"iob_data":[{"iob":-0.591,"basaliob":-0.608,"bolussnooze":0,"activity":-0.005,"lastBolusTime":1704163954000,"time":"2024-01-02T06:05:44.433Z","iobWithZeroTemp":{"iob":-0.591,"basaliob":-0.608,"bolussnooze":0,"activity":-0.005,"lastBolusTime":1704163954000,"time":"2024-01-02T06:05:44.433Z"}},{"iob":-0.566,"basaliob":-0.582,"bolussnooze":0,"activity":-0.005,"lastBolusTime":1704163954000,"time":"2024-01-02T06:10:44.433Z","iobWithZeroTemp":{"iob":-0.593,"basaliob":-0.609,"bolussnooze":0,"activity":-0.005,"lastBolusTime":1704163954000,"time":"2024-01-02T06:10:44.433Z"}},{"iob":-0.54,"basaliob":-0.555,"bolussnooze":0,"activity":-0.0052,"lastBolusTime":1704163954000,"time":"2024-01-02T06:15:44.433Z","iobWithZeroTemp":{"iob":-0.6,"basaliob":-0.615,"bolussnooze":0,"activity":-0.0053,"lastBolusTime":1704163954000,"time":"2024-01-02T06:15:44.433Z"}},{"iob":-0.514,"basaliob":-0.528,"bolussnooze":0,"activity":-0.0051,"lastBolusTime":1704163954000,"time":"2024-01-02T06:20:44.433Z","iobWithZeroTemp":{"iob":-0.606,"basaliob":-0.62,"bolussnooze":0,"activity":-0.0053,"lastBolusTime":1704163954000,"time":"2024-01-02T06:20:44.433Z"}},{"iob":-0.49,"basaliob":-0.502,"bolussnooze":0,"activity":-0.005,"lastBolusTime":1704163954000,"time":"2024-01-02T06:25:44.433Z","iobWithZeroTemp":{"iob":-0.615,"basaliob":-0.627,"bolussnooze":0,"activity":-0.0053,"lastBolusTime":1704163954000,"time":"2024-01-02T06:25:44.433Z"}},{"iob":-0.465,"basaliob":-0.476,"bolussnooze":0,"activity":-0.0049,"lastBolusTime":1704163954000,"time":"2024-01-02T06:30:44.433Z","iobWithZeroTemp":{"iob":-0.621,"basaliob":-0.632,"bolussnooze":0,"activity":-0.0054,"lastBolusTime":1704163954000,"time":"2024-01-02T06:30:44.433Z"}},{"iob":-0.44,"basaliob":-0.451,"bolussnooze":0,"activity":-0.0048,"lastBolusTime":1704163954000,"time":"2024-01-02T06:35:44.433Z","iobWithZeroTemp":{"iob":-0.626,"basaliob":-0.637,"bolussnooze":0,"activity":-0.0055,"lastBolusTime":1704163954000,"time":"2024-01-02T06:35:44.433Z"}},{"iob":-0.416,"basaliob":-0.426,"bolussnooze":0,"activity":-0.0047,"lastBolusTime":1704163954000,"time":"2024-01-02T06:40:44.433Z","iobWithZeroTemp":{"iob":-0.632,"basaliob":-0.642,"bolussnooze":0,"activity":-0.0056,"lastBolusTime":1704163954000,"time":"2024-01-02T06:40:44.433Z"}},{"iob":-0.393,"basaliob":-0.402,"bolussnooze":0,"activity":-0.0045,"lastBolusTime":1704163954000,"time":"2024-01-02T06:45:44.433Z","iobWithZeroTemp":{"iob":-0.637,"basaliob":-0.646,"bolussnooze":0,"activity":-0.0056,"lastBolusTime":1704163954000,"time":"2024-01-02T06:45:44.433Z"}},{"iob":-0.371,"basaliob":-0.379,"bolussnooze":0,"activity":-0.0044,"lastBolusTime":1704163954000,"time":"2024-01-02T06:50:44.433Z","iobWithZeroTemp":{"iob":-0.643,"basaliob":-0.651,"bolussnooze":0,"activity":-0.0057,"lastBolusTime":1704163954000,"time":"2024-01-02T06:50:44.433Z"}},{"iob":-0.349,"basaliob":-0.356,"bolussnooze":0,"activity":-0.0043,"lastBolusTime":1704163954000,"time":"2024-01-02T06:55:44.433Z","iobWithZeroTemp":{"iob":-0.647,"basaliob":-0.654,"bolussnooze":0,"activity":-0.0058,"lastBolusTime":1704163954000,"time":"2024-01-02T06:55:44.433Z"}},{"iob":-0.328,"basaliob":-0.335,"bolussnooze":0,"activity":-0.0041,"lastBolusTime":1704163954000,"time":"2024-01-02T07:00:44.433Z","iobWithZeroTemp":{"iob":-0.651,"basaliob":-0.658,"bolussnooze":0,"activity":-0.0059,"lastBolusTime":1704163954000,"time":"2024-01-02T07:00:44.433Z"}},{"iob":-0.309,"basaliob":-0.315,"bolussnooze":0,"activity":-0.0039,"lastBolusTime":1704163954000,"time":"2024-01-02T07:05:44.433Z","iobWithZeroTemp":{"iob":-0.656,"basaliob":-0.662,"bolussnooze":0,"activity":-0.0059,"lastBolusTime":1704163954000,"time":"2024-01-02T07:05:44.433Z"}},{"iob":-0.289,"basaliob":-0.295,"bolussnooze":0,"activity":-0.0037,"lastBolusTime":1704163954000,"time":"2024-01-02T07:10:44.433Z","iobWithZeroTemp":{"iob":-0.659,"basaliob":-0.665,"bolussnooze":0,"activity":-0.0059,"lastBolusTime":1704163954000,"time":"2024-01-02T07:10:44.433Z"}},{"iob":-0.271,"basaliob":-0.276,"bolussnooze":0,"activity":-0.0035,"lastBolusTime":1704163954000,"time":"2024-01-02T07:15:44.433Z","iobWithZeroTemp":{"iob":-0.662,"basaliob":-0.667,"bolussnooze":0,"activity":-0.0059,"lastBolusTime":1704163954000,"time":"2024-01-02T07:15:44.433Z"}},{"iob":-0.254,"basaliob":-0.259,"bolussnooze":0,"activity":-0.0034,"lastBolusTime":1704163954000,"time":"2024-01-02T07:20:44.433Z","iobWithZeroTemp":{"iob":-0.666,"basaliob":-0.671,"bolussnooze":0,"activity":-0.0061,"lastBolusTime":1704163954000,"time":"2024-01-02T07:20:44.433Z"}},{"iob":-0.238,"basaliob":-0.242,"bolussnooze":0,"activity":-0.0032,"lastBolusTime":1704163954000,"time":"2024-01-02T07:25:44.433Z","iobWithZeroTemp":{"iob":-0.669,"basaliob":-0.673,"bolussnooze":0,"activity":-0.0061,"lastBolusTime":1704163954000,"time":"2024-01-02T07:25:44.433Z"}},{"iob":-0.222,"basaliob":-0.226,"bolussnooze":0,"activity":-0.003,"lastBolusTime":1704163954000,"time":"2024-01-02T07:30:44.433Z","iobWithZeroTemp":{"iob":-0.672,"basaliob":-0.676,"bolussnooze":0,"activity":-0.0061,"lastBolusTime":1704163954000,"time":"2024-01-02T07:30:44.433Z"}},{"iob":-0.207,"basaliob":-0.211,"bolussnooze":0,"activity":-0.0028,"lastBolusTime":1704163954000,"time":"2024-01-02T07:35:44.433Z","iobWithZeroTemp":{"iob":-0.674,"basaliob":-0.678,"bolussnooze":0,"activity":-0.0061,"lastBolusTime":1704163954000,"time":"2024-01-02T07:35:44.433Z"}},{"iob":-0.193,"basaliob":-0.196,"bolussnooze":0,"activity":-0.0027,"lastBolusTime":1704163954000,"time":"2024-01-02T07:40:44.433Z","iobWithZeroTemp":{"iob":-0.677,"basaliob":-0.68,"bolussnooze":0,"activity":-0.0062,"lastBolusTime":1704163954000,"time":"2024-01-02T07:40:44.433Z"}},{"iob":-0.18,"basaliob":-0.183,"bolussnooze":0,"activity":-0.0025,"lastBolusTime":1704163954000,"time":"2024-01-02T07:45:44.433Z","iobWithZeroTemp":{"iob":-0.679,"basaliob":-0.682,"bolussnooze":0,"activity":-0.0062,"lastBolusTime":1704163954000,"time":"2024-01-02T07:45:44.433Z"}},{"iob":-0.167,"basaliob":-0.17,"bolussnooze":0,"activity":-0.0024,"lastBolusTime":1704163954000,"time":"2024-01-02T07:50:44.433Z","iobWithZeroTemp":{"iob":-0.681,"basaliob":-0.684,"bolussnooze":0,"activity":-0.0063,"lastBolusTime":1704163954000,"time":"2024-01-02T07:50:44.433Z"}},{"iob":-0.155,"basaliob":-0.158,"bolussnooze":0,"activity":-0.0023,"lastBolusTime":1704163954000,"time":"2024-01-02T07:55:44.433Z","iobWithZeroTemp":{"iob":-0.682,"basaliob":-0.685,"bolussnooze":0,"activity":-0.0063,"lastBolusTime":1704163954000,"time":"2024-01-02T07:55:44.433Z"}},{"iob":-0.145,"basaliob":-0.147,"bolussnooze":0,"activity":-0.0022,"lastBolusTime":1704163954000,"time":"2024-01-02T08:00:44.433Z","iobWithZeroTemp":{"iob":-0.685,"basaliob":-0.687,"bolussnooze":0,"activity":-0.0064,"lastBolusTime":1704163954000,"time":"2024-01-02T08:00:44.433Z"}},{"iob":-0.134,"basaliob":-0.136,"bolussnooze":0,"activity":-0.002,"lastBolusTime":1704163954000,"time":"2024-01-02T08:05:44.433Z","iobWithZeroTemp":{"iob":-0.686,"basaliob":-0.688,"bolussnooze":0,"activity":-0.0063,"lastBolusTime":1704163954000,"time":"2024-01-02T08:05:44.433Z"}},{"iob":-0.125,"basaliob":-0.127,"bolussnooze":0,"activity":-0.0019,"lastBolusTime":1704163954000,"time":"2024-01-02T08:10:44.433Z","iobWithZeroTemp":{"iob":-0.688,"basaliob":-0.69,"bolussnooze":0,"activity":-0.0064,"lastBolusTime":1704163954000,"time":"2024-01-02T08:10:44.433Z"}},{"iob":-0.115,"basaliob":-0.117,"bolussnooze":0,"activity":-0.0018,"lastBolusTime":1704163954000,"time":"2024-01-02T08:15:44.433Z","iobWithZeroTemp":{"iob":-0.689,"basaliob":-0.691,"bolussnooze":0,"activity":-0.0064,"lastBolusTime":1704163954000,"time":"2024-01-02T08:15:44.433Z"}},{"iob":-0.107,"basaliob":-0.109,"bolussnooze":0,"activity":-0.0017,"lastBolusTime":1704163954000,"time":"2024-01-02T08:20:44.433Z","iobWithZeroTemp":{"iob":-0.691,"basaliob":-0.693,"bolussnooze":0,"activity":-0.0065,"lastBolusTime":1704163954000,"time":"2024-01-02T08:20:44.433Z"}},{"iob":-0.1,"basaliob":-0.101,"bolussnooze":0,"activity":-0.0016,"lastBolusTime":1704163954000,"time":"2024-01-02T08:25:44.433Z","iobWithZeroTemp":{"iob":-0.693,"basaliob":-0.694,"bolussnooze":0,"activity":-0.0065,"lastBolusTime":1704163954000,"time":"2024-01-02T08:25:44.433Z"}},{"iob":-0.092,"basaliob":-0.093,"bolussnooze":0,"activity":-0.0015,"lastBolusTime":1704163954000,"time":"2024-01-02T08:30:44.433Z","iobWithZeroTemp":{"iob":-0.693,"basaliob":-0.694,"bolussnooze":0,"activity":-0.0065,"lastBolusTime":1704163954000,"time":"2024-01-02T08:30:44.433Z"}},{"iob":-0.085,"basaliob":-0.086,"bolussnooze":0,"activity":-0.0014,"lastBolusTime":1704163954000,"time":"2024-01-02T08:35:44.433Z","iobWithZeroTemp":{"iob":-0.694,"basaliob":-0.695,"bolussnooze":0,"activity":-0.0065,"lastBolusTime":1704163954000,"time":"2024-01-02T08:35:44.433Z"}},{"iob":-0.078,"basaliob":-0.079,"bolussnooze":0,"activity":-0.0013,"lastBolusTime":1704163954000,"time":"2024-01-02T08:40:44.433Z","iobWithZeroTemp":{"iob":-0.695,"basaliob":-0.696,"bolussnooze":0,"activity":-0.0065,"lastBolusTime":1704163954000,"time":"2024-01-02T08:40:44.433Z"}},{"iob":-0.072,"basaliob":-0.073,"bolussnooze":0,"activity":-0.0012,"lastBolusTime":1704163954000,"time":"2024-01-02T08:45:44.433Z","iobWithZeroTemp":{"iob":-0.696,"basaliob":-0.697,"bolussnooze":0,"activity":-0.0065,"lastBolusTime":1704163954000,"time":"2024-01-02T08:45:44.433Z"}},{"iob":-0.067,"basaliob":-0.068,"bolussnooze":0,"activity":-0.0011,"lastBolusTime":1704163954000,"time":"2024-01-02T08:50:44.433Z","iobWithZeroTemp":{"iob":-0.697,"basaliob":-0.698,"bolussnooze":0,"activity":-0.0065,"lastBolusTime":1704163954000,"time":"2024-01-02T08:50:44.433Z"}},{"iob":-0.061,"basaliob":-0.062,"bolussnooze":0,"activity":-0.001,"lastBolusTime":1704163954000,"time":"2024-01-02T08:55:44.433Z","iobWithZeroTemp":{"iob":-0.697,"basaliob":-0.698,"bolussnooze":0,"activity":-0.0065,"lastBolusTime":1704163954000,"time":"2024-01-02T08:55:44.433Z"}},{"iob":-0.056,"basaliob":-0.057,"bolussnooze":0,"activity":-9.0E-4,"lastBolusTime":1704163954000,"time":"2024-01-02T09:00:44.433Z","iobWithZeroTemp":{"iob":-0.698,"basaliob":-0.699,"bolussnooze":0,"activity":-0.0065,"lastBolusTime":1704163954000,"time":"2024-01-02T09:00:44.433Z"}},{"iob":-0.052,"basaliob":-0.053,"bolussnooze":0,"activity":-9.0E-4,"lastBolusTime":1704163954000,"time":"2024-01-02T09:05:44.433Z","iobWithZeroTemp":{"iob":-0.699,"basaliob":-0.7,"bolussnooze":0,"activity":-0.0066,"lastBolusTime":1704163954000,"time":"2024-01-02T09:05:44.433Z"}},{"iob":-0.048,"basaliob":-0.049,"bolussnooze":0,"activity":-8.0E-4,"lastBolusTime":1704163954000,"time":"2024-01-02T09:10:44.433Z","iobWithZeroTemp":{"iob":-0.699,"basaliob":-0.7,"bolussnooze":0,"activity":-0.0066,"lastBolusTime":1704163954000,"time":"2024-01-02T09:10:44.433Z"}},{"iob":-0.045,"basaliob":-0.045,"bolussnooze":0,"activity":-8.0E-4,"lastBolusTime":1704163954000,"time":"2024-01-02T09:15:44.433Z","iobWithZeroTemp":{"iob":-0.701,"basaliob":-0.701,"bolussnooze":0,"activity":-0.0066,"lastBolusTime":1704163954000,"time":"2024-01-02T09:15:44.433Z"}},{"iob":-0.041,"basaliob":-0.041,"bolussnooze":0,"activity":-7.0E-4,"lastBolusTime":1704163954000,"time":"2024-01-02T09:20:44.433Z","iobWithZeroTemp":{"iob":-0.701,"basaliob":-0.701,"bolussnooze":0,"activity":-0.0066,"lastBolusTime":1704163954000,"time":"2024-01-02T09:20:44.433Z"}},{"iob":-0.038,"basaliob":-0.038,"bolussnooze":0,"activity":-6.0E-4,"lastBolusTime":1704163954000,"time":"2024-01-02T09:25:44.433Z","iobWithZeroTemp":{"iob":-0.702,"basaliob":-0.702,"bolussnooze":0,"activity":-0.0065,"lastBolusTime":1704163954000,"time":"2024-01-02T09:25:44.433Z"}},{"iob":-0.034,"basaliob":-0.034,"bolussnooze":0,"activity":-6.0E-4,"lastBolusTime":1704163954000,"time":"2024-01-02T09:30:44.433Z","iobWithZeroTemp":{"iob":-0.701,"basaliob":-0.701,"bolussnooze":0,"activity":-0.0066,"lastBolusTime":1704163954000,"time":"2024-01-02T09:30:44.433Z"}},{"iob":-0.032,"basaliob":-0.032,"bolussnooze":0,"activity":-6.0E-4,"lastBolusTime":1704163954000,"time":"2024-01-02T09:35:44.433Z","iobWithZeroTemp":{"iob":-0.702,"basaliob":-0.702,"bolussnooze":0,"activity":-0.0067,"lastBolusTime":1704163954000,"time":"2024-01-02T09:35:44.433Z"}},{"iob":-0.029,"basaliob":-0.029,"bolussnooze":0,"activity":-5.0E-4,"lastBolusTime":1704163954000,"time":"2024-01-02T09:40:44.433Z","iobWithZeroTemp":{"iob":-0.702,"basaliob":-0.702,"bolussnooze":0,"activity":-0.0066,"lastBolusTime":1704163954000,"time":"2024-01-02T09:40:44.433Z"}},{"iob":-0.026,"basaliob":-0.026,"bolussnooze":0,"activity":-5.0E-4,"lastBolusTime":1704163954000,"time":"2024-01-02T09:45:44.433Z","iobWithZeroTemp":{"iob":-0.702,"basaliob":-0.702,"bolussnooze":0,"activity":-0.0066,"lastBolusTime":1704163954000,"time":"2024-01-02T09:45:44.433Z"}},{"iob":-0.024,"basaliob":-0.024,"bolussnooze":0,"activity":-4.0E-4,"lastBolusTime":1704163954000,"time":"2024-01-02T09:50:44.433Z","iobWithZeroTemp":{"iob":-0.702,"basaliob":-0.702,"bolussnooze":0,"activity":-0.0066,"lastBolusTime":1704163954000,"time":"2024-01-02T09:50:44.433Z"}},{"iob":-0.022,"basaliob":-0.022,"bolussnooze":0,"activity":-4.0E-4,"lastBolusTime":1704163954000,"time":"2024-01-02T09:55:44.433Z","iobWithZeroTemp":{"iob":-0.703,"basaliob":-0.703,"bolussnooze":0,"activity":-0.0066,"lastBolusTime":1704163954000,"time":"2024-01-02T09:55:44.433Z"}},{"iob":-0.02,"basaliob":-0.02,"bolussnooze":0,"activity":-4.0E-4,"lastBolusTime":1704163954000,"time":"2024-01-02T10:00:44.433Z","iobWithZeroTemp":{"iob":-0.703,"basaliob":-0.703,"bolussnooze":0,"activity":-0.0067,"lastBolusTime":1704163954000,"time":"2024-01-02T10:00:44.433Z"}}],"profile":{"max_iob":7,"type":"current","max_daily_basal":0.45,"max_basal":1.35,"min_bg":144,"max_bg":144,"target_bg":144,"carb_ratio":9,"sens":352.8,"max_daily_safety_multiplier":3,"current_basal_safety_multiplier":4,"lgsThreshold":65,"high_temptarget_raises_sensitivity":false,"low_temptarget_lowers_sensitivity":false,"sensitivity_raises_target":true,"resistance_lowers_target":true,"adv_target_adjustments":false,"exercise_mode":false,"half_basal_exercise_target":160,"maxCOB":120,"skip_neutral_temps":false,"remainingCarbsCap":90,"enableUAM":true,"A52_risk_enable":false,"SMBInterval":4,"enableSMB_with_COB":true,"enableSMB_with_temptarget":false,"allowSMB_with_high_temptarget":true,"enableSMB_always":true,"enableSMB_after_carbs":false,"maxSMBBasalMinutes":60,"maxUAMSMBBasalMinutes":60,"bolus_increment":0.05,"carbsReqThreshold":10,"current_basal":0.4,"temptargetSet":true,"autosens_max":1.2,"autosens_min":0.8,"out_units":"mmol\/L","variable_sens":320.6,"insulinDivisor":65,"TDD":6.557952491666666},"autosens_data":{"ratio":0.9435252877816557},"meal_data":{"carbs":0,"mealCOB":0,"slopeFromMaxDeviation":0,"slopeFromMinDeviation":0.02950000000000008,"lastBolusTime":1704163954000,"lastCarbTime":0},"microBolusAllowed":true,"currentTime":1704175546047,"flatBGsDetected":false,"tdd1D":29.029333333333327,"tdd7D":23.806904761904768,"tddLast24H":22.462416666666666,"tddLast4H":0.4428333333333334,"tddLast8to4H":0.75625},"output":{"temp":"absolute","bg":88,"tick":-1,"eventualBG":235,"targetBG":144,"insulinReq":0,"deliverAt":"2024-01-02T06:05:46.047Z","sensitivityRatio":0.9435252877816557,"variable_sens":320.6,"predBGs":{"IOB":[88,88,88,90,92,94,97,101,105,109,114,119,124,129,134,138,142,146,149,153,156,159,161,164,166,168,170,172,174,176,177,179,180,181,182,184,184,185,186,187,188,188,189,190,190,191],"ZT":[88,96,104,111,119,126,132,139]},"reason":"COB: 0, Dev: -2.3, BGI: 0.4, ISF: 17.8, CR: 9, Target: 8.0, minPredBG 8.3, minGuardBG 4.9, IOBpredBG 10.6; minGuardBG 4.9<5.1","COB":0,"IOB":-0.591,"duration":30,"rate":0,"timestamp":"2024-01-02T06:05:46.071Z"}}