{"algorithm":"OpenAPSSMBDynamicISFPlugin","input":{"glucoseStatus":{"glucose":75,"noise":0,"delta":1,"short_avgdelta":-1.11,"long_avgdelta":-3.18,"date":1704352031787},"currenttemp":{"temp":"absolute","duration":55,"rate":0,"minutesrunning":5},"iob_data":[{"iob":1.52,"basaliob":-0.452,"bolussnooze":1.1473,"activity":0.0131,"lastBolusTime":1704350346000,"time":"2024-01-04T07:07:38.227Z","iobWithZeroTemp":{"iob":1.52,"basaliob":-0.452,"bolussnooze":1.1473,"activity":0.0131,"lastBolusTime":1704350346000,"time":"2024-01-04T07:07:38.227Z"}},{"iob":1.454,"basaliob":-0.436,"bolussnooze":1.0346,"activity":0.0132,"lastBolusTime":1704350346000,"time":"2024-01-04T07:12:38.227Z","iobWithZeroTemp":{"iob":1.427,"basaliob":-0.463,"bolussnooze":1.0346,"activity":0.0132,"lastBolusTime":1704350346000,"time":"2024-01-04T07:12:38.227Z"}},{"iob":1.389,"basaliob":-0.418,"bolussnooze":0.9264,"activity":0.0132,"lastBolusTime":1704350346000,"time":"2024-01-04T07:17:38.227Z","iobWithZeroTemp":{"iob":1.329,"basaliob":-0.478,"bolussnooze":0.9264,"activity":0.0131,"lastBolusTime":1704350346000,"time":"2024-01-04T07:17:38.227Z"}},{"iob":1.322,"basaliob":-0.401,"bolussnooze":0.8246,"activity":0.0131,"lastBolusTime":1704350346000,"time":"2024-01-04T07:22:38.227Z","iobWithZeroTemp":{"iob":1.23,"basaliob":-0.493,"bolussnooze":0.8246,"activity":0.0129,"lastBolusTime":1704350346000,"time":"2024-01-04T07:22:38.227Z"}},{"iob":1.257,"basaliob":-0.383,"bolussnooze":0.73,"activity":0.013,"lastBolusTime":1704350346000,"time":"2024-01-04T07:27:38.227Z","iobWithZeroTemp":{"iob":1.132,"basaliob":-0.508,"bolussnooze":0.73,"activity":0.0127,"lastBolusTime":1704350346000,"time":"2024-01-04T07:27:38.227Z"}},{"iob":1.193,"basaliob":-0.365,"bolussnooze":0.6432,"activity":0.0127,"lastBolusTime":1704350346000,"time":"2024-01-04T07:32:38.227Z","iobWithZeroTemp":{"iob":1.037,"basaliob":-0.521,"bolussnooze":0.6432,"activity":0.0122,"lastBolusTime":1704350346000,"time":"2024-01-04T07:32:38.227Z"}},{"iob":1.13,"basaliob":-0.347,"bolussnooze":0.5642,"activity":0.0125,"lastBolusTime":1704350346000,"time":"2024-01-04T07:37:38.227Z","iobWithZeroTemp":{"iob":0.944,"basaliob":-0.533,"bolussnooze":0.5642,"activity":0.0118,"lastBolusTime":1704350346000,"time":"2024-01-04T07:37:38.227Z"}},{"iob":1.068,"basaliob":-0.33,"bolussnooze":0.4929,"activity":0.0121,"lastBolusTime":1704350346000,"time":"2024-01-04T07:42:38.227Z","iobWithZeroTemp":{"iob":0.852,"basaliob":-0.546,"bolussnooze":0.4929,"activity":0.0112,"lastBolusTime":1704350346000,"time":"2024-01-04T07:42:38.227Z"}},{"iob":1.008,"basaliob":-0.313,"bolussnooze":0.429,"activity":0.0117,"lastBolusTime":1704350346000,"time":"2024-01-04T07:47:38.227Z","iobWithZeroTemp":{"iob":0.764,"basaliob":-0.557,"bolussnooze":0.429,"activity":0.0106,"lastBolusTime":1704350346000,"time":"2024-01-04T07:47:38.227Z"}},{"iob":0.951,"basaliob":-0.296,"bolussnooze":0.3721,"activity":0.0113,"lastBolusTime":1704350346000,"time":"2024-01-04T07:52:38.227Z","iobWithZeroTemp":{"iob":0.679,"basaliob":-0.568,"bolussnooze":0.3721,"activity":0.01,"lastBolusTime":1704350346000,"time":"2024-01-04T07:52:38.227Z"}},{"iob":0.896,"basaliob":-0.279,"bolussnooze":0.3216,"activity":0.0109,"lastBolusTime":1704350346000,"time":"2024-01-04T07:57:38.227Z","iobWithZeroTemp":{"iob":0.598,"basaliob":-0.577,"bolussnooze":0.3216,"activity":0.0094,"lastBolusTime":1704350346000,"time":"2024-01-04T07:57:38.227Z"}},{"iob":0.841,"basaliob":-0.264,"bolussnooze":0.2772,"activity":0.0105,"lastBolusTime":1704350346000,"time":"2024-01-04T08:02:38.227Z","iobWithZeroTemp":{"iob":0.518,"basaliob":-0.587,"bolussnooze":0.2772,"activity":0.0087,"lastBolusTime":1704350346000,"time":"2024-01-04T08:02:38.227Z"}},{"iob":0.791,"basaliob":-0.248,"bolussnooze":0.2381,"activity":0.01,"lastBolusTime":1704350346000,"time":"2024-01-04T08:07:38.227Z","iobWithZeroTemp":{"iob":0.444,"basaliob":-0.595,"bolussnooze":0.2381,"activity":0.008,"lastBolusTime":1704350346000,"time":"2024-01-04T08:07:38.227Z"}},{"iob":0.741,"basaliob":-0.234,"bolussnooze":0.204,"activity":0.0095,"lastBolusTime":1704350346000,"time":"2024-01-04T08:12:38.227Z","iobWithZeroTemp":{"iob":0.371,"basaliob":-0.604,"bolussnooze":0.204,"activity":0.0073,"lastBolusTime":1704350346000,"time":"2024-01-04T08:12:38.227Z"}},{"iob":0.695,"basaliob":-0.22,"bolussnooze":0.1742,"activity":0.0091,"lastBolusTime":1704350346000,"time":"2024-01-04T08:17:38.227Z","iobWithZeroTemp":{"iob":0.304,"basaliob":-0.611,"bolussnooze":0.1742,"activity":0.0067,"lastBolusTime":1704350346000,"time":"2024-01-04T08:17:38.227Z"}},{"iob":0.651,"basaliob":-0.206,"bolussnooze":0.1484,"activity":0.0087,"lastBolusTime":1704350346000,"time":"2024-01-04T08:22:38.227Z","iobWithZeroTemp":{"iob":0.239,"basaliob":-0.618,"bolussnooze":0.1484,"activity":0.006,"lastBolusTime":1704350346000,"time":"2024-01-04T08:22:38.227Z"}},{"iob":0.609,"basaliob":-0.193,"bolussnooze":0.126,"activity":0.0082,"lastBolusTime":1704350346000,"time":"2024-01-04T08:27:38.227Z","iobWithZeroTemp":{"iob":0.178,"basaliob":-0.624,"bolussnooze":0.126,"activity":0.0053,"lastBolusTime":1704350346000,"time":"2024-01-04T08:27:38.227Z"}},{"iob":0.568,"basaliob":-0.181,"bolussnooze":0.1067,"activity":0.0078,"lastBolusTime":1704350346000,"time":"2024-01-04T08:32:38.227Z","iobWithZeroTemp":{"iob":0.118,"basaliob":-0.631,"bolussnooze":0.1067,"activity":0.0047,"lastBolusTime":1704350346000,"time":"2024-01-04T08:32:38.227Z"}},{"iob":0.531,"basaliob":-0.169,"bolussnooze":0.0901,"activity":0.0073,"lastBolusTime":1704350346000,"time":"2024-01-04T08:37:38.227Z","iobWithZeroTemp":{"iob":0.064,"basaliob":-0.636,"bolussnooze":0.0901,"activity":0.004,"lastBolusTime":1704350346000,"time":"2024-01-04T08:37:38.227Z"}},{"iob":0.495,"basaliob":-0.158,"bolussnooze":0.0759,"activity":0.0069,"lastBolusTime":1704350346000,"time":"2024-01-04T08:42:38.227Z","iobWithZeroTemp":{"iob":0.011,"basaliob":-0.642,"bolussnooze":0.0759,"activity":0.0034,"lastBolusTime":1704350346000,"time":"2024-01-04T08:42:38.227Z"}},{"iob":0.461,"basaliob":-0.148,"bolussnooze":0.0637,"activity":0.0066,"lastBolusTime":1704350346000,"time":"2024-01-04T08:47:38.227Z","iobWithZeroTemp":{"iob":-0.038,"basaliob":-0.647,"bolussnooze":0.0637,"activity":0.0029,"lastBolusTime":1704350346000,"time":"2024-01-04T08:47:38.227Z"}},{"iob":0.429,"basaliob":-0.138,"bolussnooze":0.0533,"activity":0.0062,"lastBolusTime":1704350346000,"time":"2024-01-04T08:52:38.227Z","iobWithZeroTemp":{"iob":-0.085,"basaliob":-0.652,"bolussnooze":0.0533,"activity":0.0023,"lastBolusTime":1704350346000,"time":"2024-01-04T08:52:38.227Z"}},{"iob":0.399,"basaliob":-0.128,"bolussnooze":0.0445,"activity":0.0058,"lastBolusTime":1704350346000,"time":"2024-01-04T08:57:38.227Z","iobWithZeroTemp":{"iob":-0.128,"basaliob":-0.655,"bolussnooze":0.0445,"activity":0.0018,"lastBolusTime":1704350346000,"time":"2024-01-04T08:57:38.227Z"}},{"iob":0.37,"basaliob":-0.12,"bolussnooze":0.037,"activity":0.0055,"lastBolusTime":1704350346000,"time":"2024-01-04T09:02:38.227Z","iobWithZeroTemp":{"iob":-0.17,"basaliob":-0.66,"bolussnooze":0.037,"activity":0.0013,"lastBolusTime":1704350346000,"time":"2024-01-04T09:02:38.227Z"}},{"iob":0.345,"basaliob":-0.111,"bolussnooze":0.0307,"activity":0.0051,"lastBolusTime":1704350346000,"time":"2024-01-04T09:07:38.227Z","iobWithZeroTemp":{"iob":-0.207,"basaliob":-0.663,"bolussnooze":0.0307,"activity":8.0E-4,"lastBolusTime":1704350346000,"time":"2024-01-04T09:07:38.227Z"}},{"iob":0.32,"basaliob":-0.103,"bolussnooze":0.0253,"activity":0.0048,"lastBolusTime":1704350346000,"time":"2024-01-04T09:12:38.227Z","iobWithZeroTemp":{"iob":-0.243,"basaliob":-0.666,"bolussnooze":0.0253,"activity":3.0E-4,"lastBolusTime":1704350346000,"time":"2024-01-04T09:12:38.227Z"}},{"iob":0.296,"basaliob":-0.096,"bolussnooze":0.0208,"activity":0.0045,"lastBolusTime":1704350346000,"time":"2024-01-04T09:17:38.227Z","iobWithZeroTemp":{"iob":-0.278,"basaliob":-0.67,"bolussnooze":0.0208,"activity":-1.0E-4,"lastBolusTime":1704350346000,"time":"2024-01-04T09:17:38.227Z"}},{"iob":0.275,"basaliob":-0.089,"bolussnooze":0.0171,"activity":0.0042,"lastBolusTime":1704350346000,"time":"2024-01-04T09:22:38.227Z","iobWithZeroTemp":{"iob":-0.309,"basaliob":-0.673,"bolussnooze":0.0171,"activity":-6.0E-4,"lastBolusTime":1704350346000,"time":"2024-01-04T09:22:38.227Z"}},{"iob":0.254,"basaliob":-0.083,"bolussnooze":0.0139,"activity":0.0039,"lastBolusTime":1704350346000,"time":"2024-01-04T09:27:38.227Z","iobWithZeroTemp":{"iob":-0.339,"basaliob":-0.676,"bolussnooze":0.0139,"activity":-0.001,"lastBolusTime":1704350346000,"time":"2024-01-04T09:27:38.227Z"}},{"iob":0.235,"basaliob":-0.077,"bolussnooze":0.0113,"activity":0.0036,"lastBolusTime":1704350346000,"time":"2024-01-04T09:32:38.227Z","iobWithZeroTemp":{"iob":-0.366,"basaliob":-0.678,"bolussnooze":0.0113,"activity":-0.0014,"lastBolusTime":1704350346000,"time":"2024-01-04T09:32:38.227Z"}},{"iob":0.217,"basaliob":-0.071,"bolussnooze":0.0091,"activity":0.0034,"lastBolusTime":1704350346000,"time":"2024-01-04T09:37:38.227Z","iobWithZeroTemp":{"iob":-0.392,"basaliob":-0.68,"bolussnooze":0.0091,"activity":-0.0017,"lastBolusTime":1704350346000,"time":"2024-01-04T09:37:38.227Z"}},{"iob":0.201,"basaliob":-0.066,"bolussnooze":0.0073,"activity":0.0032,"lastBolusTime":1704350346000,"time":"2024-01-04T09:42:38.227Z","iobWithZeroTemp":{"iob":-0.416,"basaliob":-0.683,"bolussnooze":0.0073,"activity":-0.002,"lastBolusTime":1704350346000,"time":"2024-01-04T09:42:38.227Z"}},{"iob":0.185,"basaliob":-0.061,"bolussnooze":0.0058,"activity":0.0029,"lastBolusTime":1704350346000,"time":"2024-01-04T09:47:38.227Z","iobWithZeroTemp":{"iob":-0.439,"basaliob":-0.685,"bolussnooze":0.0058,"activity":-0.0024,"lastBolusTime":1704350346000,"time":"2024-01-04T09:47:38.227Z"}},{"iob":0.171,"basaliob":-0.056,"bolussnooze":0.0046,"activity":0.0028,"lastBolusTime":1704350346000,"time":"2024-01-04T09:52:38.227Z","iobWithZeroTemp":{"iob":-0.459,"basaliob":-0.686,"bolussnooze":0.0046,"activity":-0.0026,"lastBolusTime":1704350346000,"time":"2024-01-04T09:52:38.227Z"}},{"iob":0.158,"basaliob":-0.052,"bolussnooze":0.0036,"activity":0.0026,"lastBolusTime":1704350346000,"time":"2024-01-04T09:57:38.227Z","iobWithZeroTemp":{"iob":-0.478,"basaliob":-0.688,"bolussnooze":0.0036,"activity":-0.0029,"lastBolusTime":1704350346000,"time":"2024-01-04T09:57:38.227Z"}},{"iob":0.145,"basaliob":-0.048,"bolussnooze":0.0028,"activity":0.0024,"lastBolusTime":1704350346000,"time":"2024-01-04T10:02:38.227Z","iobWithZeroTemp":{"iob":-0.497,"basaliob":-0.69,"bolussnooze":0.0028,"activity":-0.0032,"lastBolusTime":1704350346000,"time":"2024-01-04T10:02:38.227Z"}},{"iob":0.134,"basaliob":-0.044,"bolussnooze":0.0022,"activity":0.0022,"lastBolusTime":1704350346000,"time":"2024-01-04T10:07:38.227Z","iobWithZeroTemp":{"iob":-0.513,"basaliob":-0.691,"bolussnooze":0.0022,"activity":-0.0035,"lastBolusTime":1704350346000,"time":"2024-01-04T10:07:38.227Z"}},{"iob":0.123,"basaliob":-0.041,"bolussnooze":0.0016,"activity":0.002,"lastBolusTime":1704350346000,"time":"2024-01-04T10:12:38.227Z","iobWithZeroTemp":{"iob":-0.528,"basaliob":-0.692,"bolussnooze":0.0016,"activity":-0.0038,"lastBolusTime":1704350346000,"time":"2024-01-04T10:12:38.227Z"}},{"iob":0.114,"basaliob":-0.037,"bolussnooze":0.0012,"activity":0.0019,"lastBolusTime":1704350346000,"time":"2024-01-04T10:17:38.227Z","iobWithZeroTemp":{"iob":-0.542,"basaliob":-0.693,"bolussnooze":0.0012,"activity":-0.0039,"lastBolusTime":1704350346000,"time":"2024-01-04T10:17:38.227Z"}},{"iob":0.104,"basaliob":-0.034,"bolussnooze":9.0E-4,"activity":0.0017,"lastBolusTime":1704350346000,"time":"2024-01-04T10:22:38.227Z","iobWithZeroTemp":{"iob":-0.556,"basaliob":-0.694,"bolussnooze":9.0E-4,"activity":-0.0042,"lastBolusTime":1704350346000,"time":"2024-01-04T10:22:38.227Z"}},{"iob":0.095,"basaliob":-0.032,"bolussnooze":7.0E-4,"activity":0.0017,"lastBolusTime":1704350346000,"time":"2024-01-04T10:27:38.227Z","iobWithZeroTemp":{"iob":-0.569,"basaliob":-0.696,"bolussnooze":7.0E-4,"activity":-0.0042,"lastBolusTime":1704350346000,"time":"2024-01-04T10:27:38.227Z"}},{"iob":0.088,"basaliob":-0.029,"bolussnooze":5.0E-4,"activity":0.0015,"lastBolusTime":1704350346000,"time":"2024-01-04T10:32:38.227Z","iobWithZeroTemp":{"iob":-0.579,"basaliob":-0.696,"bolussnooze":5.0E-4,"activity":-0.0045,"lastBolusTime":1704350346000,"time":"2024-01-04T10:32:38.227Z"}},{"iob":0.08,"basaliob":-0.027,"bolussnooze":3.0E-4,"activity":0.0014,"lastBolusTime":1704350346000,"time":"2024-01-04T10:37:38.227Z","iobWithZeroTemp":{"iob":-0.59,"basaliob":-0.697,"bolussnooze":3.0E-4,"activity":-0.0047,"lastBolusTime":1704350346000,"time":"2024-01-04T10:37:38.227Z"}},{"iob":0.073,"basaliob":-0.025,"bolussnooze":2.0E-4,"activity":0.0013,"lastBolusTime":1704350346000,"time":"2024-01-04T10:42:38.227Z","iobWithZeroTemp":{"iob":-0.6,"basaliob":-0.698,"bolussnooze":2.0E-4,"activity":-0.0048,"lastBolusTime":1704350346000,"time":"2024-01-04T10:42:38.227Z"}},{"iob":0.067,"basaliob":-0.023,"bolussnooze":1.0E-4,"activity":0.0012,"lastBolusTime":1704350346000,"time":"2024-01-04T10:47:38.227Z","iobWithZeroTemp":{"iob":-0.609,"basaliob":-0.699,"bolussnooze":1.0E-4,"activity":-0.0049,"lastBolusTime":1704350346000,"time":"2024-01-04T10:47:38.227Z"}},{"iob":0.061,"basaliob":-0.021,"bolussnooze":1.0E-4,"activity":0.0011,"lastBolusTime":1704350346000,"time":"2024-01-04T10:52:38.227Z","iobWithZeroTemp":{"iob":-0.618,"basaliob":-0.7,"bolussnooze":1.0E-4,"activity":-0.0051,"lastBolusTime":1704350346000,"time":"2024-01-04T10:52:38.227Z"}},{"iob":0.056,"basaliob":-0.019,"bolussnooze":0,"activity":0.0011,"lastBolusTime":1704350346000,"time":"2024-01-04T10:57:38.227Z","iobWithZeroTemp":{"iob":-0.625,"basaliob":-0.7,"bolussnooze":0,"activity":-0.0051,"lastBolusTime":1704350346000,"time":"2024-01-04T10:57:38.227Z"}},{"iob":0.052,"basaliob":-0.017,"bolussnooze":0,"activity":9.0E-4,"lastBolusTime":1704350346000,"time":"2024-01-04T11:02:38.227Z","iobWithZeroTemp":{"iob":-0.631,"basaliob":-0.7,"bolussnooze":0,"activity":-0.0054,"lastBolusTime":1704350346000,"time":"2024-01-04T11:02:38.227Z"}}],"profile":{"max_iob":7,"type":"current","max_daily_basal":0.45,"max_basal":1.35,"min_bg":81.0000000000001,"max_bg":81.0000000000001,"target_bg":81.0000000000001,"carb_ratio":9,"sens":352.8,"max_daily_safety_multiplier":3,"current_basal_safety_multiplier":4,"lgsThreshold":65,"high_temptarget_raises_sensitivity":false,"low_temptarget_lowers_sensitivity":false,"sensitivity_raises_target":true,"resistance_lowers_target":true,"adv_target_adjustments":false,"exercise_mode":false,"half_basal_exercise_target":160,"maxCOB":120,"skip_neutral_temps":false,"remainingCarbsCap":90,"enableUAM":true,"A52_risk_enable":false,"SMBInterval":4,"enableSMB_with_COB":true,"enableSMB_with_temptarget":false,"allowSMB_with_high_temptarget":true,"enableSMB_always":true,"enableSMB_after_carbs":false,"maxSMBBasalMinutes":60,"maxUAMSMBBasalMinutes":60,"bolus_increment":0.05,"carbsReqThreshold":10,"current_basal":0.4,"temptargetSet":true,"autosens_max":1.2,"autosens_min":0.8,"out_units":"mmol\/L","variable_sens":321.8,"insulinDivisor":65,"TDD":7.290622458333334},"autosens_data":{"ratio":0.9800447554697894},"meal_data":{"carbs":25,"mealCOB":19.921928571428573,"slopeFromMaxDeviation":0,"slopeFromMinDeviation":1.3918181818181816,"lastBolusTime":1704350346000,"lastCarbTime":1704349467000},"microBolusAllowed":true,"currentTime":1704352060521,"flatBGsDetected":false,"tdd1D":20.64108333333334,"tdd7D":22.492595238095245,"tddLast24H":22.043750000000003,"tddLast4H":3.605833333333332,"tddLast8to4H":2.3125000000000004},"output":{"temp":"absolute","bg":75,"tick":"+1","eventualBG":294,"targetBG":81.0000000000001,"insulinReq":0,"deliverAt":"2024-01-04T07:07:40.521Z","sensitivityRatio":0.9800447554697894,"variable_sens":321.8,"predBGs":{"IOB":[75,72,67,59,47,39,39,39,39,39,39,39,39],"ZT":[75,54,39,39,39,39,39,39,39,39,39,39,39,39,39,39,39,39,39,39,39,39,39,39,39,39,39,39,39,39,39,39,39,39,39,39,39,39,39,39,39,39,39,39,39,39,39,39],"COB":[75,74,73,71,70,69,68,68,68,69,70,72,75,78,82,87,92,98,105,112,120,129,138,148,158,168,178,188,198,207,216,225,233,241,248,255,261,267,272,277,281,285,288,291,293,294,295,294],"UAM":[75,73,71,67,62,55,46,39,39,39,39,39,39]},"reason":"COB: 19.9, Dev: 6.7, BGI: -1.2, ISF: 17.9, CR: 9, Target: 4.5, minPredBG 5.8, minGuardBG -0.3, IOBpredBG 2.2, COBpredBG 16.3, UAMpredBG 2.2; minGuardBG -0.3<3.6 55m left and 0 ~ req 0U\/hr: no temp required","COB":19.921928571428573,"IOB":1.52,"timestamp":"2024-01-04T07:07:40.548Z"}}