{"algorithm":"OpenAPSSMBDynamicISFPlugin","input":{"glucoseStatus":{"glucose":208,"noise":0,"delta":-1,"short_avgdelta":-0.5,"long_avgdelta":0.57,"date":1704475634871},"currenttemp":{"temp":"absolute","duration":57,"rate":0,"minutesrunning":3},"iob_data":[{"iob":4.867,"basaliob":-0.685,"bolussnooze":1.7927,"activity":0.0367,"lastBolusTime":1704475376000,"time":"2024-01-05T17:27:41.670Z","iobWithZeroTemp":{"iob":4.867,"basaliob":-0.685,"bolussnooze":1.7927,"activity":0.0367,"lastBolusTime":1704475376000,"time":"2024-01-05T17:27:41.670Z"}},{"iob":4.68,"basaliob":-0.653,"bolussnooze":1.6429,"activity":0.038,"lastBolusTime":1704475376000,"time":"2024-01-05T17:32:41.670Z","iobWithZeroTemp":{"iob":4.653,"basaliob":-0.68,"bolussnooze":1.6429,"activity":0.038,"lastBolusTime":1704475376000,"time":"2024-01-05T17:32:41.670Z"}},{"iob":4.487,"basaliob":-0.621,"bolussnooze":1.4917,"activity":0.0388,"lastBolusTime":1704475376000,"time":"2024-01-05T17:37:41.670Z","iobWithZeroTemp":{"iob":4.427,"basaliob":-0.681,"bolussnooze":1.4917,"activity":0.0387,"lastBolusTime":1704475376000,"time":"2024-01-05T17:37:41.670Z"}},{"iob":4.292,"basaliob":-0.589,"bolussnooze":1.3436,"activity":0.0392,"lastBolusTime":1704475376000,"time":"2024-01-05T17:42:41.670Z","iobWithZeroTemp":{"iob":4.2,"basaliob":-0.681,"bolussnooze":1.3436,"activity":0.039,"lastBolusTime":1704475376000,"time":"2024-01-05T17:42:41.670Z"}},{"iob":4.095,"basaliob":-0.558,"bolussnooze":1.2021,"activity":0.0394,"lastBolusTime":1704475376000,"time":"2024-01-05T17:47:41.670Z","iobWithZeroTemp":{"iob":3.97,"basaliob":-0.683,"bolussnooze":1.2021,"activity":0.0391,"lastBolusTime":1704475376000,"time":"2024-01-05T17:47:41.670Z"}},{"iob":3.899,"basaliob":-0.528,"bolussnooze":1.069,"activity":0.039,"lastBolusTime":1704475376000,"time":"2024-01-05T17:52:41.670Z","iobWithZeroTemp":{"iob":3.743,"basaliob":-0.684,"bolussnooze":1.069,"activity":0.0385,"lastBolusTime":1704475376000,"time":"2024-01-05T17:52:41.670Z"}},{"iob":3.705,"basaliob":-0.499,"bolussnooze":0.9455,"activity":0.0385,"lastBolusTime":1704475376000,"time":"2024-01-05T17:57:41.670Z","iobWithZeroTemp":{"iob":3.519,"basaliob":-0.685,"bolussnooze":0.9455,"activity":0.0378,"lastBolusTime":1704475376000,"time":"2024-01-05T17:57:41.670Z"}},{"iob":3.514,"basaliob":-0.47,"bolussnooze":0.8323,"activity":0.0378,"lastBolusTime":1704475376000,"time":"2024-01-05T18:02:41.670Z","iobWithZeroTemp":{"iob":3.298,"basaliob":-0.686,"bolussnooze":0.8323,"activity":0.0369,"lastBolusTime":1704475376000,"time":"2024-01-05T18:02:41.670Z"}},{"iob":3.327,"basaliob":-0.443,"bolussnooze":0.7295,"activity":0.0369,"lastBolusTime":1704475376000,"time":"2024-01-05T18:07:41.670Z","iobWithZeroTemp":{"iob":3.083,"basaliob":-0.687,"bolussnooze":0.7295,"activity":0.0358,"lastBolusTime":1704475376000,"time":"2024-01-05T18:07:41.670Z"}},{"iob":3.146,"basaliob":-0.416,"bolussnooze":0.6368,"activity":0.0358,"lastBolusTime":1704475376000,"time":"2024-01-05T18:12:41.670Z","iobWithZeroTemp":{"iob":2.874,"basaliob":-0.688,"bolussnooze":0.6368,"activity":0.0345,"lastBolusTime":1704475376000,"time":"2024-01-05T18:12:41.670Z"}},{"iob":2.969,"basaliob":-0.391,"bolussnooze":0.5538,"activity":0.0348,"lastBolusTime":1704475376000,"time":"2024-01-05T18:17:41.670Z","iobWithZeroTemp":{"iob":2.671,"basaliob":-0.689,"bolussnooze":0.5538,"activity":0.0333,"lastBolusTime":1704475376000,"time":"2024-01-05T18:17:41.670Z"}},{"iob":2.798,"basaliob":-0.367,"bolussnooze":0.48,"activity":0.0335,"lastBolusTime":1704475376000,"time":"2024-01-05T18:22:41.670Z","iobWithZeroTemp":{"iob":2.475,"basaliob":-0.69,"bolussnooze":0.48,"activity":0.0317,"lastBolusTime":1704475376000,"time":"2024-01-05T18:22:41.670Z"}},{"iob":2.634,"basaliob":-0.344,"bolussnooze":0.4146,"activity":0.0322,"lastBolusTime":1704475376000,"time":"2024-01-05T18:27:41.670Z","iobWithZeroTemp":{"iob":2.287,"basaliob":-0.691,"bolussnooze":0.4146,"activity":0.0302,"lastBolusTime":1704475376000,"time":"2024-01-05T18:27:41.670Z"}},{"iob":2.476,"basaliob":-0.322,"bolussnooze":0.357,"activity":0.0309,"lastBolusTime":1704475376000,"time":"2024-01-05T18:32:41.670Z","iobWithZeroTemp":{"iob":2.106,"basaliob":-0.692,"bolussnooze":0.357,"activity":0.0287,"lastBolusTime":1704475376000,"time":"2024-01-05T18:32:41.670Z"}},{"iob":2.325,"basaliob":-0.301,"bolussnooze":0.3064,"activity":0.0295,"lastBolusTime":1704475376000,"time":"2024-01-05T18:37:41.670Z","iobWithZeroTemp":{"iob":1.934,"basaliob":-0.692,"bolussnooze":0.3064,"activity":0.0271,"lastBolusTime":1704475376000,"time":"2024-01-05T18:37:41.670Z"}},{"iob":2.181,"basaliob":-0.281,"bolussnooze":0.2623,"activity":0.0282,"lastBolusTime":1704475376000,"time":"2024-01-05T18:42:41.670Z","iobWithZeroTemp":{"iob":1.769,"basaliob":-0.693,"bolussnooze":0.2623,"activity":0.0255,"lastBolusTime":1704475376000,"time":"2024-01-05T18:42:41.670Z"}},{"iob":2.043,"basaliob":-0.262,"bolussnooze":0.2238,"activity":0.0269,"lastBolusTime":1704475376000,"time":"2024-01-05T18:47:41.670Z","iobWithZeroTemp":{"iob":1.612,"basaliob":-0.693,"bolussnooze":0.2238,"activity":0.024,"lastBolusTime":1704475376000,"time":"2024-01-05T18:47:41.670Z"}},{"iob":1.911,"basaliob":-0.245,"bolussnooze":0.1905,"activity":0.0256,"lastBolusTime":1704475376000,"time":"2024-01-05T18:52:41.670Z","iobWithZeroTemp":{"iob":1.461,"basaliob":-0.695,"bolussnooze":0.1905,"activity":0.0225,"lastBolusTime":1704475376000,"time":"2024-01-05T18:52:41.670Z"}},{"iob":1.787,"basaliob":-0.228,"bolussnooze":0.1617,"activity":0.0243,"lastBolusTime":1704475376000,"time":"2024-01-05T18:57:41.670Z","iobWithZeroTemp":{"iob":1.32,"basaliob":-0.695,"bolussnooze":0.1617,"activity":0.021,"lastBolusTime":1704475376000,"time":"2024-01-05T18:57:41.670Z"}},{"iob":1.669,"basaliob":-0.212,"bolussnooze":0.1368,"activity":0.0229,"lastBolusTime":1704475376000,"time":"2024-01-05T19:02:41.670Z","iobWithZeroTemp":{"iob":1.185,"basaliob":-0.696,"bolussnooze":0.1368,"activity":0.0194,"lastBolusTime":1704475376000,"time":"2024-01-05T19:02:41.670Z"}},{"iob":1.558,"basaliob":-0.197,"bolussnooze":0.1154,"activity":0.0217,"lastBolusTime":1704475376000,"time":"2024-01-05T19:07:41.670Z","iobWithZeroTemp":{"iob":1.059,"basaliob":-0.696,"bolussnooze":0.1154,"activity":0.018,"lastBolusTime":1704475376000,"time":"2024-01-05T19:07:41.670Z"}},{"iob":1.452,"basaliob":-0.183,"bolussnooze":0.0971,"activity":0.0205,"lastBolusTime":1704475376000,"time":"2024-01-05T19:12:41.670Z","iobWithZeroTemp":{"iob":0.938,"basaliob":-0.697,"bolussnooze":0.0971,"activity":0.0166,"lastBolusTime":1704475376000,"time":"2024-01-05T19:12:41.670Z"}},{"iob":1.353,"basaliob":-0.17,"bolussnooze":0.0815,"activity":0.0194,"lastBolusTime":1704475376000,"time":"2024-01-05T19:17:41.670Z","iobWithZeroTemp":{"iob":0.826,"basaliob":-0.697,"bolussnooze":0.0815,"activity":0.0154,"lastBolusTime":1704475376000,"time":"2024-01-05T19:17:41.670Z"}},{"iob":1.259,"basaliob":-0.158,"bolussnooze":0.0682,"activity":0.0182,"lastBolusTime":1704475376000,"time":"2024-01-05T19:22:41.670Z","iobWithZeroTemp":{"iob":0.719,"basaliob":-0.698,"bolussnooze":0.0682,"activity":0.014,"lastBolusTime":1704475376000,"time":"2024-01-05T19:22:41.670Z"}},{"iob":1.17,"basaliob":-0.147,"bolussnooze":0.0568,"activity":0.0171,"lastBolusTime":1704475376000,"time":"2024-01-05T19:27:41.670Z","iobWithZeroTemp":{"iob":0.618,"basaliob":-0.699,"bolussnooze":0.0568,"activity":0.0128,"lastBolusTime":1704475376000,"time":"2024-01-05T19:27:41.670Z"}},{"iob":1.087,"basaliob":-0.136,"bolussnooze":0.0473,"activity":0.0161,"lastBolusTime":1704475376000,"time":"2024-01-05T19:32:41.670Z","iobWithZeroTemp":{"iob":0.524,"basaliob":-0.699,"bolussnooze":0.0473,"activity":0.0116,"lastBolusTime":1704475376000,"time":"2024-01-05T19:32:41.670Z"}},{"iob":1.009,"basaliob":-0.126,"bolussnooze":0.0392,"activity":0.0151,"lastBolusTime":1704475376000,"time":"2024-01-05T19:37:41.670Z","iobWithZeroTemp":{"iob":0.435,"basaliob":-0.7,"bolussnooze":0.0392,"activity":0.0105,"lastBolusTime":1704475376000,"time":"2024-01-05T19:37:41.670Z"}},{"iob":0.937,"basaliob":-0.116,"bolussnooze":0.0323,"activity":0.0142,"lastBolusTime":1704475376000,"time":"2024-01-05T19:42:41.670Z","iobWithZeroTemp":{"iob":0.353,"basaliob":-0.7,"bolussnooze":0.0323,"activity":0.0094,"lastBolusTime":1704475376000,"time":"2024-01-05T19:42:41.670Z"}},{"iob":0.869,"basaliob":-0.107,"bolussnooze":0.0266,"activity":0.0132,"lastBolusTime":1704475376000,"time":"2024-01-05T19:47:41.670Z","iobWithZeroTemp":{"iob":0.276,"basaliob":-0.7,"bolussnooze":0.0266,"activity":0.0083,"lastBolusTime":1704475376000,"time":"2024-01-05T19:47:41.670Z"}},{"iob":0.804,"basaliob":-0.099,"bolussnooze":0.0218,"activity":0.0124,"lastBolusTime":1704475376000,"time":"2024-01-05T19:52:41.670Z","iobWithZeroTemp":{"iob":0.203,"basaliob":-0.7,"bolussnooze":0.0218,"activity":0.0074,"lastBolusTime":1704475376000,"time":"2024-01-05T19:52:41.670Z"}},{"iob":0.744,"basaliob":-0.092,"bolussnooze":0.0177,"activity":0.0115,"lastBolusTime":1704475376000,"time":"2024-01-05T19:57:41.670Z","iobWithZeroTemp":{"iob":0.135,"basaliob":-0.701,"bolussnooze":0.0177,"activity":0.0064,"lastBolusTime":1704475376000,"time":"2024-01-05T19:57:41.670Z"}},{"iob":0.689,"basaliob":-0.084,"bolussnooze":0.0144,"activity":0.0108,"lastBolusTime":1704475376000,"time":"2024-01-05T20:02:41.670Z","iobWithZeroTemp":{"iob":0.072,"basaliob":-0.701,"bolussnooze":0.0144,"activity":0.0056,"lastBolusTime":1704475376000,"time":"2024-01-05T20:02:41.670Z"}},{"iob":0.636,"basaliob":-0.078,"bolussnooze":0.0116,"activity":0.01,"lastBolusTime":1704475376000,"time":"2024-01-05T20:07:41.670Z","iobWithZeroTemp":{"iob":0.012,"basaliob":-0.702,"bolussnooze":0.0116,"activity":0.0047,"lastBolusTime":1704475376000,"time":"2024-01-05T20:07:41.670Z"}},{"iob":0.587,"basaliob":-0.072,"bolussnooze":0.0093,"activity":0.0094,"lastBolusTime":1704475376000,"time":"2024-01-05T20:12:41.670Z","iobWithZeroTemp":{"iob":-0.043,"basaliob":-0.702,"bolussnooze":0.0093,"activity":0.004,"lastBolusTime":1704475376000,"time":"2024-01-05T20:12:41.670Z"}},{"iob":0.542,"basaliob":-0.066,"bolussnooze":0.0074,"activity":0.0087,"lastBolusTime":1704475376000,"time":"2024-01-05T20:17:41.670Z","iobWithZeroTemp":{"iob":-0.094,"basaliob":-0.702,"bolussnooze":0.0074,"activity":0.0032,"lastBolusTime":1704475376000,"time":"2024-01-05T20:17:41.670Z"}},{"iob":0.5,"basaliob":-0.061,"bolussnooze":0.0059,"activity":0.0082,"lastBolusTime":1704475376000,"time":"2024-01-05T20:22:41.670Z","iobWithZeroTemp":{"iob":-0.142,"basaliob":-0.703,"bolussnooze":0.0059,"activity":0.0026,"lastBolusTime":1704475376000,"time":"2024-01-05T20:22:41.670Z"}},{"iob":0.461,"basaliob":-0.056,"bolussnooze":0.0046,"activity":0.0076,"lastBolusTime":1704475376000,"time":"2024-01-05T20:27:41.670Z","iobWithZeroTemp":{"iob":-0.186,"basaliob":-0.703,"bolussnooze":0.0046,"activity":0.0019,"lastBolusTime":1704475376000,"time":"2024-01-05T20:27:41.670Z"}},{"iob":0.425,"basaliob":-0.051,"bolussnooze":0.0036,"activity":0.007,"lastBolusTime":1704475376000,"time":"2024-01-05T20:32:41.670Z","iobWithZeroTemp":{"iob":-0.226,"basaliob":-0.702,"bolussnooze":0.0036,"activity":0.0012,"lastBolusTime":1704475376000,"time":"2024-01-05T20:32:41.670Z"}},{"iob":0.391,"basaliob":-0.047,"bolussnooze":0.0028,"activity":0.0065,"lastBolusTime":1704475376000,"time":"2024-01-05T20:37:41.670Z","iobWithZeroTemp":{"iob":-0.265,"basaliob":-0.703,"bolussnooze":0.0028,"activity":7.0E-4,"lastBolusTime":1704475376000,"time":"2024-01-05T20:37:41.670Z"}},{"iob":0.359,"basaliob":-0.043,"bolussnooze":0.0021,"activity":0.0061,"lastBolusTime":1704475376000,"time":"2024-01-05T20:42:41.670Z","iobWithZeroTemp":{"iob":-0.301,"basaliob":-0.703,"bolussnooze":0.0021,"activity":2.0E-4,"lastBolusTime":1704475376000,"time":"2024-01-05T20:42:41.670Z"}},{"iob":0.33,"basaliob":-0.04,"bolussnooze":0.0016,"activity":0.0056,"lastBolusTime":1704475376000,"time":"2024-01-05T20:47:41.670Z","iobWithZeroTemp":{"iob":-0.334,"basaliob":-0.704,"bolussnooze":0.0016,"activity":-3.0E-4,"lastBolusTime":1704475376000,"time":"2024-01-05T20:47:41.670Z"}},{"iob":0.303,"basaliob":-0.036,"bolussnooze":0.0012,"activity":0.0052,"lastBolusTime":1704475376000,"time":"2024-01-05T20:52:41.670Z","iobWithZeroTemp":{"iob":-0.364,"basaliob":-0.703,"bolussnooze":0.0012,"activity":-8.0E-4,"lastBolusTime":1704475376000,"time":"2024-01-05T20:52:41.670Z"}},{"iob":0.278,"basaliob":-0.033,"bolussnooze":9.0E-4,"activity":0.0048,"lastBolusTime":1704475376000,"time":"2024-01-05T20:57:41.670Z","iobWithZeroTemp":{"iob":-0.392,"basaliob":-0.703,"bolussnooze":9.0E-4,"activity":-0.0013,"lastBolusTime":1704475376000,"time":"2024-01-05T20:57:41.670Z"}},{"iob":0.256,"basaliob":-0.03,"bolussnooze":6.0E-4,"activity":0.0045,"lastBolusTime":1704475376000,"time":"2024-01-05T21:02:41.670Z","iobWithZeroTemp":{"iob":-0.417,"basaliob":-0.703,"bolussnooze":6.0E-4,"activity":-0.0016,"lastBolusTime":1704475376000,"time":"2024-01-05T21:02:41.670Z"}},{"iob":0.234,"basaliob":-0.028,"bolussnooze":4.0E-4,"activity":0.0041,"lastBolusTime":1704475376000,"time":"2024-01-05T21:07:41.670Z","iobWithZeroTemp":{"iob":-0.442,"basaliob":-0.704,"bolussnooze":4.0E-4,"activity":-0.002,"lastBolusTime":1704475376000,"time":"2024-01-05T21:07:41.670Z"}},{"iob":0.214,"basaliob":-0.025,"bolussnooze":3.0E-4,"activity":0.0038,"lastBolusTime":1704475376000,"time":"2024-01-05T21:12:41.670Z","iobWithZeroTemp":{"iob":-0.464,"basaliob":-0.703,"bolussnooze":3.0E-4,"activity":-0.0024,"lastBolusTime":1704475376000,"time":"2024-01-05T21:12:41.670Z"}},{"iob":0.196,"basaliob":-0.023,"bolussnooze":2.0E-4,"activity":0.0035,"lastBolusTime":1704475376000,"time":"2024-01-05T21:17:41.670Z","iobWithZeroTemp":{"iob":-0.485,"basaliob":-0.704,"bolussnooze":2.0E-4,"activity":-0.0027,"lastBolusTime":1704475376000,"time":"2024-01-05T21:17:41.670Z"}},{"iob":0.179,"basaliob":-0.021,"bolussnooze":1.0E-4,"activity":0.0032,"lastBolusTime":1704475376000,"time":"2024-01-05T21:22:41.670Z","iobWithZeroTemp":{"iob":-0.504,"basaliob":-0.704,"bolussnooze":1.0E-4,"activity":-0.0031,"lastBolusTime":1704475376000,"time":"2024-01-05T21:22:41.670Z"}}],"profile":{"max_iob":7,"type":"current","max_daily_basal":0.45,"max_basal":1.35,"min_bg":81.0000000000001,"max_bg":81.0000000000001,"target_bg":81.0000000000001,"carb_ratio":11,"sens":352.8,"max_daily_safety_multiplier":3,"current_basal_safety_multiplier":4,"lgsThreshold":65,"high_temptarget_raises_sensitivity":false,"low_temptarget_lowers_sensitivity":false,"sensitivity_raises_target":true,"resistance_lowers_target":true,"adv_target_adjustments":false,"exercise_mode":false,"half_basal_exercise_target":160,"maxCOB":120,"skip_neutral_temps":false,"remainingCarbsCap":90,"enableUAM":true,"A52_risk_enable":false,"SMBInterval":4,"enableSMB_with_COB":true,"enableSMB_with_temptarget":false,"allowSMB_with_high_temptarget":true,"enableSMB_always":true,"enableSMB_after_carbs":false,"maxSMBBasalMinutes":60,"maxUAMSMBBasalMinutes":60,"bolus_increment":0.05,"carbsReqThreshold":10,"current_basal":0.4,"temptargetSet":true,"autosens_max":1.2,"autosens_min":0.8,"out_units":"mmol\/L","variable_sens":102.6,"insulinDivisor":65,"TDD":12.22372429166667},"autosens_data":{"ratio":1.3345009878084562},"meal_data":{"carbs":87,"mealCOB":62.180146258503385,"slopeFromMaxDeviation":0,"slopeFromMinDeviation":1.5809999999999995,"lastBolusTime":1704475376000,"lastCarbTime":1704474995000},"microBolusAllowed":true,"currentTime":1704475663929,"flatBGsDetected":false,"tdd1D":28.050416666666692,"tdd7D":23.609261904761915,"tddLast24H":31.506583333333328,"tddLast4H":9.696666666666665,"tddLast8to4H":7.073333333333333},"output":{"temp":"absolute","bg":208,"tick":-1,"eventualBG":290,"targetBG":81.0000000000001,"insulinReq":0,"deliverAt":"2024-01-05T17:27:43.929Z","sensitivityRatio":1.3345009878084562,"variable_sens":102.6,"predBGs":{"IOB":[208,205,201,194,185,174,160,145,127,107,82,53,39],"ZT":[208,189,169,146,122,95,63,39,39,39,39,39,39,39,39,39,39,39,39,39,39,39,39,39,39,39,39,39,39,39,39,39,39,39,39,39,39,39,39,39,39,39,39,39,39,39,39,39],"COB":[208,207,206,204,202,200,198,197,196,195,196,197,198,201,204,208,212,218,224,231,239,246,254,261,268,274,280,286,290,295,299,302,305,308,309,310,311,311,310,308,306,303,300,298,295,293,291,290],"UAM":[208,206,204,200,195,189,183,176,168,160,151,142,132,121,110,98,85,70,53,39]},"reason":"COB: 62.2, Dev: 5.9, BGI: -1.0, ISF: 5.7, CR: 11, Target: 4.5, minPredBG 5.1, minGuardBG 1.3, IOBpredBG 2.2, COBpredBG 16.1, UAMpredBG 2.2; minGuardBG 1.3<3.6","COB":62.180146258503385,"IOB":4.867,"duration":90,"rate":0,"timestamp":"2024-01-05T17:27:43.953Z"}}