{"algorithm":"OpenAPSSMBDynamicISFPlugin","input":{"glucoseStatus":{"glucose":203,"noise":0,"delta":-5,"short_avgdelta":-3.33,"long_avgdelta":-0.54,"date":1704475934578},"currenttemp":{"temp":"absolute","duration":52,"rate":0,"minutesrunning":8},"iob_data":[{"iob":4.646,"basaliob":-0.686,"bolussnooze":1.6428,"activity":0.0379,"lastBolusTime":1704475376000,"time":"2024-01-05T17:32:41.905Z","iobWithZeroTemp":{"iob":4.646,"basaliob":-0.686,"bolussnooze":1.6428,"activity":0.0379,"lastBolusTime":1704475376000,"time":"2024-01-05T17:32:41.905Z"}},{"iob":4.454,"basaliob":-0.654,"bolussnooze":1.4916,"activity":0.0388,"lastBolusTime":1704475376000,"time":"2024-01-05T17:37:41.905Z","iobWithZeroTemp":{"iob":4.427,"basaliob":-0.681,"bolussnooze":1.4916,"activity":0.0388,"lastBolusTime":1704475376000,"time":"2024-01-05T17:37:41.905Z"}},{"iob":4.259,"basaliob":-0.622,"bolussnooze":1.3435,"activity":0.0391,"lastBolusTime":1704475376000,"time":"2024-01-05T17:42:41.905Z","iobWithZeroTemp":{"iob":4.199,"basaliob":-0.682,"bolussnooze":1.3435,"activity":0.039,"lastBolusTime":1704475376000,"time":"2024-01-05T17:42:41.905Z"}},{"iob":4.063,"basaliob":-0.59,"bolussnooze":1.202,"activity":0.0392,"lastBolusTime":1704475376000,"time":"2024-01-05T17:47:41.905Z","iobWithZeroTemp":{"iob":3.971,"basaliob":-0.682,"bolussnooze":1.202,"activity":0.039,"lastBolusTime":1704475376000,"time":"2024-01-05T17:47:41.905Z"}},{"iob":3.868,"basaliob":-0.559,"bolussnooze":1.0689,"activity":0.0389,"lastBolusTime":1704475376000,"time":"2024-01-05T17:52:41.905Z","iobWithZeroTemp":{"iob":3.743,"basaliob":-0.684,"bolussnooze":1.0689,"activity":0.0386,"lastBolusTime":1704475376000,"time":"2024-01-05T17:52:41.905Z"}},{"iob":3.674,"basaliob":-0.529,"bolussnooze":0.9454,"activity":0.0383,"lastBolusTime":1704475376000,"time":"2024-01-05T17:57:41.905Z","iobWithZeroTemp":{"iob":3.518,"basaliob":-0.685,"bolussnooze":0.9454,"activity":0.0378,"lastBolusTime":1704475376000,"time":"2024-01-05T17:57:41.905Z"}},{"iob":3.485,"basaliob":-0.499,"bolussnooze":0.8323,"activity":0.0376,"lastBolusTime":1704475376000,"time":"2024-01-05T18:02:41.905Z","iobWithZeroTemp":{"iob":3.299,"basaliob":-0.685,"bolussnooze":0.8323,"activity":0.0369,"lastBolusTime":1704475376000,"time":"2024-01-05T18:02:41.905Z"}},{"iob":3.299,"basaliob":-0.471,"bolussnooze":0.7294,"activity":0.0367,"lastBolusTime":1704475376000,"time":"2024-01-05T18:07:41.905Z","iobWithZeroTemp":{"iob":3.083,"basaliob":-0.687,"bolussnooze":0.7294,"activity":0.0358,"lastBolusTime":1704475376000,"time":"2024-01-05T18:07:41.905Z"}},{"iob":3.117,"basaliob":-0.444,"bolussnooze":0.6368,"activity":0.0356,"lastBolusTime":1704475376000,"time":"2024-01-05T18:12:41.905Z","iobWithZeroTemp":{"iob":2.873,"basaliob":-0.688,"bolussnooze":0.6368,"activity":0.0345,"lastBolusTime":1704475376000,"time":"2024-01-05T18:12:41.905Z"}},{"iob":2.943,"basaliob":-0.417,"bolussnooze":0.5538,"activity":0.0345,"lastBolusTime":1704475376000,"time":"2024-01-05T18:17:41.905Z","iobWithZeroTemp":{"iob":2.671,"basaliob":-0.689,"bolussnooze":0.5538,"activity":0.0332,"lastBolusTime":1704475376000,"time":"2024-01-05T18:17:41.905Z"}},{"iob":2.773,"basaliob":-0.392,"bolussnooze":0.4799,"activity":0.0332,"lastBolusTime":1704475376000,"time":"2024-01-05T18:22:41.905Z","iobWithZeroTemp":{"iob":2.475,"basaliob":-0.69,"bolussnooze":0.4799,"activity":0.0317,"lastBolusTime":1704475376000,"time":"2024-01-05T18:22:41.905Z"}},{"iob":2.609,"basaliob":-0.368,"bolussnooze":0.4145,"activity":0.032,"lastBolusTime":1704475376000,"time":"2024-01-05T18:27:41.905Z","iobWithZeroTemp":{"iob":2.286,"basaliob":-0.691,"bolussnooze":0.4145,"activity":0.0302,"lastBolusTime":1704475376000,"time":"2024-01-05T18:27:41.905Z"}},{"iob":2.453,"basaliob":-0.345,"bolussnooze":0.3569,"activity":0.0307,"lastBolusTime":1704475376000,"time":"2024-01-05T18:32:41.905Z","iobWithZeroTemp":{"iob":2.106,"basaliob":-0.692,"bolussnooze":0.3569,"activity":0.0287,"lastBolusTime":1704475376000,"time":"2024-01-05T18:32:41.905Z"}},{"iob":2.303,"basaliob":-0.323,"bolussnooze":0.3064,"activity":0.0293,"lastBolusTime":1704475376000,"time":"2024-01-05T18:37:41.905Z","iobWithZeroTemp":{"iob":1.933,"basaliob":-0.693,"bolussnooze":0.3064,"activity":0.0271,"lastBolusTime":1704475376000,"time":"2024-01-05T18:37:41.905Z"}},{"iob":2.159,"basaliob":-0.302,"bolussnooze":0.2623,"activity":0.028,"lastBolusTime":1704475376000,"time":"2024-01-05T18:42:41.905Z","iobWithZeroTemp":{"iob":1.768,"basaliob":-0.693,"bolussnooze":0.2623,"activity":0.0256,"lastBolusTime":1704475376000,"time":"2024-01-05T18:42:41.905Z"}},{"iob":2.023,"basaliob":-0.282,"bolussnooze":0.2238,"activity":0.0266,"lastBolusTime":1704475376000,"time":"2024-01-05T18:47:41.905Z","iobWithZeroTemp":{"iob":1.611,"basaliob":-0.694,"bolussnooze":0.2238,"activity":0.0239,"lastBolusTime":1704475376000,"time":"2024-01-05T18:47:41.905Z"}},{"iob":1.893,"basaliob":-0.263,"bolussnooze":0.1905,"activity":0.0253,"lastBolusTime":1704475376000,"time":"2024-01-05T18:52:41.905Z","iobWithZeroTemp":{"iob":1.462,"basaliob":-0.694,"bolussnooze":0.1905,"activity":0.0224,"lastBolusTime":1704475376000,"time":"2024-01-05T18:52:41.905Z"}},{"iob":1.77,"basaliob":-0.245,"bolussnooze":0.1616,"activity":0.024,"lastBolusTime":1704475376000,"time":"2024-01-05T18:57:41.905Z","iobWithZeroTemp":{"iob":1.32,"basaliob":-0.695,"bolussnooze":0.1616,"activity":0.0209,"lastBolusTime":1704475376000,"time":"2024-01-05T18:57:41.905Z"}},{"iob":1.652,"basaliob":-0.229,"bolussnooze":0.1368,"activity":0.0227,"lastBolusTime":1704475376000,"time":"2024-01-05T19:02:41.905Z","iobWithZeroTemp":{"iob":1.185,"basaliob":-0.696,"bolussnooze":0.1368,"activity":0.0194,"lastBolusTime":1704475376000,"time":"2024-01-05T19:02:41.905Z"}},{"iob":1.542,"basaliob":-0.213,"bolussnooze":0.1154,"activity":0.0215,"lastBolusTime":1704475376000,"time":"2024-01-05T19:07:41.905Z","iobWithZeroTemp":{"iob":1.058,"basaliob":-0.697,"bolussnooze":0.1154,"activity":0.018,"lastBolusTime":1704475376000,"time":"2024-01-05T19:07:41.905Z"}},{"iob":1.437,"basaliob":-0.198,"bolussnooze":0.0971,"activity":0.0203,"lastBolusTime":1704475376000,"time":"2024-01-05T19:12:41.905Z","iobWithZeroTemp":{"iob":0.938,"basaliob":-0.697,"bolussnooze":0.0971,"activity":0.0166,"lastBolusTime":1704475376000,"time":"2024-01-05T19:12:41.905Z"}},{"iob":1.339,"basaliob":-0.184,"bolussnooze":0.0815,"activity":0.0192,"lastBolusTime":1704475376000,"time":"2024-01-05T19:17:41.905Z","iobWithZeroTemp":{"iob":0.825,"basaliob":-0.698,"bolussnooze":0.0815,"activity":0.0153,"lastBolusTime":1704475376000,"time":"2024-01-05T19:17:41.905Z"}},{"iob":1.246,"basaliob":-0.171,"bolussnooze":0.0682,"activity":0.0181,"lastBolusTime":1704475376000,"time":"2024-01-05T19:22:41.905Z","iobWithZeroTemp":{"iob":0.719,"basaliob":-0.698,"bolussnooze":0.0682,"activity":0.0141,"lastBolusTime":1704475376000,"time":"2024-01-05T19:22:41.905Z"}},{"iob":1.159,"basaliob":-0.158,"bolussnooze":0.0568,"activity":0.0169,"lastBolusTime":1704475376000,"time":"2024-01-05T19:27:41.905Z","iobWithZeroTemp":{"iob":0.619,"basaliob":-0.698,"bolussnooze":0.0568,"activity":0.0127,"lastBolusTime":1704475376000,"time":"2024-01-05T19:27:41.905Z"}},{"iob":1.076,"basaliob":-0.147,"bolussnooze":0.0473,"activity":0.016,"lastBolusTime":1704475376000,"time":"2024-01-05T19:32:41.905Z","iobWithZeroTemp":{"iob":0.524,"basaliob":-0.699,"bolussnooze":0.0473,"activity":0.0117,"lastBolusTime":1704475376000,"time":"2024-01-05T19:32:41.905Z"}},{"iob":0.999,"basaliob":-0.136,"bolussnooze":0.0391,"activity":0.0149,"lastBolusTime":1704475376000,"time":"2024-01-05T19:37:41.905Z","iobWithZeroTemp":{"iob":0.436,"basaliob":-0.699,"bolussnooze":0.0391,"activity":0.0104,"lastBolusTime":1704475376000,"time":"2024-01-05T19:37:41.905Z"}},{"iob":0.927,"basaliob":-0.126,"bolussnooze":0.0323,"activity":0.014,"lastBolusTime":1704475376000,"time":"2024-01-05T19:42:41.905Z","iobWithZeroTemp":{"iob":0.353,"basaliob":-0.7,"bolussnooze":0.0323,"activity":0.0094,"lastBolusTime":1704475376000,"time":"2024-01-05T19:42:41.905Z"}},{"iob":0.86,"basaliob":-0.116,"bolussnooze":0.0266,"activity":0.0131,"lastBolusTime":1704475376000,"time":"2024-01-05T19:47:41.905Z","iobWithZeroTemp":{"iob":0.276,"basaliob":-0.7,"bolussnooze":0.0266,"activity":0.0083,"lastBolusTime":1704475376000,"time":"2024-01-05T19:47:41.905Z"}},{"iob":0.795,"basaliob":-0.108,"bolussnooze":0.0218,"activity":0.0123,"lastBolusTime":1704475376000,"time":"2024-01-05T19:52:41.905Z","iobWithZeroTemp":{"iob":0.202,"basaliob":-0.701,"bolussnooze":0.0218,"activity":0.0074,"lastBolusTime":1704475376000,"time":"2024-01-05T19:52:41.905Z"}},{"iob":0.737,"basaliob":-0.099,"bolussnooze":0.0177,"activity":0.0114,"lastBolusTime":1704475376000,"time":"2024-01-05T19:57:41.905Z","iobWithZeroTemp":{"iob":0.136,"basaliob":-0.7,"bolussnooze":0.0177,"activity":0.0064,"lastBolusTime":1704475376000,"time":"2024-01-05T19:57:41.905Z"}},{"iob":0.681,"basaliob":-0.092,"bolussnooze":0.0144,"activity":0.0107,"lastBolusTime":1704475376000,"time":"2024-01-05T20:02:41.905Z","iobWithZeroTemp":{"iob":0.072,"basaliob":-0.701,"bolussnooze":0.0144,"activity":0.0056,"lastBolusTime":1704475376000,"time":"2024-01-05T20:02:41.905Z"}},{"iob":0.629,"basaliob":-0.085,"bolussnooze":0.0116,"activity":0.0099,"lastBolusTime":1704475376000,"time":"2024-01-05T20:07:41.905Z","iobWithZeroTemp":{"iob":0.012,"basaliob":-0.702,"bolussnooze":0.0116,"activity":0.0047,"lastBolusTime":1704475376000,"time":"2024-01-05T20:07:41.905Z"}},{"iob":0.581,"basaliob":-0.078,"bolussnooze":0.0093,"activity":0.0093,"lastBolusTime":1704475376000,"time":"2024-01-05T20:12:41.905Z","iobWithZeroTemp":{"iob":-0.043,"basaliob":-0.702,"bolussnooze":0.0093,"activity":0.004,"lastBolusTime":1704475376000,"time":"2024-01-05T20:12:41.905Z"}},{"iob":0.536,"basaliob":-0.072,"bolussnooze":0.0074,"activity":0.0086,"lastBolusTime":1704475376000,"time":"2024-01-05T20:17:41.905Z","iobWithZeroTemp":{"iob":-0.094,"basaliob":-0.702,"bolussnooze":0.0074,"activity":0.0032,"lastBolusTime":1704475376000,"time":"2024-01-05T20:17:41.905Z"}},{"iob":0.495,"basaliob":-0.066,"bolussnooze":0.0059,"activity":0.008,"lastBolusTime":1704475376000,"time":"2024-01-05T20:22:41.905Z","iobWithZeroTemp":{"iob":-0.141,"basaliob":-0.702,"bolussnooze":0.0059,"activity":0.0025,"lastBolusTime":1704475376000,"time":"2024-01-05T20:22:41.905Z"}},{"iob":0.456,"basaliob":-0.061,"bolussnooze":0.0046,"activity":0.0075,"lastBolusTime":1704475376000,"time":"2024-01-05T20:27:41.905Z","iobWithZeroTemp":{"iob":-0.186,"basaliob":-0.703,"bolussnooze":0.0046,"activity":0.0019,"lastBolusTime":1704475376000,"time":"2024-01-05T20:27:41.905Z"}},{"iob":0.42,"basaliob":-0.056,"bolussnooze":0.0036,"activity":0.007,"lastBolusTime":1704475376000,"time":"2024-01-05T20:32:41.905Z","iobWithZeroTemp":{"iob":-0.227,"basaliob":-0.703,"bolussnooze":0.0036,"activity":0.0013,"lastBolusTime":1704475376000,"time":"2024-01-05T20:32:41.905Z"}},{"iob":0.387,"basaliob":-0.051,"bolussnooze":0.0028,"activity":0.0064,"lastBolusTime":1704475376000,"time":"2024-01-05T20:37:41.905Z","iobWithZeroTemp":{"iob":-0.264,"basaliob":-0.702,"bolussnooze":0.0028,"activity":6.0E-4,"lastBolusTime":1704475376000,"time":"2024-01-05T20:37:41.905Z"}},{"iob":0.355,"basaliob":-0.047,"bolussnooze":0.0021,"activity":0.006,"lastBolusTime":1704475376000,"time":"2024-01-05T20:42:41.905Z","iobWithZeroTemp":{"iob":-0.301,"basaliob":-0.703,"bolussnooze":0.0021,"activity":2.0E-4,"lastBolusTime":1704475376000,"time":"2024-01-05T20:42:41.905Z"}},{"iob":0.327,"basaliob":-0.043,"bolussnooze":0.0016,"activity":0.0055,"lastBolusTime":1704475376000,"time":"2024-01-05T20:47:41.905Z","iobWithZeroTemp":{"iob":-0.333,"basaliob":-0.703,"bolussnooze":0.0016,"activity":-4.0E-4,"lastBolusTime":1704475376000,"time":"2024-01-05T20:47:41.905Z"}},{"iob":0.299,"basaliob":-0.04,"bolussnooze":0.0012,"activity":0.0051,"lastBolusTime":1704475376000,"time":"2024-01-05T20:52:41.905Z","iobWithZeroTemp":{"iob":-0.365,"basaliob":-0.704,"bolussnooze":0.0012,"activity":-8.0E-4,"lastBolusTime":1704475376000,"time":"2024-01-05T20:52:41.905Z"}},{"iob":0.275,"basaliob":-0.036,"bolussnooze":9.0E-4,"activity":0.0048,"lastBolusTime":1704475376000,"time":"2024-01-05T20:57:41.905Z","iobWithZeroTemp":{"iob":-0.392,"basaliob":-0.703,"bolussnooze":9.0E-4,"activity":-0.0012,"lastBolusTime":1704475376000,"time":"2024-01-05T20:57:41.905Z"}},{"iob":0.253,"basaliob":-0.033,"bolussnooze":6.0E-4,"activity":0.0044,"lastBolusTime":1704475376000,"time":"2024-01-05T21:02:41.905Z","iobWithZeroTemp":{"iob":-0.417,"basaliob":-0.703,"bolussnooze":6.0E-4,"activity":-0.0017,"lastBolusTime":1704475376000,"time":"2024-01-05T21:02:41.905Z"}},{"iob":0.232,"basaliob":-0.03,"bolussnooze":4.0E-4,"activity":0.0041,"lastBolusTime":1704475376000,"time":"2024-01-05T21:07:41.905Z","iobWithZeroTemp":{"iob":-0.441,"basaliob":-0.703,"bolussnooze":4.0E-4,"activity":-0.002,"lastBolusTime":1704475376000,"time":"2024-01-05T21:07:41.905Z"}},{"iob":0.211,"basaliob":-0.028,"bolussnooze":3.0E-4,"activity":0.0038,"lastBolusTime":1704475376000,"time":"2024-01-05T21:12:41.905Z","iobWithZeroTemp":{"iob":-0.465,"basaliob":-0.704,"bolussnooze":3.0E-4,"activity":-0.0023,"lastBolusTime":1704475376000,"time":"2024-01-05T21:12:41.905Z"}},{"iob":0.194,"basaliob":-0.025,"bolussnooze":2.0E-4,"activity":0.0034,"lastBolusTime":1704475376000,"time":"2024-01-05T21:17:41.905Z","iobWithZeroTemp":{"iob":-0.484,"basaliob":-0.703,"bolussnooze":2.0E-4,"activity":-0.0028,"lastBolusTime":1704475376000,"time":"2024-01-05T21:17:41.905Z"}},{"iob":0.177,"basaliob":-0.023,"bolussnooze":1.0E-4,"activity":0.0032,"lastBolusTime":1704475376000,"time":"2024-01-05T21:22:41.905Z","iobWithZeroTemp":{"iob":-0.504,"basaliob":-0.704,"bolussnooze":1.0E-4,"activity":-0.003,"lastBolusTime":1704475376000,"time":"2024-01-05T21:22:41.905Z"}},{"iob":0.162,"basaliob":-0.021,"bolussnooze":1.0E-4,"activity":0.0029,"lastBolusTime":1704475376000,"time":"2024-01-05T21:27:41.905Z","iobWithZeroTemp":{"iob":-0.521,"basaliob":-0.704,"bolussnooze":1.0E-4,"activity":-0.0034,"lastBolusTime":1704475376000,"time":"2024-01-05T21:27:41.905Z"}}],"profile":{"max_iob":7,"type":"current","max_daily_basal":0.45,"max_basal":1.35,"min_bg":81.0000000000001,"max_bg":81.0000000000001,"target_bg":81.0000000000001,"carb_ratio":11,"sens":352.8,"max_daily_safety_multiplier":3,"current_basal_safety_multiplier":4,"lgsThreshold":65,"high_temptarget_raises_sensitivity":false,"low_temptarget_lowers_sensitivity":false,"sensitivity_raises_target":true,"resistance_lowers_target":true,"adv_target_adjustments":false,"exercise_mode":false,"half_basal_exercise_target":160,"maxCOB":120,"skip_neutral_temps":false,"remainingCarbsCap":90,"enableUAM":true,"A52_risk_enable":false,"SMBInterval":4,"enableSMB_with_COB":true,"enableSMB_with_temptarget":false,"allowSMB_with_high_temptarget":true,"enableSMB_always":true,"enableSMB_after_carbs":false,"maxSMBBasalMinutes":60,"maxUAMSMBBasalMinutes":60,"bolus_increment":0.05,"carbsReqThreshold":10,"current_basal":0.4,"temptargetSet":true,"autosens_max":1.2,"autosens_min":0.8,"out_units":"mmol\/L","variable_sens":104.9,"insulinDivisor":65,"TDD":12.11284429166667},"autosens_data":{"ratio":1.3345009878084562},"meal_data":{"carbs":87,"mealCOB":60.18732539682538,"slopeFromMaxDeviation":0,"slopeFromMinDeviation":1.6685714285714295,"lastBolusTime":1704475376000,"lastCarbTime":1704474995000},"microBolusAllowed":true,"currentTime":1704475964177,"flatBGsDetected":false,"tdd1D":28.050416666666692,"tdd7D":23.609261904761915,"tddLast24H":31.506583333333328,"tddLast4H":9.296666666666665,"tddLast8to4H":7.473333333333333},"output":{"temp":"absolute","bg":203,"tick":-5,"eventualBG":290,"targetBG":81.0000000000001,"insulinReq":0,"deliverAt":"2024-01-05T17:32:44.177Z","sensitivityRatio":1.3345009878084562,"variable_sens":104.9,"predBGs":{"IOB":[203,197,189,178,166,152,136,117,96,71,39,39,39],"ZT":[203,183,162,138,113,85,51,39,39,39,39,39,39,39,39,39,39,39,39,39,39,39,39,39,39,39,39,39,39,39,39,39,39,39,39,39,39,39,39,39,39,39,39,39,39,39,39,39],"COB":[203,198,193,189,184,180,177,174,172,170,170,171,172,175,178,183,188,195,202,210,220,229,238,247,255,262,270,276,282,288,293,297,301,304,306,308,309,309,309,307,305,303,300,298,296,294,292,290],"UAM":[203,197,191,183,173,163,152,140,127,112,96,78,56,39]},"reason":"COB: 60.2, Dev: 4.9, BGI: -1.1, ISF: 5.8, CR: 11, Target: 4.5, minPredBG 0.4, minGuardBG -4.2, IOBpredBG 2.2, COBpredBG 16.1, UAMpredBG 2.2; minGuardBG -4.2<3.6","COB":60.18732539682538,"IOB":4.646,"duration":120,"rate":0,"timestamp":"2024-01-05T17:32:44.201Z"}}