{"algorithm":"OpenAPSSMBDynamicISFPlugin","input":{"glucoseStatus":{"glucose":136,"noise":0,"delta":-3,"short_avgdelta":-1.78,"long_avgdelta":0.66,"date":1704120129108},"currenttemp":{"temp":"absolute","duration":10,"rate":0.52,"minutesrunning":5},"iob_data":[{"iob":0.428,"basaliob":-0.14,"bolussnooze":0.0018,"activity":0.0042,"lastBolusTime":1704119261000,"time":"2024-01-01T14:42:26.364Z","iobWithZeroTemp":{"iob":0.428,"basaliob":-0.14,"bolussnooze":0.0018,"activity":0.0042,"lastBolusTime":1704119261000,"time":"2024-01-01T14:42:26.364Z"}},{"iob":0.407,"basaliob":-0.129,"bolussnooze":0.0014,"activity":0.0042,"lastBolusTime":1704119261000,"time":"2024-01-01T14:47:26.364Z","iobWithZeroTemp":{"iob":0.38,"basaliob":-0.156,"bolussnooze":0.0014,"activity":0.0042,"lastBolusTime":1704119261000,"time":"2024-01-01T14:47:26.364Z"}},{"iob":0.387,"basaliob":-0.118,"bolussnooze":0.0011,"activity":0.0041,"lastBolusTime":1704119261000,"time":"2024-01-01T14:52:26.364Z","iobWithZeroTemp":{"iob":0.327,"basaliob":-0.178,"bolussnooze":0.0011,"activity":0.004,"lastBolusTime":1704119261000,"time":"2024-01-01T14:52:26.364Z"}},{"iob":0.366,"basaliob":-0.109,"bolussnooze":8.0E-4,"activity":0.004,"lastBolusTime":1704119261000,"time":"2024-01-01T14:57:26.364Z","iobWithZeroTemp":{"iob":0.274,"basaliob":-0.201,"bolussnooze":8.0E-4,"activity":0.0038,"lastBolusTime":1704119261000,"time":"2024-01-01T14:57:26.364Z"}},{"iob":0.347,"basaliob":-0.1,"bolussnooze":6.0E-4,"activity":0.0039,"lastBolusTime":1704119261000,"time":"2024-01-01T15:02:26.364Z","iobWithZeroTemp":{"iob":0.222,"basaliob":-0.225,"bolussnooze":6.0E-4,"activity":0.0036,"lastBolusTime":1704119261000,"time":"2024-01-01T15:02:26.364Z"}},{"iob":0.327,"basaliob":-0.092,"bolussnooze":4.0E-4,"activity":0.0038,"lastBolusTime":1704119261000,"time":"2024-01-01T15:07:26.364Z","iobWithZeroTemp":{"iob":0.171,"basaliob":-0.248,"bolussnooze":4.0E-4,"activity":0.0033,"lastBolusTime":1704119261000,"time":"2024-01-01T15:07:26.364Z"}},{"iob":0.308,"basaliob":-0.085,"bolussnooze":3.0E-4,"activity":0.0037,"lastBolusTime":1704119261000,"time":"2024-01-01T15:12:26.364Z","iobWithZeroTemp":{"iob":0.122,"basaliob":-0.271,"bolussnooze":3.0E-4,"activity":0.003,"lastBolusTime":1704119261000,"time":"2024-01-01T15:12:26.364Z"}},{"iob":0.29,"basaliob":-0.078,"bolussnooze":2.0E-4,"activity":0.0036,"lastBolusTime":1704119261000,"time":"2024-01-01T15:17:26.364Z","iobWithZeroTemp":{"iob":0.074,"basaliob":-0.294,"bolussnooze":2.0E-4,"activity":0.0027,"lastBolusTime":1704119261000,"time":"2024-01-01T15:17:26.364Z"}},{"iob":0.274,"basaliob":-0.071,"bolussnooze":1.0E-4,"activity":0.0034,"lastBolusTime":1704119261000,"time":"2024-01-01T15:22:26.364Z","iobWithZeroTemp":{"iob":0.03,"basaliob":-0.315,"bolussnooze":1.0E-4,"activity":0.0023,"lastBolusTime":1704119261000,"time":"2024-01-01T15:22:26.364Z"}},{"iob":0.257,"basaliob":-0.065,"bolussnooze":1.0E-4,"activity":0.0033,"lastBolusTime":1704119261000,"time":"2024-01-01T15:27:26.364Z","iobWithZeroTemp":{"iob":-0.015,"basaliob":-0.337,"bolussnooze":1.0E-4,"activity":0.002,"lastBolusTime":1704119261000,"time":"2024-01-01T15:27:26.364Z"}},{"iob":0.241,"basaliob":-0.06,"bolussnooze":0,"activity":0.0031,"lastBolusTime":1704119261000,"time":"2024-01-01T15:32:26.364Z","iobWithZeroTemp":{"iob":-0.057,"basaliob":-0.358,"bolussnooze":0,"activity":0.0016,"lastBolusTime":1704119261000,"time":"2024-01-01T15:32:26.364Z"}},{"iob":0.225,"basaliob":-0.055,"bolussnooze":0,"activity":0.0029,"lastBolusTime":1704119261000,"time":"2024-01-01T15:37:26.364Z","iobWithZeroTemp":{"iob":-0.098,"basaliob":-0.378,"bolussnooze":0,"activity":0.0011,"lastBolusTime":1704119261000,"time":"2024-01-01T15:37:26.364Z"}},{"iob":0.211,"basaliob":-0.05,"bolussnooze":0,"activity":0.0028,"lastBolusTime":1704119261000,"time":"2024-01-01T15:42:26.364Z","iobWithZeroTemp":{"iob":-0.136,"basaliob":-0.397,"bolussnooze":0,"activity":8.0E-4,"lastBolusTime":1704119261000,"time":"2024-01-01T15:42:26.364Z"}},{"iob":0.197,"basaliob":-0.046,"bolussnooze":0,"activity":0.0027,"lastBolusTime":1704119261000,"time":"2024-01-01T15:47:26.364Z","iobWithZeroTemp":{"iob":-0.173,"basaliob":-0.416,"bolussnooze":0,"activity":5.0E-4,"lastBolusTime":1704119261000,"time":"2024-01-01T15:47:26.364Z"}},{"iob":0.184,"basaliob":-0.042,"bolussnooze":0,"activity":0.0025,"lastBolusTime":1704119261000,"time":"2024-01-01T15:52:26.364Z","iobWithZeroTemp":{"iob":-0.207,"basaliob":-0.433,"bolussnooze":0,"activity":1.0E-4,"lastBolusTime":1704119261000,"time":"2024-01-01T15:52:26.364Z"}},{"iob":0.172,"basaliob":-0.038,"bolussnooze":0,"activity":0.0024,"lastBolusTime":1704119261000,"time":"2024-01-01T15:57:26.364Z","iobWithZeroTemp":{"iob":-0.24,"basaliob":-0.45,"bolussnooze":0,"activity":-3.0E-4,"lastBolusTime":1704119261000,"time":"2024-01-01T15:57:26.364Z"}},{"iob":0.161,"basaliob":-0.034,"bolussnooze":0,"activity":0.0023,"lastBolusTime":1704119261000,"time":"2024-01-01T16:02:26.364Z","iobWithZeroTemp":{"iob":-0.27,"basaliob":-0.465,"bolussnooze":0,"activity":-6.0E-4,"lastBolusTime":1704119261000,"time":"2024-01-01T16:02:26.364Z"}},{"iob":0.15,"basaliob":-0.031,"bolussnooze":0,"activity":0.0021,"lastBolusTime":1704119261000,"time":"2024-01-01T16:07:26.364Z","iobWithZeroTemp":{"iob":-0.3,"basaliob":-0.481,"bolussnooze":0,"activity":-0.001,"lastBolusTime":1704119261000,"time":"2024-01-01T16:07:26.364Z"}},{"iob":0.139,"basaliob":-0.029,"bolussnooze":0,"activity":0.0021,"lastBolusTime":1704119261000,"time":"2024-01-01T16:12:26.364Z","iobWithZeroTemp":{"iob":-0.328,"basaliob":-0.496,"bolussnooze":0,"activity":-0.0012,"lastBolusTime":1704119261000,"time":"2024-01-01T16:12:26.364Z"}},{"iob":0.13,"basaliob":-0.026,"bolussnooze":0,"activity":0.0019,"lastBolusTime":1704119261000,"time":"2024-01-01T16:17:26.364Z","iobWithZeroTemp":{"iob":-0.354,"basaliob":-0.51,"bolussnooze":0,"activity":-0.0016,"lastBolusTime":1704119261000,"time":"2024-01-01T16:17:26.364Z"}},{"iob":0.12,"basaliob":-0.024,"bolussnooze":0,"activity":0.0017,"lastBolusTime":1704119261000,"time":"2024-01-01T16:22:26.364Z","iobWithZeroTemp":{"iob":-0.379,"basaliob":-0.523,"bolussnooze":0,"activity":-0.002,"lastBolusTime":1704119261000,"time":"2024-01-01T16:22:26.364Z"}},{"iob":0.112,"basaliob":-0.021,"bolussnooze":0,"activity":0.0017,"lastBolusTime":1704119261000,"time":"2024-01-01T16:27:26.364Z","iobWithZeroTemp":{"iob":-0.402,"basaliob":-0.535,"bolussnooze":0,"activity":-0.0022,"lastBolusTime":1704119261000,"time":"2024-01-01T16:27:26.364Z"}},{"iob":0.104,"basaliob":-0.019,"bolussnooze":0,"activity":0.0015,"lastBolusTime":1704119261000,"time":"2024-01-01T16:32:26.364Z","iobWithZeroTemp":{"iob":-0.423,"basaliob":-0.546,"bolussnooze":0,"activity":-0.0025,"lastBolusTime":1704119261000,"time":"2024-01-01T16:32:26.364Z"}},{"iob":0.096,"basaliob":-0.018,"bolussnooze":0,"activity":0.0015,"lastBolusTime":1704119261000,"time":"2024-01-01T16:37:26.364Z","iobWithZeroTemp":{"iob":-0.444,"basaliob":-0.558,"bolussnooze":0,"activity":-0.0027,"lastBolusTime":1704119261000,"time":"2024-01-01T16:37:26.364Z"}},{"iob":0.089,"basaliob":-0.016,"bolussnooze":0,"activity":0.0014,"lastBolusTime":1704119261000,"time":"2024-01-01T16:42:26.364Z","iobWithZeroTemp":{"iob":-0.463,"basaliob":-0.568,"bolussnooze":0,"activity":-0.0029,"lastBolusTime":1704119261000,"time":"2024-01-01T16:42:26.364Z"}},{"iob":0.083,"basaliob":-0.014,"bolussnooze":0,"activity":0.0013,"lastBolusTime":1704119261000,"time":"2024-01-01T16:47:26.364Z","iobWithZeroTemp":{"iob":-0.48,"basaliob":-0.577,"bolussnooze":0,"activity":-0.0032,"lastBolusTime":1704119261000,"time":"2024-01-01T16:47:26.364Z"}},{"iob":0.076,"basaliob":-0.013,"bolussnooze":0,"activity":0.0012,"lastBolusTime":1704119261000,"time":"2024-01-01T16:52:26.364Z","iobWithZeroTemp":{"iob":-0.498,"basaliob":-0.587,"bolussnooze":0,"activity":-0.0034,"lastBolusTime":1704119261000,"time":"2024-01-01T16:52:26.364Z"}},{"iob":0.07,"basaliob":-0.012,"bolussnooze":0,"activity":0.0012,"lastBolusTime":1704119261000,"time":"2024-01-01T16:57:26.364Z","iobWithZeroTemp":{"iob":-0.514,"basaliob":-0.596,"bolussnooze":0,"activity":-0.0036,"lastBolusTime":1704119261000,"time":"2024-01-01T16:57:26.364Z"}},{"iob":0.065,"basaliob":-0.011,"bolussnooze":0,"activity":0.0011,"lastBolusTime":1704119261000,"time":"2024-01-01T17:02:26.364Z","iobWithZeroTemp":{"iob":-0.528,"basaliob":-0.604,"bolussnooze":0,"activity":-0.0038,"lastBolusTime":1704119261000,"time":"2024-01-01T17:02:26.364Z"}},{"iob":0.06,"basaliob":-0.01,"bolussnooze":0,"activity":0.001,"lastBolusTime":1704119261000,"time":"2024-01-01T17:07:26.364Z","iobWithZeroTemp":{"iob":-0.541,"basaliob":-0.611,"bolussnooze":0,"activity":-0.004,"lastBolusTime":1704119261000,"time":"2024-01-01T17:07:26.364Z"}},{"iob":0.055,"basaliob":-0.009,"bolussnooze":0,"activity":9.0E-4,"lastBolusTime":1704119261000,"time":"2024-01-01T17:12:26.364Z","iobWithZeroTemp":{"iob":-0.554,"basaliob":-0.618,"bolussnooze":0,"activity":-0.0042,"lastBolusTime":1704119261000,"time":"2024-01-01T17:12:26.364Z"}},{"iob":0.051,"basaliob":-0.008,"bolussnooze":0,"activity":8.0E-4,"lastBolusTime":1704119261000,"time":"2024-01-01T17:17:26.364Z","iobWithZeroTemp":{"iob":-0.566,"basaliob":-0.625,"bolussnooze":0,"activity":-0.0044,"lastBolusTime":1704119261000,"time":"2024-01-01T17:17:26.364Z"}},{"iob":0.047,"basaliob":-0.007,"bolussnooze":0,"activity":7.0E-4,"lastBolusTime":1704119261000,"time":"2024-01-01T17:22:26.364Z","iobWithZeroTemp":{"iob":-0.577,"basaliob":-0.631,"bolussnooze":0,"activity":-0.0046,"lastBolusTime":1704119261000,"time":"2024-01-01T17:22:26.364Z"}},{"iob":0.044,"basaliob":-0.006,"bolussnooze":0,"activity":8.0E-4,"lastBolusTime":1704119261000,"time":"2024-01-01T17:27:26.364Z","iobWithZeroTemp":{"iob":-0.586,"basaliob":-0.636,"bolussnooze":0,"activity":-0.0046,"lastBolusTime":1704119261000,"time":"2024-01-01T17:27:26.364Z"}},{"iob":0.04,"basaliob":-0.006,"bolussnooze":0,"activity":7.0E-4,"lastBolusTime":1704119261000,"time":"2024-01-01T17:32:26.364Z","iobWithZeroTemp":{"iob":-0.596,"basaliob":-0.642,"bolussnooze":0,"activity":-0.0048,"lastBolusTime":1704119261000,"time":"2024-01-01T17:32:26.364Z"}},{"iob":0.037,"basaliob":-0.005,"bolussnooze":0,"activity":6.0E-4,"lastBolusTime":1704119261000,"time":"2024-01-01T17:37:26.364Z","iobWithZeroTemp":{"iob":-0.605,"basaliob":-0.647,"bolussnooze":0,"activity":-0.005,"lastBolusTime":1704119261000,"time":"2024-01-01T17:37:26.364Z"}},{"iob":0.034,"basaliob":-0.004,"bolussnooze":0,"activity":6.0E-4,"lastBolusTime":1704119261000,"time":"2024-01-01T17:42:26.364Z","iobWithZeroTemp":{"iob":-0.613,"basaliob":-0.651,"bolussnooze":0,"activity":-0.0051,"lastBolusTime":1704119261000,"time":"2024-01-01T17:42:26.364Z"}},{"iob":0.031,"basaliob":-0.004,"bolussnooze":0,"activity":5.0E-4,"lastBolusTime":1704119261000,"time":"2024-01-01T17:47:26.364Z","iobWithZeroTemp":{"iob":-0.62,"basaliob":-0.655,"bolussnooze":0,"activity":-0.0053,"lastBolusTime":1704119261000,"time":"2024-01-01T17:47:26.364Z"}},{"iob":0.029,"basaliob":-0.003,"bolussnooze":0,"activity":5.0E-4,"lastBolusTime":1704119261000,"time":"2024-01-01T17:52:26.364Z","iobWithZeroTemp":{"iob":-0.627,"basaliob":-0.659,"bolussnooze":0,"activity":-0.0053,"lastBolusTime":1704119261000,"time":"2024-01-01T17:52:26.364Z"}},{"iob":0.026,"basaliob":-0.003,"bolussnooze":0,"activity":4.0E-4,"lastBolusTime":1704119261000,"time":"2024-01-01T17:57:26.364Z","iobWithZeroTemp":{"iob":-0.634,"basaliob":-0.663,"bolussnooze":0,"activity":-0.0055,"lastBolusTime":1704119261000,"time":"2024-01-01T17:57:26.364Z"}},{"iob":0.024,"basaliob":-0.003,"bolussnooze":0,"activity":4.0E-4,"lastBolusTime":1704119261000,"time":"2024-01-01T18:02:26.364Z","iobWithZeroTemp":{"iob":-0.64,"basaliob":-0.667,"bolussnooze":0,"activity":-0.0055,"lastBolusTime":1704119261000,"time":"2024-01-01T18:02:26.364Z"}},{"iob":0.022,"basaliob":-0.002,"bolussnooze":0,"activity":3.0E-4,"lastBolusTime":1704119261000,"time":"2024-01-01T18:07:26.364Z","iobWithZeroTemp":{"iob":-0.645,"basaliob":-0.669,"bolussnooze":0,"activity":-0.0057,"lastBolusTime":1704119261000,"time":"2024-01-01T18:07:26.364Z"}},{"iob":0.02,"basaliob":-0.002,"bolussnooze":0,"activity":4.0E-4,"lastBolusTime":1704119261000,"time":"2024-01-01T18:12:26.364Z","iobWithZeroTemp":{"iob":-0.65,"basaliob":-0.672,"bolussnooze":0,"activity":-0.0057,"lastBolusTime":1704119261000,"time":"2024-01-01T18:12:26.364Z"}},{"iob":0.018,"basaliob":-0.002,"bolussnooze":0,"activity":4.0E-4,"lastBolusTime":1704119261000,"time":"2024-01-01T18:17:26.364Z","iobWithZeroTemp":{"iob":-0.655,"basaliob":-0.675,"bolussnooze":0,"activity":-0.0057,"lastBolusTime":1704119261000,"time":"2024-01-01T18:17:26.364Z"}},{"iob":0.016,"basaliob":-0.002,"bolussnooze":0,"activity":3.0E-4,"lastBolusTime":1704119261000,"time":"2024-01-01T18:22:26.364Z","iobWithZeroTemp":{"iob":-0.66,"basaliob":-0.678,"bolussnooze":0,"activity":-0.0058,"lastBolusTime":1704119261000,"time":"2024-01-01T18:22:26.364Z"}},{"iob":0.016,"basaliob":-0.001,"bolussnooze":0,"activity":3.0E-4,"lastBolusTime":1704119261000,"time":"2024-01-01T18:27:26.364Z","iobWithZeroTemp":{"iob":-0.662,"basaliob":-0.679,"bolussnooze":0,"activity":-0.0059,"lastBolusTime":1704119261000,"time":"2024-01-01T18:27:26.364Z"}},{"iob":0.014,"basaliob":-0.001,"bolussnooze":0,"activity":3.0E-4,"lastBolusTime":1704119261000,"time":"2024-01-01T18:32:26.364Z","iobWithZeroTemp":{"iob":-0.667,"basaliob":-0.682,"bolussnooze":0,"activity":-0.0059,"lastBolusTime":1704119261000,"time":"2024-01-01T18:32:26.364Z"}},{"iob":0.013,"basaliob":-0.001,"bolussnooze":0,"activity":3.0E-4,"lastBolusTime":1704119261000,"time":"2024-01-01T18:37:26.364Z","iobWithZeroTemp":{"iob":-0.67,"basaliob":-0.684,"bolussnooze":0,"activity":-0.006,"lastBolusTime":1704119261000,"time":"2024-01-01T18:37:26.364Z"}}],"profile":{"max_iob":7,"type":"current","max_daily_basal":0.45,"max_basal":1.35,"min_bg":106.2,"max_bg":106.2,"target_bg":106.2,"carb_ratio":11,"sens":352.8,"max_daily_safety_multiplier":3,"current_basal_safety_multiplier":4,"lgsThreshold":65,"high_temptarget_raises_sensitivity":false,"low_temptarget_lowers_sensitivity":false,"sensitivity_raises_target":true,"resistance_lowers_target":true,"adv_target_adjustments":false,"exercise_mode":false,"half_basal_exercise_target":160,"maxCOB":120,"skip_neutral_temps":false,"remainingCarbsCap":90,"enableUAM":true,"A52_risk_enable":false,"SMBInterval":4,"enableSMB_with_COB":true,"enableSMB_with_temptarget":false,"allowSMB_with_high_temptarget":true,"enableSMB_always":true,"enableSMB_after_carbs":false,"maxSMBBasalMinutes":60,"maxUAMSMBBasalMinutes":60,"bolus_increment":0.05,"carbsReqThreshold":10,"current_basal":0.4,"temptargetSet":false,"autosens_max":1.2,"autosens_min":0.8,"out_units":"mmol\/L","variable_sens":194.2,"insulinDivisor":65,"TDD":8.211063541666668},"autosens_data":{"ratio":1.2700468332030925},"meal_data":{"carbs":5,"mealCOB":2.5188639455782336,"slopeFromMaxDeviation":-1.0784999999999998,"slopeFromMinDeviation":0.2686000000000001,"lastBolusTime":1704119261000,"lastCarbTime":1704111255000},"microBolusAllowed":true,"currentTime":1704120148435,"flatBGsDetected":false,"tdd1D":21.848083333333335,"tdd7D":24.48151190476191,"tddLast24H":31.092666666666673,"tddLast4H":2.6333333333333333,"tddLast8to4H":7.200000000000001},"output":{"temp":"absolute","bg":136,"tick":-3,"eventualBG":91,"targetBG":96,"insulinReq":0,"deliverAt":"2024-01-01T14:42:28.435Z","sensitivityRatio":1.2700468332030925,"variable_sens":194.2,"predBGs":{"IOB":[136,133,130,126,123,120,116,113,109,106,102,99,95,92,88,85,82,79,76,73,70,68,65,63,60,58,56,54,52,50,48,46,44,43,41,39],"ZT":[136,132,128,124,120,116,113,109,106,104,101,99,98,97,97,97,97],"COB":[136,133,130,127,124,122,119,116,114,111,109,107,105,104,102,100,99,98,96,95,94,94,93,92,91,91,90,90,90,89,89,89,89,89,89,89,89,89,89,89,89,90,90,90,90,90,91],"UAM":[136,132,128,124,120,115,111,107,103,99,95,92,88,84,81,78,74,71,68,65,62,59,56,53,50,48,45,43,40,39]},"reason":"COB: 2.5, Dev: 0.3, BGI: -0.2, ISF: 10.8, CR: 11, Target: 5.3, minPredBG 4.9, minGuardBG 2.9, IOBpredBG 2.2, COBpredBG 5.1, UAMpredBG 2.2; minGuardBG 2.9<3.8","COB":2.5188639455782336,"IOB":0.428,"duration":30,"rate":0,"timestamp":"2024-01-01T14:42:28.461Z"}}