{"algorithm":"OpenAPSSMBDynamicISFPlugin","input":{"glucoseStatus":{"glucose":122,"noise":0,"delta":-1,"short_avgdelta":-0.5,"long_avgdelta":0.55,"date":1704397332128},"currenttemp":{"temp":"absolute","duration":100,"rate":0,"minutesrunning":20},"iob_data":[{"iob":1.197,"basaliob":-0.666,"bolussnooze":0.0096,"activity":0.0181,"lastBolusTime":1704393166000,"time":"2024-01-04T19:42:32.379Z","iobWithZeroTemp":{"iob":1.197,"basaliob":-0.666,"bolussnooze":0.0096,"activity":0.0181,"lastBolusTime":1704393166000,"time":"2024-01-04T19:42:32.379Z"}},{"iob":1.11,"basaliob":-0.635,"bolussnooze":0.0078,"activity":0.0169,"lastBolusTime":1704393166000,"time":"2024-01-04T19:47:32.379Z","iobWithZeroTemp":{"iob":1.083,"basaliob":-0.662,"bolussnooze":0.0078,"activity":0.0169,"lastBolusTime":1704393166000,"time":"2024-01-04T19:47:32.379Z"}},{"iob":1.028,"basaliob":-0.604,"bolussnooze":0.0063,"activity":0.0158,"lastBolusTime":1704393166000,"time":"2024-01-04T19:52:32.379Z","iobWithZeroTemp":{"iob":0.968,"basaliob":-0.664,"bolussnooze":0.0063,"activity":0.0157,"lastBolusTime":1704393166000,"time":"2024-01-04T19:52:32.379Z"}},{"iob":0.952,"basaliob":-0.574,"bolussnooze":0.0051,"activity":0.0148,"lastBolusTime":1704393166000,"time":"2024-01-04T19:57:32.379Z","iobWithZeroTemp":{"iob":0.86,"basaliob":-0.666,"bolussnooze":0.0051,"activity":0.0146,"lastBolusTime":1704393166000,"time":"2024-01-04T19:57:32.379Z"}},{"iob":0.88,"basaliob":-0.544,"bolussnooze":0.0041,"activity":0.0138,"lastBolusTime":1704393166000,"time":"2024-01-04T20:02:32.379Z","iobWithZeroTemp":{"iob":0.755,"basaliob":-0.669,"bolussnooze":0.0041,"activity":0.0135,"lastBolusTime":1704393166000,"time":"2024-01-04T20:02:32.379Z"}},{"iob":0.815,"basaliob":-0.514,"bolussnooze":0.0032,"activity":0.0128,"lastBolusTime":1704393166000,"time":"2024-01-04T20:07:32.379Z","iobWithZeroTemp":{"iob":0.659,"basaliob":-0.67,"bolussnooze":0.0032,"activity":0.0123,"lastBolusTime":1704393166000,"time":"2024-01-04T20:07:32.379Z"}},{"iob":0.752,"basaliob":-0.486,"bolussnooze":0.0026,"activity":0.012,"lastBolusTime":1704393166000,"time":"2024-01-04T20:12:32.379Z","iobWithZeroTemp":{"iob":0.566,"basaliob":-0.672,"bolussnooze":0.0026,"activity":0.0113,"lastBolusTime":1704393166000,"time":"2024-01-04T20:12:32.379Z"}},{"iob":0.695,"basaliob":-0.458,"bolussnooze":0.002,"activity":0.0112,"lastBolusTime":1704393166000,"time":"2024-01-04T20:17:32.379Z","iobWithZeroTemp":{"iob":0.479,"basaliob":-0.674,"bolussnooze":0.002,"activity":0.0103,"lastBolusTime":1704393166000,"time":"2024-01-04T20:17:32.379Z"}},{"iob":0.641,"basaliob":-0.432,"bolussnooze":0.0015,"activity":0.0104,"lastBolusTime":1704393166000,"time":"2024-01-04T20:22:32.379Z","iobWithZeroTemp":{"iob":0.397,"basaliob":-0.676,"bolussnooze":0.0015,"activity":0.0093,"lastBolusTime":1704393166000,"time":"2024-01-04T20:22:32.379Z"}},{"iob":0.591,"basaliob":-0.406,"bolussnooze":0.0012,"activity":0.0096,"lastBolusTime":1704393166000,"time":"2024-01-04T20:27:32.379Z","iobWithZeroTemp":{"iob":0.319,"basaliob":-0.678,"bolussnooze":0.0012,"activity":0.0083,"lastBolusTime":1704393166000,"time":"2024-01-04T20:27:32.379Z"}},{"iob":0.544,"basaliob":-0.382,"bolussnooze":9.0E-4,"activity":0.009,"lastBolusTime":1704393166000,"time":"2024-01-04T20:32:32.379Z","iobWithZeroTemp":{"iob":0.246,"basaliob":-0.68,"bolussnooze":9.0E-4,"activity":0.0075,"lastBolusTime":1704393166000,"time":"2024-01-04T20:32:32.379Z"}},{"iob":0.501,"basaliob":-0.358,"bolussnooze":7.0E-4,"activity":0.0083,"lastBolusTime":1704393166000,"time":"2024-01-04T20:37:32.379Z","iobWithZeroTemp":{"iob":0.178,"basaliob":-0.681,"bolussnooze":7.0E-4,"activity":0.0065,"lastBolusTime":1704393166000,"time":"2024-01-04T20:37:32.379Z"}},{"iob":0.461,"basaliob":-0.336,"bolussnooze":5.0E-4,"activity":0.0077,"lastBolusTime":1704393166000,"time":"2024-01-04T20:42:32.379Z","iobWithZeroTemp":{"iob":0.114,"basaliob":-0.683,"bolussnooze":5.0E-4,"activity":0.0057,"lastBolusTime":1704393166000,"time":"2024-01-04T20:42:32.379Z"}},{"iob":0.425,"basaliob":-0.314,"bolussnooze":3.0E-4,"activity":0.0071,"lastBolusTime":1704393166000,"time":"2024-01-04T20:47:32.379Z","iobWithZeroTemp":{"iob":0.055,"basaliob":-0.684,"bolussnooze":3.0E-4,"activity":0.0049,"lastBolusTime":1704393166000,"time":"2024-01-04T20:47:32.379Z"}},{"iob":0.39,"basaliob":-0.294,"bolussnooze":2.0E-4,"activity":0.0066,"lastBolusTime":1704393166000,"time":"2024-01-04T20:52:32.379Z","iobWithZeroTemp":{"iob":-0.001,"basaliob":-0.685,"bolussnooze":2.0E-4,"activity":0.0042,"lastBolusTime":1704393166000,"time":"2024-01-04T20:52:32.379Z"}},{"iob":0.358,"basaliob":-0.275,"bolussnooze":1.0E-4,"activity":0.0061,"lastBolusTime":1704393166000,"time":"2024-01-04T20:57:32.379Z","iobWithZeroTemp":{"iob":-0.054,"basaliob":-0.687,"bolussnooze":1.0E-4,"activity":0.0034,"lastBolusTime":1704393166000,"time":"2024-01-04T20:57:32.379Z"}},{"iob":0.328,"basaliob":-0.257,"bolussnooze":1.0E-4,"activity":0.0056,"lastBolusTime":1704393166000,"time":"2024-01-04T21:02:32.379Z","iobWithZeroTemp":{"iob":-0.103,"basaliob":-0.688,"bolussnooze":1.0E-4,"activity":0.0027,"lastBolusTime":1704393166000,"time":"2024-01-04T21:02:32.379Z"}},{"iob":0.301,"basaliob":-0.239,"bolussnooze":0,"activity":0.0052,"lastBolusTime":1704393166000,"time":"2024-01-04T21:07:32.379Z","iobWithZeroTemp":{"iob":-0.149,"basaliob":-0.689,"bolussnooze":0,"activity":0.0021,"lastBolusTime":1704393166000,"time":"2024-01-04T21:07:32.379Z"}},{"iob":0.276,"basaliob":-0.223,"bolussnooze":0,"activity":0.0048,"lastBolusTime":1704393166000,"time":"2024-01-04T21:12:32.379Z","iobWithZeroTemp":{"iob":-0.191,"basaliob":-0.69,"bolussnooze":0,"activity":0.0015,"lastBolusTime":1704393166000,"time":"2024-01-04T21:12:32.379Z"}},{"iob":0.252,"basaliob":-0.208,"bolussnooze":0,"activity":0.0045,"lastBolusTime":1704393166000,"time":"2024-01-04T21:17:32.379Z","iobWithZeroTemp":{"iob":-0.232,"basaliob":-0.692,"bolussnooze":0,"activity":0.001,"lastBolusTime":1704393166000,"time":"2024-01-04T21:17:32.379Z"}},{"iob":0.231,"basaliob":-0.193,"bolussnooze":0,"activity":0.0041,"lastBolusTime":1704393166000,"time":"2024-01-04T21:22:32.379Z","iobWithZeroTemp":{"iob":-0.268,"basaliob":-0.692,"bolussnooze":0,"activity":4.0E-4,"lastBolusTime":1704393166000,"time":"2024-01-04T21:22:32.379Z"}},{"iob":0.212,"basaliob":-0.179,"bolussnooze":0,"activity":0.0038,"lastBolusTime":1704393166000,"time":"2024-01-04T21:27:32.379Z","iobWithZeroTemp":{"iob":-0.302,"basaliob":-0.693,"bolussnooze":0,"activity":-1.0E-4,"lastBolusTime":1704393166000,"time":"2024-01-04T21:27:32.379Z"}},{"iob":0.193,"basaliob":-0.167,"bolussnooze":0,"activity":0.0035,"lastBolusTime":1704393166000,"time":"2024-01-04T21:32:32.379Z","iobWithZeroTemp":{"iob":-0.334,"basaliob":-0.694,"bolussnooze":0,"activity":-5.0E-4,"lastBolusTime":1704393166000,"time":"2024-01-04T21:32:32.379Z"}},{"iob":0.176,"basaliob":-0.155,"bolussnooze":0,"activity":0.0032,"lastBolusTime":1704393166000,"time":"2024-01-04T21:37:32.379Z","iobWithZeroTemp":{"iob":-0.364,"basaliob":-0.695,"bolussnooze":0,"activity":-0.001,"lastBolusTime":1704393166000,"time":"2024-01-04T21:37:32.379Z"}},{"iob":0.161,"basaliob":-0.143,"bolussnooze":0,"activity":0.0029,"lastBolusTime":1704393166000,"time":"2024-01-04T21:42:32.379Z","iobWithZeroTemp":{"iob":-0.391,"basaliob":-0.695,"bolussnooze":0,"activity":-0.0014,"lastBolusTime":1704393166000,"time":"2024-01-04T21:42:32.379Z"}},{"iob":0.147,"basaliob":-0.133,"bolussnooze":0,"activity":0.0028,"lastBolusTime":1704393166000,"time":"2024-01-04T21:47:32.379Z","iobWithZeroTemp":{"iob":-0.416,"basaliob":-0.696,"bolussnooze":0,"activity":-0.0017,"lastBolusTime":1704393166000,"time":"2024-01-04T21:47:32.379Z"}},{"iob":0.134,"basaliob":-0.123,"bolussnooze":0,"activity":0.0025,"lastBolusTime":1704393166000,"time":"2024-01-04T21:52:32.379Z","iobWithZeroTemp":{"iob":-0.44,"basaliob":-0.697,"bolussnooze":0,"activity":-0.0021,"lastBolusTime":1704393166000,"time":"2024-01-04T21:52:32.379Z"}},{"iob":0.122,"basaliob":-0.114,"bolussnooze":0,"activity":0.0023,"lastBolusTime":1704393166000,"time":"2024-01-04T21:57:32.379Z","iobWithZeroTemp":{"iob":-0.462,"basaliob":-0.698,"bolussnooze":0,"activity":-0.0025,"lastBolusTime":1704393166000,"time":"2024-01-04T21:57:32.379Z"}},{"iob":0.111,"basaliob":-0.105,"bolussnooze":0,"activity":0.0021,"lastBolusTime":1704393166000,"time":"2024-01-04T22:02:32.379Z","iobWithZeroTemp":{"iob":-0.486,"basaliob":-0.702,"bolussnooze":0,"activity":-0.0028,"lastBolusTime":1704393166000,"time":"2024-01-04T22:02:32.379Z"}},{"iob":0.101,"basaliob":-0.097,"bolussnooze":0,"activity":0.002,"lastBolusTime":1704393166000,"time":"2024-01-04T22:07:32.379Z","iobWithZeroTemp":{"iob":-0.509,"basaliob":-0.707,"bolussnooze":0,"activity":-0.003,"lastBolusTime":1704393166000,"time":"2024-01-04T22:07:32.379Z"}},{"iob":0.091,"basaliob":-0.09,"bolussnooze":0,"activity":0.0018,"lastBolusTime":1704393166000,"time":"2024-01-04T22:12:32.379Z","iobWithZeroTemp":{"iob":-0.531,"basaliob":-0.712,"bolussnooze":0,"activity":-0.0034,"lastBolusTime":1704393166000,"time":"2024-01-04T22:12:32.379Z"}},{"iob":0.083,"basaliob":-0.083,"bolussnooze":0,"activity":0.0017,"lastBolusTime":1704393166000,"time":"2024-01-04T22:17:32.379Z","iobWithZeroTemp":{"iob":-0.55,"basaliob":-0.716,"bolussnooze":0,"activity":-0.0036,"lastBolusTime":1704393166000,"time":"2024-01-04T22:17:32.379Z"}},{"iob":0.075,"basaliob":-0.076,"bolussnooze":0,"activity":0.0015,"lastBolusTime":1704393166000,"time":"2024-01-04T22:22:32.379Z","iobWithZeroTemp":{"iob":-0.569,"basaliob":-0.72,"bolussnooze":0,"activity":-0.0039,"lastBolusTime":1704393166000,"time":"2024-01-04T22:22:32.379Z"}},{"iob":0.068,"basaliob":-0.07,"bolussnooze":0,"activity":0.0013,"lastBolusTime":1704393166000,"time":"2024-01-04T22:27:32.379Z","iobWithZeroTemp":{"iob":-0.586,"basaliob":-0.724,"bolussnooze":0,"activity":-0.0042,"lastBolusTime":1704393166000,"time":"2024-01-04T22:27:32.379Z"}},{"iob":0.061,"basaliob":-0.065,"bolussnooze":0,"activity":0.0012,"lastBolusTime":1704393166000,"time":"2024-01-04T22:32:32.379Z","iobWithZeroTemp":{"iob":-0.603,"basaliob":-0.729,"bolussnooze":0,"activity":-0.0044,"lastBolusTime":1704393166000,"time":"2024-01-04T22:32:32.379Z"}},{"iob":0.055,"basaliob":-0.06,"bolussnooze":0,"activity":0.0011,"lastBolusTime":1704393166000,"time":"2024-01-04T22:37:32.379Z","iobWithZeroTemp":{"iob":-0.618,"basaliob":-0.733,"bolussnooze":0,"activity":-0.0046,"lastBolusTime":1704393166000,"time":"2024-01-04T22:37:32.379Z"}},{"iob":0.05,"basaliob":-0.055,"bolussnooze":0,"activity":0.0011,"lastBolusTime":1704393166000,"time":"2024-01-04T22:42:32.379Z","iobWithZeroTemp":{"iob":-0.631,"basaliob":-0.736,"bolussnooze":0,"activity":-0.0048,"lastBolusTime":1704393166000,"time":"2024-01-04T22:42:32.379Z"}},{"iob":0.045,"basaliob":-0.05,"bolussnooze":0,"activity":9.0E-4,"lastBolusTime":1704393166000,"time":"2024-01-04T22:47:32.379Z","iobWithZeroTemp":{"iob":-0.644,"basaliob":-0.739,"bolussnooze":0,"activity":-0.0051,"lastBolusTime":1704393166000,"time":"2024-01-04T22:47:32.379Z"}},{"iob":0.041,"basaliob":-0.046,"bolussnooze":0,"activity":9.0E-4,"lastBolusTime":1704393166000,"time":"2024-01-04T22:52:32.379Z","iobWithZeroTemp":{"iob":-0.656,"basaliob":-0.743,"bolussnooze":0,"activity":-0.0051,"lastBolusTime":1704393166000,"time":"2024-01-04T22:52:32.379Z"}},{"iob":0.037,"basaliob":-0.042,"bolussnooze":0,"activity":8.0E-4,"lastBolusTime":1704393166000,"time":"2024-01-04T22:57:32.379Z","iobWithZeroTemp":{"iob":-0.667,"basaliob":-0.746,"bolussnooze":0,"activity":-0.0053,"lastBolusTime":1704393166000,"time":"2024-01-04T22:57:32.379Z"}},{"iob":0.033,"basaliob":-0.039,"bolussnooze":0,"activity":7.0E-4,"lastBolusTime":1704393166000,"time":"2024-01-04T23:02:32.379Z","iobWithZeroTemp":{"iob":-0.677,"basaliob":-0.749,"bolussnooze":0,"activity":-0.0055,"lastBolusTime":1704393166000,"time":"2024-01-04T23:02:32.379Z"}},{"iob":0.029,"basaliob":-0.036,"bolussnooze":0,"activity":7.0E-4,"lastBolusTime":1704393166000,"time":"2024-01-04T23:07:32.379Z","iobWithZeroTemp":{"iob":-0.687,"basaliob":-0.752,"bolussnooze":0,"activity":-0.0056,"lastBolusTime":1704393166000,"time":"2024-01-04T23:07:32.379Z"}},{"iob":0.027,"basaliob":-0.032,"bolussnooze":0,"activity":6.0E-4,"lastBolusTime":1704393166000,"time":"2024-01-04T23:12:32.379Z","iobWithZeroTemp":{"iob":-0.695,"basaliob":-0.754,"bolussnooze":0,"activity":-0.0058,"lastBolusTime":1704393166000,"time":"2024-01-04T23:12:32.379Z"}},{"iob":0.023,"basaliob":-0.03,"bolussnooze":0,"activity":6.0E-4,"lastBolusTime":1704393166000,"time":"2024-01-04T23:17:32.379Z","iobWithZeroTemp":{"iob":-0.704,"basaliob":-0.757,"bolussnooze":0,"activity":-0.0059,"lastBolusTime":1704393166000,"time":"2024-01-04T23:17:32.379Z"}},{"iob":0.021,"basaliob":-0.027,"bolussnooze":0,"activity":5.0E-4,"lastBolusTime":1704393166000,"time":"2024-01-04T23:22:32.379Z","iobWithZeroTemp":{"iob":-0.711,"basaliob":-0.759,"bolussnooze":0,"activity":-0.006,"lastBolusTime":1704393166000,"time":"2024-01-04T23:22:32.379Z"}},{"iob":0.018,"basaliob":-0.025,"bolussnooze":0,"activity":4.0E-4,"lastBolusTime":1704393166000,"time":"2024-01-04T23:27:32.379Z","iobWithZeroTemp":{"iob":-0.719,"basaliob":-0.762,"bolussnooze":0,"activity":-0.0062,"lastBolusTime":1704393166000,"time":"2024-01-04T23:27:32.379Z"}},{"iob":0.016,"basaliob":-0.023,"bolussnooze":0,"activity":4.0E-4,"lastBolusTime":1704393166000,"time":"2024-01-04T23:32:32.379Z","iobWithZeroTemp":{"iob":-0.726,"basaliob":-0.765,"bolussnooze":0,"activity":-0.0063,"lastBolusTime":1704393166000,"time":"2024-01-04T23:32:32.379Z"}},{"iob":0.014,"basaliob":-0.021,"bolussnooze":0,"activity":3.0E-4,"lastBolusTime":1704393166000,"time":"2024-01-04T23:37:32.379Z","iobWithZeroTemp":{"iob":-0.732,"basaliob":-0.767,"bolussnooze":0,"activity":-0.0064,"lastBolusTime":1704393166000,"time":"2024-01-04T23:37:32.379Z"}}],"profile":{"max_iob":7,"type":"current","max_daily_basal":0.45,"max_basal":1.35,"min_bg":81.0000000000001,"max_bg":81.0000000000001,"target_bg":81.0000000000001,"carb_ratio":11,"sens":352.8,"max_daily_safety_multiplier":3,"current_basal_safety_multiplier":4,"lgsThreshold":65,"high_temptarget_raises_sensitivity":false,"low_temptarget_lowers_sensitivity":false,"sensitivity_raises_target":true,"resistance_lowers_target":true,"adv_target_adjustments":false,"exercise_mode":false,"half_basal_exercise_target":160,"maxCOB":120,"skip_neutral_temps":false,"remainingCarbsCap":90,"enableUAM":true,"A52_risk_enable":false,"SMBInterval":4,"enableSMB_with_COB":true,"enableSMB_with_temptarget":false,"allowSMB_with_high_temptarget":true,"enableSMB_always":true,"enableSMB_after_carbs":false,"maxSMBBasalMinutes":60,"maxUAMSMBBasalMinutes":60,"bolus_increment":0.05,"carbsReqThreshold":10,"current_basal":0.4,"temptargetSet":true,"autosens_max":1.2,"autosens_min":0.8,"out_units":"mmol\/L","variable_sens":182.5,"insulinDivisor":65,"TDD":9.336011958333334},"autosens_data":{"ratio":1.1949302892274605},"meal_data":{"carbs":35,"mealCOB":13.54526303854876,"slopeFromMaxDeviation":-1.7445454545454544,"slopeFromMinDeviation":1.0651428571428576,"lastBolusTime":1704393166000,"lastCarbTime":1704387670000},"microBolusAllowed":true,"currentTime":1704397354619,"flatBGsDetected":false,"tdd1D":20.64108333333334,"tdd7D":22.492595238095245,"tddLast24H":26.877083333333353,"tddLast4H":6.083333333333332,"tddLast8to4H":6.369999999999999},"output":{"temp":"absolute","bg":122,"tick":-1,"eventualBG":115,"targetBG":81.0000000000001,"insulinReq":0,"deliverAt":"2024-01-04T19:42:34.619Z","sensitivityRatio":1.1949302892274605,"variable_sens":182.5,"predBGs":{"IOB":[122,120,117,114,110,106,101,95,88,80,71,61,49,39],"ZT":[122,105,89,71,52,39,39,39,39,39,39,39,39,39,39,39,39,39,39,39,39,39,39,39,39,39,39,39,39,39,39,39,39,39,39,39,39,39,39,39,39,39,39,39,39,39,39,49],"COB":[122,120,119,119,119,119,120,120,121,123,124,125,127,128,130,131,133,134,135,136,137,138,138,138,138,137,136,135,133,131,130,128,126,125,124,123,122,121,120,119,118,118,117,117,116,116,115],"UAM":[122,119,116,111,105,98,90,80,68,54,39,39,39]},"reason":"COB: 13.5, Dev: 5.2, BGI: -0.9, ISF: 10.1, CR: 11, Target: 4.5, minPredBG -3.9, minGuardBG -3.9, IOBpredBG 2.2, COBpredBG 6.4, UAMpredBG 2.2; minGuardBG -3.9<3.6","COB":13.54526303854876,"IOB":1.197,"duration":120,"rate":0,"timestamp":"2024-01-04T19:42:34.644Z"}}