{"algorithm":"OpenAPSSMBDynamicISFPlugin","input":{"glucoseStatus":{"glucose":130,"noise":0,"delta":-3,"short_avgdelta":-3.78,"long_avgdelta":-4.46,"date":1704406932402},"currenttemp":{"temp":"absolute","duration":52,"rate":0,"minutesrunning":8},"iob_data":[{"iob":1.248,"basaliob":-0.535,"bolussnooze":0.1092,"activity":0.0143,"lastBolusTime":1704404561000,"time":"2024-01-04T22:25:35.158Z","iobWithZeroTemp":{"iob":1.248,"basaliob":-0.535,"bolussnooze":0.1092,"activity":0.0143,"lastBolusTime":1704404561000,"time":"2024-01-04T22:25:35.158Z"}},{"iob":1.178,"basaliob":-0.512,"bolussnooze":0.0944,"activity":0.0138,"lastBolusTime":1704404561000,"time":"2024-01-04T22:30:35.158Z","iobWithZeroTemp":{"iob":1.148,"basaliob":-0.542,"bolussnooze":0.0944,"activity":0.0138,"lastBolusTime":1704404561000,"time":"2024-01-04T22:30:35.158Z"}},{"iob":1.11,"basaliob":-0.489,"bolussnooze":0.0813,"activity":0.0133,"lastBolusTime":1704404561000,"time":"2024-01-04T22:35:35.158Z","iobWithZeroTemp":{"iob":1.043,"basaliob":-0.556,"bolussnooze":0.0813,"activity":0.0132,"lastBolusTime":1704404561000,"time":"2024-01-04T22:35:35.158Z"}},{"iob":1.045,"basaliob":-0.466,"bolussnooze":0.0699,"activity":0.0128,"lastBolusTime":1704404561000,"time":"2024-01-04T22:40:35.158Z","iobWithZeroTemp":{"iob":0.941,"basaliob":-0.57,"bolussnooze":0.0699,"activity":0.0126,"lastBolusTime":1704404561000,"time":"2024-01-04T22:40:35.158Z"}},{"iob":0.982,"basaliob":-0.443,"bolussnooze":0.0598,"activity":0.0122,"lastBolusTime":1704404561000,"time":"2024-01-04T22:45:35.158Z","iobWithZeroTemp":{"iob":0.842,"basaliob":-0.583,"bolussnooze":0.0598,"activity":0.0118,"lastBolusTime":1704404561000,"time":"2024-01-04T22:45:35.158Z"}},{"iob":0.923,"basaliob":-0.42,"bolussnooze":0.0511,"activity":0.0117,"lastBolusTime":1704404561000,"time":"2024-01-04T22:50:35.158Z","iobWithZeroTemp":{"iob":0.748,"basaliob":-0.595,"bolussnooze":0.0511,"activity":0.0111,"lastBolusTime":1704404561000,"time":"2024-01-04T22:50:35.158Z"}},{"iob":0.865,"basaliob":-0.398,"bolussnooze":0.0435,"activity":0.0112,"lastBolusTime":1704404561000,"time":"2024-01-04T22:55:35.158Z","iobWithZeroTemp":{"iob":0.655,"basaliob":-0.608,"bolussnooze":0.0435,"activity":0.0104,"lastBolusTime":1704404561000,"time":"2024-01-04T22:55:35.158Z"}},{"iob":0.811,"basaliob":-0.376,"bolussnooze":0.037,"activity":0.0106,"lastBolusTime":1704404561000,"time":"2024-01-04T23:00:35.158Z","iobWithZeroTemp":{"iob":0.568,"basaliob":-0.619,"bolussnooze":0.037,"activity":0.0096,"lastBolusTime":1704404561000,"time":"2024-01-04T23:00:35.158Z"}},{"iob":0.758,"basaliob":-0.356,"bolussnooze":0.0313,"activity":0.0102,"lastBolusTime":1704404561000,"time":"2024-01-04T23:05:35.158Z","iobWithZeroTemp":{"iob":0.483,"basaliob":-0.631,"bolussnooze":0.0313,"activity":0.009,"lastBolusTime":1704404561000,"time":"2024-01-04T23:05:35.158Z"}},{"iob":0.71,"basaliob":-0.335,"bolussnooze":0.0264,"activity":0.0096,"lastBolusTime":1704404561000,"time":"2024-01-04T23:10:35.158Z","iobWithZeroTemp":{"iob":0.404,"basaliob":-0.641,"bolussnooze":0.0264,"activity":0.0081,"lastBolusTime":1704404561000,"time":"2024-01-04T23:10:35.158Z"}},{"iob":0.662,"basaliob":-0.316,"bolussnooze":0.0222,"activity":0.0091,"lastBolusTime":1704404561000,"time":"2024-01-04T23:15:35.158Z","iobWithZeroTemp":{"iob":0.327,"basaliob":-0.651,"bolussnooze":0.0222,"activity":0.0074,"lastBolusTime":1704404561000,"time":"2024-01-04T23:15:35.158Z"}},{"iob":0.618,"basaliob":-0.297,"bolussnooze":0.0187,"activity":0.0086,"lastBolusTime":1704404561000,"time":"2024-01-04T23:20:35.158Z","iobWithZeroTemp":{"iob":0.255,"basaliob":-0.66,"bolussnooze":0.0187,"activity":0.0066,"lastBolusTime":1704404561000,"time":"2024-01-04T23:20:35.158Z"}},{"iob":0.576,"basaliob":-0.279,"bolussnooze":0.0156,"activity":0.0082,"lastBolusTime":1704404561000,"time":"2024-01-04T23:25:35.158Z","iobWithZeroTemp":{"iob":0.186,"basaliob":-0.669,"bolussnooze":0.0156,"activity":0.006,"lastBolusTime":1704404561000,"time":"2024-01-04T23:25:35.158Z"}},{"iob":0.538,"basaliob":-0.261,"bolussnooze":0.013,"activity":0.0076,"lastBolusTime":1704404561000,"time":"2024-01-04T23:30:35.158Z","iobWithZeroTemp":{"iob":0.122,"basaliob":-0.677,"bolussnooze":0.013,"activity":0.0051,"lastBolusTime":1704404561000,"time":"2024-01-04T23:30:35.158Z"}},{"iob":0.5,"basaliob":-0.245,"bolussnooze":0.0108,"activity":0.0072,"lastBolusTime":1704404561000,"time":"2024-01-04T23:35:35.158Z","iobWithZeroTemp":{"iob":0.06,"basaliob":-0.685,"bolussnooze":0.0108,"activity":0.0045,"lastBolusTime":1704404561000,"time":"2024-01-04T23:35:35.158Z"}},{"iob":0.465,"basaliob":-0.229,"bolussnooze":0.009,"activity":0.0067,"lastBolusTime":1704404561000,"time":"2024-01-04T23:40:35.158Z","iobWithZeroTemp":{"iob":0.002,"basaliob":-0.692,"bolussnooze":0.009,"activity":0.0037,"lastBolusTime":1704404561000,"time":"2024-01-04T23:40:35.158Z"}},{"iob":0.433,"basaliob":-0.214,"bolussnooze":0.0074,"activity":0.0064,"lastBolusTime":1704404561000,"time":"2024-01-04T23:45:35.158Z","iobWithZeroTemp":{"iob":-0.052,"basaliob":-0.699,"bolussnooze":0.0074,"activity":0.0032,"lastBolusTime":1704404561000,"time":"2024-01-04T23:45:35.158Z"}},{"iob":0.402,"basaliob":-0.2,"bolussnooze":0.0061,"activity":0.006,"lastBolusTime":1704404561000,"time":"2024-01-04T23:50:35.158Z","iobWithZeroTemp":{"iob":-0.104,"basaliob":-0.706,"bolussnooze":0.0061,"activity":0.0025,"lastBolusTime":1704404561000,"time":"2024-01-04T23:50:35.158Z"}},{"iob":0.372,"basaliob":-0.187,"bolussnooze":0.005,"activity":0.0056,"lastBolusTime":1704404561000,"time":"2024-01-04T23:55:35.158Z","iobWithZeroTemp":{"iob":-0.154,"basaliob":-0.713,"bolussnooze":0.005,"activity":0.0019,"lastBolusTime":1704404561000,"time":"2024-01-04T23:55:35.158Z"}},{"iob":0.346,"basaliob":-0.174,"bolussnooze":0.0041,"activity":0.0052,"lastBolusTime":1704404561000,"time":"2024-01-05T00:00:35.158Z","iobWithZeroTemp":{"iob":-0.198,"basaliob":-0.718,"bolussnooze":0.0041,"activity":0.0013,"lastBolusTime":1704404561000,"time":"2024-01-05T00:00:35.158Z"}},{"iob":0.32,"basaliob":-0.162,"bolussnooze":0.0033,"activity":0.0049,"lastBolusTime":1704404561000,"time":"2024-01-05T00:05:35.158Z","iobWithZeroTemp":{"iob":-0.233,"basaliob":-0.715,"bolussnooze":0.0033,"activity":8.0E-4,"lastBolusTime":1704404561000,"time":"2024-01-05T00:05:35.158Z"}},{"iob":0.296,"basaliob":-0.151,"bolussnooze":0.0027,"activity":0.0046,"lastBolusTime":1704404561000,"time":"2024-01-05T00:10:35.158Z","iobWithZeroTemp":{"iob":-0.265,"basaliob":-0.712,"bolussnooze":0.0027,"activity":3.0E-4,"lastBolusTime":1704404561000,"time":"2024-01-05T00:10:35.158Z"}},{"iob":0.274,"basaliob":-0.141,"bolussnooze":0.0021,"activity":0.0042,"lastBolusTime":1704404561000,"time":"2024-01-05T00:15:35.158Z","iobWithZeroTemp":{"iob":-0.295,"basaliob":-0.71,"bolussnooze":0.0021,"activity":-3.0E-4,"lastBolusTime":1704404561000,"time":"2024-01-05T00:15:35.158Z"}},{"iob":0.253,"basaliob":-0.131,"bolussnooze":0.0017,"activity":0.004,"lastBolusTime":1704404561000,"time":"2024-01-05T00:20:35.158Z","iobWithZeroTemp":{"iob":-0.322,"basaliob":-0.706,"bolussnooze":0.0017,"activity":-6.0E-4,"lastBolusTime":1704404561000,"time":"2024-01-05T00:20:35.158Z"}},{"iob":0.234,"basaliob":-0.121,"bolussnooze":0.0013,"activity":0.0037,"lastBolusTime":1704404561000,"time":"2024-01-05T00:25:35.158Z","iobWithZeroTemp":{"iob":-0.347,"basaliob":-0.702,"bolussnooze":0.0013,"activity":-0.0011,"lastBolusTime":1704404561000,"time":"2024-01-05T00:25:35.158Z"}},{"iob":0.217,"basaliob":-0.112,"bolussnooze":0.001,"activity":0.0035,"lastBolusTime":1704404561000,"time":"2024-01-05T00:30:35.158Z","iobWithZeroTemp":{"iob":-0.369,"basaliob":-0.698,"bolussnooze":0.001,"activity":-0.0014,"lastBolusTime":1704404561000,"time":"2024-01-05T00:30:35.158Z"}},{"iob":0.2,"basaliob":-0.104,"bolussnooze":8.0E-4,"activity":0.0032,"lastBolusTime":1704404561000,"time":"2024-01-05T00:35:35.158Z","iobWithZeroTemp":{"iob":-0.391,"basaliob":-0.695,"bolussnooze":8.0E-4,"activity":-0.0018,"lastBolusTime":1704404561000,"time":"2024-01-05T00:35:35.158Z"}},{"iob":0.184,"basaliob":-0.096,"bolussnooze":6.0E-4,"activity":0.003,"lastBolusTime":1704404561000,"time":"2024-01-05T00:40:35.158Z","iobWithZeroTemp":{"iob":-0.411,"basaliob":-0.691,"bolussnooze":6.0E-4,"activity":-0.0021,"lastBolusTime":1704404561000,"time":"2024-01-05T00:40:35.158Z"}},{"iob":0.17,"basaliob":-0.089,"bolussnooze":5.0E-4,"activity":0.0028,"lastBolusTime":1704404561000,"time":"2024-01-05T00:45:35.158Z","iobWithZeroTemp":{"iob":-0.428,"basaliob":-0.687,"bolussnooze":5.0E-4,"activity":-0.0024,"lastBolusTime":1704404561000,"time":"2024-01-05T00:45:35.158Z"}},{"iob":0.156,"basaliob":-0.083,"bolussnooze":3.0E-4,"activity":0.0026,"lastBolusTime":1704404561000,"time":"2024-01-05T00:50:35.158Z","iobWithZeroTemp":{"iob":-0.445,"basaliob":-0.684,"bolussnooze":3.0E-4,"activity":-0.0027,"lastBolusTime":1704404561000,"time":"2024-01-05T00:50:35.158Z"}},{"iob":0.144,"basaliob":-0.076,"bolussnooze":3.0E-4,"activity":0.0024,"lastBolusTime":1704404561000,"time":"2024-01-05T00:55:35.158Z","iobWithZeroTemp":{"iob":-0.46,"basaliob":-0.68,"bolussnooze":3.0E-4,"activity":-0.0029,"lastBolusTime":1704404561000,"time":"2024-01-05T00:55:35.158Z"}},{"iob":0.132,"basaliob":-0.071,"bolussnooze":2.0E-4,"activity":0.0023,"lastBolusTime":1704404561000,"time":"2024-01-05T01:00:35.158Z","iobWithZeroTemp":{"iob":-0.474,"basaliob":-0.677,"bolussnooze":2.0E-4,"activity":-0.0031,"lastBolusTime":1704404561000,"time":"2024-01-05T01:00:35.158Z"}},{"iob":0.121,"basaliob":-0.065,"bolussnooze":1.0E-4,"activity":0.0021,"lastBolusTime":1704404561000,"time":"2024-01-05T01:05:35.158Z","iobWithZeroTemp":{"iob":-0.481,"basaliob":-0.667,"bolussnooze":1.0E-4,"activity":-0.0033,"lastBolusTime":1704404561000,"time":"2024-01-05T01:05:35.158Z"}},{"iob":0.111,"basaliob":-0.06,"bolussnooze":1.0E-4,"activity":0.0019,"lastBolusTime":1704404561000,"time":"2024-01-05T01:10:35.158Z","iobWithZeroTemp":{"iob":-0.486,"basaliob":-0.657,"bolussnooze":1.0E-4,"activity":-0.0036,"lastBolusTime":1704404561000,"time":"2024-01-05T01:10:35.158Z"}},{"iob":0.103,"basaliob":-0.055,"bolussnooze":0,"activity":0.0018,"lastBolusTime":1704404561000,"time":"2024-01-05T01:15:35.158Z","iobWithZeroTemp":{"iob":-0.489,"basaliob":-0.647,"bolussnooze":0,"activity":-0.0037,"lastBolusTime":1704404561000,"time":"2024-01-05T01:15:35.158Z"}},{"iob":0.094,"basaliob":-0.051,"bolussnooze":0,"activity":0.0017,"lastBolusTime":1704404561000,"time":"2024-01-05T01:20:35.158Z","iobWithZeroTemp":{"iob":-0.493,"basaliob":-0.638,"bolussnooze":0,"activity":-0.0038,"lastBolusTime":1704404561000,"time":"2024-01-05T01:20:35.158Z"}},{"iob":0.086,"basaliob":-0.047,"bolussnooze":0,"activity":0.0015,"lastBolusTime":1704404561000,"time":"2024-01-05T01:25:35.158Z","iobWithZeroTemp":{"iob":-0.496,"basaliob":-0.629,"bolussnooze":0,"activity":-0.004,"lastBolusTime":1704404561000,"time":"2024-01-05T01:25:35.158Z"}},{"iob":0.079,"basaliob":-0.043,"bolussnooze":0,"activity":0.0014,"lastBolusTime":1704404561000,"time":"2024-01-05T01:30:35.158Z","iobWithZeroTemp":{"iob":-0.498,"basaliob":-0.62,"bolussnooze":0,"activity":-0.0041,"lastBolusTime":1704404561000,"time":"2024-01-05T01:30:35.158Z"}},{"iob":0.072,"basaliob":-0.04,"bolussnooze":0,"activity":0.0013,"lastBolusTime":1704404561000,"time":"2024-01-05T01:35:35.158Z","iobWithZeroTemp":{"iob":-0.5,"basaliob":-0.612,"bolussnooze":0,"activity":-0.0042,"lastBolusTime":1704404561000,"time":"2024-01-05T01:35:35.158Z"}},{"iob":0.066,"basaliob":-0.036,"bolussnooze":0,"activity":0.0012,"lastBolusTime":1704404561000,"time":"2024-01-05T01:40:35.158Z","iobWithZeroTemp":{"iob":-0.501,"basaliob":-0.603,"bolussnooze":0,"activity":-0.0043,"lastBolusTime":1704404561000,"time":"2024-01-05T01:40:35.158Z"}},{"iob":0.061,"basaliob":-0.033,"bolussnooze":0,"activity":0.0011,"lastBolusTime":1704404561000,"time":"2024-01-05T01:45:35.158Z","iobWithZeroTemp":{"iob":-0.502,"basaliob":-0.596,"bolussnooze":0,"activity":-0.0044,"lastBolusTime":1704404561000,"time":"2024-01-05T01:45:35.158Z"}},{"iob":0.055,"basaliob":-0.031,"bolussnooze":0,"activity":0.001,"lastBolusTime":1704404561000,"time":"2024-01-05T01:50:35.158Z","iobWithZeroTemp":{"iob":-0.503,"basaliob":-0.589,"bolussnooze":0,"activity":-0.0044,"lastBolusTime":1704404561000,"time":"2024-01-05T01:50:35.158Z"}},{"iob":0.05,"basaliob":-0.028,"bolussnooze":0,"activity":9.0E-4,"lastBolusTime":1704404561000,"time":"2024-01-05T01:55:35.158Z","iobWithZeroTemp":{"iob":-0.503,"basaliob":-0.581,"bolussnooze":0,"activity":-0.0045,"lastBolusTime":1704404561000,"time":"2024-01-05T01:55:35.158Z"}},{"iob":0.045,"basaliob":-0.026,"bolussnooze":0,"activity":8.0E-4,"lastBolusTime":1704404561000,"time":"2024-01-05T02:00:35.158Z","iobWithZeroTemp":{"iob":-0.504,"basaliob":-0.575,"bolussnooze":0,"activity":-0.0046,"lastBolusTime":1704404561000,"time":"2024-01-05T02:00:35.158Z"}},{"iob":0.041,"basaliob":-0.024,"bolussnooze":0,"activity":8.0E-4,"lastBolusTime":1704404561000,"time":"2024-01-05T02:05:35.158Z","iobWithZeroTemp":{"iob":-0.504,"basaliob":-0.569,"bolussnooze":0,"activity":-0.0045,"lastBolusTime":1704404561000,"time":"2024-01-05T02:05:35.158Z"}},{"iob":0.037,"basaliob":-0.022,"bolussnooze":0,"activity":7.0E-4,"lastBolusTime":1704404561000,"time":"2024-01-05T02:10:35.158Z","iobWithZeroTemp":{"iob":-0.504,"basaliob":-0.563,"bolussnooze":0,"activity":-0.0046,"lastBolusTime":1704404561000,"time":"2024-01-05T02:10:35.158Z"}},{"iob":0.034,"basaliob":-0.02,"bolussnooze":0,"activity":6.0E-4,"lastBolusTime":1704404561000,"time":"2024-01-05T02:15:35.158Z","iobWithZeroTemp":{"iob":-0.503,"basaliob":-0.557,"bolussnooze":0,"activity":-0.0047,"lastBolusTime":1704404561000,"time":"2024-01-05T02:15:35.158Z"}},{"iob":0.031,"basaliob":-0.018,"bolussnooze":0,"activity":6.0E-4,"lastBolusTime":1704404561000,"time":"2024-01-05T02:20:35.158Z","iobWithZeroTemp":{"iob":-0.502,"basaliob":-0.551,"bolussnooze":0,"activity":-0.0046,"lastBolusTime":1704404561000,"time":"2024-01-05T02:20:35.158Z"}}],"profile":{"max_iob":7,"type":"current","max_daily_basal":0.45,"max_basal":1.35,"min_bg":81.0000000000001,"max_bg":81.0000000000001,"target_bg":81.0000000000001,"carb_ratio":11,"sens":369,"max_daily_safety_multiplier":3,"current_basal_safety_multiplier":4,"lgsThreshold":65,"high_temptarget_raises_sensitivity":false,"low_temptarget_lowers_sensitivity":false,"sensitivity_raises_target":true,"resistance_lowers_target":true,"adv_target_adjustments":false,"exercise_mode":false,"half_basal_exercise_target":160,"maxCOB":120,"skip_neutral_temps":false,"remainingCarbsCap":90,"enableUAM":true,"A52_risk_enable":false,"SMBInterval":4,"enableSMB_with_COB":true,"enableSMB_with_temptarget":false,"allowSMB_with_high_temptarget":true,"enableSMB_always":true,"enableSMB_after_carbs":false,"maxSMBBasalMinutes":60,"maxUAMSMBBasalMinutes":60,"bolus_increment":0.05,"carbsReqThreshold":10,"current_basal":0.45,"temptargetSet":true,"autosens_max":1.2,"autosens_min":0.8,"out_units":"mmol\/L","variable_sens":174.3,"insulinDivisor":65,"TDD":9.39882529166667},"autosens_data":{"ratio":1.1738154618496175},"meal_data":{"carbs":25,"mealCOB":17.520235440517673,"slopeFromMaxDeviation":-0.25900000000000034,"slopeFromMinDeviation":0.6715454545454546,"lastBolusTime":1704404561000,"lastCarbTime":1704402868000},"microBolusAllowed":true,"currentTime":1704407136776,"flatBGsDetected":false,"tdd1D":28.050416666666692,"tdd7D":23.609261904761915,"tddLast24H":27.71291666666669,"tddLast4H":3.1333333333333333,"tddLast8to4H":8.799999999999999},"output":{"temp":"absolute","bg":130,"tick":-3,"eventualBG":183,"targetBG":81.0000000000001,"insulinReq":0,"deliverAt":"2024-01-04T22:25:36.776Z","sensitivityRatio":1.1738154618496175,"variable_sens":174.3,"predBGs":{"IOB":[130,126,120,115,109,102,94,86,77,66,55,41,39],"ZT":[130,118,105,92,78,63,48,39,39,39,39,39,39,39,39,39,39,39,39,39,39,39,39,39,39,39,39,39,39,39,39,39,39,39,39,39,39,39,39,39,39,39,39,39,39,39,43,52],"COB":[130,126,123,119,117,114,112,111,109,108,108,108,108,108,109,110,112,113,115,117,120,122,125,128,131,134,137,141,144,147,150,153,156,159,162,164,167,169,171,173,175,177,178,180,181,182,182,183],"UAM":[130,126,122,118,114,109,105,101,97,92,88,84,79,75,70,66,61,56,51,46,40,39]},"reason":"COB: 17.5, Dev: 2.9, BGI: -0.7, ISF: 9.7, CR: 11, Target: 4.5, minPredBG 6.1, minGuardBG 3.2, IOBpredBG 2.2, COBpredBG 10.2, UAMpredBG 2.2; minGuardBG 3.2<3.6 52m left and 0 ~ req 0U\/hr: no temp required","COB":17.520235440517673,"IOB":1.248,"timestamp":"2024-01-04T22:25:36.800Z"}}