{"algorithm":"OpenAPSSMBDynamicISFPlugin","input":{"glucoseStatus":{"glucose":110,"noise":0,"delta":-8,"short_avgdelta":-6,"long_avgdelta":0.36,"date":1704136331920},"currenttemp":{"temp":"absolute","duration":35,"rate":0,"minutesrunning":25},"iob_data":[{"iob":0.658,"basaliob":-0.539,"bolussnooze":0.0457,"activity":0.0124,"lastBolusTime":1704129289000,"time":"2024-01-01T19:12:26.656Z","iobWithZeroTemp":{"iob":0.658,"basaliob":-0.539,"bolussnooze":0.0457,"activity":0.0124,"lastBolusTime":1704129289000,"time":"2024-01-01T19:12:26.656Z"}},{"iob":0.6,"basaliob":-0.512,"bolussnooze":0.0382,"activity":0.0114,"lastBolusTime":1704129289000,"time":"2024-01-01T19:17:26.656Z","iobWithZeroTemp":{"iob":0.573,"basaliob":-0.539,"bolussnooze":0.0382,"activity":0.0114,"lastBolusTime":1704129289000,"time":"2024-01-01T19:17:26.656Z"}},{"iob":0.546,"basaliob":-0.486,"bolussnooze":0.0319,"activity":0.0104,"lastBolusTime":1704129289000,"time":"2024-01-01T19:22:26.656Z","iobWithZeroTemp":{"iob":0.486,"basaliob":-0.546,"bolussnooze":0.0319,"activity":0.0103,"lastBolusTime":1704129289000,"time":"2024-01-01T19:22:26.656Z"}},{"iob":0.495,"basaliob":-0.461,"bolussnooze":0.0266,"activity":0.0095,"lastBolusTime":1704129289000,"time":"2024-01-01T19:27:26.656Z","iobWithZeroTemp":{"iob":0.403,"basaliob":-0.553,"bolussnooze":0.0266,"activity":0.0093,"lastBolusTime":1704129289000,"time":"2024-01-01T19:27:26.656Z"}},{"iob":0.45,"basaliob":-0.436,"bolussnooze":0.0221,"activity":0.0087,"lastBolusTime":1704129289000,"time":"2024-01-01T19:32:26.656Z","iobWithZeroTemp":{"iob":0.325,"basaliob":-0.561,"bolussnooze":0.0221,"activity":0.0084,"lastBolusTime":1704129289000,"time":"2024-01-01T19:32:26.656Z"}},{"iob":0.408,"basaliob":-0.412,"bolussnooze":0.0183,"activity":0.0079,"lastBolusTime":1704129289000,"time":"2024-01-01T19:37:26.656Z","iobWithZeroTemp":{"iob":0.252,"basaliob":-0.568,"bolussnooze":0.0183,"activity":0.0074,"lastBolusTime":1704129289000,"time":"2024-01-01T19:37:26.656Z"}},{"iob":0.37,"basaliob":-0.389,"bolussnooze":0.0151,"activity":0.0073,"lastBolusTime":1704129289000,"time":"2024-01-01T19:42:26.656Z","iobWithZeroTemp":{"iob":0.184,"basaliob":-0.575,"bolussnooze":0.0151,"activity":0.0066,"lastBolusTime":1704129289000,"time":"2024-01-01T19:42:26.656Z"}},{"iob":0.335,"basaliob":-0.366,"bolussnooze":0.0124,"activity":0.0067,"lastBolusTime":1704129289000,"time":"2024-01-01T19:47:26.656Z","iobWithZeroTemp":{"iob":0.119,"basaliob":-0.582,"bolussnooze":0.0124,"activity":0.0058,"lastBolusTime":1704129289000,"time":"2024-01-01T19:47:26.656Z"}},{"iob":0.304,"basaliob":-0.344,"bolussnooze":0.0101,"activity":0.006,"lastBolusTime":1704129289000,"time":"2024-01-01T19:52:26.656Z","iobWithZeroTemp":{"iob":0.06,"basaliob":-0.588,"bolussnooze":0.0101,"activity":0.0049,"lastBolusTime":1704129289000,"time":"2024-01-01T19:52:26.656Z"}},{"iob":0.275,"basaliob":-0.323,"bolussnooze":0.0083,"activity":0.0055,"lastBolusTime":1704129289000,"time":"2024-01-01T19:57:26.656Z","iobWithZeroTemp":{"iob":0.003,"basaliob":-0.595,"bolussnooze":0.0083,"activity":0.0042,"lastBolusTime":1704129289000,"time":"2024-01-01T19:57:26.656Z"}},{"iob":0.248,"basaliob":-0.304,"bolussnooze":0.0067,"activity":0.005,"lastBolusTime":1704129289000,"time":"2024-01-01T20:02:26.656Z","iobWithZeroTemp":{"iob":-0.05,"basaliob":-0.602,"bolussnooze":0.0067,"activity":0.0035,"lastBolusTime":1704129289000,"time":"2024-01-01T20:02:26.656Z"}},{"iob":0.223,"basaliob":-0.285,"bolussnooze":0.0054,"activity":0.0046,"lastBolusTime":1704129289000,"time":"2024-01-01T20:07:26.656Z","iobWithZeroTemp":{"iob":-0.1,"basaliob":-0.608,"bolussnooze":0.0054,"activity":0.0028,"lastBolusTime":1704129289000,"time":"2024-01-01T20:07:26.656Z"}},{"iob":0.202,"basaliob":-0.266,"bolussnooze":0.0044,"activity":0.0042,"lastBolusTime":1704129289000,"time":"2024-01-01T20:12:26.656Z","iobWithZeroTemp":{"iob":-0.145,"basaliob":-0.613,"bolussnooze":0.0044,"activity":0.0022,"lastBolusTime":1704129289000,"time":"2024-01-01T20:12:26.656Z"}},{"iob":0.182,"basaliob":-0.249,"bolussnooze":0.0035,"activity":0.0038,"lastBolusTime":1704129289000,"time":"2024-01-01T20:17:26.656Z","iobWithZeroTemp":{"iob":-0.188,"basaliob":-0.619,"bolussnooze":0.0035,"activity":0.0016,"lastBolusTime":1704129289000,"time":"2024-01-01T20:17:26.656Z"}},{"iob":0.163,"basaliob":-0.233,"bolussnooze":0.0028,"activity":0.0035,"lastBolusTime":1704129289000,"time":"2024-01-01T20:22:26.656Z","iobWithZeroTemp":{"iob":-0.228,"basaliob":-0.624,"bolussnooze":0.0028,"activity":0.0011,"lastBolusTime":1704129289000,"time":"2024-01-01T20:22:26.656Z"}},{"iob":0.147,"basaliob":-0.217,"bolussnooze":0.0022,"activity":0.0032,"lastBolusTime":1704129289000,"time":"2024-01-01T20:27:26.656Z","iobWithZeroTemp":{"iob":-0.265,"basaliob":-0.629,"bolussnooze":0.0022,"activity":5.0E-4,"lastBolusTime":1704129289000,"time":"2024-01-01T20:27:26.656Z"}},{"iob":0.132,"basaliob":-0.203,"bolussnooze":0.0018,"activity":0.0029,"lastBolusTime":1704129289000,"time":"2024-01-01T20:32:26.656Z","iobWithZeroTemp":{"iob":-0.299,"basaliob":-0.634,"bolussnooze":0.0018,"activity":0,"lastBolusTime":1704129289000,"time":"2024-01-01T20:32:26.656Z"}},{"iob":0.118,"basaliob":-0.189,"bolussnooze":0.0014,"activity":0.0026,"lastBolusTime":1704129289000,"time":"2024-01-01T20:37:26.656Z","iobWithZeroTemp":{"iob":-0.332,"basaliob":-0.639,"bolussnooze":0.0014,"activity":-5.0E-4,"lastBolusTime":1704129289000,"time":"2024-01-01T20:37:26.656Z"}},{"iob":0.106,"basaliob":-0.176,"bolussnooze":0.0011,"activity":0.0024,"lastBolusTime":1704129289000,"time":"2024-01-01T20:42:26.656Z","iobWithZeroTemp":{"iob":-0.361,"basaliob":-0.643,"bolussnooze":0.0011,"activity":-9.0E-4,"lastBolusTime":1704129289000,"time":"2024-01-01T20:42:26.656Z"}},{"iob":0.094,"basaliob":-0.164,"bolussnooze":8.0E-4,"activity":0.0021,"lastBolusTime":1704129289000,"time":"2024-01-01T20:47:26.656Z","iobWithZeroTemp":{"iob":-0.39,"basaliob":-0.648,"bolussnooze":8.0E-4,"activity":-0.0014,"lastBolusTime":1704129289000,"time":"2024-01-01T20:47:26.656Z"}},{"iob":0.084,"basaliob":-0.152,"bolussnooze":6.0E-4,"activity":0.002,"lastBolusTime":1704129289000,"time":"2024-01-01T20:52:26.656Z","iobWithZeroTemp":{"iob":-0.415,"basaliob":-0.651,"bolussnooze":6.0E-4,"activity":-0.0017,"lastBolusTime":1704129289000,"time":"2024-01-01T20:52:26.656Z"}},{"iob":0.075,"basaliob":-0.141,"bolussnooze":4.0E-4,"activity":0.0018,"lastBolusTime":1704129289000,"time":"2024-01-01T20:57:26.656Z","iobWithZeroTemp":{"iob":-0.439,"basaliob":-0.655,"bolussnooze":4.0E-4,"activity":-0.0021,"lastBolusTime":1704129289000,"time":"2024-01-01T20:57:26.656Z"}},{"iob":0.067,"basaliob":-0.131,"bolussnooze":3.0E-4,"activity":0.0016,"lastBolusTime":1704129289000,"time":"2024-01-01T21:02:26.656Z","iobWithZeroTemp":{"iob":-0.46,"basaliob":-0.658,"bolussnooze":3.0E-4,"activity":-0.0024,"lastBolusTime":1704129289000,"time":"2024-01-01T21:02:26.656Z"}},{"iob":0.059,"basaliob":-0.122,"bolussnooze":2.0E-4,"activity":0.0015,"lastBolusTime":1704129289000,"time":"2024-01-01T21:07:26.656Z","iobWithZeroTemp":{"iob":-0.481,"basaliob":-0.662,"bolussnooze":2.0E-4,"activity":-0.0027,"lastBolusTime":1704129289000,"time":"2024-01-01T21:07:26.656Z"}},{"iob":0.052,"basaliob":-0.113,"bolussnooze":2.0E-4,"activity":0.0013,"lastBolusTime":1704129289000,"time":"2024-01-01T21:12:26.656Z","iobWithZeroTemp":{"iob":-0.5,"basaliob":-0.665,"bolussnooze":2.0E-4,"activity":-0.003,"lastBolusTime":1704129289000,"time":"2024-01-01T21:12:26.656Z"}},{"iob":0.046,"basaliob":-0.104,"bolussnooze":1.0E-4,"activity":0.0012,"lastBolusTime":1704129289000,"time":"2024-01-01T21:17:26.656Z","iobWithZeroTemp":{"iob":-0.517,"basaliob":-0.667,"bolussnooze":1.0E-4,"activity":-0.0033,"lastBolusTime":1704129289000,"time":"2024-01-01T21:17:26.656Z"}},{"iob":0.041,"basaliob":-0.096,"bolussnooze":1.0E-4,"activity":0.0011,"lastBolusTime":1704129289000,"time":"2024-01-01T21:22:26.656Z","iobWithZeroTemp":{"iob":-0.533,"basaliob":-0.67,"bolussnooze":1.0E-4,"activity":-0.0035,"lastBolusTime":1704129289000,"time":"2024-01-01T21:22:26.656Z"}},{"iob":0.036,"basaliob":-0.089,"bolussnooze":0,"activity":0.001,"lastBolusTime":1704129289000,"time":"2024-01-01T21:27:26.656Z","iobWithZeroTemp":{"iob":-0.548,"basaliob":-0.673,"bolussnooze":0,"activity":-0.0038,"lastBolusTime":1704129289000,"time":"2024-01-01T21:27:26.656Z"}},{"iob":0.032,"basaliob":-0.082,"bolussnooze":0,"activity":9.0E-4,"lastBolusTime":1704129289000,"time":"2024-01-01T21:32:26.656Z","iobWithZeroTemp":{"iob":-0.561,"basaliob":-0.675,"bolussnooze":0,"activity":-0.004,"lastBolusTime":1704129289000,"time":"2024-01-01T21:32:26.656Z"}},{"iob":0.027,"basaliob":-0.076,"bolussnooze":0,"activity":8.0E-4,"lastBolusTime":1704129289000,"time":"2024-01-01T21:37:26.656Z","iobWithZeroTemp":{"iob":-0.574,"basaliob":-0.677,"bolussnooze":0,"activity":-0.0042,"lastBolusTime":1704129289000,"time":"2024-01-01T21:37:26.656Z"}},{"iob":0.024,"basaliob":-0.07,"bolussnooze":0,"activity":7.0E-4,"lastBolusTime":1704129289000,"time":"2024-01-01T21:42:26.656Z","iobWithZeroTemp":{"iob":-0.585,"basaliob":-0.679,"bolussnooze":0,"activity":-0.0044,"lastBolusTime":1704129289000,"time":"2024-01-01T21:42:26.656Z"}},{"iob":0.02,"basaliob":-0.065,"bolussnooze":0,"activity":6.0E-4,"lastBolusTime":1704129289000,"time":"2024-01-01T21:47:26.656Z","iobWithZeroTemp":{"iob":-0.597,"basaliob":-0.682,"bolussnooze":0,"activity":-0.0046,"lastBolusTime":1704129289000,"time":"2024-01-01T21:47:26.656Z"}},{"iob":0.017,"basaliob":-0.06,"bolussnooze":0,"activity":5.0E-4,"lastBolusTime":1704129289000,"time":"2024-01-01T21:52:26.656Z","iobWithZeroTemp":{"iob":-0.607,"basaliob":-0.684,"bolussnooze":0,"activity":-0.0048,"lastBolusTime":1704129289000,"time":"2024-01-01T21:52:26.656Z"}},{"iob":0.015,"basaliob":-0.055,"bolussnooze":0,"activity":5.0E-4,"lastBolusTime":1704129289000,"time":"2024-01-01T21:57:26.656Z","iobWithZeroTemp":{"iob":-0.615,"basaliob":-0.685,"bolussnooze":0,"activity":-0.0049,"lastBolusTime":1704129289000,"time":"2024-01-01T21:57:26.656Z"}},{"iob":0.013,"basaliob":-0.05,"bolussnooze":0,"activity":5.0E-4,"lastBolusTime":1704129289000,"time":"2024-01-01T22:02:26.656Z","iobWithZeroTemp":{"iob":-0.623,"basaliob":-0.686,"bolussnooze":0,"activity":-0.005,"lastBolusTime":1704129289000,"time":"2024-01-01T22:02:26.656Z"}},{"iob":0.011,"basaliob":-0.046,"bolussnooze":0,"activity":4.0E-4,"lastBolusTime":1704129289000,"time":"2024-01-01T22:07:26.656Z","iobWithZeroTemp":{"iob":-0.639,"basaliob":-0.696,"bolussnooze":0,"activity":-0.0052,"lastBolusTime":1704129289000,"time":"2024-01-01T22:07:26.656Z"}},{"iob":0.008,"basaliob":-0.043,"bolussnooze":0,"activity":4.0E-4,"lastBolusTime":1704129289000,"time":"2024-01-01T22:12:26.656Z","iobWithZeroTemp":{"iob":-0.651,"basaliob":-0.702,"bolussnooze":0,"activity":-0.0053,"lastBolusTime":1704129289000,"time":"2024-01-01T22:12:26.656Z"}},{"iob":0.007,"basaliob":-0.039,"bolussnooze":0,"activity":3.0E-4,"lastBolusTime":1704129289000,"time":"2024-01-01T22:17:26.656Z","iobWithZeroTemp":{"iob":-0.661,"basaliob":-0.707,"bolussnooze":0,"activity":-0.0055,"lastBolusTime":1704129289000,"time":"2024-01-01T22:17:26.656Z"}},{"iob":0.006,"basaliob":-0.036,"bolussnooze":0,"activity":3.0E-4,"lastBolusTime":1704129289000,"time":"2024-01-01T22:22:26.656Z","iobWithZeroTemp":{"iob":-0.67,"basaliob":-0.712,"bolussnooze":0,"activity":-0.0056,"lastBolusTime":1704129289000,"time":"2024-01-01T22:22:26.656Z"}},{"iob":0.004,"basaliob":-0.033,"bolussnooze":0,"activity":2.0E-4,"lastBolusTime":1704129289000,"time":"2024-01-01T22:27:26.656Z","iobWithZeroTemp":{"iob":-0.68,"basaliob":-0.717,"bolussnooze":0,"activity":-0.0058,"lastBolusTime":1704129289000,"time":"2024-01-01T22:27:26.656Z"}},{"iob":0.004,"basaliob":-0.03,"bolussnooze":0,"activity":2.0E-4,"lastBolusTime":1704129289000,"time":"2024-01-01T22:32:26.656Z","iobWithZeroTemp":{"iob":-0.687,"basaliob":-0.721,"bolussnooze":0,"activity":-0.0059,"lastBolusTime":1704129289000,"time":"2024-01-01T22:32:26.656Z"}},{"iob":0.002,"basaliob":-0.028,"bolussnooze":0,"activity":2.0E-4,"lastBolusTime":1704129289000,"time":"2024-01-01T22:37:26.656Z","iobWithZeroTemp":{"iob":-0.696,"basaliob":-0.726,"bolussnooze":0,"activity":-0.0059,"lastBolusTime":1704129289000,"time":"2024-01-01T22:37:26.656Z"}},{"iob":0.002,"basaliob":-0.025,"bolussnooze":0,"activity":1.0E-4,"lastBolusTime":1704129289000,"time":"2024-01-01T22:42:26.656Z","iobWithZeroTemp":{"iob":-0.703,"basaliob":-0.73,"bolussnooze":0,"activity":-0.0061,"lastBolusTime":1704129289000,"time":"2024-01-01T22:42:26.656Z"}},{"iob":0.001,"basaliob":-0.023,"bolussnooze":0,"activity":1.0E-4,"lastBolusTime":1704129289000,"time":"2024-01-01T22:47:26.656Z","iobWithZeroTemp":{"iob":-0.71,"basaliob":-0.734,"bolussnooze":0,"activity":-0.0062,"lastBolusTime":1704129289000,"time":"2024-01-01T22:47:26.656Z"}},{"iob":0,"basaliob":-0.021,"bolussnooze":0,"activity":1.0E-4,"lastBolusTime":1704129289000,"time":"2024-01-01T22:52:26.656Z","iobWithZeroTemp":{"iob":-0.717,"basaliob":-0.738,"bolussnooze":0,"activity":-0.0063,"lastBolusTime":1704129289000,"time":"2024-01-01T22:52:26.656Z"}},{"iob":0,"basaliob":-0.019,"bolussnooze":0,"activity":0,"lastBolusTime":1704129289000,"time":"2024-01-01T22:57:26.656Z","iobWithZeroTemp":{"iob":-0.722,"basaliob":-0.741,"bolussnooze":0,"activity":-0.0064,"lastBolusTime":1704129289000,"time":"2024-01-01T22:57:26.656Z"}},{"iob":0,"basaliob":-0.017,"bolussnooze":0,"activity":1.0E-4,"lastBolusTime":1704129289000,"time":"2024-01-01T23:02:26.656Z","iobWithZeroTemp":{"iob":-0.727,"basaliob":-0.744,"bolussnooze":0,"activity":-0.0064,"lastBolusTime":1704129289000,"time":"2024-01-01T23:02:26.656Z"}},{"iob":-0.001,"basaliob":-0.016,"bolussnooze":0,"activity":1.0E-4,"lastBolusTime":1704129289000,"time":"2024-01-01T23:07:26.656Z","iobWithZeroTemp":{"iob":-0.733,"basaliob":-0.748,"bolussnooze":0,"activity":-0.0065,"lastBolusTime":1704129289000,"time":"2024-01-01T23:07:26.656Z"}}],"profile":{"max_iob":7,"type":"current","max_daily_basal":0.45,"max_basal":1.35,"min_bg":106.2,"max_bg":106.2,"target_bg":106.2,"carb_ratio":11,"sens":352.8,"max_daily_safety_multiplier":3,"current_basal_safety_multiplier":4,"lgsThreshold":65,"high_temptarget_raises_sensitivity":false,"low_temptarget_lowers_sensitivity":false,"sensitivity_raises_target":true,"resistance_lowers_target":true,"adv_target_adjustments":false,"exercise_mode":false,"half_basal_exercise_target":160,"maxCOB":120,"skip_neutral_temps":false,"remainingCarbsCap":90,"enableUAM":true,"A52_risk_enable":false,"SMBInterval":4,"enableSMB_with_COB":true,"enableSMB_with_temptarget":false,"allowSMB_with_high_temptarget":true,"enableSMB_always":true,"enableSMB_after_carbs":false,"maxSMBBasalMinutes":60,"maxUAMSMBBasalMinutes":60,"bolus_increment":0.05,"carbsReqThreshold":10,"current_basal":0.4,"temptargetSet":false,"autosens_max":1.2,"autosens_min":0.8,"out_units":"mmol\/L","variable_sens":184.9,"insulinDivisor":65,"TDD":9.830373541666667},"autosens_data":{"ratio":1.2433600282428865},"meal_data":{"carbs":70,"mealCOB":6.948598639455792,"slopeFromMaxDeviation":-5.512799999999999,"slopeFromMinDeviation":0,"lastBolusTime":1704129289000,"lastCarbTime":1704125623000},"microBolusAllowed":true,"currentTime":1704136348801,"flatBGsDetected":false,"tdd1D":21.848083333333335,"tdd7D":24.48151190476191,"tddLast24H":30.43933333333333,"tddLast4H":7.74,"tddLast8to4H":3.0733333333333337},"output":{"temp":"absolute","bg":110,"tick":-8,"eventualBG":87,"targetBG":97,"insulinReq":0,"deliverAt":"2024-01-01T19:12:28.801Z","sensitivityRatio":1.2433600282428865,"variable_sens":184.9,"predBGs":{"IOB":[110,102,94,86,78,69,61,53,43,39,39,39,39],"ZT":[110,99,87,76,65,54,43,39,39,39,39,39,39,39,39,39,39,39,39,39,39,39,39,39,39,39,39,39,39,39,44,52,59,66,72,79,85,90,96],"COB":[110,102,95,89,83,78,74,71,67,65,63,61,60,59,58,57,57,57,57,57,58,59,59,60,61,62,63,64,65,66,67,69,70,71,72,74,75,76,77,79,80,81,82,83,84,85,86,87],"UAM":[110,99,87,76,65,53,41,39,39,39,39,39,39]},"reason":"COB: 6.9, Dev: 1.2, BGI: -0.6, ISF: 10.3, CR: 11, Target: 5.4, minPredBG -1.2, minGuardBG -5.2, IOBpredBG 2.2, COBpredBG 4.8, UAMpredBG 2.2; minGuardBG -5.2<3.8","COB":6.948598639455792,"IOB":0.658,"duration":120,"rate":0,"timestamp":"2024-01-01T19:12:28.827Z"}}