{"algorithm":"OpenAPSSMBDynamicISFPlugin","input":{"glucoseStatus":{"glucose":88,"noise":0,"delta":3,"short_avgdelta":2.39,"long_avgdelta":1.88,"date":1704174426643},"currenttemp":{"temp":"absolute","duration":25,"rate":0,"minutesrunning":5},"iob_data":[{"iob":-0.565,"basaliob":-0.587,"bolussnooze":0,"activity":-0.0047,"lastBolusTime":1704163954000,"time":"2024-01-02T05:50:31.042Z","iobWithZeroTemp":{"iob":-0.565,"basaliob":-0.587,"bolussnooze":0,"activity":-0.0047,"lastBolusTime":1704163954000,"time":"2024-01-02T05:50:31.042Z"}},{"iob":-0.542,"basaliob":-0.562,"bolussnooze":0,"activity":-0.0048,"lastBolusTime":1704163954000,"time":"2024-01-02T05:55:31.042Z","iobWithZeroTemp":{"iob":-0.569,"basaliob":-0.589,"bolussnooze":0,"activity":-0.0048,"lastBolusTime":1704163954000,"time":"2024-01-02T05:55:31.042Z"}},{"iob":-0.517,"basaliob":-0.536,"bolussnooze":0,"activity":-0.0048,"lastBolusTime":1704163954000,"time":"2024-01-02T06:00:31.042Z","iobWithZeroTemp":{"iob":-0.577,"basaliob":-0.596,"bolussnooze":0,"activity":-0.0049,"lastBolusTime":1704163954000,"time":"2024-01-02T06:00:31.042Z"}},{"iob":-0.494,"basaliob":-0.511,"bolussnooze":0,"activity":-0.0048,"lastBolusTime":1704163954000,"time":"2024-01-02T06:05:31.042Z","iobWithZeroTemp":{"iob":-0.586,"basaliob":-0.603,"bolussnooze":0,"activity":-0.005,"lastBolusTime":1704163954000,"time":"2024-01-02T06:05:31.042Z"}},{"iob":-0.469,"basaliob":-0.485,"bolussnooze":0,"activity":-0.0047,"lastBolusTime":1704163954000,"time":"2024-01-02T06:10:31.042Z","iobWithZeroTemp":{"iob":-0.594,"basaliob":-0.61,"bolussnooze":0,"activity":-0.005,"lastBolusTime":1704163954000,"time":"2024-01-02T06:10:31.042Z"}},{"iob":-0.446,"basaliob":-0.461,"bolussnooze":0,"activity":-0.0047,"lastBolusTime":1704163954000,"time":"2024-01-02T06:15:31.042Z","iobWithZeroTemp":{"iob":-0.602,"basaliob":-0.617,"bolussnooze":0,"activity":-0.0052,"lastBolusTime":1704163954000,"time":"2024-01-02T06:15:31.042Z"}},{"iob":-0.422,"basaliob":-0.436,"bolussnooze":0,"activity":-0.0046,"lastBolusTime":1704163954000,"time":"2024-01-02T06:20:31.042Z","iobWithZeroTemp":{"iob":-0.608,"basaliob":-0.622,"bolussnooze":0,"activity":-0.0053,"lastBolusTime":1704163954000,"time":"2024-01-02T06:20:31.042Z"}},{"iob":-0.4,"basaliob":-0.412,"bolussnooze":0,"activity":-0.0045,"lastBolusTime":1704163954000,"time":"2024-01-02T06:25:31.042Z","iobWithZeroTemp":{"iob":-0.616,"basaliob":-0.628,"bolussnooze":0,"activity":-0.0054,"lastBolusTime":1704163954000,"time":"2024-01-02T06:25:31.042Z"}},{"iob":-0.378,"basaliob":-0.389,"bolussnooze":0,"activity":-0.0043,"lastBolusTime":1704163954000,"time":"2024-01-02T06:30:31.042Z","iobWithZeroTemp":{"iob":-0.622,"basaliob":-0.633,"bolussnooze":0,"activity":-0.0054,"lastBolusTime":1704163954000,"time":"2024-01-02T06:30:31.042Z"}},{"iob":-0.356,"basaliob":-0.367,"bolussnooze":0,"activity":-0.0042,"lastBolusTime":1704163954000,"time":"2024-01-02T06:35:31.042Z","iobWithZeroTemp":{"iob":-0.628,"basaliob":-0.639,"bolussnooze":0,"activity":-0.0055,"lastBolusTime":1704163954000,"time":"2024-01-02T06:35:31.042Z"}},{"iob":-0.336,"basaliob":-0.346,"bolussnooze":0,"activity":-0.004,"lastBolusTime":1704163954000,"time":"2024-01-02T06:40:31.042Z","iobWithZeroTemp":{"iob":-0.634,"basaliob":-0.644,"bolussnooze":0,"activity":-0.0055,"lastBolusTime":1704163954000,"time":"2024-01-02T06:40:31.042Z"}},{"iob":-0.316,"basaliob":-0.325,"bolussnooze":0,"activity":-0.0038,"lastBolusTime":1704163954000,"time":"2024-01-02T06:45:31.042Z","iobWithZeroTemp":{"iob":-0.639,"basaliob":-0.648,"bolussnooze":0,"activity":-0.0056,"lastBolusTime":1704163954000,"time":"2024-01-02T06:45:31.042Z"}},{"iob":-0.297,"basaliob":-0.305,"bolussnooze":0,"activity":-0.0038,"lastBolusTime":1704163954000,"time":"2024-01-02T06:50:31.042Z","iobWithZeroTemp":{"iob":-0.644,"basaliob":-0.652,"bolussnooze":0,"activity":-0.0058,"lastBolusTime":1704163954000,"time":"2024-01-02T06:50:31.042Z"}},{"iob":-0.278,"basaliob":-0.286,"bolussnooze":0,"activity":-0.0036,"lastBolusTime":1704163954000,"time":"2024-01-02T06:55:31.042Z","iobWithZeroTemp":{"iob":-0.648,"basaliob":-0.656,"bolussnooze":0,"activity":-0.0058,"lastBolusTime":1704163954000,"time":"2024-01-02T06:55:31.042Z"}},{"iob":-0.261,"basaliob":-0.268,"bolussnooze":0,"activity":-0.0034,"lastBolusTime":1704163954000,"time":"2024-01-02T07:00:31.042Z","iobWithZeroTemp":{"iob":-0.652,"basaliob":-0.659,"bolussnooze":0,"activity":-0.0058,"lastBolusTime":1704163954000,"time":"2024-01-02T07:00:31.042Z"}},{"iob":-0.245,"basaliob":-0.251,"bolussnooze":0,"activity":-0.0032,"lastBolusTime":1704163954000,"time":"2024-01-02T07:05:31.042Z","iobWithZeroTemp":{"iob":-0.657,"basaliob":-0.663,"bolussnooze":0,"activity":-0.0059,"lastBolusTime":1704163954000,"time":"2024-01-02T07:05:31.042Z"}},{"iob":-0.229,"basaliob":-0.235,"bolussnooze":0,"activity":-0.0031,"lastBolusTime":1704163954000,"time":"2024-01-02T07:10:31.042Z","iobWithZeroTemp":{"iob":-0.66,"basaliob":-0.666,"bolussnooze":0,"activity":-0.006,"lastBolusTime":1704163954000,"time":"2024-01-02T07:10:31.042Z"}},{"iob":-0.214,"basaliob":-0.219,"bolussnooze":0,"activity":-0.0029,"lastBolusTime":1704163954000,"time":"2024-01-02T07:15:31.042Z","iobWithZeroTemp":{"iob":-0.664,"basaliob":-0.669,"bolussnooze":0,"activity":-0.006,"lastBolusTime":1704163954000,"time":"2024-01-02T07:15:31.042Z"}},{"iob":-0.2,"basaliob":-0.205,"bolussnooze":0,"activity":-0.0027,"lastBolusTime":1704163954000,"time":"2024-01-02T07:20:31.042Z","iobWithZeroTemp":{"iob":-0.667,"basaliob":-0.672,"bolussnooze":0,"activity":-0.006,"lastBolusTime":1704163954000,"time":"2024-01-02T07:20:31.042Z"}},{"iob":-0.187,"basaliob":-0.191,"bolussnooze":0,"activity":-0.0026,"lastBolusTime":1704163954000,"time":"2024-01-02T07:25:31.042Z","iobWithZeroTemp":{"iob":-0.671,"basaliob":-0.675,"bolussnooze":0,"activity":-0.0061,"lastBolusTime":1704163954000,"time":"2024-01-02T07:25:31.042Z"}},{"iob":-0.174,"basaliob":-0.178,"bolussnooze":0,"activity":-0.0024,"lastBolusTime":1704163954000,"time":"2024-01-02T07:30:31.042Z","iobWithZeroTemp":{"iob":-0.673,"basaliob":-0.677,"bolussnooze":0,"activity":-0.0061,"lastBolusTime":1704163954000,"time":"2024-01-02T07:30:31.042Z"}},{"iob":-0.161,"basaliob":-0.165,"bolussnooze":0,"activity":-0.0023,"lastBolusTime":1704163954000,"time":"2024-01-02T07:35:31.042Z","iobWithZeroTemp":{"iob":-0.675,"basaliob":-0.679,"bolussnooze":0,"activity":-0.0062,"lastBolusTime":1704163954000,"time":"2024-01-02T07:35:31.042Z"}},{"iob":-0.151,"basaliob":-0.154,"bolussnooze":0,"activity":-0.0021,"lastBolusTime":1704163954000,"time":"2024-01-02T07:40:31.042Z","iobWithZeroTemp":{"iob":-0.678,"basaliob":-0.681,"bolussnooze":0,"activity":-0.0061,"lastBolusTime":1704163954000,"time":"2024-01-02T07:40:31.042Z"}},{"iob":-0.14,"basaliob":-0.143,"bolussnooze":0,"activity":-0.002,"lastBolusTime":1704163954000,"time":"2024-01-02T07:45:31.042Z","iobWithZeroTemp":{"iob":-0.68,"basaliob":-0.683,"bolussnooze":0,"activity":-0.0062,"lastBolusTime":1704163954000,"time":"2024-01-02T07:45:31.042Z"}},{"iob":-0.13,"basaliob":-0.133,"bolussnooze":0,"activity":-0.0019,"lastBolusTime":1704163954000,"time":"2024-01-02T07:50:31.042Z","iobWithZeroTemp":{"iob":-0.682,"basaliob":-0.685,"bolussnooze":0,"activity":-0.0062,"lastBolusTime":1704163954000,"time":"2024-01-02T07:50:31.042Z"}},{"iob":-0.12,"basaliob":-0.123,"bolussnooze":0,"activity":-0.0019,"lastBolusTime":1704163954000,"time":"2024-01-02T07:55:31.042Z","iobWithZeroTemp":{"iob":-0.683,"basaliob":-0.686,"bolussnooze":0,"activity":-0.0064,"lastBolusTime":1704163954000,"time":"2024-01-02T07:55:31.042Z"}},{"iob":-0.112,"basaliob":-0.114,"bolussnooze":0,"activity":-0.0017,"lastBolusTime":1704163954000,"time":"2024-01-02T08:00:31.042Z","iobWithZeroTemp":{"iob":-0.686,"basaliob":-0.688,"bolussnooze":0,"activity":-0.0063,"lastBolusTime":1704163954000,"time":"2024-01-02T08:00:31.042Z"}},{"iob":-0.104,"basaliob":-0.106,"bolussnooze":0,"activity":-0.0016,"lastBolusTime":1704163954000,"time":"2024-01-02T08:05:31.042Z","iobWithZeroTemp":{"iob":-0.688,"basaliob":-0.69,"bolussnooze":0,"activity":-0.0064,"lastBolusTime":1704163954000,"time":"2024-01-02T08:05:31.042Z"}},{"iob":-0.096,"basaliob":-0.098,"bolussnooze":0,"activity":-0.0015,"lastBolusTime":1704163954000,"time":"2024-01-02T08:10:31.042Z","iobWithZeroTemp":{"iob":-0.689,"basaliob":-0.691,"bolussnooze":0,"activity":-0.0064,"lastBolusTime":1704163954000,"time":"2024-01-02T08:10:31.042Z"}},{"iob":-0.089,"basaliob":-0.091,"bolussnooze":0,"activity":-0.0014,"lastBolusTime":1704163954000,"time":"2024-01-02T08:15:31.042Z","iobWithZeroTemp":{"iob":-0.69,"basaliob":-0.692,"bolussnooze":0,"activity":-0.0064,"lastBolusTime":1704163954000,"time":"2024-01-02T08:15:31.042Z"}},{"iob":-0.082,"basaliob":-0.084,"bolussnooze":0,"activity":-0.0013,"lastBolusTime":1704163954000,"time":"2024-01-02T08:20:31.042Z","iobWithZeroTemp":{"iob":-0.691,"basaliob":-0.693,"bolussnooze":0,"activity":-0.0064,"lastBolusTime":1704163954000,"time":"2024-01-02T08:20:31.042Z"}},{"iob":-0.076,"basaliob":-0.077,"bolussnooze":0,"activity":-0.0012,"lastBolusTime":1704163954000,"time":"2024-01-02T08:25:31.042Z","iobWithZeroTemp":{"iob":-0.693,"basaliob":-0.694,"bolussnooze":0,"activity":-0.0064,"lastBolusTime":1704163954000,"time":"2024-01-02T08:25:31.042Z"}},{"iob":-0.07,"basaliob":-0.071,"bolussnooze":0,"activity":-0.0011,"lastBolusTime":1704163954000,"time":"2024-01-02T08:30:31.042Z","iobWithZeroTemp":{"iob":-0.694,"basaliob":-0.695,"bolussnooze":0,"activity":-0.0064,"lastBolusTime":1704163954000,"time":"2024-01-02T08:30:31.042Z"}},{"iob":-0.065,"basaliob":-0.066,"bolussnooze":0,"activity":-0.0011,"lastBolusTime":1704163954000,"time":"2024-01-02T08:35:31.042Z","iobWithZeroTemp":{"iob":-0.695,"basaliob":-0.696,"bolussnooze":0,"activity":-0.0065,"lastBolusTime":1704163954000,"time":"2024-01-02T08:35:31.042Z"}},{"iob":-0.06,"basaliob":-0.061,"bolussnooze":0,"activity":-0.001,"lastBolusTime":1704163954000,"time":"2024-01-02T08:40:31.042Z","iobWithZeroTemp":{"iob":-0.696,"basaliob":-0.697,"bolussnooze":0,"activity":-0.0065,"lastBolusTime":1704163954000,"time":"2024-01-02T08:40:31.042Z"}},{"iob":-0.055,"basaliob":-0.056,"bolussnooze":0,"activity":-9.0E-4,"lastBolusTime":1704163954000,"time":"2024-01-02T08:45:31.042Z","iobWithZeroTemp":{"iob":-0.697,"basaliob":-0.698,"bolussnooze":0,"activity":-0.0065,"lastBolusTime":1704163954000,"time":"2024-01-02T08:45:31.042Z"}},{"iob":-0.05,"basaliob":-0.051,"bolussnooze":0,"activity":-9.0E-4,"lastBolusTime":1704163954000,"time":"2024-01-02T08:50:31.042Z","iobWithZeroTemp":{"iob":-0.697,"basaliob":-0.698,"bolussnooze":0,"activity":-0.0066,"lastBolusTime":1704163954000,"time":"2024-01-02T08:50:31.042Z"}},{"iob":-0.046,"basaliob":-0.047,"bolussnooze":0,"activity":-8.0E-4,"lastBolusTime":1704163954000,"time":"2024-01-02T08:55:31.042Z","iobWithZeroTemp":{"iob":-0.697,"basaliob":-0.698,"bolussnooze":0,"activity":-0.0066,"lastBolusTime":1704163954000,"time":"2024-01-02T08:55:31.042Z"}},{"iob":-0.042,"basaliob":-0.043,"bolussnooze":0,"activity":-7.0E-4,"lastBolusTime":1704163954000,"time":"2024-01-02T09:00:31.042Z","iobWithZeroTemp":{"iob":-0.698,"basaliob":-0.699,"bolussnooze":0,"activity":-0.0065,"lastBolusTime":1704163954000,"time":"2024-01-02T09:00:31.042Z"}},{"iob":-0.039,"basaliob":-0.04,"bolussnooze":0,"activity":-7.0E-4,"lastBolusTime":1704163954000,"time":"2024-01-02T09:05:31.042Z","iobWithZeroTemp":{"iob":-0.699,"basaliob":-0.7,"bolussnooze":0,"activity":-0.0066,"lastBolusTime":1704163954000,"time":"2024-01-02T09:05:31.042Z"}},{"iob":-0.036,"basaliob":-0.037,"bolussnooze":0,"activity":-6.0E-4,"lastBolusTime":1704163954000,"time":"2024-01-02T09:10:31.042Z","iobWithZeroTemp":{"iob":-0.7,"basaliob":-0.701,"bolussnooze":0,"activity":-0.0065,"lastBolusTime":1704163954000,"time":"2024-01-02T09:10:31.042Z"}},{"iob":-0.034,"basaliob":-0.034,"bolussnooze":0,"activity":-6.0E-4,"lastBolusTime":1704163954000,"time":"2024-01-02T09:15:31.042Z","iobWithZeroTemp":{"iob":-0.701,"basaliob":-0.701,"bolussnooze":0,"activity":-0.0066,"lastBolusTime":1704163954000,"time":"2024-01-02T09:15:31.042Z"}},{"iob":-0.031,"basaliob":-0.031,"bolussnooze":0,"activity":-5.0E-4,"lastBolusTime":1704163954000,"time":"2024-01-02T09:20:31.042Z","iobWithZeroTemp":{"iob":-0.701,"basaliob":-0.701,"bolussnooze":0,"activity":-0.0066,"lastBolusTime":1704163954000,"time":"2024-01-02T09:20:31.042Z"}},{"iob":-0.028,"basaliob":-0.028,"bolussnooze":0,"activity":-5.0E-4,"lastBolusTime":1704163954000,"time":"2024-01-02T09:25:31.042Z","iobWithZeroTemp":{"iob":-0.701,"basaliob":-0.701,"bolussnooze":0,"activity":-0.0066,"lastBolusTime":1704163954000,"time":"2024-01-02T09:25:31.042Z"}},{"iob":-0.026,"basaliob":-0.026,"bolussnooze":0,"activity":-5.0E-4,"lastBolusTime":1704163954000,"time":"2024-01-02T09:30:31.042Z","iobWithZeroTemp":{"iob":-0.702,"basaliob":-0.702,"bolussnooze":0,"activity":-0.0066,"lastBolusTime":1704163954000,"time":"2024-01-02T09:30:31.042Z"}},{"iob":-0.024,"basaliob":-0.024,"bolussnooze":0,"activity":-4.0E-4,"lastBolusTime":1704163954000,"time":"2024-01-02T09:35:31.042Z","iobWithZeroTemp":{"iob":-0.702,"basaliob":-0.702,"bolussnooze":0,"activity":-0.0066,"lastBolusTime":1704163954000,"time":"2024-01-02T09:35:31.042Z"}},{"iob":-0.022,"basaliob":-0.022,"bolussnooze":0,"activity":-4.0E-4,"lastBolusTime":1704163954000,"time":"2024-01-02T09:40:31.042Z","iobWithZeroTemp":{"iob":-0.703,"basaliob":-0.703,"bolussnooze":0,"activity":-0.0066,"lastBolusTime":1704163954000,"time":"2024-01-02T09:40:31.042Z"}},{"iob":-0.02,"basaliob":-0.02,"bolussnooze":0,"activity":-4.0E-4,"lastBolusTime":1704163954000,"time":"2024-01-02T09:45:31.042Z","iobWithZeroTemp":{"iob":-0.703,"basaliob":-0.703,"bolussnooze":0,"activity":-0.0067,"lastBolusTime":1704163954000,"time":"2024-01-02T09:45:31.042Z"}}],"profile":{"max_iob":7,"type":"current","max_daily_basal":0.45,"max_basal":1.35,"min_bg":144,"max_bg":144,"target_bg":144,"carb_ratio":9,"sens":352.8,"max_daily_safety_multiplier":3,"current_basal_safety_multiplier":4,"lgsThreshold":65,"high_temptarget_raises_sensitivity":false,"low_temptarget_lowers_sensitivity":false,"sensitivity_raises_target":true,"resistance_lowers_target":true,"adv_target_adjustments":false,"exercise_mode":false,"half_basal_exercise_target":160,"maxCOB":120,"skip_neutral_temps":false,"remainingCarbsCap":90,"enableUAM":true,"A52_risk_enable":false,"SMBInterval":4,"enableSMB_with_COB":true,"enableSMB_with_temptarget":false,"allowSMB_with_high_temptarget":true,"enableSMB_always":true,"enableSMB_after_carbs":false,"maxSMBBasalMinutes":60,"maxUAMSMBBasalMinutes":60,"bolus_increment":0.05,"carbsReqThreshold":10,"current_basal":0.4,"temptargetSet":true,"autosens_max":1.2,"autosens_min":0.8,"out_units":"mmol\/L","variable_sens":320.6,"insulinDivisor":65,"TDD":6.557952491666666},"autosens_data":{"ratio":0.9496859654562},"meal_data":{"carbs":0,"mealCOB":0,"slopeFromMaxDeviation":0,"slopeFromMinDeviation":0.18819999999999998,"lastBolusTime":1704163954000,"lastCarbTime":0},"microBolusAllowed":true,"currentTime":1704174632565,"flatBGsDetected":false,"tdd1D":29.029333333333327,"tdd7D":23.806904761904768,"tddLast24H":22.609083333333334,"tddLast4H":0.4428333333333334,"tddLast8to4H":0.75625},"output":{"temp":"absolute","bg":88,"tick":"+3","eventualBG":235,"targetBG":144,"insulinReq":0,"deliverAt":"2024-01-02T05:50:32.565Z","sensitivityRatio":0.9496859654562,"variable_sens":320.6,"predBGs":{"IOB":[88,91,94,98,101,105,109,114,118,123,127,132,137,141,145,149,153,157,160,163,166,168,171,173,175,177,179,181,182,184,185,187,188,189,190,191,192,193,194,195,195,196,196,197,197,198,198,199],"ZT":[88,96,103,110,117,124,130,137,143]},"reason":"COB: 0, Dev: -1.9, BGI: 0.4, ISF: 17.8, CR: 9, Target: 8.0, minPredBG 8.9, minGuardBG 5.1, IOBpredBG 11.1; minGuardBG 5.1<5.1 25m left and 0 ~ req 0U\/hr: no temp required","COB":0,"IOB":-0.565,"timestamp":"2024-01-02T05:50:32.589Z"}}