{"algorithm":"OpenAPSSMBDynamicISFPlugin","input":{"glucoseStatus":{"glucose":168,"noise":0,"delta":-1,"short_avgdelta":-0.28,"long_avgdelta":2.81,"date":1704469334897},"currenttemp":{"temp":"absolute","duration":5,"rate":0,"minutesrunning":55},"iob_data":[{"iob":2.851,"basaliob":-0.695,"bolussnooze":0.8517,"activity":0.0249,"lastBolusTime":1704468484000,"time":"2024-01-05T15:42:39.739Z","iobWithZeroTemp":{"iob":2.851,"basaliob":-0.695,"bolussnooze":0.8517,"activity":0.0249,"lastBolusTime":1704468484000,"time":"2024-01-05T15:42:39.739Z"}},{"iob":2.725,"basaliob":-0.663,"bolussnooze":0.7558,"activity":0.0251,"lastBolusTime":1704468484000,"time":"2024-01-05T15:47:39.739Z","iobWithZeroTemp":{"iob":2.698,"basaliob":-0.69,"bolussnooze":0.7558,"activity":0.0251,"lastBolusTime":1704468484000,"time":"2024-01-05T15:47:39.739Z"}},{"iob":2.6,"basaliob":-0.63,"bolussnooze":0.6672,"activity":0.0252,"lastBolusTime":1704468484000,"time":"2024-01-05T15:52:39.739Z","iobWithZeroTemp":{"iob":2.54,"basaliob":-0.69,"bolussnooze":0.6672,"activity":0.0251,"lastBolusTime":1704468484000,"time":"2024-01-05T15:52:39.739Z"}},{"iob":2.474,"basaliob":-0.599,"bolussnooze":0.5863,"activity":0.025,"lastBolusTime":1704468484000,"time":"2024-01-05T15:57:39.739Z","iobWithZeroTemp":{"iob":2.382,"basaliob":-0.691,"bolussnooze":0.5863,"activity":0.0248,"lastBolusTime":1704468484000,"time":"2024-01-05T15:57:39.739Z"}},{"iob":2.351,"basaliob":-0.567,"bolussnooze":0.5131,"activity":0.0246,"lastBolusTime":1704468484000,"time":"2024-01-05T16:02:39.739Z","iobWithZeroTemp":{"iob":2.226,"basaliob":-0.692,"bolussnooze":0.5131,"activity":0.0243,"lastBolusTime":1704468484000,"time":"2024-01-05T16:02:39.739Z"}},{"iob":2.228,"basaliob":-0.537,"bolussnooze":0.4473,"activity":0.0241,"lastBolusTime":1704468484000,"time":"2024-01-05T16:07:39.739Z","iobWithZeroTemp":{"iob":2.072,"basaliob":-0.693,"bolussnooze":0.4473,"activity":0.0236,"lastBolusTime":1704468484000,"time":"2024-01-05T16:07:39.739Z"}},{"iob":2.109,"basaliob":-0.507,"bolussnooze":0.3885,"activity":0.0236,"lastBolusTime":1704468484000,"time":"2024-01-05T16:12:39.739Z","iobWithZeroTemp":{"iob":1.923,"basaliob":-0.693,"bolussnooze":0.3885,"activity":0.0229,"lastBolusTime":1704468484000,"time":"2024-01-05T16:12:39.739Z"}},{"iob":1.994,"basaliob":-0.478,"bolussnooze":0.3363,"activity":0.0228,"lastBolusTime":1704468484000,"time":"2024-01-05T16:17:39.739Z","iobWithZeroTemp":{"iob":1.778,"basaliob":-0.694,"bolussnooze":0.3363,"activity":0.0219,"lastBolusTime":1704468484000,"time":"2024-01-05T16:17:39.739Z"}},{"iob":1.881,"basaliob":-0.451,"bolussnooze":0.2901,"activity":0.0222,"lastBolusTime":1704468484000,"time":"2024-01-05T16:22:39.739Z","iobWithZeroTemp":{"iob":1.637,"basaliob":-0.695,"bolussnooze":0.2901,"activity":0.0211,"lastBolusTime":1704468484000,"time":"2024-01-05T16:22:39.739Z"}},{"iob":1.772,"basaliob":-0.424,"bolussnooze":0.2496,"activity":0.0213,"lastBolusTime":1704468484000,"time":"2024-01-05T16:27:39.739Z","iobWithZeroTemp":{"iob":1.5,"basaliob":-0.696,"bolussnooze":0.2496,"activity":0.02,"lastBolusTime":1704468484000,"time":"2024-01-05T16:27:39.739Z"}},{"iob":1.668,"basaliob":-0.398,"bolussnooze":0.214,"activity":0.0205,"lastBolusTime":1704468484000,"time":"2024-01-05T16:32:39.739Z","iobWithZeroTemp":{"iob":1.37,"basaliob":-0.696,"bolussnooze":0.214,"activity":0.019,"lastBolusTime":1704468484000,"time":"2024-01-05T16:32:39.739Z"}},{"iob":1.567,"basaliob":-0.374,"bolussnooze":0.183,"activity":0.0196,"lastBolusTime":1704468484000,"time":"2024-01-05T16:37:39.739Z","iobWithZeroTemp":{"iob":1.244,"basaliob":-0.697,"bolussnooze":0.183,"activity":0.0178,"lastBolusTime":1704468484000,"time":"2024-01-05T16:37:39.739Z"}},{"iob":1.472,"basaliob":-0.35,"bolussnooze":0.1561,"activity":0.0188,"lastBolusTime":1704468484000,"time":"2024-01-05T16:42:39.739Z","iobWithZeroTemp":{"iob":1.125,"basaliob":-0.697,"bolussnooze":0.1561,"activity":0.0168,"lastBolusTime":1704468484000,"time":"2024-01-05T16:42:39.739Z"}},{"iob":1.38,"basaliob":-0.328,"bolussnooze":0.1327,"activity":0.018,"lastBolusTime":1704468484000,"time":"2024-01-05T16:47:39.739Z","iobWithZeroTemp":{"iob":1.01,"basaliob":-0.698,"bolussnooze":0.1327,"activity":0.0158,"lastBolusTime":1704468484000,"time":"2024-01-05T16:47:39.739Z"}},{"iob":1.292,"basaliob":-0.307,"bolussnooze":0.1125,"activity":0.0171,"lastBolusTime":1704468484000,"time":"2024-01-05T16:52:39.739Z","iobWithZeroTemp":{"iob":0.901,"basaliob":-0.698,"bolussnooze":0.1125,"activity":0.0147,"lastBolusTime":1704468484000,"time":"2024-01-05T16:52:39.739Z"}},{"iob":1.209,"basaliob":-0.287,"bolussnooze":0.0952,"activity":0.0162,"lastBolusTime":1704468484000,"time":"2024-01-05T16:57:39.739Z","iobWithZeroTemp":{"iob":0.797,"basaliob":-0.699,"bolussnooze":0.0952,"activity":0.0135,"lastBolusTime":1704468484000,"time":"2024-01-05T16:57:39.739Z"}},{"iob":1.13,"basaliob":-0.268,"bolussnooze":0.0802,"activity":0.0154,"lastBolusTime":1704468484000,"time":"2024-01-05T17:02:39.739Z","iobWithZeroTemp":{"iob":0.699,"basaliob":-0.699,"bolussnooze":0.0802,"activity":0.0125,"lastBolusTime":1704468484000,"time":"2024-01-05T17:02:39.739Z"}},{"iob":1.055,"basaliob":-0.25,"bolussnooze":0.0675,"activity":0.0146,"lastBolusTime":1704468484000,"time":"2024-01-05T17:07:39.739Z","iobWithZeroTemp":{"iob":0.605,"basaliob":-0.7,"bolussnooze":0.0675,"activity":0.0115,"lastBolusTime":1704468484000,"time":"2024-01-05T17:07:39.739Z"}},{"iob":0.984,"basaliob":-0.233,"bolussnooze":0.0566,"activity":0.0138,"lastBolusTime":1704468484000,"time":"2024-01-05T17:12:39.739Z","iobWithZeroTemp":{"iob":0.517,"basaliob":-0.7,"bolussnooze":0.0566,"activity":0.0105,"lastBolusTime":1704468484000,"time":"2024-01-05T17:12:39.739Z"}},{"iob":0.917,"basaliob":-0.217,"bolussnooze":0.0473,"activity":0.013,"lastBolusTime":1704468484000,"time":"2024-01-05T17:17:39.739Z","iobWithZeroTemp":{"iob":0.433,"basaliob":-0.701,"bolussnooze":0.0473,"activity":0.0095,"lastBolusTime":1704468484000,"time":"2024-01-05T17:17:39.739Z"}},{"iob":0.855,"basaliob":-0.201,"bolussnooze":0.0394,"activity":0.0123,"lastBolusTime":1704468484000,"time":"2024-01-05T17:22:39.739Z","iobWithZeroTemp":{"iob":0.356,"basaliob":-0.7,"bolussnooze":0.0394,"activity":0.0086,"lastBolusTime":1704468484000,"time":"2024-01-05T17:22:39.739Z"}},{"iob":0.795,"basaliob":-0.187,"bolussnooze":0.0328,"activity":0.0115,"lastBolusTime":1704468484000,"time":"2024-01-05T17:27:39.739Z","iobWithZeroTemp":{"iob":0.281,"basaliob":-0.701,"bolussnooze":0.0328,"activity":0.0076,"lastBolusTime":1704468484000,"time":"2024-01-05T17:27:39.739Z"}},{"iob":0.739,"basaliob":-0.174,"bolussnooze":0.0271,"activity":0.0108,"lastBolusTime":1704468484000,"time":"2024-01-05T17:32:39.739Z","iobWithZeroTemp":{"iob":0.212,"basaliob":-0.701,"bolussnooze":0.0271,"activity":0.0068,"lastBolusTime":1704468484000,"time":"2024-01-05T17:32:39.739Z"}},{"iob":0.687,"basaliob":-0.161,"bolussnooze":0.0224,"activity":0.0102,"lastBolusTime":1704468484000,"time":"2024-01-05T17:37:39.739Z","iobWithZeroTemp":{"iob":0.147,"basaliob":-0.701,"bolussnooze":0.0224,"activity":0.006,"lastBolusTime":1704468484000,"time":"2024-01-05T17:37:39.739Z"}},{"iob":0.637,"basaliob":-0.15,"bolussnooze":0.0184,"activity":0.0095,"lastBolusTime":1704468484000,"time":"2024-01-05T17:42:39.739Z","iobWithZeroTemp":{"iob":0.085,"basaliob":-0.702,"bolussnooze":0.0184,"activity":0.0052,"lastBolusTime":1704468484000,"time":"2024-01-05T17:42:39.739Z"}},{"iob":0.591,"basaliob":-0.139,"bolussnooze":0.015,"activity":0.009,"lastBolusTime":1704468484000,"time":"2024-01-05T17:47:39.739Z","iobWithZeroTemp":{"iob":0.028,"basaliob":-0.702,"bolussnooze":0.015,"activity":0.0045,"lastBolusTime":1704468484000,"time":"2024-01-05T17:47:39.739Z"}},{"iob":0.548,"basaliob":-0.128,"bolussnooze":0.0123,"activity":0.0084,"lastBolusTime":1704468484000,"time":"2024-01-05T17:52:39.739Z","iobWithZeroTemp":{"iob":-0.026,"basaliob":-0.702,"bolussnooze":0.0123,"activity":0.0038,"lastBolusTime":1704468484000,"time":"2024-01-05T17:52:39.739Z"}},{"iob":0.507,"basaliob":-0.119,"bolussnooze":0.0099,"activity":0.0078,"lastBolusTime":1704468484000,"time":"2024-01-05T17:57:39.739Z","iobWithZeroTemp":{"iob":-0.077,"basaliob":-0.703,"bolussnooze":0.0099,"activity":0.003,"lastBolusTime":1704468484000,"time":"2024-01-05T17:57:39.739Z"}},{"iob":0.47,"basaliob":-0.11,"bolussnooze":0.008,"activity":0.0073,"lastBolusTime":1704468484000,"time":"2024-01-05T18:02:39.739Z","iobWithZeroTemp":{"iob":-0.123,"basaliob":-0.703,"bolussnooze":0.008,"activity":0.0024,"lastBolusTime":1704468484000,"time":"2024-01-05T18:02:39.739Z"}},{"iob":0.435,"basaliob":-0.101,"bolussnooze":0.0064,"activity":0.0068,"lastBolusTime":1704468484000,"time":"2024-01-05T18:07:39.739Z","iobWithZeroTemp":{"iob":-0.166,"basaliob":-0.702,"bolussnooze":0.0064,"activity":0.0018,"lastBolusTime":1704468484000,"time":"2024-01-05T18:07:39.739Z"}},{"iob":0.401,"basaliob":-0.094,"bolussnooze":0.0051,"activity":0.0064,"lastBolusTime":1704468484000,"time":"2024-01-05T18:12:39.739Z","iobWithZeroTemp":{"iob":-0.208,"basaliob":-0.703,"bolussnooze":0.0051,"activity":0.0013,"lastBolusTime":1704468484000,"time":"2024-01-05T18:12:39.739Z"}},{"iob":0.371,"basaliob":-0.086,"bolussnooze":0.004,"activity":0.0059,"lastBolusTime":1704468484000,"time":"2024-01-05T18:17:39.739Z","iobWithZeroTemp":{"iob":-0.246,"basaliob":-0.703,"bolussnooze":0.004,"activity":7.0E-4,"lastBolusTime":1704468484000,"time":"2024-01-05T18:17:39.739Z"}},{"iob":0.342,"basaliob":-0.08,"bolussnooze":0.0032,"activity":0.0055,"lastBolusTime":1704468484000,"time":"2024-01-05T18:22:39.739Z","iobWithZeroTemp":{"iob":-0.282,"basaliob":-0.704,"bolussnooze":0.0032,"activity":2.0E-4,"lastBolusTime":1704468484000,"time":"2024-01-05T18:22:39.739Z"}},{"iob":0.316,"basaliob":-0.073,"bolussnooze":0.0024,"activity":0.0051,"lastBolusTime":1704468484000,"time":"2024-01-05T18:27:39.739Z","iobWithZeroTemp":{"iob":-0.314,"basaliob":-0.703,"bolussnooze":0.0024,"activity":-3.0E-4,"lastBolusTime":1704468484000,"time":"2024-01-05T18:27:39.739Z"}},{"iob":0.29,"basaliob":-0.068,"bolussnooze":0.0019,"activity":0.0048,"lastBolusTime":1704468484000,"time":"2024-01-05T18:32:39.739Z","iobWithZeroTemp":{"iob":-0.346,"basaliob":-0.704,"bolussnooze":0.0019,"activity":-7.0E-4,"lastBolusTime":1704468484000,"time":"2024-01-05T18:32:39.739Z"}},{"iob":0.268,"basaliob":-0.062,"bolussnooze":0.0014,"activity":0.0045,"lastBolusTime":1704468484000,"time":"2024-01-05T18:37:39.739Z","iobWithZeroTemp":{"iob":-0.374,"basaliob":-0.704,"bolussnooze":0.0014,"activity":-0.0011,"lastBolusTime":1704468484000,"time":"2024-01-05T18:37:39.739Z"}},{"iob":0.246,"basaliob":-0.057,"bolussnooze":0.0011,"activity":0.0041,"lastBolusTime":1704468484000,"time":"2024-01-05T18:42:39.739Z","iobWithZeroTemp":{"iob":-0.401,"basaliob":-0.704,"bolussnooze":0.0011,"activity":-0.0016,"lastBolusTime":1704468484000,"time":"2024-01-05T18:42:39.739Z"}},{"iob":0.227,"basaliob":-0.052,"bolussnooze":8.0E-4,"activity":0.0038,"lastBolusTime":1704468484000,"time":"2024-01-05T18:47:39.739Z","iobWithZeroTemp":{"iob":-0.424,"basaliob":-0.703,"bolussnooze":8.0E-4,"activity":-0.002,"lastBolusTime":1704468484000,"time":"2024-01-05T18:47:39.739Z"}},{"iob":0.208,"basaliob":-0.048,"bolussnooze":5.0E-4,"activity":0.0036,"lastBolusTime":1704468484000,"time":"2024-01-05T18:52:39.739Z","iobWithZeroTemp":{"iob":-0.448,"basaliob":-0.704,"bolussnooze":5.0E-4,"activity":-0.0022,"lastBolusTime":1704468484000,"time":"2024-01-05T18:52:39.739Z"}},{"iob":0.191,"basaliob":-0.044,"bolussnooze":4.0E-4,"activity":0.0032,"lastBolusTime":1704468484000,"time":"2024-01-05T18:57:39.739Z","iobWithZeroTemp":{"iob":-0.469,"basaliob":-0.704,"bolussnooze":4.0E-4,"activity":-0.0027,"lastBolusTime":1704468484000,"time":"2024-01-05T18:57:39.739Z"}},{"iob":0.176,"basaliob":-0.04,"bolussnooze":2.0E-4,"activity":0.003,"lastBolusTime":1704468484000,"time":"2024-01-05T19:02:39.739Z","iobWithZeroTemp":{"iob":-0.488,"basaliob":-0.704,"bolussnooze":2.0E-4,"activity":-0.0029,"lastBolusTime":1704468484000,"time":"2024-01-05T19:02:39.739Z"}},{"iob":0.161,"basaliob":-0.037,"bolussnooze":2.0E-4,"activity":0.0028,"lastBolusTime":1704468484000,"time":"2024-01-05T19:07:39.739Z","iobWithZeroTemp":{"iob":-0.506,"basaliob":-0.704,"bolussnooze":2.0E-4,"activity":-0.0032,"lastBolusTime":1704468484000,"time":"2024-01-05T19:07:39.739Z"}},{"iob":0.147,"basaliob":-0.034,"bolussnooze":1.0E-4,"activity":0.0026,"lastBolusTime":1704468484000,"time":"2024-01-05T19:12:39.739Z","iobWithZeroTemp":{"iob":-0.523,"basaliob":-0.704,"bolussnooze":1.0E-4,"activity":-0.0035,"lastBolusTime":1704468484000,"time":"2024-01-05T19:12:39.739Z"}},{"iob":0.135,"basaliob":-0.031,"bolussnooze":0,"activity":0.0023,"lastBolusTime":1704468484000,"time":"2024-01-05T19:17:39.739Z","iobWithZeroTemp":{"iob":-0.538,"basaliob":-0.704,"bolussnooze":0,"activity":-0.0038,"lastBolusTime":1704468484000,"time":"2024-01-05T19:17:39.739Z"}},{"iob":0.124,"basaliob":-0.028,"bolussnooze":0,"activity":0.0022,"lastBolusTime":1704468484000,"time":"2024-01-05T19:22:39.739Z","iobWithZeroTemp":{"iob":-0.552,"basaliob":-0.704,"bolussnooze":0,"activity":-0.0039,"lastBolusTime":1704468484000,"time":"2024-01-05T19:22:39.739Z"}},{"iob":0.113,"basaliob":-0.026,"bolussnooze":0,"activity":0.002,"lastBolusTime":1704468484000,"time":"2024-01-05T19:27:39.739Z","iobWithZeroTemp":{"iob":-0.565,"basaliob":-0.704,"bolussnooze":0,"activity":-0.0042,"lastBolusTime":1704468484000,"time":"2024-01-05T19:27:39.739Z"}},{"iob":0.103,"basaliob":-0.024,"bolussnooze":0,"activity":0.0019,"lastBolusTime":1704468484000,"time":"2024-01-05T19:32:39.739Z","iobWithZeroTemp":{"iob":-0.578,"basaliob":-0.705,"bolussnooze":0,"activity":-0.0043,"lastBolusTime":1704468484000,"time":"2024-01-05T19:32:39.739Z"}},{"iob":0.094,"basaliob":-0.022,"bolussnooze":0,"activity":0.0017,"lastBolusTime":1704468484000,"time":"2024-01-05T19:37:39.739Z","iobWithZeroTemp":{"iob":-0.589,"basaliob":-0.705,"bolussnooze":0,"activity":-0.0046,"lastBolusTime":1704468484000,"time":"2024-01-05T19:37:39.739Z"}}],"profile":{"max_iob":7,"type":"current","max_daily_basal":0.45,"max_basal":1.35,"min_bg":81.0000000000001,"max_bg":81.0000000000001,"target_bg":81.0000000000001,"carb_ratio":11,"sens":352.8,"max_daily_safety_multiplier":3,"current_basal_safety_multiplier":4,"lgsThreshold":65,"high_temptarget_raises_sensitivity":false,"low_temptarget_lowers_sensitivity":false,"sensitivity_raises_target":true,"resistance_lowers_target":true,"adv_target_adjustments":false,"exercise_mode":false,"half_basal_exercise_target":160,"maxCOB":120,"skip_neutral_temps":false,"remainingCarbsCap":90,"enableUAM":true,"A52_risk_enable":false,"SMBInterval":4,"enableSMB_with_COB":true,"enableSMB_with_temptarget":false,"allowSMB_with_high_temptarget":true,"enableSMB_always":true,"enableSMB_after_carbs":false,"maxSMBBasalMinutes":60,"maxUAMSMBBasalMinutes":60,"bolus_increment":0.05,"carbsReqThreshold":10,"current_basal":0.4,"temptargetSet":true,"autosens_max":1.2,"autosens_min":0.8,"out_units":"mmol\/L","variable_sens":132.7,"insulinDivisor":65,"TDD":10.622201291666672},"autosens_data":{"ratio":1.2541652842054518},"meal_data":{"carbs":57,"mealCOB":30.15681179138321,"slopeFromMaxDeviation":-0.07900000000000063,"slopeFromMinDeviation":2.593,"lastBolusTime":1704468484000,"lastCarbTime":1704467012936},"microBolusAllowed":true,"currentTime":1704469361972,"flatBGsDetected":false,"tdd1D":28.050416666666692,"tdd7D":23.609261904761915,"tddLast24H":29.609916666666674,"tddLast4H":7.116666666666666,"tddLast8to4H":5.39},"output":{"temp":"absolute","bg":168,"tick":-1,"eventualBG":150,"targetBG":81.0000000000001,"insulinReq":0,"deliverAt":"2024-01-05T15:42:41.972Z","sensitivityRatio":1.2541652842054518,"variable_sens":132.7,"predBGs":{"IOB":[168,166,162,156,149,141,131,119,106,90,72,50,39],"ZT":[168,151,134,115,94,71,44,39,39,39,39,39,39,39,39,39,39,39,39,39,39,39,39,39,39,39,39,39,39,39,39,39,39,39,39,39,39,39,39,39,39,39,39,39,39,39,39,39],"COB":[168,167,165,163,161,159,157,155,153,151,150,149,148,148,148,148,148,149,150,151,153,155,156,158,159,161,162,164,165,166,167,167,168,168,168,167,167,166,165,163,162,160,158,156,154,153,152,150],"UAM":[168,166,163,159,154,148,141,133,124,115,104,92,78,62,42,39]},"reason":"COB: 30.2, Dev: 5.2, BGI: -0.9, ISF: 7.4, CR: 11, Target: 4.5, minPredBG -6.1, minGuardBG -6.1, IOBpredBG 2.2, COBpredBG 8.3, UAMpredBG 2.2; minGuardBG -6.1<3.6","COB":30.15681179138321,"IOB":2.851,"duration":120,"rate":0,"timestamp":"2024-01-05T15:42:41.994Z"}}