{"algorithm":"OpenAPSSMBDynamicISFPlugin","input":{"glucoseStatus":{"glucose":85,"noise":0,"delta":3,"short_avgdelta":0.72,"long_avgdelta":-0.19,"date":1704277027395},"currenttemp":{"temp":"absolute","duration":4,"rate":0,"minutesrunning":26},"iob_data":[{"iob":1.06,"basaliob":-0.64,"bolussnooze":0.8175,"activity":0.0073,"lastBolusTime":1704275875000,"time":"2024-01-03T10:18:58.372Z","iobWithZeroTemp":{"iob":1.06,"basaliob":-0.64,"bolussnooze":0.8175,"activity":0.0073,"lastBolusTime":1704275875000,"time":"2024-01-03T10:18:58.372Z"}},{"iob":1.023,"basaliob":-0.61,"bolussnooze":0.7495,"activity":0.0077,"lastBolusTime":1704275875000,"time":"2024-01-03T10:23:58.372Z","iobWithZeroTemp":{"iob":0.996,"basaliob":-0.637,"bolussnooze":0.7495,"activity":0.0077,"lastBolusTime":1704275875000,"time":"2024-01-03T10:23:58.372Z"}},{"iob":0.983,"basaliob":-0.581,"bolussnooze":0.6808,"activity":0.008,"lastBolusTime":1704275875000,"time":"2024-01-03T10:28:58.372Z","iobWithZeroTemp":{"iob":0.923,"basaliob":-0.641,"bolussnooze":0.6808,"activity":0.0079,"lastBolusTime":1704275875000,"time":"2024-01-03T10:28:58.372Z"}},{"iob":0.942,"basaliob":-0.552,"bolussnooze":0.6136,"activity":0.0082,"lastBolusTime":1704275875000,"time":"2024-01-03T10:33:58.372Z","iobWithZeroTemp":{"iob":0.85,"basaliob":-0.644,"bolussnooze":0.6136,"activity":0.008,"lastBolusTime":1704275875000,"time":"2024-01-03T10:33:58.372Z"}},{"iob":0.901,"basaliob":-0.523,"bolussnooze":0.5492,"activity":0.0082,"lastBolusTime":1704275875000,"time":"2024-01-03T10:38:58.372Z","iobWithZeroTemp":{"iob":0.776,"basaliob":-0.648,"bolussnooze":0.5492,"activity":0.0079,"lastBolusTime":1704275875000,"time":"2024-01-03T10:38:58.372Z"}},{"iob":0.86,"basaliob":-0.495,"bolussnooze":0.4886,"activity":0.0083,"lastBolusTime":1704275875000,"time":"2024-01-03T10:43:58.372Z","iobWithZeroTemp":{"iob":0.704,"basaliob":-0.651,"bolussnooze":0.4886,"activity":0.0078,"lastBolusTime":1704275875000,"time":"2024-01-03T10:43:58.372Z"}},{"iob":0.819,"basaliob":-0.468,"bolussnooze":0.4325,"activity":0.0082,"lastBolusTime":1704275875000,"time":"2024-01-03T10:48:58.372Z","iobWithZeroTemp":{"iob":0.633,"basaliob":-0.654,"bolussnooze":0.4325,"activity":0.0075,"lastBolusTime":1704275875000,"time":"2024-01-03T10:48:58.372Z"}},{"iob":0.777,"basaliob":-0.442,"bolussnooze":0.3809,"activity":0.0081,"lastBolusTime":1704275875000,"time":"2024-01-03T10:53:58.372Z","iobWithZeroTemp":{"iob":0.561,"basaliob":-0.658,"bolussnooze":0.3809,"activity":0.0072,"lastBolusTime":1704275875000,"time":"2024-01-03T10:53:58.372Z"}},{"iob":0.738,"basaliob":-0.416,"bolussnooze":0.3341,"activity":0.008,"lastBolusTime":1704275875000,"time":"2024-01-03T10:58:58.372Z","iobWithZeroTemp":{"iob":0.494,"basaliob":-0.66,"bolussnooze":0.3341,"activity":0.0069,"lastBolusTime":1704275875000,"time":"2024-01-03T10:58:58.372Z"}},{"iob":0.698,"basaliob":-0.392,"bolussnooze":0.2918,"activity":0.0078,"lastBolusTime":1704275875000,"time":"2024-01-03T11:03:58.372Z","iobWithZeroTemp":{"iob":0.426,"basaliob":-0.664,"bolussnooze":0.2918,"activity":0.0065,"lastBolusTime":1704275875000,"time":"2024-01-03T11:03:58.372Z"}},{"iob":0.66,"basaliob":-0.368,"bolussnooze":0.254,"activity":0.0076,"lastBolusTime":1704275875000,"time":"2024-01-03T11:08:58.372Z","iobWithZeroTemp":{"iob":0.362,"basaliob":-0.666,"bolussnooze":0.254,"activity":0.0061,"lastBolusTime":1704275875000,"time":"2024-01-03T11:08:58.372Z"}},{"iob":0.623,"basaliob":-0.345,"bolussnooze":0.2203,"activity":0.0073,"lastBolusTime":1704275875000,"time":"2024-01-03T11:13:58.372Z","iobWithZeroTemp":{"iob":0.3,"basaliob":-0.668,"bolussnooze":0.2203,"activity":0.0055,"lastBolusTime":1704275875000,"time":"2024-01-03T11:13:58.372Z"}},{"iob":0.587,"basaliob":-0.324,"bolussnooze":0.1904,"activity":0.0071,"lastBolusTime":1704275875000,"time":"2024-01-03T11:18:58.372Z","iobWithZeroTemp":{"iob":0.24,"basaliob":-0.671,"bolussnooze":0.1904,"activity":0.0051,"lastBolusTime":1704275875000,"time":"2024-01-03T11:18:58.372Z"}},{"iob":0.553,"basaliob":-0.303,"bolussnooze":0.1641,"activity":0.0068,"lastBolusTime":1704275875000,"time":"2024-01-03T11:23:58.372Z","iobWithZeroTemp":{"iob":0.183,"basaliob":-0.673,"bolussnooze":0.1641,"activity":0.0046,"lastBolusTime":1704275875000,"time":"2024-01-03T11:23:58.372Z"}},{"iob":0.519,"basaliob":-0.284,"bolussnooze":0.1409,"activity":0.0065,"lastBolusTime":1704275875000,"time":"2024-01-03T11:28:58.372Z","iobWithZeroTemp":{"iob":0.128,"basaliob":-0.675,"bolussnooze":0.1409,"activity":0.0041,"lastBolusTime":1704275875000,"time":"2024-01-03T11:28:58.372Z"}},{"iob":0.488,"basaliob":-0.265,"bolussnooze":0.1207,"activity":0.0062,"lastBolusTime":1704275875000,"time":"2024-01-03T11:33:58.372Z","iobWithZeroTemp":{"iob":0.076,"basaliob":-0.677,"bolussnooze":0.1207,"activity":0.0035,"lastBolusTime":1704275875000,"time":"2024-01-03T11:33:58.372Z"}},{"iob":0.457,"basaliob":-0.248,"bolussnooze":0.1031,"activity":0.0059,"lastBolusTime":1704275875000,"time":"2024-01-03T11:38:58.372Z","iobWithZeroTemp":{"iob":0.026,"basaliob":-0.679,"bolussnooze":0.1031,"activity":0.003,"lastBolusTime":1704275875000,"time":"2024-01-03T11:38:58.372Z"}},{"iob":0.428,"basaliob":-0.231,"bolussnooze":0.0878,"activity":0.0057,"lastBolusTime":1704275875000,"time":"2024-01-03T11:43:58.372Z","iobWithZeroTemp":{"iob":-0.022,"basaliob":-0.681,"bolussnooze":0.0878,"activity":0.0026,"lastBolusTime":1704275875000,"time":"2024-01-03T11:43:58.372Z"}},{"iob":0.401,"basaliob":-0.215,"bolussnooze":0.0746,"activity":0.0054,"lastBolusTime":1704275875000,"time":"2024-01-03T11:48:58.372Z","iobWithZeroTemp":{"iob":-0.066,"basaliob":-0.682,"bolussnooze":0.0746,"activity":0.0021,"lastBolusTime":1704275875000,"time":"2024-01-03T11:48:58.372Z"}},{"iob":0.374,"basaliob":-0.201,"bolussnooze":0.0632,"activity":0.0051,"lastBolusTime":1704275875000,"time":"2024-01-03T11:53:58.372Z","iobWithZeroTemp":{"iob":-0.11,"basaliob":-0.685,"bolussnooze":0.0632,"activity":0.0016,"lastBolusTime":1704275875000,"time":"2024-01-03T11:53:58.372Z"}},{"iob":0.349,"basaliob":-0.187,"bolussnooze":0.0534,"activity":0.0048,"lastBolusTime":1704275875000,"time":"2024-01-03T11:58:58.372Z","iobWithZeroTemp":{"iob":-0.15,"basaliob":-0.686,"bolussnooze":0.0534,"activity":0.0011,"lastBolusTime":1704275875000,"time":"2024-01-03T11:58:58.372Z"}},{"iob":0.326,"basaliob":-0.174,"bolussnooze":0.0449,"activity":0.0046,"lastBolusTime":1704275875000,"time":"2024-01-03T12:03:58.372Z","iobWithZeroTemp":{"iob":-0.188,"basaliob":-0.688,"bolussnooze":0.0449,"activity":7.0E-4,"lastBolusTime":1704275875000,"time":"2024-01-03T12:03:58.372Z"}},{"iob":0.304,"basaliob":-0.161,"bolussnooze":0.0377,"activity":0.0043,"lastBolusTime":1704275875000,"time":"2024-01-03T12:08:58.372Z","iobWithZeroTemp":{"iob":-0.223,"basaliob":-0.688,"bolussnooze":0.0377,"activity":3.0E-4,"lastBolusTime":1704275875000,"time":"2024-01-03T12:08:58.372Z"}},{"iob":0.283,"basaliob":-0.15,"bolussnooze":0.0316,"activity":0.0041,"lastBolusTime":1704275875000,"time":"2024-01-03T12:13:58.372Z","iobWithZeroTemp":{"iob":-0.257,"basaliob":-0.69,"bolussnooze":0.0316,"activity":-1.0E-4,"lastBolusTime":1704275875000,"time":"2024-01-03T12:13:58.372Z"}},{"iob":0.263,"basaliob":-0.139,"bolussnooze":0.0263,"activity":0.0038,"lastBolusTime":1704275875000,"time":"2024-01-03T12:18:58.372Z","iobWithZeroTemp":{"iob":-0.289,"basaliob":-0.691,"bolussnooze":0.0263,"activity":-5.0E-4,"lastBolusTime":1704275875000,"time":"2024-01-03T12:18:58.372Z"}},{"iob":0.245,"basaliob":-0.129,"bolussnooze":0.0219,"activity":0.0036,"lastBolusTime":1704275875000,"time":"2024-01-03T12:23:58.372Z","iobWithZeroTemp":{"iob":-0.318,"basaliob":-0.692,"bolussnooze":0.0219,"activity":-9.0E-4,"lastBolusTime":1704275875000,"time":"2024-01-03T12:23:58.372Z"}},{"iob":0.228,"basaliob":-0.119,"bolussnooze":0.0182,"activity":0.0034,"lastBolusTime":1704275875000,"time":"2024-01-03T12:28:58.372Z","iobWithZeroTemp":{"iob":-0.346,"basaliob":-0.693,"bolussnooze":0.0182,"activity":-0.0012,"lastBolusTime":1704275875000,"time":"2024-01-03T12:28:58.372Z"}},{"iob":0.211,"basaliob":-0.11,"bolussnooze":0.015,"activity":0.0032,"lastBolusTime":1704275875000,"time":"2024-01-03T12:33:58.372Z","iobWithZeroTemp":{"iob":-0.373,"basaliob":-0.694,"bolussnooze":0.015,"activity":-0.0016,"lastBolusTime":1704275875000,"time":"2024-01-03T12:33:58.372Z"}},{"iob":0.196,"basaliob":-0.102,"bolussnooze":0.0123,"activity":0.003,"lastBolusTime":1704275875000,"time":"2024-01-03T12:38:58.372Z","iobWithZeroTemp":{"iob":-0.397,"basaliob":-0.695,"bolussnooze":0.0123,"activity":-0.0019,"lastBolusTime":1704275875000,"time":"2024-01-03T12:38:58.372Z"}},{"iob":0.182,"basaliob":-0.094,"bolussnooze":0.0101,"activity":0.0028,"lastBolusTime":1704275875000,"time":"2024-01-03T12:43:58.372Z","iobWithZeroTemp":{"iob":-0.419,"basaliob":-0.695,"bolussnooze":0.0101,"activity":-0.0022,"lastBolusTime":1704275875000,"time":"2024-01-03T12:43:58.372Z"}},{"iob":0.168,"basaliob":-0.087,"bolussnooze":0.0082,"activity":0.0026,"lastBolusTime":1704275875000,"time":"2024-01-03T12:48:58.372Z","iobWithZeroTemp":{"iob":-0.441,"basaliob":-0.696,"bolussnooze":0.0082,"activity":-0.0025,"lastBolusTime":1704275875000,"time":"2024-01-03T12:48:58.372Z"}},{"iob":0.156,"basaliob":-0.08,"bolussnooze":0.0067,"activity":0.0024,"lastBolusTime":1704275875000,"time":"2024-01-03T12:53:58.372Z","iobWithZeroTemp":{"iob":-0.461,"basaliob":-0.697,"bolussnooze":0.0067,"activity":-0.0028,"lastBolusTime":1704275875000,"time":"2024-01-03T12:53:58.372Z"}},{"iob":0.144,"basaliob":-0.074,"bolussnooze":0.0054,"activity":0.0023,"lastBolusTime":1704275875000,"time":"2024-01-03T12:58:58.372Z","iobWithZeroTemp":{"iob":-0.48,"basaliob":-0.698,"bolussnooze":0.0054,"activity":-0.003,"lastBolusTime":1704275875000,"time":"2024-01-03T12:58:58.372Z"}},{"iob":0.133,"basaliob":-0.068,"bolussnooze":0.0043,"activity":0.0021,"lastBolusTime":1704275875000,"time":"2024-01-03T13:03:58.372Z","iobWithZeroTemp":{"iob":-0.497,"basaliob":-0.698,"bolussnooze":0.0043,"activity":-0.0033,"lastBolusTime":1704275875000,"time":"2024-01-03T13:03:58.372Z"}},{"iob":0.123,"basaliob":-0.063,"bolussnooze":0.0034,"activity":0.002,"lastBolusTime":1704275875000,"time":"2024-01-03T13:08:58.372Z","iobWithZeroTemp":{"iob":-0.513,"basaliob":-0.699,"bolussnooze":0.0034,"activity":-0.0035,"lastBolusTime":1704275875000,"time":"2024-01-03T13:08:58.372Z"}},{"iob":0.113,"basaliob":-0.058,"bolussnooze":0.0027,"activity":0.0018,"lastBolusTime":1704275875000,"time":"2024-01-03T13:13:58.372Z","iobWithZeroTemp":{"iob":-0.529,"basaliob":-0.7,"bolussnooze":0.0027,"activity":-0.0038,"lastBolusTime":1704275875000,"time":"2024-01-03T13:13:58.372Z"}},{"iob":0.105,"basaliob":-0.053,"bolussnooze":0.0021,"activity":0.0017,"lastBolusTime":1704275875000,"time":"2024-01-03T13:18:58.372Z","iobWithZeroTemp":{"iob":-0.542,"basaliob":-0.7,"bolussnooze":0.0021,"activity":-0.004,"lastBolusTime":1704275875000,"time":"2024-01-03T13:18:58.372Z"}},{"iob":0.096,"basaliob":-0.049,"bolussnooze":0.0016,"activity":0.0016,"lastBolusTime":1704275875000,"time":"2024-01-03T13:23:58.372Z","iobWithZeroTemp":{"iob":-0.555,"basaliob":-0.7,"bolussnooze":0.0016,"activity":-0.0042,"lastBolusTime":1704275875000,"time":"2024-01-03T13:23:58.372Z"}},{"iob":0.088,"basaliob":-0.045,"bolussnooze":0.0013,"activity":0.0014,"lastBolusTime":1704275875000,"time":"2024-01-03T13:28:58.372Z","iobWithZeroTemp":{"iob":-0.568,"basaliob":-0.701,"bolussnooze":0.0013,"activity":-0.0044,"lastBolusTime":1704275875000,"time":"2024-01-03T13:28:58.372Z"}},{"iob":0.082,"basaliob":-0.041,"bolussnooze":0.001,"activity":0.0014,"lastBolusTime":1704275875000,"time":"2024-01-03T13:33:58.372Z","iobWithZeroTemp":{"iob":-0.578,"basaliob":-0.701,"bolussnooze":0.001,"activity":-0.0045,"lastBolusTime":1704275875000,"time":"2024-01-03T13:33:58.372Z"}},{"iob":0.075,"basaliob":-0.038,"bolussnooze":7.0E-4,"activity":0.0012,"lastBolusTime":1704275875000,"time":"2024-01-03T13:38:58.372Z","iobWithZeroTemp":{"iob":-0.589,"basaliob":-0.702,"bolussnooze":7.0E-4,"activity":-0.0047,"lastBolusTime":1704275875000,"time":"2024-01-03T13:38:58.372Z"}},{"iob":0.069,"basaliob":-0.034,"bolussnooze":5.0E-4,"activity":0.0012,"lastBolusTime":1704275875000,"time":"2024-01-03T13:43:58.372Z","iobWithZeroTemp":{"iob":-0.598,"basaliob":-0.701,"bolussnooze":5.0E-4,"activity":-0.0048,"lastBolusTime":1704275875000,"time":"2024-01-03T13:43:58.372Z"}},{"iob":0.063,"basaliob":-0.032,"bolussnooze":4.0E-4,"activity":0.001,"lastBolusTime":1704275875000,"time":"2024-01-03T13:48:58.372Z","iobWithZeroTemp":{"iob":-0.607,"basaliob":-0.702,"bolussnooze":4.0E-4,"activity":-0.0051,"lastBolusTime":1704275875000,"time":"2024-01-03T13:48:58.372Z"}},{"iob":0.058,"basaliob":-0.029,"bolussnooze":3.0E-4,"activity":0.001,"lastBolusTime":1704275875000,"time":"2024-01-03T13:53:58.372Z","iobWithZeroTemp":{"iob":-0.615,"basaliob":-0.702,"bolussnooze":3.0E-4,"activity":-0.0051,"lastBolusTime":1704275875000,"time":"2024-01-03T13:53:58.372Z"}},{"iob":0.054,"basaliob":-0.026,"bolussnooze":2.0E-4,"activity":9.0E-4,"lastBolusTime":1704275875000,"time":"2024-01-03T13:58:58.372Z","iobWithZeroTemp":{"iob":-0.622,"basaliob":-0.702,"bolussnooze":2.0E-4,"activity":-0.0052,"lastBolusTime":1704275875000,"time":"2024-01-03T13:58:58.372Z"}},{"iob":0.049,"basaliob":-0.024,"bolussnooze":1.0E-4,"activity":9.0E-4,"lastBolusTime":1704275875000,"time":"2024-01-03T14:03:58.372Z","iobWithZeroTemp":{"iob":-0.629,"basaliob":-0.702,"bolussnooze":1.0E-4,"activity":-0.0053,"lastBolusTime":1704275875000,"time":"2024-01-03T14:03:58.372Z"}},{"iob":0.045,"basaliob":-0.022,"bolussnooze":1.0E-4,"activity":8.0E-4,"lastBolusTime":1704275875000,"time":"2024-01-03T14:08:58.372Z","iobWithZeroTemp":{"iob":-0.636,"basaliob":-0.703,"bolussnooze":1.0E-4,"activity":-0.0054,"lastBolusTime":1704275875000,"time":"2024-01-03T14:08:58.372Z"}},{"iob":0.041,"basaliob":-0.02,"bolussnooze":0,"activity":7.0E-4,"lastBolusTime":1704275875000,"time":"2024-01-03T14:13:58.372Z","iobWithZeroTemp":{"iob":-0.642,"basaliob":-0.703,"bolussnooze":0,"activity":-0.0056,"lastBolusTime":1704275875000,"time":"2024-01-03T14:13:58.372Z"}}],"profile":{"max_iob":7,"type":"current","max_daily_basal":0.45,"max_basal":1.35,"min_bg":81.0000000000001,"max_bg":81.0000000000001,"target_bg":81.0000000000001,"carb_ratio":11,"sens":352.8,"max_daily_safety_multiplier":3,"current_basal_safety_multiplier":4,"lgsThreshold":65,"high_temptarget_raises_sensitivity":false,"low_temptarget_lowers_sensitivity":false,"sensitivity_raises_target":true,"resistance_lowers_target":true,"adv_target_adjustments":false,"exercise_mode":false,"half_basal_exercise_target":160,"maxCOB":120,"skip_neutral_temps":false,"remainingCarbsCap":90,"enableUAM":true,"A52_risk_enable":false,"SMBInterval":4,"enableSMB_with_COB":true,"enableSMB_with_temptarget":false,"allowSMB_with_high_temptarget":true,"enableSMB_always":true,"enableSMB_after_carbs":false,"maxSMBBasalMinutes":60,"maxUAMSMBBasalMinutes":60,"bolus_increment":0.05,"carbsReqThreshold":10,"current_basal":0.4,"temptargetSet":true,"autosens_max":1.2,"autosens_min":0.8,"out_units":"mmol\/L","variable_sens":283.6,"insulinDivisor":65,"TDD":7.590567958333336},"autosens_data":{"ratio":0.9675364918423679},"meal_data":{"carbs":40,"mealCOB":18.91927891156462,"slopeFromMaxDeviation":0,"slopeFromMinDeviation":0.7472222222222222,"lastBolusTime":1704275875000,"lastCarbTime":1704275188000},"microBolusAllowed":true,"currentTime":1704277139820,"flatBGsDetected":false,"tdd1D":19.209083333333343,"tdd7D":22.16738095238096,"tddLast24H":21.447750000000003,"tddLast4H":4.956666666666666,"tddLast8to4H":1.5850000000000006},"output":{"temp":"absolute","bg":85,"tick":"+3","eventualBG":273,"targetBG":81.0000000000001,"insulinReq":0,"deliverAt":"2024-01-03T10:18:59.820Z","sensitivityRatio":0.9675364918423679,"variable_sens":283.6,"predBGs":{"IOB":[85,85,83,80,75,69,61,51,39,39,39,39,39],"ZT":[85,75,63,49,39,39,39,39,39,39,39,39,39,39,39,39,39,39,39,39,39,39,39,39,39,39,39,39,39,39,39,39,39,39,39,39,39,39,39,39,39,39,39,39,39,39,39,39],"COB":[85,86,86,87,87,87,88,88,89,91,93,95,98,101,105,110,115,121,127,134,141,149,158,167,176,185,193,202,209,217,224,230,237,242,248,253,257,261,265,268,270,272,274,275,275,275,274,273],"UAM":[85,85,85,84,82,80,77,73,69,64,59,52,45,39]},"reason":"COB: 18.9, Dev: 3.7, BGI: -0.6, ISF: 15.8, CR: 11, Target: 4.5, minPredBG 2.7, minGuardBG -2.2, IOBpredBG 2.2, COBpredBG 15.2, UAMpredBG 2.2; minGuardBG -2.2<3.6","COB":18.91927891156462,"IOB":1.06,"duration":60,"rate":0,"timestamp":"2024-01-03T10:18:59.848Z"}}