{"algorithm":"OpenAPSSMBDynamicISFPlugin","input":{"glucoseStatus":{"glucose":180,"noise":0,"delta":-4,"short_avgdelta":-2.17,"long_avgdelta":2.44,"date":1704359530641},"currenttemp":{"temp":"absolute","duration":40,"rate":0,"minutesrunning":20},"iob_data":[{"iob":0.969,"basaliob":-0.531,"bolussnooze":0.0254,"activity":0.01,"lastBolusTime":1704358373000,"time":"2024-01-04T09:12:34.741Z","iobWithZeroTemp":{"iob":0.969,"basaliob":-0.531,"bolussnooze":0.0254,"activity":0.01,"lastBolusTime":1704358373000,"time":"2024-01-04T09:12:34.741Z"}},{"iob":0.919,"basaliob":-0.505,"bolussnooze":0.0209,"activity":0.0098,"lastBolusTime":1704358373000,"time":"2024-01-04T09:17:34.741Z","iobWithZeroTemp":{"iob":0.892,"basaliob":-0.532,"bolussnooze":0.0209,"activity":0.0098,"lastBolusTime":1704358373000,"time":"2024-01-04T09:17:34.741Z"}},{"iob":0.87,"basaliob":-0.48,"bolussnooze":0.0171,"activity":0.0096,"lastBolusTime":1704358373000,"time":"2024-01-04T09:22:34.741Z","iobWithZeroTemp":{"iob":0.81,"basaliob":-0.54,"bolussnooze":0.0171,"activity":0.0095,"lastBolusTime":1704358373000,"time":"2024-01-04T09:22:34.741Z"}},{"iob":0.823,"basaliob":-0.454,"bolussnooze":0.0139,"activity":0.0093,"lastBolusTime":1704358373000,"time":"2024-01-04T09:27:34.741Z","iobWithZeroTemp":{"iob":0.731,"basaliob":-0.546,"bolussnooze":0.0139,"activity":0.0091,"lastBolusTime":1704358373000,"time":"2024-01-04T09:27:34.741Z"}},{"iob":0.777,"basaliob":-0.43,"bolussnooze":0.0113,"activity":0.009,"lastBolusTime":1704358373000,"time":"2024-01-04T09:32:34.741Z","iobWithZeroTemp":{"iob":0.652,"basaliob":-0.555,"bolussnooze":0.0113,"activity":0.0087,"lastBolusTime":1704358373000,"time":"2024-01-04T09:32:34.741Z"}},{"iob":0.732,"basaliob":-0.406,"bolussnooze":0.0091,"activity":0.0088,"lastBolusTime":1704358373000,"time":"2024-01-04T09:37:34.741Z","iobWithZeroTemp":{"iob":0.576,"basaliob":-0.562,"bolussnooze":0.0091,"activity":0.0083,"lastBolusTime":1704358373000,"time":"2024-01-04T09:37:34.741Z"}},{"iob":0.689,"basaliob":-0.383,"bolussnooze":0.0073,"activity":0.0085,"lastBolusTime":1704358373000,"time":"2024-01-04T09:42:34.741Z","iobWithZeroTemp":{"iob":0.503,"basaliob":-0.569,"bolussnooze":0.0073,"activity":0.0078,"lastBolusTime":1704358373000,"time":"2024-01-04T09:42:34.741Z"}},{"iob":0.649,"basaliob":-0.36,"bolussnooze":0.0058,"activity":0.0081,"lastBolusTime":1704358373000,"time":"2024-01-04T09:47:34.741Z","iobWithZeroTemp":{"iob":0.433,"basaliob":-0.576,"bolussnooze":0.0058,"activity":0.0072,"lastBolusTime":1704358373000,"time":"2024-01-04T09:47:34.741Z"}},{"iob":0.609,"basaliob":-0.339,"bolussnooze":0.0046,"activity":0.0077,"lastBolusTime":1704358373000,"time":"2024-01-04T09:52:34.741Z","iobWithZeroTemp":{"iob":0.365,"basaliob":-0.583,"bolussnooze":0.0046,"activity":0.0066,"lastBolusTime":1704358373000,"time":"2024-01-04T09:52:34.741Z"}},{"iob":0.571,"basaliob":-0.318,"bolussnooze":0.0036,"activity":0.0074,"lastBolusTime":1704358373000,"time":"2024-01-04T09:57:34.741Z","iobWithZeroTemp":{"iob":0.299,"basaliob":-0.59,"bolussnooze":0.0036,"activity":0.0061,"lastBolusTime":1704358373000,"time":"2024-01-04T09:57:34.741Z"}},{"iob":0.534,"basaliob":-0.299,"bolussnooze":0.0028,"activity":0.0071,"lastBolusTime":1704358373000,"time":"2024-01-04T10:02:34.741Z","iobWithZeroTemp":{"iob":0.236,"basaliob":-0.597,"bolussnooze":0.0028,"activity":0.0056,"lastBolusTime":1704358373000,"time":"2024-01-04T10:02:34.741Z"}},{"iob":0.5,"basaliob":-0.28,"bolussnooze":0.0022,"activity":0.0067,"lastBolusTime":1704358373000,"time":"2024-01-04T10:07:34.741Z","iobWithZeroTemp":{"iob":0.177,"basaliob":-0.603,"bolussnooze":0.0022,"activity":0.0049,"lastBolusTime":1704358373000,"time":"2024-01-04T10:07:34.741Z"}},{"iob":0.468,"basaliob":-0.262,"bolussnooze":0.0017,"activity":0.0063,"lastBolusTime":1704358373000,"time":"2024-01-04T10:12:34.741Z","iobWithZeroTemp":{"iob":0.121,"basaliob":-0.609,"bolussnooze":0.0017,"activity":0.0043,"lastBolusTime":1704358373000,"time":"2024-01-04T10:12:34.741Z"}},{"iob":0.437,"basaliob":-0.245,"bolussnooze":0.0012,"activity":0.006,"lastBolusTime":1704358373000,"time":"2024-01-04T10:17:34.741Z","iobWithZeroTemp":{"iob":0.067,"basaliob":-0.615,"bolussnooze":0.0012,"activity":0.0038,"lastBolusTime":1704358373000,"time":"2024-01-04T10:17:34.741Z"}},{"iob":0.408,"basaliob":-0.229,"bolussnooze":9.0E-4,"activity":0.0057,"lastBolusTime":1704358373000,"time":"2024-01-04T10:22:34.741Z","iobWithZeroTemp":{"iob":0.017,"basaliob":-0.62,"bolussnooze":9.0E-4,"activity":0.0033,"lastBolusTime":1704358373000,"time":"2024-01-04T10:22:34.741Z"}},{"iob":0.38,"basaliob":-0.214,"bolussnooze":7.0E-4,"activity":0.0053,"lastBolusTime":1704358373000,"time":"2024-01-04T10:27:34.741Z","iobWithZeroTemp":{"iob":-0.032,"basaliob":-0.626,"bolussnooze":7.0E-4,"activity":0.0026,"lastBolusTime":1704358373000,"time":"2024-01-04T10:27:34.741Z"}},{"iob":0.354,"basaliob":-0.199,"bolussnooze":5.0E-4,"activity":0.0051,"lastBolusTime":1704358373000,"time":"2024-01-04T10:32:34.741Z","iobWithZeroTemp":{"iob":-0.077,"basaliob":-0.63,"bolussnooze":5.0E-4,"activity":0.0022,"lastBolusTime":1704358373000,"time":"2024-01-04T10:32:34.741Z"}},{"iob":0.329,"basaliob":-0.186,"bolussnooze":3.0E-4,"activity":0.0048,"lastBolusTime":1704358373000,"time":"2024-01-04T10:37:34.741Z","iobWithZeroTemp":{"iob":-0.121,"basaliob":-0.636,"bolussnooze":3.0E-4,"activity":0.0017,"lastBolusTime":1704358373000,"time":"2024-01-04T10:37:34.741Z"}},{"iob":0.306,"basaliob":-0.173,"bolussnooze":2.0E-4,"activity":0.0045,"lastBolusTime":1704358373000,"time":"2024-01-04T10:42:34.741Z","iobWithZeroTemp":{"iob":-0.161,"basaliob":-0.64,"bolussnooze":2.0E-4,"activity":0.0012,"lastBolusTime":1704358373000,"time":"2024-01-04T10:42:34.741Z"}},{"iob":0.284,"basaliob":-0.161,"bolussnooze":1.0E-4,"activity":0.0043,"lastBolusTime":1704358373000,"time":"2024-01-04T10:47:34.741Z","iobWithZeroTemp":{"iob":-0.2,"basaliob":-0.645,"bolussnooze":1.0E-4,"activity":8.0E-4,"lastBolusTime":1704358373000,"time":"2024-01-04T10:47:34.741Z"}},{"iob":0.264,"basaliob":-0.149,"bolussnooze":1.0E-4,"activity":0.004,"lastBolusTime":1704358373000,"time":"2024-01-04T10:52:34.741Z","iobWithZeroTemp":{"iob":-0.235,"basaliob":-0.648,"bolussnooze":1.0E-4,"activity":3.0E-4,"lastBolusTime":1704358373000,"time":"2024-01-04T10:52:34.741Z"}},{"iob":0.245,"basaliob":-0.139,"bolussnooze":0,"activity":0.0037,"lastBolusTime":1704358373000,"time":"2024-01-04T10:57:34.741Z","iobWithZeroTemp":{"iob":-0.269,"basaliob":-0.653,"bolussnooze":0,"activity":-2.0E-4,"lastBolusTime":1704358373000,"time":"2024-01-04T10:57:34.741Z"}},{"iob":0.227,"basaliob":-0.129,"bolussnooze":0,"activity":0.0035,"lastBolusTime":1704358373000,"time":"2024-01-04T11:02:34.741Z","iobWithZeroTemp":{"iob":-0.3,"basaliob":-0.656,"bolussnooze":0,"activity":-5.0E-4,"lastBolusTime":1704358373000,"time":"2024-01-04T11:02:34.741Z"}},{"iob":0.211,"basaliob":-0.119,"bolussnooze":0,"activity":0.0033,"lastBolusTime":1704358373000,"time":"2024-01-04T11:07:34.741Z","iobWithZeroTemp":{"iob":-0.329,"basaliob":-0.659,"bolussnooze":0,"activity":-9.0E-4,"lastBolusTime":1704358373000,"time":"2024-01-04T11:07:34.741Z"}},{"iob":0.195,"basaliob":-0.11,"bolussnooze":0,"activity":0.003,"lastBolusTime":1704358373000,"time":"2024-01-04T11:12:34.741Z","iobWithZeroTemp":{"iob":-0.357,"basaliob":-0.662,"bolussnooze":0,"activity":-0.0013,"lastBolusTime":1704358373000,"time":"2024-01-04T11:12:34.741Z"}},{"iob":0.18,"basaliob":-0.102,"bolussnooze":0,"activity":0.0028,"lastBolusTime":1704358373000,"time":"2024-01-04T11:17:34.741Z","iobWithZeroTemp":{"iob":-0.383,"basaliob":-0.665,"bolussnooze":0,"activity":-0.0017,"lastBolusTime":1704358373000,"time":"2024-01-04T11:17:34.741Z"}},{"iob":0.166,"basaliob":-0.095,"bolussnooze":0,"activity":0.0026,"lastBolusTime":1704358373000,"time":"2024-01-04T11:22:34.741Z","iobWithZeroTemp":{"iob":-0.408,"basaliob":-0.669,"bolussnooze":0,"activity":-0.002,"lastBolusTime":1704358373000,"time":"2024-01-04T11:22:34.741Z"}},{"iob":0.154,"basaliob":-0.087,"bolussnooze":0,"activity":0.0024,"lastBolusTime":1704358373000,"time":"2024-01-04T11:27:34.741Z","iobWithZeroTemp":{"iob":-0.43,"basaliob":-0.671,"bolussnooze":0,"activity":-0.0024,"lastBolusTime":1704358373000,"time":"2024-01-04T11:27:34.741Z"}},{"iob":0.141,"basaliob":-0.081,"bolussnooze":0,"activity":0.0023,"lastBolusTime":1704358373000,"time":"2024-01-04T11:32:34.741Z","iobWithZeroTemp":{"iob":-0.452,"basaliob":-0.674,"bolussnooze":0,"activity":-0.0026,"lastBolusTime":1704358373000,"time":"2024-01-04T11:32:34.741Z"}},{"iob":0.13,"basaliob":-0.075,"bolussnooze":0,"activity":0.0021,"lastBolusTime":1704358373000,"time":"2024-01-04T11:37:34.741Z","iobWithZeroTemp":{"iob":-0.471,"basaliob":-0.676,"bolussnooze":0,"activity":-0.0029,"lastBolusTime":1704358373000,"time":"2024-01-04T11:37:34.741Z"}},{"iob":0.12,"basaliob":-0.069,"bolussnooze":0,"activity":0.002,"lastBolusTime":1704358373000,"time":"2024-01-04T11:42:34.741Z","iobWithZeroTemp":{"iob":-0.489,"basaliob":-0.678,"bolussnooze":0,"activity":-0.0031,"lastBolusTime":1704358373000,"time":"2024-01-04T11:42:34.741Z"}},{"iob":0.111,"basaliob":-0.063,"bolussnooze":0,"activity":0.0019,"lastBolusTime":1704358373000,"time":"2024-01-04T11:47:34.741Z","iobWithZeroTemp":{"iob":-0.506,"basaliob":-0.68,"bolussnooze":0,"activity":-0.0033,"lastBolusTime":1704358373000,"time":"2024-01-04T11:47:34.741Z"}},{"iob":0.102,"basaliob":-0.058,"bolussnooze":0,"activity":0.0017,"lastBolusTime":1704358373000,"time":"2024-01-04T11:52:34.741Z","iobWithZeroTemp":{"iob":-0.522,"basaliob":-0.682,"bolussnooze":0,"activity":-0.0036,"lastBolusTime":1704358373000,"time":"2024-01-04T11:52:34.741Z"}},{"iob":0.093,"basaliob":-0.054,"bolussnooze":0,"activity":0.0016,"lastBolusTime":1704358373000,"time":"2024-01-04T11:57:34.741Z","iobWithZeroTemp":{"iob":-0.537,"basaliob":-0.684,"bolussnooze":0,"activity":-0.0038,"lastBolusTime":1704358373000,"time":"2024-01-04T11:57:34.741Z"}},{"iob":0.087,"basaliob":-0.049,"bolussnooze":0,"activity":0.0015,"lastBolusTime":1704358373000,"time":"2024-01-04T12:02:34.741Z","iobWithZeroTemp":{"iob":-0.549,"basaliob":-0.685,"bolussnooze":0,"activity":-0.004,"lastBolusTime":1704358373000,"time":"2024-01-04T12:02:34.741Z"}},{"iob":0.079,"basaliob":-0.045,"bolussnooze":0,"activity":0.0013,"lastBolusTime":1704358373000,"time":"2024-01-04T12:07:34.741Z","iobWithZeroTemp":{"iob":-0.563,"basaliob":-0.687,"bolussnooze":0,"activity":-0.0043,"lastBolusTime":1704358373000,"time":"2024-01-04T12:07:34.741Z"}},{"iob":0.072,"basaliob":-0.042,"bolussnooze":0,"activity":0.0013,"lastBolusTime":1704358373000,"time":"2024-01-04T12:12:34.741Z","iobWithZeroTemp":{"iob":-0.575,"basaliob":-0.689,"bolussnooze":0,"activity":-0.0044,"lastBolusTime":1704358373000,"time":"2024-01-04T12:12:34.741Z"}},{"iob":0.067,"basaliob":-0.038,"bolussnooze":0,"activity":0.0011,"lastBolusTime":1704358373000,"time":"2024-01-04T12:17:34.741Z","iobWithZeroTemp":{"iob":-0.584,"basaliob":-0.689,"bolussnooze":0,"activity":-0.0047,"lastBolusTime":1704358373000,"time":"2024-01-04T12:17:34.741Z"}},{"iob":0.061,"basaliob":-0.035,"bolussnooze":0,"activity":0.0011,"lastBolusTime":1704358373000,"time":"2024-01-04T12:22:34.741Z","iobWithZeroTemp":{"iob":-0.595,"basaliob":-0.691,"bolussnooze":0,"activity":-0.0047,"lastBolusTime":1704358373000,"time":"2024-01-04T12:22:34.741Z"}},{"iob":0.056,"basaliob":-0.032,"bolussnooze":0,"activity":0.001,"lastBolusTime":1704358373000,"time":"2024-01-04T12:27:34.741Z","iobWithZeroTemp":{"iob":-0.604,"basaliob":-0.692,"bolussnooze":0,"activity":-0.0049,"lastBolusTime":1704358373000,"time":"2024-01-04T12:27:34.741Z"}},{"iob":0.051,"basaliob":-0.029,"bolussnooze":0,"activity":9.0E-4,"lastBolusTime":1704358373000,"time":"2024-01-04T12:32:34.741Z","iobWithZeroTemp":{"iob":-0.613,"basaliob":-0.693,"bolussnooze":0,"activity":-0.005,"lastBolusTime":1704358373000,"time":"2024-01-04T12:32:34.741Z"}},{"iob":0.047,"basaliob":-0.027,"bolussnooze":0,"activity":8.0E-4,"lastBolusTime":1704358373000,"time":"2024-01-04T12:37:34.741Z","iobWithZeroTemp":{"iob":-0.62,"basaliob":-0.694,"bolussnooze":0,"activity":-0.0052,"lastBolusTime":1704358373000,"time":"2024-01-04T12:37:34.741Z"}},{"iob":0.042,"basaliob":-0.025,"bolussnooze":0,"activity":8.0E-4,"lastBolusTime":1704358373000,"time":"2024-01-04T12:42:34.741Z","iobWithZeroTemp":{"iob":-0.628,"basaliob":-0.695,"bolussnooze":0,"activity":-0.0053,"lastBolusTime":1704358373000,"time":"2024-01-04T12:42:34.741Z"}},{"iob":0.039,"basaliob":-0.022,"bolussnooze":0,"activity":7.0E-4,"lastBolusTime":1704358373000,"time":"2024-01-04T12:47:34.741Z","iobWithZeroTemp":{"iob":-0.634,"basaliob":-0.695,"bolussnooze":0,"activity":-0.0054,"lastBolusTime":1704358373000,"time":"2024-01-04T12:47:34.741Z"}},{"iob":0.035,"basaliob":-0.021,"bolussnooze":0,"activity":6.0E-4,"lastBolusTime":1704358373000,"time":"2024-01-04T12:52:34.741Z","iobWithZeroTemp":{"iob":-0.641,"basaliob":-0.697,"bolussnooze":0,"activity":-0.0055,"lastBolusTime":1704358373000,"time":"2024-01-04T12:52:34.741Z"}},{"iob":0.032,"basaliob":-0.019,"bolussnooze":0,"activity":7.0E-4,"lastBolusTime":1704358373000,"time":"2024-01-04T12:57:34.741Z","iobWithZeroTemp":{"iob":-0.646,"basaliob":-0.697,"bolussnooze":0,"activity":-0.0055,"lastBolusTime":1704358373000,"time":"2024-01-04T12:57:34.741Z"}},{"iob":0.029,"basaliob":-0.017,"bolussnooze":0,"activity":6.0E-4,"lastBolusTime":1704358373000,"time":"2024-01-04T13:02:34.741Z","iobWithZeroTemp":{"iob":-0.652,"basaliob":-0.698,"bolussnooze":0,"activity":-0.0056,"lastBolusTime":1704358373000,"time":"2024-01-04T13:02:34.741Z"}},{"iob":0.026,"basaliob":-0.016,"bolussnooze":0,"activity":5.0E-4,"lastBolusTime":1704358373000,"time":"2024-01-04T13:07:34.741Z","iobWithZeroTemp":{"iob":-0.657,"basaliob":-0.699,"bolussnooze":0,"activity":-0.0058,"lastBolusTime":1704358373000,"time":"2024-01-04T13:07:34.741Z"}}],"profile":{"max_iob":7,"type":"current","max_daily_basal":0.45,"max_basal":1.35,"min_bg":81,"max_bg":81,"target_bg":81,"carb_ratio":11,"sens":352.8,"max_daily_safety_multiplier":3,"current_basal_safety_multiplier":4,"lgsThreshold":65,"high_temptarget_raises_sensitivity":false,"low_temptarget_lowers_sensitivity":false,"sensitivity_raises_target":true,"resistance_lowers_target":true,"adv_target_adjustments":false,"exercise_mode":false,"half_basal_exercise_target":160,"maxCOB":120,"skip_neutral_temps":false,"remainingCarbsCap":90,"enableUAM":true,"A52_risk_enable":false,"SMBInterval":4,"enableSMB_with_COB":true,"enableSMB_with_temptarget":false,"allowSMB_with_high_temptarget":true,"enableSMB_always":true,"enableSMB_after_carbs":false,"maxSMBBasalMinutes":60,"maxUAMSMBBasalMinutes":60,"bolus_increment":0.05,"carbsReqThreshold":10,"current_basal":0.4,"temptargetSet":true,"autosens_max":1.2,"autosens_min":0.8,"out_units":"mmol\/L","variable_sens":174.9,"insulinDivisor":65,"TDD":7.755076833333335},"autosens_data":{"ratio":1.0111661086346935},"meal_data":{"carbs":35,"mealCOB":13.220426303854875,"slopeFromMaxDeviation":-3.14225,"slopeFromMinDeviation":0,"lastBolusTime":1704358373000,"lastCarbTime":1704358503000},"microBolusAllowed":true,"currentTime":1704359557102,"flatBGsDetected":false,"tdd1D":20.64108333333334,"tdd7D":22.492595238095245,"tddLast24H":22.743750000000006,"tddLast4H":4.7366666666666655,"tddLast8to4H":1.907916666666667},"output":{"temp":"absolute","bg":180,"tick":-4,"eventualBG":219,"targetBG":81,"insulinReq":0,"deliverAt":"2024-01-04T09:12:37.102Z","sensitivityRatio":1.0111661086346935,"variable_sens":174.9,"predBGs":{"IOB":[180,176,171,166,161,155,149,143,136,130,123,115,108,100,93,85,78,70,63,55,47,39],"ZT":[180,171,162,154,145,136,128,119,111,104,96,89,83,77,71,66,61,58,54,52,51,50,50,51,53,56,59,62,67,71,75,80],"COB":[180,176,173,170,167,165,163,161,160,159,159,160,160,162,163,165,168,171,174,178,182,186,190,194,198,201,204,208,210,213,215,217,219,221,222,223,224,224,224,224,223,222,222,221,220,220,219],"UAM":[180,173,164,155,146,138,129,120,111,102,92,83,74,64,54,43,39]},"reason":"COB: 13.2, Dev: 1.6, BGI: -0.5, ISF: 9.7, CR: 11, Target: 4.5, minPredBG 2.8, minGuardBG -1.4, IOBpredBG 2.2, COBpredBG 12.2, UAMpredBG 2.2; minGuardBG -1.4<3.6","COB":13.220426303854875,"IOB":0.969,"duration":90,"rate":0,"timestamp":"2024-01-04T09:12:37.128Z"}}