{"algorithm":"OpenAPSSMBDynamicISFPlugin","input":{"glucoseStatus":{"glucose":81,"noise":0,"delta":-9,"short_avgdelta":-11.06,"long_avgdelta":-11.69,"date":1704311233275},"currenttemp":{"temp":"absolute","duration":20,"rate":0,"minutesrunning":40},"iob_data":[{"iob":1.266,"basaliob":-0.665,"bolussnooze":0.5495,"activity":0.0167,"lastBolusTime":1704309039000,"time":"2024-01-03T19:47:38.094Z","iobWithZeroTemp":{"iob":1.266,"basaliob":-0.665,"bolussnooze":0.5495,"activity":0.0167,"lastBolusTime":1704309039000,"time":"2024-01-03T19:47:38.094Z"}},{"iob":1.186,"basaliob":-0.633,"bolussnooze":0.4841,"activity":0.0158,"lastBolusTime":1704309039000,"time":"2024-01-03T19:52:38.094Z","iobWithZeroTemp":{"iob":1.159,"basaliob":-0.66,"bolussnooze":0.4841,"activity":0.0158,"lastBolusTime":1704309039000,"time":"2024-01-03T19:52:38.094Z"}},{"iob":1.108,"basaliob":-0.602,"bolussnooze":0.4245,"activity":0.015,"lastBolusTime":1704309039000,"time":"2024-01-03T19:57:38.094Z","iobWithZeroTemp":{"iob":1.048,"basaliob":-0.662,"bolussnooze":0.4245,"activity":0.0149,"lastBolusTime":1704309039000,"time":"2024-01-03T19:57:38.094Z"}},{"iob":1.035,"basaliob":-0.572,"bolussnooze":0.3708,"activity":0.0142,"lastBolusTime":1704309039000,"time":"2024-01-03T20:02:38.094Z","iobWithZeroTemp":{"iob":0.943,"basaliob":-0.664,"bolussnooze":0.3708,"activity":0.014,"lastBolusTime":1704309039000,"time":"2024-01-03T20:02:38.094Z"}},{"iob":0.966,"basaliob":-0.542,"bolussnooze":0.3226,"activity":0.0135,"lastBolusTime":1704309039000,"time":"2024-01-03T20:07:38.094Z","iobWithZeroTemp":{"iob":0.841,"basaliob":-0.667,"bolussnooze":0.3226,"activity":0.0132,"lastBolusTime":1704309039000,"time":"2024-01-03T20:07:38.094Z"}},{"iob":0.9,"basaliob":-0.513,"bolussnooze":0.2798,"activity":0.0127,"lastBolusTime":1704309039000,"time":"2024-01-03T20:12:38.094Z","iobWithZeroTemp":{"iob":0.744,"basaliob":-0.669,"bolussnooze":0.2798,"activity":0.0122,"lastBolusTime":1704309039000,"time":"2024-01-03T20:12:38.094Z"}},{"iob":0.839,"basaliob":-0.484,"bolussnooze":0.2418,"activity":0.012,"lastBolusTime":1704309039000,"time":"2024-01-03T20:17:38.094Z","iobWithZeroTemp":{"iob":0.653,"basaliob":-0.67,"bolussnooze":0.2418,"activity":0.0113,"lastBolusTime":1704309039000,"time":"2024-01-03T20:17:38.094Z"}},{"iob":0.78,"basaliob":-0.457,"bolussnooze":0.2083,"activity":0.0113,"lastBolusTime":1704309039000,"time":"2024-01-03T20:22:38.094Z","iobWithZeroTemp":{"iob":0.564,"basaliob":-0.673,"bolussnooze":0.2083,"activity":0.0104,"lastBolusTime":1704309039000,"time":"2024-01-03T20:22:38.094Z"}},{"iob":0.726,"basaliob":-0.43,"bolussnooze":0.1789,"activity":0.0106,"lastBolusTime":1704309039000,"time":"2024-01-03T20:27:38.094Z","iobWithZeroTemp":{"iob":0.482,"basaliob":-0.674,"bolussnooze":0.1789,"activity":0.0095,"lastBolusTime":1704309039000,"time":"2024-01-03T20:27:38.094Z"}},{"iob":0.675,"basaliob":-0.404,"bolussnooze":0.1532,"activity":0.01,"lastBolusTime":1704309039000,"time":"2024-01-03T20:32:38.094Z","iobWithZeroTemp":{"iob":0.403,"basaliob":-0.676,"bolussnooze":0.1532,"activity":0.0087,"lastBolusTime":1704309039000,"time":"2024-01-03T20:32:38.094Z"}},{"iob":0.626,"basaliob":-0.38,"bolussnooze":0.1308,"activity":0.0093,"lastBolusTime":1704309039000,"time":"2024-01-03T20:37:38.094Z","iobWithZeroTemp":{"iob":0.328,"basaliob":-0.678,"bolussnooze":0.1308,"activity":0.0078,"lastBolusTime":1704309039000,"time":"2024-01-03T20:37:38.094Z"}},{"iob":0.581,"basaliob":-0.356,"bolussnooze":0.1114,"activity":0.0087,"lastBolusTime":1704309039000,"time":"2024-01-03T20:42:38.094Z","iobWithZeroTemp":{"iob":0.258,"basaliob":-0.679,"bolussnooze":0.1114,"activity":0.0069,"lastBolusTime":1704309039000,"time":"2024-01-03T20:42:38.094Z"}},{"iob":0.539,"basaliob":-0.334,"bolussnooze":0.0946,"activity":0.0082,"lastBolusTime":1704309039000,"time":"2024-01-03T20:47:38.094Z","iobWithZeroTemp":{"iob":0.192,"basaliob":-0.681,"bolussnooze":0.0946,"activity":0.0062,"lastBolusTime":1704309039000,"time":"2024-01-03T20:47:38.094Z"}},{"iob":0.499,"basaliob":-0.313,"bolussnooze":0.0801,"activity":0.0076,"lastBolusTime":1704309039000,"time":"2024-01-03T20:52:38.094Z","iobWithZeroTemp":{"iob":0.129,"basaliob":-0.683,"bolussnooze":0.0801,"activity":0.0054,"lastBolusTime":1704309039000,"time":"2024-01-03T20:52:38.094Z"}},{"iob":0.462,"basaliob":-0.292,"bolussnooze":0.0676,"activity":0.0072,"lastBolusTime":1704309039000,"time":"2024-01-03T20:57:38.094Z","iobWithZeroTemp":{"iob":0.071,"basaliob":-0.683,"bolussnooze":0.0676,"activity":0.0048,"lastBolusTime":1704309039000,"time":"2024-01-03T20:57:38.094Z"}},{"iob":0.427,"basaliob":-0.273,"bolussnooze":0.0569,"activity":0.0067,"lastBolusTime":1704309039000,"time":"2024-01-03T21:02:38.094Z","iobWithZeroTemp":{"iob":0.015,"basaliob":-0.685,"bolussnooze":0.0569,"activity":0.004,"lastBolusTime":1704309039000,"time":"2024-01-03T21:02:38.094Z"}},{"iob":0.395,"basaliob":-0.255,"bolussnooze":0.0478,"activity":0.0063,"lastBolusTime":1704309039000,"time":"2024-01-03T21:07:38.094Z","iobWithZeroTemp":{"iob":-0.036,"basaliob":-0.686,"bolussnooze":0.0478,"activity":0.0034,"lastBolusTime":1704309039000,"time":"2024-01-03T21:07:38.094Z"}},{"iob":0.364,"basaliob":-0.238,"bolussnooze":0.04,"activity":0.0059,"lastBolusTime":1704309039000,"time":"2024-01-03T21:12:38.094Z","iobWithZeroTemp":{"iob":-0.086,"basaliob":-0.688,"bolussnooze":0.04,"activity":0.0028,"lastBolusTime":1704309039000,"time":"2024-01-03T21:12:38.094Z"}},{"iob":0.336,"basaliob":-0.222,"bolussnooze":0.0334,"activity":0.0054,"lastBolusTime":1704309039000,"time":"2024-01-03T21:17:38.094Z","iobWithZeroTemp":{"iob":-0.131,"basaliob":-0.689,"bolussnooze":0.0334,"activity":0.0021,"lastBolusTime":1704309039000,"time":"2024-01-03T21:17:38.094Z"}},{"iob":0.311,"basaliob":-0.206,"bolussnooze":0.0278,"activity":0.005,"lastBolusTime":1704309039000,"time":"2024-01-03T21:22:38.094Z","iobWithZeroTemp":{"iob":-0.173,"basaliob":-0.69,"bolussnooze":0.0278,"activity":0.0015,"lastBolusTime":1704309039000,"time":"2024-01-03T21:22:38.094Z"}},{"iob":0.286,"basaliob":-0.192,"bolussnooze":0.023,"activity":0.0047,"lastBolusTime":1704309039000,"time":"2024-01-03T21:27:38.094Z","iobWithZeroTemp":{"iob":-0.213,"basaliob":-0.691,"bolussnooze":0.023,"activity":0.001,"lastBolusTime":1704309039000,"time":"2024-01-03T21:27:38.094Z"}},{"iob":0.264,"basaliob":-0.178,"bolussnooze":0.019,"activity":0.0044,"lastBolusTime":1704309039000,"time":"2024-01-03T21:32:38.094Z","iobWithZeroTemp":{"iob":-0.25,"basaliob":-0.692,"bolussnooze":0.019,"activity":5.0E-4,"lastBolusTime":1704309039000,"time":"2024-01-03T21:32:38.094Z"}},{"iob":0.242,"basaliob":-0.166,"bolussnooze":0.0156,"activity":0.004,"lastBolusTime":1704309039000,"time":"2024-01-03T21:37:38.094Z","iobWithZeroTemp":{"iob":-0.285,"basaliob":-0.693,"bolussnooze":0.0156,"activity":0,"lastBolusTime":1704309039000,"time":"2024-01-03T21:37:38.094Z"}},{"iob":0.223,"basaliob":-0.154,"bolussnooze":0.0128,"activity":0.0038,"lastBolusTime":1704309039000,"time":"2024-01-03T21:42:38.094Z","iobWithZeroTemp":{"iob":-0.317,"basaliob":-0.694,"bolussnooze":0.0128,"activity":-4.0E-4,"lastBolusTime":1704309039000,"time":"2024-01-03T21:42:38.094Z"}},{"iob":0.205,"basaliob":-0.142,"bolussnooze":0.0104,"activity":0.0034,"lastBolusTime":1704309039000,"time":"2024-01-03T21:47:38.094Z","iobWithZeroTemp":{"iob":-0.347,"basaliob":-0.694,"bolussnooze":0.0104,"activity":-9.0E-4,"lastBolusTime":1704309039000,"time":"2024-01-03T21:47:38.094Z"}},{"iob":0.188,"basaliob":-0.132,"bolussnooze":0.0085,"activity":0.0032,"lastBolusTime":1704309039000,"time":"2024-01-03T21:52:38.094Z","iobWithZeroTemp":{"iob":-0.375,"basaliob":-0.695,"bolussnooze":0.0085,"activity":-0.0013,"lastBolusTime":1704309039000,"time":"2024-01-03T21:52:38.094Z"}},{"iob":0.173,"basaliob":-0.122,"bolussnooze":0.0068,"activity":0.003,"lastBolusTime":1704309039000,"time":"2024-01-03T21:57:38.094Z","iobWithZeroTemp":{"iob":-0.401,"basaliob":-0.696,"bolussnooze":0.0068,"activity":-0.0016,"lastBolusTime":1704309039000,"time":"2024-01-03T21:57:38.094Z"}},{"iob":0.158,"basaliob":-0.113,"bolussnooze":0.0055,"activity":0.0027,"lastBolusTime":1704309039000,"time":"2024-01-03T22:02:38.094Z","iobWithZeroTemp":{"iob":-0.43,"basaliob":-0.701,"bolussnooze":0.0055,"activity":-0.0021,"lastBolusTime":1704309039000,"time":"2024-01-03T22:02:38.094Z"}},{"iob":0.145,"basaliob":-0.104,"bolussnooze":0.0044,"activity":0.0026,"lastBolusTime":1704309039000,"time":"2024-01-03T22:07:38.094Z","iobWithZeroTemp":{"iob":-0.456,"basaliob":-0.705,"bolussnooze":0.0044,"activity":-0.0023,"lastBolusTime":1704309039000,"time":"2024-01-03T22:07:38.094Z"}},{"iob":0.133,"basaliob":-0.096,"bolussnooze":0.0035,"activity":0.0024,"lastBolusTime":1704309039000,"time":"2024-01-03T22:12:38.094Z","iobWithZeroTemp":{"iob":-0.481,"basaliob":-0.71,"bolussnooze":0.0035,"activity":-0.0026,"lastBolusTime":1704309039000,"time":"2024-01-03T22:12:38.094Z"}},{"iob":0.122,"basaliob":-0.089,"bolussnooze":0.0027,"activity":0.0022,"lastBolusTime":1704309039000,"time":"2024-01-03T22:17:38.094Z","iobWithZeroTemp":{"iob":-0.504,"basaliob":-0.715,"bolussnooze":0.0027,"activity":-0.003,"lastBolusTime":1704309039000,"time":"2024-01-03T22:17:38.094Z"}},{"iob":0.111,"basaliob":-0.082,"bolussnooze":0.0021,"activity":0.002,"lastBolusTime":1704309039000,"time":"2024-01-03T22:22:38.094Z","iobWithZeroTemp":{"iob":-0.526,"basaliob":-0.719,"bolussnooze":0.0021,"activity":-0.0033,"lastBolusTime":1704309039000,"time":"2024-01-03T22:22:38.094Z"}},{"iob":0.101,"basaliob":-0.076,"bolussnooze":0.0016,"activity":0.0019,"lastBolusTime":1704309039000,"time":"2024-01-03T22:27:38.094Z","iobWithZeroTemp":{"iob":-0.547,"basaliob":-0.724,"bolussnooze":0.0016,"activity":-0.0035,"lastBolusTime":1704309039000,"time":"2024-01-03T22:27:38.094Z"}},{"iob":0.092,"basaliob":-0.07,"bolussnooze":0.0012,"activity":0.0016,"lastBolusTime":1704309039000,"time":"2024-01-03T22:32:38.094Z","iobWithZeroTemp":{"iob":-0.566,"basaliob":-0.728,"bolussnooze":0.0012,"activity":-0.0039,"lastBolusTime":1704309039000,"time":"2024-01-03T22:32:38.094Z"}},{"iob":0.085,"basaliob":-0.064,"bolussnooze":9.0E-4,"activity":0.0015,"lastBolusTime":1704309039000,"time":"2024-01-03T22:37:38.094Z","iobWithZeroTemp":{"iob":-0.582,"basaliob":-0.731,"bolussnooze":9.0E-4,"activity":-0.0042,"lastBolusTime":1704309039000,"time":"2024-01-03T22:37:38.094Z"}},{"iob":0.077,"basaliob":-0.059,"bolussnooze":7.0E-4,"activity":0.0014,"lastBolusTime":1704309039000,"time":"2024-01-03T22:42:38.094Z","iobWithZeroTemp":{"iob":-0.599,"basaliob":-0.735,"bolussnooze":7.0E-4,"activity":-0.0044,"lastBolusTime":1704309039000,"time":"2024-01-03T22:42:38.094Z"}},{"iob":0.07,"basaliob":-0.054,"bolussnooze":5.0E-4,"activity":0.0013,"lastBolusTime":1704309039000,"time":"2024-01-03T22:47:38.094Z","iobWithZeroTemp":{"iob":-0.614,"basaliob":-0.738,"bolussnooze":5.0E-4,"activity":-0.0046,"lastBolusTime":1704309039000,"time":"2024-01-03T22:47:38.094Z"}},{"iob":0.064,"basaliob":-0.05,"bolussnooze":4.0E-4,"activity":0.0012,"lastBolusTime":1704309039000,"time":"2024-01-03T22:52:38.094Z","iobWithZeroTemp":{"iob":-0.628,"basaliob":-0.742,"bolussnooze":4.0E-4,"activity":-0.0048,"lastBolusTime":1704309039000,"time":"2024-01-03T22:52:38.094Z"}},{"iob":0.058,"basaliob":-0.046,"bolussnooze":2.0E-4,"activity":0.0011,"lastBolusTime":1704309039000,"time":"2024-01-03T22:57:38.094Z","iobWithZeroTemp":{"iob":-0.642,"basaliob":-0.746,"bolussnooze":2.0E-4,"activity":-0.005,"lastBolusTime":1704309039000,"time":"2024-01-03T22:57:38.094Z"}},{"iob":0.053,"basaliob":-0.042,"bolussnooze":2.0E-4,"activity":0.001,"lastBolusTime":1704309039000,"time":"2024-01-03T23:02:38.094Z","iobWithZeroTemp":{"iob":-0.653,"basaliob":-0.748,"bolussnooze":2.0E-4,"activity":-0.0052,"lastBolusTime":1704309039000,"time":"2024-01-03T23:02:38.094Z"}},{"iob":0.048,"basaliob":-0.038,"bolussnooze":1.0E-4,"activity":9.0E-4,"lastBolusTime":1704309039000,"time":"2024-01-03T23:07:38.094Z","iobWithZeroTemp":{"iob":-0.665,"basaliob":-0.751,"bolussnooze":1.0E-4,"activity":-0.0054,"lastBolusTime":1704309039000,"time":"2024-01-03T23:07:38.094Z"}},{"iob":0.043,"basaliob":-0.035,"bolussnooze":1.0E-4,"activity":9.0E-4,"lastBolusTime":1704309039000,"time":"2024-01-03T23:12:38.094Z","iobWithZeroTemp":{"iob":-0.676,"basaliob":-0.754,"bolussnooze":1.0E-4,"activity":-0.0054,"lastBolusTime":1704309039000,"time":"2024-01-03T23:12:38.094Z"}},{"iob":0.039,"basaliob":-0.032,"bolussnooze":0,"activity":8.0E-4,"lastBolusTime":1704309039000,"time":"2024-01-03T23:17:38.094Z","iobWithZeroTemp":{"iob":-0.686,"basaliob":-0.757,"bolussnooze":0,"activity":-0.0056,"lastBolusTime":1704309039000,"time":"2024-01-03T23:17:38.094Z"}},{"iob":0.036,"basaliob":-0.029,"bolussnooze":0,"activity":7.0E-4,"lastBolusTime":1704309039000,"time":"2024-01-03T23:22:38.094Z","iobWithZeroTemp":{"iob":-0.694,"basaliob":-0.759,"bolussnooze":0,"activity":-0.0058,"lastBolusTime":1704309039000,"time":"2024-01-03T23:22:38.094Z"}},{"iob":0.032,"basaliob":-0.027,"bolussnooze":0,"activity":6.0E-4,"lastBolusTime":1704309039000,"time":"2024-01-03T23:27:38.094Z","iobWithZeroTemp":{"iob":-0.703,"basaliob":-0.762,"bolussnooze":0,"activity":-0.006,"lastBolusTime":1704309039000,"time":"2024-01-03T23:27:38.094Z"}},{"iob":0.028,"basaliob":-0.025,"bolussnooze":0,"activity":6.0E-4,"lastBolusTime":1704309039000,"time":"2024-01-03T23:32:38.094Z","iobWithZeroTemp":{"iob":-0.711,"basaliob":-0.764,"bolussnooze":0,"activity":-0.006,"lastBolusTime":1704309039000,"time":"2024-01-03T23:32:38.094Z"}},{"iob":0.026,"basaliob":-0.022,"bolussnooze":0,"activity":6.0E-4,"lastBolusTime":1704309039000,"time":"2024-01-03T23:37:38.094Z","iobWithZeroTemp":{"iob":-0.717,"basaliob":-0.765,"bolussnooze":0,"activity":-0.0061,"lastBolusTime":1704309039000,"time":"2024-01-03T23:37:38.094Z"}},{"iob":0.024,"basaliob":-0.02,"bolussnooze":0,"activity":5.0E-4,"lastBolusTime":1704309039000,"time":"2024-01-03T23:42:38.094Z","iobWithZeroTemp":{"iob":-0.723,"basaliob":-0.767,"bolussnooze":0,"activity":-0.0062,"lastBolusTime":1704309039000,"time":"2024-01-03T23:42:38.094Z"}}],"profile":{"max_iob":7,"type":"current","max_daily_basal":0.45,"max_basal":1.35,"min_bg":143.99999999999991,"max_bg":143.99999999999991,"target_bg":143.99999999999991,"carb_ratio":11,"sens":352.8,"max_daily_safety_multiplier":3,"current_basal_safety_multiplier":4,"lgsThreshold":65,"high_temptarget_raises_sensitivity":false,"low_temptarget_lowers_sensitivity":false,"sensitivity_raises_target":true,"resistance_lowers_target":true,"adv_target_adjustments":false,"exercise_mode":false,"half_basal_exercise_target":160,"maxCOB":120,"skip_neutral_temps":false,"remainingCarbsCap":90,"enableUAM":true,"A52_risk_enable":false,"SMBInterval":4,"enableSMB_with_COB":true,"enableSMB_with_temptarget":false,"allowSMB_with_high_temptarget":true,"enableSMB_always":true,"enableSMB_after_carbs":false,"maxSMBBasalMinutes":60,"maxUAMSMBBasalMinutes":60,"bolus_increment":0.05,"carbsReqThreshold":10,"current_basal":0.4,"temptargetSet":true,"autosens_max":1.2,"autosens_min":0.8,"out_units":"mmol\/L","variable_sens":254.6,"insulinDivisor":65,"TDD":8.736674458333335},"autosens_data":{"ratio":0.9055836009580787},"meal_data":{"carbs":50,"mealCOB":20.18992176870748,"slopeFromMaxDeviation":-4.986666666666666,"slopeFromMinDeviation":0,"lastBolusTime":1704309039000,"lastCarbTime":1704309041087},"microBolusAllowed":true,"currentTime":1704311261000,"flatBGsDetected":false,"tdd1D":19.209083333333343,"tdd7D":22.16738095238096,"tddLast24H":20.07441666666667,"tddLast4H":6.29,"tddLast8to4H":3.986666666666666},"output":{"temp":"absolute","bg":81,"tick":-9,"eventualBG":214,"targetBG":143.99999999999991,"insulinReq":0,"deliverAt":"2024-01-03T19:47:41.000Z","sensitivityRatio":0.9055836009580787,"variable_sens":254.6,"predBGs":{"IOB":[81,69,55,39,39,39,39,39,39,39,39,39,39],"ZT":[81,60,39,39,39,39,39,39,39,39,39,39,39,39,39,39,39,39,39,39,39,39,39,39,39,39,39,39,39,39,39,39,39,39,39,39,39,39,39,39,39,39,39,39,39,39,39,39],"COB":[81,70,60,52,45,39,39,39,39,39,39,39,39,39,39,39,39,39,43,48,55,62,69,77,86,95,104,112,121,129,137,144,152,158,165,171,177,183,188,193,197,201,204,207,210,212,213,214],"UAM":[81,65,42,39,39,39,39,39,39,39,39,39,39]},"reason":"COB: 20.2, Dev: 3.4, BGI: -1.2, ISF: 14.1, CR: 11, Target: 8.0, minPredBG -10.1, minGuardBG -14.4, IOBpredBG 2.2, COBpredBG 11.9, UAMpredBG 2.2; minGuardBG -14.4<5.1","COB":20.18992176870748,"IOB":1.266,"duration":120,"rate":0,"timestamp":"2024-01-03T19:47:41.024Z"}}