{"algorithm":"OpenAPSSMBDynamicISFPlugin","input":{"glucoseStatus":{"glucose":159,"noise":0,"delta":5,"short_avgdelta":4.22,"long_avgdelta":2.13,"date":1704429734529},"currenttemp":{"temp":"absolute","duration":10,"rate":0.8,"minutesrunning":5},"iob_data":[{"iob":0.424,"basaliob":-0.204,"bolussnooze":0,"activity":0.0041,"lastBolusTime":1704429476000,"time":"2024-01-05T04:42:37.889Z","iobWithZeroTemp":{"iob":0.424,"basaliob":-0.204,"bolussnooze":0,"activity":0.0041,"lastBolusTime":1704429476000,"time":"2024-01-05T04:42:37.889Z"}},{"iob":0.403,"basaliob":-0.192,"bolussnooze":0,"activity":0.004,"lastBolusTime":1704429476000,"time":"2024-01-05T04:47:37.889Z","iobWithZeroTemp":{"iob":0.376,"basaliob":-0.219,"bolussnooze":0,"activity":0.004,"lastBolusTime":1704429476000,"time":"2024-01-05T04:47:37.889Z"}},{"iob":0.383,"basaliob":-0.179,"bolussnooze":0,"activity":0.004,"lastBolusTime":1704429476000,"time":"2024-01-05T04:52:37.889Z","iobWithZeroTemp":{"iob":0.323,"basaliob":-0.239,"bolussnooze":0,"activity":0.0039,"lastBolusTime":1704429476000,"time":"2024-01-05T04:52:37.889Z"}},{"iob":0.363,"basaliob":-0.168,"bolussnooze":0,"activity":0.0039,"lastBolusTime":1704429476000,"time":"2024-01-05T04:57:37.889Z","iobWithZeroTemp":{"iob":0.271,"basaliob":-0.26,"bolussnooze":0,"activity":0.0037,"lastBolusTime":1704429476000,"time":"2024-01-05T04:57:37.889Z"}},{"iob":0.344,"basaliob":-0.157,"bolussnooze":0,"activity":0.0039,"lastBolusTime":1704429476000,"time":"2024-01-05T05:02:37.889Z","iobWithZeroTemp":{"iob":0.219,"basaliob":-0.282,"bolussnooze":0,"activity":0.0036,"lastBolusTime":1704429476000,"time":"2024-01-05T05:02:37.889Z"}},{"iob":0.325,"basaliob":-0.147,"bolussnooze":0,"activity":0.0037,"lastBolusTime":1704429476000,"time":"2024-01-05T05:07:37.889Z","iobWithZeroTemp":{"iob":0.169,"basaliob":-0.303,"bolussnooze":0,"activity":0.0032,"lastBolusTime":1704429476000,"time":"2024-01-05T05:07:37.889Z"}},{"iob":0.306,"basaliob":-0.137,"bolussnooze":0,"activity":0.0036,"lastBolusTime":1704429476000,"time":"2024-01-05T05:12:37.889Z","iobWithZeroTemp":{"iob":0.12,"basaliob":-0.323,"bolussnooze":0,"activity":0.0029,"lastBolusTime":1704429476000,"time":"2024-01-05T05:12:37.889Z"}},{"iob":0.29,"basaliob":-0.127,"bolussnooze":0,"activity":0.0035,"lastBolusTime":1704429476000,"time":"2024-01-05T05:17:37.889Z","iobWithZeroTemp":{"iob":0.074,"basaliob":-0.343,"bolussnooze":0,"activity":0.0026,"lastBolusTime":1704429476000,"time":"2024-01-05T05:17:37.889Z"}},{"iob":0.272,"basaliob":-0.119,"bolussnooze":0,"activity":0.0033,"lastBolusTime":1704429476000,"time":"2024-01-05T05:22:37.889Z","iobWithZeroTemp":{"iob":0.028,"basaliob":-0.363,"bolussnooze":0,"activity":0.0022,"lastBolusTime":1704429476000,"time":"2024-01-05T05:22:37.889Z"}},{"iob":0.256,"basaliob":-0.11,"bolussnooze":0,"activity":0.0032,"lastBolusTime":1704429476000,"time":"2024-01-05T05:27:37.889Z","iobWithZeroTemp":{"iob":-0.016,"basaliob":-0.382,"bolussnooze":0,"activity":0.0019,"lastBolusTime":1704429476000,"time":"2024-01-05T05:27:37.889Z"}},{"iob":0.24,"basaliob":-0.103,"bolussnooze":0,"activity":0.0031,"lastBolusTime":1704429476000,"time":"2024-01-05T05:32:37.889Z","iobWithZeroTemp":{"iob":-0.058,"basaliob":-0.401,"bolussnooze":0,"activity":0.0016,"lastBolusTime":1704429476000,"time":"2024-01-05T05:32:37.889Z"}},{"iob":0.225,"basaliob":-0.095,"bolussnooze":0,"activity":0.0029,"lastBolusTime":1704429476000,"time":"2024-01-05T05:37:37.889Z","iobWithZeroTemp":{"iob":-0.098,"basaliob":-0.418,"bolussnooze":0,"activity":0.0011,"lastBolusTime":1704429476000,"time":"2024-01-05T05:37:37.889Z"}},{"iob":0.21,"basaliob":-0.089,"bolussnooze":0,"activity":0.0028,"lastBolusTime":1704429476000,"time":"2024-01-05T05:42:37.889Z","iobWithZeroTemp":{"iob":-0.137,"basaliob":-0.436,"bolussnooze":0,"activity":8.0E-4,"lastBolusTime":1704429476000,"time":"2024-01-05T05:42:37.889Z"}},{"iob":0.197,"basaliob":-0.082,"bolussnooze":0,"activity":0.0027,"lastBolusTime":1704429476000,"time":"2024-01-05T05:47:37.889Z","iobWithZeroTemp":{"iob":-0.173,"basaliob":-0.452,"bolussnooze":0,"activity":5.0E-4,"lastBolusTime":1704429476000,"time":"2024-01-05T05:47:37.889Z"}},{"iob":0.185,"basaliob":-0.076,"bolussnooze":0,"activity":0.0025,"lastBolusTime":1704429476000,"time":"2024-01-05T05:52:37.889Z","iobWithZeroTemp":{"iob":-0.206,"basaliob":-0.467,"bolussnooze":0,"activity":1.0E-4,"lastBolusTime":1704429476000,"time":"2024-01-05T05:52:37.889Z"}},{"iob":0.173,"basaliob":-0.07,"bolussnooze":0,"activity":0.0024,"lastBolusTime":1704429476000,"time":"2024-01-05T05:57:37.889Z","iobWithZeroTemp":{"iob":-0.239,"basaliob":-0.482,"bolussnooze":0,"activity":-3.0E-4,"lastBolusTime":1704429476000,"time":"2024-01-05T05:57:37.889Z"}},{"iob":0.161,"basaliob":-0.065,"bolussnooze":0,"activity":0.0023,"lastBolusTime":1704429476000,"time":"2024-01-05T06:02:37.889Z","iobWithZeroTemp":{"iob":-0.27,"basaliob":-0.496,"bolussnooze":0,"activity":-6.0E-4,"lastBolusTime":1704429476000,"time":"2024-01-05T06:02:37.889Z"}},{"iob":0.15,"basaliob":-0.06,"bolussnooze":0,"activity":0.0022,"lastBolusTime":1704429476000,"time":"2024-01-05T06:07:37.889Z","iobWithZeroTemp":{"iob":-0.3,"basaliob":-0.51,"bolussnooze":0,"activity":-9.0E-4,"lastBolusTime":1704429476000,"time":"2024-01-05T06:07:37.889Z"}},{"iob":0.139,"basaliob":-0.056,"bolussnooze":0,"activity":0.002,"lastBolusTime":1704429476000,"time":"2024-01-05T06:12:37.889Z","iobWithZeroTemp":{"iob":-0.328,"basaliob":-0.523,"bolussnooze":0,"activity":-0.0013,"lastBolusTime":1704429476000,"time":"2024-01-05T06:12:37.889Z"}},{"iob":0.129,"basaliob":-0.052,"bolussnooze":0,"activity":0.0019,"lastBolusTime":1704429476000,"time":"2024-01-05T06:17:37.889Z","iobWithZeroTemp":{"iob":-0.355,"basaliob":-0.536,"bolussnooze":0,"activity":-0.0016,"lastBolusTime":1704429476000,"time":"2024-01-05T06:17:37.889Z"}},{"iob":0.12,"basaliob":-0.048,"bolussnooze":0,"activity":0.0017,"lastBolusTime":1704429476000,"time":"2024-01-05T06:22:37.889Z","iobWithZeroTemp":{"iob":-0.379,"basaliob":-0.547,"bolussnooze":0,"activity":-0.002,"lastBolusTime":1704429476000,"time":"2024-01-05T06:22:37.889Z"}},{"iob":0.112,"basaliob":-0.044,"bolussnooze":0,"activity":0.0017,"lastBolusTime":1704429476000,"time":"2024-01-05T06:27:37.889Z","iobWithZeroTemp":{"iob":-0.402,"basaliob":-0.558,"bolussnooze":0,"activity":-0.0022,"lastBolusTime":1704429476000,"time":"2024-01-05T06:27:37.889Z"}},{"iob":0.104,"basaliob":-0.04,"bolussnooze":0,"activity":0.0015,"lastBolusTime":1704429476000,"time":"2024-01-05T06:32:37.889Z","iobWithZeroTemp":{"iob":-0.423,"basaliob":-0.567,"bolussnooze":0,"activity":-0.0025,"lastBolusTime":1704429476000,"time":"2024-01-05T06:32:37.889Z"}},{"iob":0.097,"basaliob":-0.037,"bolussnooze":0,"activity":0.0015,"lastBolusTime":1704429476000,"time":"2024-01-05T06:37:37.889Z","iobWithZeroTemp":{"iob":-0.443,"basaliob":-0.577,"bolussnooze":0,"activity":-0.0027,"lastBolusTime":1704429476000,"time":"2024-01-05T06:37:37.889Z"}},{"iob":0.09,"basaliob":-0.034,"bolussnooze":0,"activity":0.0013,"lastBolusTime":1704429476000,"time":"2024-01-05T06:42:37.889Z","iobWithZeroTemp":{"iob":-0.462,"basaliob":-0.586,"bolussnooze":0,"activity":-0.003,"lastBolusTime":1704429476000,"time":"2024-01-05T06:42:37.889Z"}},{"iob":0.082,"basaliob":-0.032,"bolussnooze":0,"activity":0.0013,"lastBolusTime":1704429476000,"time":"2024-01-05T06:47:37.889Z","iobWithZeroTemp":{"iob":-0.481,"basaliob":-0.595,"bolussnooze":0,"activity":-0.0032,"lastBolusTime":1704429476000,"time":"2024-01-05T06:47:37.889Z"}},{"iob":0.077,"basaliob":-0.029,"bolussnooze":0,"activity":0.0012,"lastBolusTime":1704429476000,"time":"2024-01-05T06:52:37.889Z","iobWithZeroTemp":{"iob":-0.497,"basaliob":-0.603,"bolussnooze":0,"activity":-0.0034,"lastBolusTime":1704429476000,"time":"2024-01-05T06:52:37.889Z"}},{"iob":0.07,"basaliob":-0.027,"bolussnooze":0,"activity":0.0011,"lastBolusTime":1704429476000,"time":"2024-01-05T06:57:37.889Z","iobWithZeroTemp":{"iob":-0.514,"basaliob":-0.611,"bolussnooze":0,"activity":-0.0037,"lastBolusTime":1704429476000,"time":"2024-01-05T06:57:37.889Z"}},{"iob":0.066,"basaliob":-0.024,"bolussnooze":0,"activity":0.0011,"lastBolusTime":1704429476000,"time":"2024-01-05T07:02:37.889Z","iobWithZeroTemp":{"iob":-0.527,"basaliob":-0.617,"bolussnooze":0,"activity":-0.0038,"lastBolusTime":1704429476000,"time":"2024-01-05T07:02:37.889Z"}},{"iob":0.061,"basaliob":-0.022,"bolussnooze":0,"activity":0.001,"lastBolusTime":1704429476000,"time":"2024-01-05T07:07:37.889Z","iobWithZeroTemp":{"iob":-0.54,"basaliob":-0.623,"bolussnooze":0,"activity":-0.004,"lastBolusTime":1704429476000,"time":"2024-01-05T07:07:37.889Z"}},{"iob":0.055,"basaliob":-0.021,"bolussnooze":0,"activity":9.0E-4,"lastBolusTime":1704429476000,"time":"2024-01-05T07:12:37.889Z","iobWithZeroTemp":{"iob":-0.554,"basaliob":-0.63,"bolussnooze":0,"activity":-0.0042,"lastBolusTime":1704429476000,"time":"2024-01-05T07:12:37.889Z"}},{"iob":0.051,"basaliob":-0.019,"bolussnooze":0,"activity":9.0E-4,"lastBolusTime":1704429476000,"time":"2024-01-05T07:17:37.889Z","iobWithZeroTemp":{"iob":-0.566,"basaliob":-0.636,"bolussnooze":0,"activity":-0.0043,"lastBolusTime":1704429476000,"time":"2024-01-05T07:17:37.889Z"}},{"iob":0.048,"basaliob":-0.017,"bolussnooze":0,"activity":8.0E-4,"lastBolusTime":1704429476000,"time":"2024-01-05T07:22:37.889Z","iobWithZeroTemp":{"iob":-0.576,"basaliob":-0.641,"bolussnooze":0,"activity":-0.0045,"lastBolusTime":1704429476000,"time":"2024-01-05T07:22:37.889Z"}},{"iob":0.043,"basaliob":-0.016,"bolussnooze":0,"activity":7.0E-4,"lastBolusTime":1704429476000,"time":"2024-01-05T07:27:37.889Z","iobWithZeroTemp":{"iob":-0.587,"basaliob":-0.646,"bolussnooze":0,"activity":-0.0047,"lastBolusTime":1704429476000,"time":"2024-01-05T07:27:37.889Z"}},{"iob":0.041,"basaliob":-0.014,"bolussnooze":0,"activity":6.0E-4,"lastBolusTime":1704429476000,"time":"2024-01-05T07:32:37.889Z","iobWithZeroTemp":{"iob":-0.595,"basaliob":-0.65,"bolussnooze":0,"activity":-0.0049,"lastBolusTime":1704429476000,"time":"2024-01-05T07:32:37.889Z"}},{"iob":0.037,"basaliob":-0.013,"bolussnooze":0,"activity":7.0E-4,"lastBolusTime":1704429476000,"time":"2024-01-05T07:37:37.889Z","iobWithZeroTemp":{"iob":-0.605,"basaliob":-0.655,"bolussnooze":0,"activity":-0.0049,"lastBolusTime":1704429476000,"time":"2024-01-05T07:37:37.889Z"}},{"iob":0.034,"basaliob":-0.012,"bolussnooze":0,"activity":6.0E-4,"lastBolusTime":1704429476000,"time":"2024-01-05T07:42:37.889Z","iobWithZeroTemp":{"iob":-0.613,"basaliob":-0.659,"bolussnooze":0,"activity":-0.0051,"lastBolusTime":1704429476000,"time":"2024-01-05T07:42:37.889Z"}},{"iob":0.031,"basaliob":-0.011,"bolussnooze":0,"activity":5.0E-4,"lastBolusTime":1704429476000,"time":"2024-01-05T07:47:37.889Z","iobWithZeroTemp":{"iob":-0.62,"basaliob":-0.662,"bolussnooze":0,"activity":-0.0053,"lastBolusTime":1704429476000,"time":"2024-01-05T07:47:37.889Z"}},{"iob":0.029,"basaliob":-0.01,"bolussnooze":0,"activity":5.0E-4,"lastBolusTime":1704429476000,"time":"2024-01-05T07:52:37.889Z","iobWithZeroTemp":{"iob":-0.627,"basaliob":-0.666,"bolussnooze":0,"activity":-0.0053,"lastBolusTime":1704429476000,"time":"2024-01-05T07:52:37.889Z"}},{"iob":0.026,"basaliob":-0.009,"bolussnooze":0,"activity":4.0E-4,"lastBolusTime":1704429476000,"time":"2024-01-05T07:57:37.889Z","iobWithZeroTemp":{"iob":-0.634,"basaliob":-0.669,"bolussnooze":0,"activity":-0.0055,"lastBolusTime":1704429476000,"time":"2024-01-05T07:57:37.889Z"}},{"iob":0.024,"basaliob":-0.008,"bolussnooze":0,"activity":4.0E-4,"lastBolusTime":1704429476000,"time":"2024-01-05T08:02:37.889Z","iobWithZeroTemp":{"iob":-0.64,"basaliob":-0.672,"bolussnooze":0,"activity":-0.0055,"lastBolusTime":1704429476000,"time":"2024-01-05T08:02:37.889Z"}},{"iob":0.021,"basaliob":-0.008,"bolussnooze":0,"activity":4.0E-4,"lastBolusTime":1704429476000,"time":"2024-01-05T08:07:37.889Z","iobWithZeroTemp":{"iob":-0.646,"basaliob":-0.675,"bolussnooze":0,"activity":-0.0056,"lastBolusTime":1704429476000,"time":"2024-01-05T08:07:37.889Z"}},{"iob":0.02,"basaliob":-0.007,"bolussnooze":0,"activity":4.0E-4,"lastBolusTime":1704429476000,"time":"2024-01-05T08:12:37.889Z","iobWithZeroTemp":{"iob":-0.65,"basaliob":-0.677,"bolussnooze":0,"activity":-0.0057,"lastBolusTime":1704429476000,"time":"2024-01-05T08:12:37.889Z"}},{"iob":0.019,"basaliob":-0.006,"bolussnooze":0,"activity":4.0E-4,"lastBolusTime":1704429476000,"time":"2024-01-05T08:17:37.889Z","iobWithZeroTemp":{"iob":-0.654,"basaliob":-0.679,"bolussnooze":0,"activity":-0.0057,"lastBolusTime":1704429476000,"time":"2024-01-05T08:17:37.889Z"}},{"iob":0.016,"basaliob":-0.006,"bolussnooze":0,"activity":3.0E-4,"lastBolusTime":1704429476000,"time":"2024-01-05T08:22:37.889Z","iobWithZeroTemp":{"iob":-0.66,"basaliob":-0.682,"bolussnooze":0,"activity":-0.0058,"lastBolusTime":1704429476000,"time":"2024-01-05T08:22:37.889Z"}},{"iob":0.015,"basaliob":-0.005,"bolussnooze":0,"activity":3.0E-4,"lastBolusTime":1704429476000,"time":"2024-01-05T08:27:37.889Z","iobWithZeroTemp":{"iob":-0.663,"basaliob":-0.683,"bolussnooze":0,"activity":-0.0059,"lastBolusTime":1704429476000,"time":"2024-01-05T08:27:37.889Z"}},{"iob":0.014,"basaliob":-0.005,"bolussnooze":0,"activity":3.0E-4,"lastBolusTime":1704429476000,"time":"2024-01-05T08:32:37.889Z","iobWithZeroTemp":{"iob":-0.667,"basaliob":-0.686,"bolussnooze":0,"activity":-0.0059,"lastBolusTime":1704429476000,"time":"2024-01-05T08:32:37.889Z"}},{"iob":0.013,"basaliob":-0.004,"bolussnooze":0,"activity":2.0E-4,"lastBolusTime":1704429476000,"time":"2024-01-05T08:37:37.889Z","iobWithZeroTemp":{"iob":-0.67,"basaliob":-0.687,"bolussnooze":0,"activity":-0.0061,"lastBolusTime":1704429476000,"time":"2024-01-05T08:37:37.889Z"}}],"profile":{"max_iob":7,"type":"current","max_daily_basal":0.45,"max_basal":1.35,"min_bg":106.2,"max_bg":106.2,"target_bg":106.2,"carb_ratio":9,"sens":352.8,"max_daily_safety_multiplier":3,"current_basal_safety_multiplier":4,"lgsThreshold":65,"high_temptarget_raises_sensitivity":false,"low_temptarget_lowers_sensitivity":false,"sensitivity_raises_target":true,"resistance_lowers_target":true,"adv_target_adjustments":false,"exercise_mode":false,"half_basal_exercise_target":160,"maxCOB":120,"skip_neutral_temps":false,"remainingCarbsCap":90,"enableUAM":true,"A52_risk_enable":false,"SMBInterval":4,"enableSMB_with_COB":true,"enableSMB_with_temptarget":false,"allowSMB_with_high_temptarget":true,"enableSMB_always":true,"enableSMB_after_carbs":false,"maxSMBBasalMinutes":60,"maxUAMSMBBasalMinutes":60,"bolus_increment":0.05,"carbsReqThreshold":10,"current_basal":0.4,"temptargetSet":false,"autosens_max":1.2,"autosens_min":0.8,"out_units":"mmol\/L","variable_sens":182.1,"insulinDivisor":65,"TDD":7.99083986666667},"autosens_data":{"ratio":1.1900661463570084},"meal_data":{"carbs":0,"mealCOB":0,"slopeFromMaxDeviation":-0.36618181818181805,"slopeFromMinDeviation":0.7551666666666668,"lastBolusTime":1704429476000,"lastCarbTime":0},"microBolusAllowed":true,"currentTime":1704429760053,"flatBGsDetected":false,"tdd1D":28.050416666666692,"tdd7D":23.609261904761915,"tddLast24H":28.096583333333335,"tddLast4H":2.0715833333333338,"tddLast8to4H":4.505},"output":{"temp":"absolute","bg":159,"tick":"+5","eventualBG":170,"targetBG":99,"insulinReq":0.26,"deliverAt":"2024-01-05T04:42:40.053Z","sensitivityRatio":1.1900661463570084,"variable_sens":182.1,"predBGs":{"IOB":[159,163,166,168,170,171,172,172,172,171,170,167,165,162,160,158,156,153,151,149,148,146,144,143,142,140,139,138,137,136,135,134,133,132,131,131,130,129,129,128,128,128,127,127,126,126,126,125],"ZT":[159,155,152,148,144,141,138,135,132,130,128,127,125,125,124,124,124],"UAM":[159,163,167,170,173,176,178,181,183,185,186,188,189,190,190,191,191,191,190,189,188,187,186,185,183,182,181,180,179,178,177,177,176,175,175,174,173,173,173,172,172,171,171,171,170]},"reason":"COB: 0, Dev: 2.7, BGI: -0.2, ISF: 10.1, CR: 9, Target: 5.5, minPredBG 8.2, minGuardBG 9.1, IOBpredBG 6.9, UAMpredBG 9.4; Eventual BG 9.4 >= 5.5,  insulinReq 0.26. Microbolusing 0.1U. temp 0.80 < 1U\/hr. ","COB":0,"IOB":0.424,"units":0.1,"duration":30,"rate":0.9960264585428034,"timestamp":"2024-01-05T04:42:40.077Z"}}