{"algorithm":"OpenAPSSMBDynamicISFPlugin","input":{"glucoseStatus":{"glucose":129,"noise":0,"delta":1,"short_avgdelta":0.89,"long_avgdelta":-0.73,"date":1704408432840},"currenttemp":{"temp":"absolute","duration":30,"rate":0,"minutesrunning":30},"iob_data":[{"iob":1.186,"basaliob":-0.595,"bolussnooze":0.0562,"activity":0.0129,"lastBolusTime":1704408171000,"time":"2024-01-04T22:47:35.008Z","iobWithZeroTemp":{"iob":1.186,"basaliob":-0.595,"bolussnooze":0.0562,"activity":0.0129,"lastBolusTime":1704408171000,"time":"2024-01-04T22:47:35.008Z"}},{"iob":1.122,"basaliob":-0.57,"bolussnooze":0.0479,"activity":0.0126,"lastBolusTime":1704408171000,"time":"2024-01-04T22:52:35.008Z","iobWithZeroTemp":{"iob":1.092,"basaliob":-0.6,"bolussnooze":0.0479,"activity":0.0126,"lastBolusTime":1704408171000,"time":"2024-01-04T22:52:35.008Z"}},{"iob":1.06,"basaliob":-0.545,"bolussnooze":0.0408,"activity":0.0122,"lastBolusTime":1704408171000,"time":"2024-01-04T22:57:35.008Z","iobWithZeroTemp":{"iob":0.993,"basaliob":-0.612,"bolussnooze":0.0408,"activity":0.0121,"lastBolusTime":1704408171000,"time":"2024-01-04T22:57:35.008Z"}},{"iob":1,"basaliob":-0.519,"bolussnooze":0.0346,"activity":0.0118,"lastBolusTime":1704408171000,"time":"2024-01-04T23:02:35.008Z","iobWithZeroTemp":{"iob":0.896,"basaliob":-0.623,"bolussnooze":0.0346,"activity":0.0116,"lastBolusTime":1704408171000,"time":"2024-01-04T23:02:35.008Z"}},{"iob":0.942,"basaliob":-0.494,"bolussnooze":0.0293,"activity":0.0114,"lastBolusTime":1704408171000,"time":"2024-01-04T23:07:35.008Z","iobWithZeroTemp":{"iob":0.802,"basaliob":-0.634,"bolussnooze":0.0293,"activity":0.011,"lastBolusTime":1704408171000,"time":"2024-01-04T23:07:35.008Z"}},{"iob":0.886,"basaliob":-0.469,"bolussnooze":0.0247,"activity":0.0109,"lastBolusTime":1704408171000,"time":"2024-01-04T23:12:35.008Z","iobWithZeroTemp":{"iob":0.711,"basaliob":-0.644,"bolussnooze":0.0247,"activity":0.0103,"lastBolusTime":1704408171000,"time":"2024-01-04T23:12:35.008Z"}},{"iob":0.833,"basaliob":-0.444,"bolussnooze":0.0208,"activity":0.0104,"lastBolusTime":1704408171000,"time":"2024-01-04T23:17:35.008Z","iobWithZeroTemp":{"iob":0.623,"basaliob":-0.654,"bolussnooze":0.0208,"activity":0.0096,"lastBolusTime":1704408171000,"time":"2024-01-04T23:17:35.008Z"}},{"iob":0.782,"basaliob":-0.42,"bolussnooze":0.0174,"activity":0.01,"lastBolusTime":1704408171000,"time":"2024-01-04T23:22:35.008Z","iobWithZeroTemp":{"iob":0.539,"basaliob":-0.663,"bolussnooze":0.0174,"activity":0.009,"lastBolusTime":1704408171000,"time":"2024-01-04T23:22:35.008Z"}},{"iob":0.733,"basaliob":-0.397,"bolussnooze":0.0145,"activity":0.0095,"lastBolusTime":1704408171000,"time":"2024-01-04T23:27:35.008Z","iobWithZeroTemp":{"iob":0.458,"basaliob":-0.672,"bolussnooze":0.0145,"activity":0.0083,"lastBolusTime":1704408171000,"time":"2024-01-04T23:27:35.008Z"}},{"iob":0.687,"basaliob":-0.374,"bolussnooze":0.0121,"activity":0.0091,"lastBolusTime":1704408171000,"time":"2024-01-04T23:32:35.008Z","iobWithZeroTemp":{"iob":0.381,"basaliob":-0.68,"bolussnooze":0.0121,"activity":0.0076,"lastBolusTime":1704408171000,"time":"2024-01-04T23:32:35.008Z"}},{"iob":0.642,"basaliob":-0.352,"bolussnooze":0.0101,"activity":0.0086,"lastBolusTime":1704408171000,"time":"2024-01-04T23:37:35.008Z","iobWithZeroTemp":{"iob":0.307,"basaliob":-0.687,"bolussnooze":0.0101,"activity":0.0069,"lastBolusTime":1704408171000,"time":"2024-01-04T23:37:35.008Z"}},{"iob":0.6,"basaliob":-0.332,"bolussnooze":0.0083,"activity":0.0082,"lastBolusTime":1704408171000,"time":"2024-01-04T23:42:35.008Z","iobWithZeroTemp":{"iob":0.237,"basaliob":-0.695,"bolussnooze":0.0083,"activity":0.0062,"lastBolusTime":1704408171000,"time":"2024-01-04T23:42:35.008Z"}},{"iob":0.561,"basaliob":-0.311,"bolussnooze":0.0069,"activity":0.0078,"lastBolusTime":1704408171000,"time":"2024-01-04T23:47:35.008Z","iobWithZeroTemp":{"iob":0.171,"basaliob":-0.701,"bolussnooze":0.0069,"activity":0.0056,"lastBolusTime":1704408171000,"time":"2024-01-04T23:47:35.008Z"}},{"iob":0.523,"basaliob":-0.292,"bolussnooze":0.0056,"activity":0.0073,"lastBolusTime":1704408171000,"time":"2024-01-04T23:52:35.008Z","iobWithZeroTemp":{"iob":0.107,"basaliob":-0.708,"bolussnooze":0.0056,"activity":0.0048,"lastBolusTime":1704408171000,"time":"2024-01-04T23:52:35.008Z"}},{"iob":0.487,"basaliob":-0.274,"bolussnooze":0.0046,"activity":0.0069,"lastBolusTime":1704408171000,"time":"2024-01-04T23:57:35.008Z","iobWithZeroTemp":{"iob":0.047,"basaliob":-0.714,"bolussnooze":0.0046,"activity":0.0042,"lastBolusTime":1704408171000,"time":"2024-01-04T23:57:35.008Z"}},{"iob":0.454,"basaliob":-0.256,"bolussnooze":0.0037,"activity":0.0065,"lastBolusTime":1704408171000,"time":"2024-01-05T00:02:35.008Z","iobWithZeroTemp":{"iob":-0.001,"basaliob":-0.711,"bolussnooze":0.0037,"activity":0.0035,"lastBolusTime":1704408171000,"time":"2024-01-05T00:02:35.008Z"}},{"iob":0.422,"basaliob":-0.24,"bolussnooze":0.003,"activity":0.0062,"lastBolusTime":1704408171000,"time":"2024-01-05T00:07:35.008Z","iobWithZeroTemp":{"iob":-0.047,"basaliob":-0.709,"bolussnooze":0.003,"activity":0.003,"lastBolusTime":1704408171000,"time":"2024-01-05T00:07:35.008Z"}},{"iob":0.392,"basaliob":-0.224,"bolussnooze":0.0024,"activity":0.0057,"lastBolusTime":1704408171000,"time":"2024-01-05T00:12:35.008Z","iobWithZeroTemp":{"iob":-0.09,"basaliob":-0.706,"bolussnooze":0.0024,"activity":0.0023,"lastBolusTime":1704408171000,"time":"2024-01-05T00:12:35.008Z"}},{"iob":0.365,"basaliob":-0.209,"bolussnooze":0.0019,"activity":0.0054,"lastBolusTime":1704408171000,"time":"2024-01-05T00:17:35.008Z","iobWithZeroTemp":{"iob":-0.128,"basaliob":-0.702,"bolussnooze":0.0019,"activity":0.0018,"lastBolusTime":1704408171000,"time":"2024-01-05T00:17:35.008Z"}},{"iob":0.338,"basaliob":-0.195,"bolussnooze":0.0015,"activity":0.0051,"lastBolusTime":1704408171000,"time":"2024-01-05T00:22:35.008Z","iobWithZeroTemp":{"iob":-0.166,"basaliob":-0.699,"bolussnooze":0.0015,"activity":0.0013,"lastBolusTime":1704408171000,"time":"2024-01-05T00:22:35.008Z"}},{"iob":0.313,"basaliob":-0.182,"bolussnooze":0.0012,"activity":0.0047,"lastBolusTime":1704408171000,"time":"2024-01-05T00:27:35.008Z","iobWithZeroTemp":{"iob":-0.201,"basaliob":-0.696,"bolussnooze":0.0012,"activity":7.0E-4,"lastBolusTime":1704408171000,"time":"2024-01-05T00:27:35.008Z"}},{"iob":0.291,"basaliob":-0.169,"bolussnooze":9.0E-4,"activity":0.0045,"lastBolusTime":1704408171000,"time":"2024-01-05T00:32:35.008Z","iobWithZeroTemp":{"iob":-0.232,"basaliob":-0.692,"bolussnooze":9.0E-4,"activity":4.0E-4,"lastBolusTime":1704408171000,"time":"2024-01-05T00:32:35.008Z"}},{"iob":0.27,"basaliob":-0.157,"bolussnooze":7.0E-4,"activity":0.0041,"lastBolusTime":1704408171000,"time":"2024-01-05T00:37:35.008Z","iobWithZeroTemp":{"iob":-0.261,"basaliob":-0.688,"bolussnooze":7.0E-4,"activity":-2.0E-4,"lastBolusTime":1704408171000,"time":"2024-01-05T00:37:35.008Z"}},{"iob":0.249,"basaliob":-0.146,"bolussnooze":6.0E-4,"activity":0.0039,"lastBolusTime":1704408171000,"time":"2024-01-05T00:42:35.008Z","iobWithZeroTemp":{"iob":-0.29,"basaliob":-0.685,"bolussnooze":6.0E-4,"activity":-5.0E-4,"lastBolusTime":1704408171000,"time":"2024-01-05T00:42:35.008Z"}},{"iob":0.23,"basaliob":-0.136,"bolussnooze":4.0E-4,"activity":0.0036,"lastBolusTime":1704408171000,"time":"2024-01-05T00:47:35.008Z","iobWithZeroTemp":{"iob":-0.316,"basaliob":-0.682,"bolussnooze":4.0E-4,"activity":-9.0E-4,"lastBolusTime":1704408171000,"time":"2024-01-05T00:47:35.008Z"}},{"iob":0.213,"basaliob":-0.126,"bolussnooze":3.0E-4,"activity":0.0034,"lastBolusTime":1704408171000,"time":"2024-01-05T00:52:35.008Z","iobWithZeroTemp":{"iob":-0.339,"basaliob":-0.678,"bolussnooze":3.0E-4,"activity":-0.0012,"lastBolusTime":1704408171000,"time":"2024-01-05T00:52:35.008Z"}},{"iob":0.196,"basaliob":-0.117,"bolussnooze":2.0E-4,"activity":0.0031,"lastBolusTime":1704408171000,"time":"2024-01-05T00:57:35.008Z","iobWithZeroTemp":{"iob":-0.362,"basaliob":-0.675,"bolussnooze":2.0E-4,"activity":-0.0016,"lastBolusTime":1704408171000,"time":"2024-01-05T00:57:35.008Z"}},{"iob":0.182,"basaliob":-0.108,"bolussnooze":2.0E-4,"activity":0.0029,"lastBolusTime":1704408171000,"time":"2024-01-05T01:02:35.008Z","iobWithZeroTemp":{"iob":-0.375,"basaliob":-0.665,"bolussnooze":2.0E-4,"activity":-0.0019,"lastBolusTime":1704408171000,"time":"2024-01-05T01:02:35.008Z"}},{"iob":0.168,"basaliob":-0.1,"bolussnooze":1.0E-4,"activity":0.0027,"lastBolusTime":1704408171000,"time":"2024-01-05T01:07:35.008Z","iobWithZeroTemp":{"iob":-0.387,"basaliob":-0.655,"bolussnooze":1.0E-4,"activity":-0.0022,"lastBolusTime":1704408171000,"time":"2024-01-05T01:07:35.008Z"}},{"iob":0.154,"basaliob":-0.093,"bolussnooze":1.0E-4,"activity":0.0026,"lastBolusTime":1704408171000,"time":"2024-01-05T01:12:35.008Z","iobWithZeroTemp":{"iob":-0.399,"basaliob":-0.646,"bolussnooze":1.0E-4,"activity":-0.0023,"lastBolusTime":1704408171000,"time":"2024-01-05T01:12:35.008Z"}},{"iob":0.142,"basaliob":-0.086,"bolussnooze":0,"activity":0.0023,"lastBolusTime":1704408171000,"time":"2024-01-05T01:17:35.008Z","iobWithZeroTemp":{"iob":-0.409,"basaliob":-0.637,"bolussnooze":0,"activity":-0.0027,"lastBolusTime":1704408171000,"time":"2024-01-05T01:17:35.008Z"}},{"iob":0.131,"basaliob":-0.079,"bolussnooze":0,"activity":0.0021,"lastBolusTime":1704408171000,"time":"2024-01-05T01:22:35.008Z","iobWithZeroTemp":{"iob":-0.418,"basaliob":-0.628,"bolussnooze":0,"activity":-0.0029,"lastBolusTime":1704408171000,"time":"2024-01-05T01:22:35.008Z"}},{"iob":0.12,"basaliob":-0.073,"bolussnooze":0,"activity":0.002,"lastBolusTime":1704408171000,"time":"2024-01-05T01:27:35.008Z","iobWithZeroTemp":{"iob":-0.426,"basaliob":-0.619,"bolussnooze":0,"activity":-0.003,"lastBolusTime":1704408171000,"time":"2024-01-05T01:27:35.008Z"}},{"iob":0.111,"basaliob":-0.067,"bolussnooze":0,"activity":0.0019,"lastBolusTime":1704408171000,"time":"2024-01-05T01:32:35.008Z","iobWithZeroTemp":{"iob":-0.432,"basaliob":-0.61,"bolussnooze":0,"activity":-0.0032,"lastBolusTime":1704408171000,"time":"2024-01-05T01:32:35.008Z"}},{"iob":0.102,"basaliob":-0.062,"bolussnooze":0,"activity":0.0018,"lastBolusTime":1704408171000,"time":"2024-01-05T01:37:35.008Z","iobWithZeroTemp":{"iob":-0.439,"basaliob":-0.603,"bolussnooze":0,"activity":-0.0033,"lastBolusTime":1704408171000,"time":"2024-01-05T01:37:35.008Z"}},{"iob":0.093,"basaliob":-0.057,"bolussnooze":0,"activity":0.0016,"lastBolusTime":1704408171000,"time":"2024-01-05T01:42:35.008Z","iobWithZeroTemp":{"iob":-0.445,"basaliob":-0.595,"bolussnooze":0,"activity":-0.0035,"lastBolusTime":1704408171000,"time":"2024-01-05T01:42:35.008Z"}},{"iob":0.085,"basaliob":-0.053,"bolussnooze":0,"activity":0.0015,"lastBolusTime":1704408171000,"time":"2024-01-05T01:47:35.008Z","iobWithZeroTemp":{"iob":-0.45,"basaliob":-0.588,"bolussnooze":0,"activity":-0.0036,"lastBolusTime":1704408171000,"time":"2024-01-05T01:47:35.008Z"}},{"iob":0.078,"basaliob":-0.049,"bolussnooze":0,"activity":0.0014,"lastBolusTime":1704408171000,"time":"2024-01-05T01:52:35.008Z","iobWithZeroTemp":{"iob":-0.454,"basaliob":-0.581,"bolussnooze":0,"activity":-0.0037,"lastBolusTime":1704408171000,"time":"2024-01-05T01:52:35.008Z"}},{"iob":0.071,"basaliob":-0.045,"bolussnooze":0,"activity":0.0012,"lastBolusTime":1704408171000,"time":"2024-01-05T01:57:35.008Z","iobWithZeroTemp":{"iob":-0.458,"basaliob":-0.574,"bolussnooze":0,"activity":-0.0039,"lastBolusTime":1704408171000,"time":"2024-01-05T01:57:35.008Z"}},{"iob":0.066,"basaliob":-0.041,"bolussnooze":0,"activity":0.0012,"lastBolusTime":1704408171000,"time":"2024-01-05T02:02:35.008Z","iobWithZeroTemp":{"iob":-0.461,"basaliob":-0.568,"bolussnooze":0,"activity":-0.0038,"lastBolusTime":1704408171000,"time":"2024-01-05T02:02:35.008Z"}},{"iob":0.06,"basaliob":-0.038,"bolussnooze":0,"activity":0.0011,"lastBolusTime":1704408171000,"time":"2024-01-05T02:07:35.008Z","iobWithZeroTemp":{"iob":-0.464,"basaliob":-0.562,"bolussnooze":0,"activity":-0.0039,"lastBolusTime":1704408171000,"time":"2024-01-05T02:07:35.008Z"}},{"iob":0.054,"basaliob":-0.035,"bolussnooze":0,"activity":0.001,"lastBolusTime":1704408171000,"time":"2024-01-05T02:12:35.008Z","iobWithZeroTemp":{"iob":-0.467,"basaliob":-0.556,"bolussnooze":0,"activity":-0.004,"lastBolusTime":1704408171000,"time":"2024-01-05T02:12:35.008Z"}},{"iob":0.05,"basaliob":-0.032,"bolussnooze":0,"activity":9.0E-4,"lastBolusTime":1704408171000,"time":"2024-01-05T02:17:35.008Z","iobWithZeroTemp":{"iob":-0.469,"basaliob":-0.551,"bolussnooze":0,"activity":-0.0041,"lastBolusTime":1704408171000,"time":"2024-01-05T02:17:35.008Z"}},{"iob":0.046,"basaliob":-0.029,"bolussnooze":0,"activity":9.0E-4,"lastBolusTime":1704408171000,"time":"2024-01-05T02:22:35.008Z","iobWithZeroTemp":{"iob":-0.47,"basaliob":-0.545,"bolussnooze":0,"activity":-0.0041,"lastBolusTime":1704408171000,"time":"2024-01-05T02:22:35.008Z"}},{"iob":0.041,"basaliob":-0.027,"bolussnooze":0,"activity":7.0E-4,"lastBolusTime":1704408171000,"time":"2024-01-05T02:27:35.008Z","iobWithZeroTemp":{"iob":-0.473,"basaliob":-0.541,"bolussnooze":0,"activity":-0.0043,"lastBolusTime":1704408171000,"time":"2024-01-05T02:27:35.008Z"}},{"iob":0.038,"basaliob":-0.024,"bolussnooze":0,"activity":7.0E-4,"lastBolusTime":1704408171000,"time":"2024-01-05T02:32:35.008Z","iobWithZeroTemp":{"iob":-0.474,"basaliob":-0.536,"bolussnooze":0,"activity":-0.0042,"lastBolusTime":1704408171000,"time":"2024-01-05T02:32:35.008Z"}},{"iob":0.035,"basaliob":-0.022,"bolussnooze":0,"activity":7.0E-4,"lastBolusTime":1704408171000,"time":"2024-01-05T02:37:35.008Z","iobWithZeroTemp":{"iob":-0.475,"basaliob":-0.532,"bolussnooze":0,"activity":-0.0042,"lastBolusTime":1704408171000,"time":"2024-01-05T02:37:35.008Z"}},{"iob":0.032,"basaliob":-0.02,"bolussnooze":0,"activity":6.0E-4,"lastBolusTime":1704408171000,"time":"2024-01-05T02:42:35.008Z","iobWithZeroTemp":{"iob":-0.476,"basaliob":-0.528,"bolussnooze":0,"activity":-0.0043,"lastBolusTime":1704408171000,"time":"2024-01-05T02:42:35.008Z"}}],"profile":{"max_iob":7,"type":"current","max_daily_basal":0.45,"max_basal":1.35,"min_bg":81.0000000000001,"max_bg":81.0000000000001,"target_bg":81.0000000000001,"carb_ratio":11,"sens":369,"max_daily_safety_multiplier":3,"current_basal_safety_multiplier":4,"lgsThreshold":65,"high_temptarget_raises_sensitivity":false,"low_temptarget_lowers_sensitivity":false,"sensitivity_raises_target":true,"resistance_lowers_target":true,"adv_target_adjustments":false,"exercise_mode":false,"half_basal_exercise_target":160,"maxCOB":120,"skip_neutral_temps":false,"remainingCarbsCap":90,"enableUAM":true,"A52_risk_enable":false,"SMBInterval":4,"enableSMB_with_COB":true,"enableSMB_with_temptarget":false,"allowSMB_with_high_temptarget":true,"enableSMB_always":true,"enableSMB_after_carbs":false,"maxSMBBasalMinutes":60,"maxUAMSMBBasalMinutes":60,"bolus_increment":0.05,"carbsReqThreshold":10,"current_basal":0.45,"temptargetSet":true,"autosens_max":1.2,"autosens_min":0.8,"out_units":"mmol\/L","variable_sens":173.5,"insulinDivisor":65,"TDD":9.486605291666669},"autosens_data":{"ratio":1.1810160257929447},"meal_data":{"carbs":25,"mealCOB":13.907286931032575,"slopeFromMaxDeviation":0,"slopeFromMinDeviation":0.33000000000000024,"lastBolusTime":1704408171000,"lastCarbTime":1704402868000},"microBolusAllowed":true,"currentTime":1704408457155,"flatBGsDetected":false,"tdd1D":28.050416666666692,"tdd7D":23.609261904761915,"tddLast24H":27.882916666666684,"tddLast4H":3.15,"tddLast8to4H":9.183333333333332},"output":{"temp":"absolute","bg":129,"tick":"+1","eventualBG":144,"targetBG":81.0000000000001,"insulinReq":0.32,"deliverAt":"2024-01-04T22:47:37.155Z","sensitivityRatio":1.1810160257929447,"variable_sens":173.5,"predBGs":{"IOB":[129,129,128,126,124,121,117,113,107,101,94,86,77,67,57,47,39],"ZT":[129,118,106,94,82,69,56,41,39,39,39,39,39,39,39,39,39,39,39,39,39,39,39,39,39,39,39,39,39,39,39,39,39,39,39,39,39,39,39,39,39,39,39,39,39,40,49,56],"COB":[129,130,130,131,131,132,132,133,134,135,136,136,137,138,140,141,142,143,144,145,146,147,148,149,150,150,151,151,151,151,151,151,151,150,149,148,147,145,144,143,142,141,140,139,139,138,137],"UAM":[129,130,130,131,131,132,133,134,134,135,137,138,139,140,142,143,144,146,147,149,150,151,152,154,155,155,156,157,157,157,157,157,157,157,156,155,153,152,151,150,149,148,148,147,146,146,145,144]},"reason":"COB: 13.9, Dev: 4.0, BGI: -0.6, ISF: 9.6, CR: 11, Target: 4.5, minPredBG 7.6, minGuardBG 7.2, IOBpredBG 2.2, COBpredBG 7.6, UAMpredBG 8.0; Eventual BG 8.0 >= 4.5,  insulinReq 0.32; setting 60m low temp of 0U\/h. Microbolusing 0.15U. ","COB":13.907286931032575,"IOB":1.186,"units":0.15,"rate":0,"duration":60,"timestamp":"2024-01-04T22:47:37.179Z"}}