{"algorithm":"OpenAPSSMBDynamicISFPlugin","input":{"glucoseStatus":{"glucose":218,"noise":0,"delta":-1,"short_avgdelta":-0.5,"long_avgdelta":1.73,"date":1704455536576},"currenttemp":{"temp":"absolute","duration":45,"rate":0,"minutesrunning":15},"iob_data":[{"iob":2.133,"basaliob":-0.578,"bolussnooze":0.5789,"activity":0.0173,"lastBolusTime":1704455561000,"time":"2024-01-05T11:52:58.805Z","iobWithZeroTemp":{"iob":2.133,"basaliob":-0.578,"bolussnooze":0.5789,"activity":0.0173,"lastBolusTime":1704455561000,"time":"2024-01-05T11:52:58.805Z"}},{"iob":2.046,"basaliob":-0.55,"bolussnooze":0.5231,"activity":0.0176,"lastBolusTime":1704455561000,"time":"2024-01-05T11:57:58.805Z","iobWithZeroTemp":{"iob":2.019,"basaliob":-0.577,"bolussnooze":0.5231,"activity":0.0176,"lastBolusTime":1704455561000,"time":"2024-01-05T11:57:58.805Z"}},{"iob":1.957,"basaliob":-0.522,"bolussnooze":0.4693,"activity":0.0179,"lastBolusTime":1704455561000,"time":"2024-01-05T12:02:58.805Z","iobWithZeroTemp":{"iob":1.897,"basaliob":-0.582,"bolussnooze":0.4693,"activity":0.0178,"lastBolusTime":1704455561000,"time":"2024-01-05T12:02:58.805Z"}},{"iob":1.868,"basaliob":-0.495,"bolussnooze":0.4184,"activity":0.0179,"lastBolusTime":1704455561000,"time":"2024-01-05T12:07:58.805Z","iobWithZeroTemp":{"iob":1.776,"basaliob":-0.587,"bolussnooze":0.4184,"activity":0.0177,"lastBolusTime":1704455561000,"time":"2024-01-05T12:07:58.805Z"}},{"iob":1.778,"basaliob":-0.469,"bolussnooze":0.3709,"activity":0.0177,"lastBolusTime":1704455561000,"time":"2024-01-05T12:12:58.805Z","iobWithZeroTemp":{"iob":1.653,"basaliob":-0.594,"bolussnooze":0.3709,"activity":0.0174,"lastBolusTime":1704455561000,"time":"2024-01-05T12:12:58.805Z"}},{"iob":1.689,"basaliob":-0.443,"bolussnooze":0.3271,"activity":0.0176,"lastBolusTime":1704455561000,"time":"2024-01-05T12:17:58.805Z","iobWithZeroTemp":{"iob":1.533,"basaliob":-0.599,"bolussnooze":0.3271,"activity":0.0171,"lastBolusTime":1704455561000,"time":"2024-01-05T12:17:58.805Z"}},{"iob":1.602,"basaliob":-0.418,"bolussnooze":0.2872,"activity":0.0173,"lastBolusTime":1704455561000,"time":"2024-01-05T12:22:58.805Z","iobWithZeroTemp":{"iob":1.416,"basaliob":-0.604,"bolussnooze":0.2872,"activity":0.0166,"lastBolusTime":1704455561000,"time":"2024-01-05T12:22:58.805Z"}},{"iob":1.518,"basaliob":-0.393,"bolussnooze":0.2512,"activity":0.0168,"lastBolusTime":1704455561000,"time":"2024-01-05T12:27:58.805Z","iobWithZeroTemp":{"iob":1.302,"basaliob":-0.609,"bolussnooze":0.2512,"activity":0.0159,"lastBolusTime":1704455561000,"time":"2024-01-05T12:27:58.805Z"}},{"iob":1.435,"basaliob":-0.37,"bolussnooze":0.2188,"activity":0.0163,"lastBolusTime":1704455561000,"time":"2024-01-05T12:32:58.805Z","iobWithZeroTemp":{"iob":1.191,"basaliob":-0.614,"bolussnooze":0.2188,"activity":0.0152,"lastBolusTime":1704455561000,"time":"2024-01-05T12:32:58.805Z"}},{"iob":1.354,"basaliob":-0.348,"bolussnooze":0.1899,"activity":0.0158,"lastBolusTime":1704455561000,"time":"2024-01-05T12:37:58.805Z","iobWithZeroTemp":{"iob":1.082,"basaliob":-0.62,"bolussnooze":0.1899,"activity":0.0145,"lastBolusTime":1704455561000,"time":"2024-01-05T12:37:58.805Z"}},{"iob":1.277,"basaliob":-0.326,"bolussnooze":0.1642,"activity":0.0153,"lastBolusTime":1704455561000,"time":"2024-01-05T12:42:58.805Z","iobWithZeroTemp":{"iob":0.979,"basaliob":-0.624,"bolussnooze":0.1642,"activity":0.0138,"lastBolusTime":1704455561000,"time":"2024-01-05T12:42:58.805Z"}},{"iob":1.201,"basaliob":-0.306,"bolussnooze":0.1416,"activity":0.0147,"lastBolusTime":1704455561000,"time":"2024-01-05T12:47:58.805Z","iobWithZeroTemp":{"iob":0.878,"basaliob":-0.629,"bolussnooze":0.1416,"activity":0.0129,"lastBolusTime":1704455561000,"time":"2024-01-05T12:47:58.805Z"}},{"iob":1.13,"basaliob":-0.286,"bolussnooze":0.1217,"activity":0.0141,"lastBolusTime":1704455561000,"time":"2024-01-05T12:52:58.805Z","iobWithZeroTemp":{"iob":0.783,"basaliob":-0.633,"bolussnooze":0.1217,"activity":0.0121,"lastBolusTime":1704455561000,"time":"2024-01-05T12:52:58.805Z"}},{"iob":1.06,"basaliob":-0.268,"bolussnooze":0.1043,"activity":0.0135,"lastBolusTime":1704455561000,"time":"2024-01-05T12:57:58.805Z","iobWithZeroTemp":{"iob":0.69,"basaliob":-0.638,"bolussnooze":0.1043,"activity":0.0113,"lastBolusTime":1704455561000,"time":"2024-01-05T12:57:58.805Z"}},{"iob":0.995,"basaliob":-0.25,"bolussnooze":0.0891,"activity":0.0129,"lastBolusTime":1704455561000,"time":"2024-01-05T13:02:58.805Z","iobWithZeroTemp":{"iob":0.604,"basaliob":-0.641,"bolussnooze":0.0891,"activity":0.0105,"lastBolusTime":1704455561000,"time":"2024-01-05T13:02:58.805Z"}},{"iob":0.931,"basaliob":-0.234,"bolussnooze":0.076,"activity":0.0123,"lastBolusTime":1704455561000,"time":"2024-01-05T13:07:58.805Z","iobWithZeroTemp":{"iob":0.519,"basaliob":-0.646,"bolussnooze":0.076,"activity":0.0096,"lastBolusTime":1704455561000,"time":"2024-01-05T13:07:58.805Z"}},{"iob":0.872,"basaliob":-0.218,"bolussnooze":0.0645,"activity":0.0116,"lastBolusTime":1704455561000,"time":"2024-01-05T13:12:58.805Z","iobWithZeroTemp":{"iob":0.441,"basaliob":-0.649,"bolussnooze":0.0645,"activity":0.0087,"lastBolusTime":1704455561000,"time":"2024-01-05T13:12:58.805Z"}},{"iob":0.815,"basaliob":-0.203,"bolussnooze":0.0547,"activity":0.011,"lastBolusTime":1704455561000,"time":"2024-01-05T13:17:58.805Z","iobWithZeroTemp":{"iob":0.365,"basaliob":-0.653,"bolussnooze":0.0547,"activity":0.0079,"lastBolusTime":1704455561000,"time":"2024-01-05T13:17:58.805Z"}},{"iob":0.761,"basaliob":-0.189,"bolussnooze":0.0462,"activity":0.0105,"lastBolusTime":1704455561000,"time":"2024-01-05T13:22:58.805Z","iobWithZeroTemp":{"iob":0.294,"basaliob":-0.656,"bolussnooze":0.0462,"activity":0.0072,"lastBolusTime":1704455561000,"time":"2024-01-05T13:22:58.805Z"}},{"iob":0.71,"basaliob":-0.176,"bolussnooze":0.0389,"activity":0.0099,"lastBolusTime":1704455561000,"time":"2024-01-05T13:27:58.805Z","iobWithZeroTemp":{"iob":0.226,"basaliob":-0.66,"bolussnooze":0.0389,"activity":0.0064,"lastBolusTime":1704455561000,"time":"2024-01-05T13:27:58.805Z"}},{"iob":0.662,"basaliob":-0.164,"bolussnooze":0.0327,"activity":0.0094,"lastBolusTime":1704455561000,"time":"2024-01-05T13:32:58.805Z","iobWithZeroTemp":{"iob":0.163,"basaliob":-0.663,"bolussnooze":0.0327,"activity":0.0057,"lastBolusTime":1704455561000,"time":"2024-01-05T13:32:58.805Z"}},{"iob":0.616,"basaliob":-0.152,"bolussnooze":0.0274,"activity":0.0088,"lastBolusTime":1704455561000,"time":"2024-01-05T13:37:58.805Z","iobWithZeroTemp":{"iob":0.102,"basaliob":-0.666,"bolussnooze":0.0274,"activity":0.0049,"lastBolusTime":1704455561000,"time":"2024-01-05T13:37:58.805Z"}},{"iob":0.574,"basaliob":-0.141,"bolussnooze":0.0229,"activity":0.0083,"lastBolusTime":1704455561000,"time":"2024-01-05T13:42:58.805Z","iobWithZeroTemp":{"iob":0.047,"basaliob":-0.668,"bolussnooze":0.0229,"activity":0.0043,"lastBolusTime":1704455561000,"time":"2024-01-05T13:42:58.805Z"}},{"iob":0.533,"basaliob":-0.131,"bolussnooze":0.0191,"activity":0.0078,"lastBolusTime":1704455561000,"time":"2024-01-05T13:47:58.805Z","iobWithZeroTemp":{"iob":-0.007,"basaliob":-0.671,"bolussnooze":0.0191,"activity":0.0036,"lastBolusTime":1704455561000,"time":"2024-01-05T13:47:58.805Z"}},{"iob":0.496,"basaliob":-0.121,"bolussnooze":0.0158,"activity":0.0073,"lastBolusTime":1704455561000,"time":"2024-01-05T13:52:58.805Z","iobWithZeroTemp":{"iob":-0.056,"basaliob":-0.673,"bolussnooze":0.0158,"activity":0.003,"lastBolusTime":1704455561000,"time":"2024-01-05T13:52:58.805Z"}},{"iob":0.46,"basaliob":-0.112,"bolussnooze":0.0131,"activity":0.0069,"lastBolusTime":1704455561000,"time":"2024-01-05T13:57:58.805Z","iobWithZeroTemp":{"iob":-0.103,"basaliob":-0.675,"bolussnooze":0.0131,"activity":0.0024,"lastBolusTime":1704455561000,"time":"2024-01-05T13:57:58.805Z"}},{"iob":0.427,"basaliob":-0.104,"bolussnooze":0.0108,"activity":0.0065,"lastBolusTime":1704455561000,"time":"2024-01-05T14:02:58.805Z","iobWithZeroTemp":{"iob":-0.147,"basaliob":-0.678,"bolussnooze":0.0108,"activity":0.0019,"lastBolusTime":1704455561000,"time":"2024-01-05T14:02:58.805Z"}},{"iob":0.396,"basaliob":-0.096,"bolussnooze":0.0089,"activity":0.0061,"lastBolusTime":1704455561000,"time":"2024-01-05T14:07:58.805Z","iobWithZeroTemp":{"iob":-0.188,"basaliob":-0.68,"bolussnooze":0.0089,"activity":0.0013,"lastBolusTime":1704455561000,"time":"2024-01-05T14:07:58.805Z"}},{"iob":0.366,"basaliob":-0.089,"bolussnooze":0.0072,"activity":0.0057,"lastBolusTime":1704455561000,"time":"2024-01-05T14:12:58.805Z","iobWithZeroTemp":{"iob":-0.227,"basaliob":-0.682,"bolussnooze":0.0072,"activity":8.0E-4,"lastBolusTime":1704455561000,"time":"2024-01-05T14:12:58.805Z"}},{"iob":0.339,"basaliob":-0.082,"bolussnooze":0.0059,"activity":0.0053,"lastBolusTime":1704455561000,"time":"2024-01-05T14:17:58.805Z","iobWithZeroTemp":{"iob":-0.262,"basaliob":-0.683,"bolussnooze":0.0059,"activity":3.0E-4,"lastBolusTime":1704455561000,"time":"2024-01-05T14:17:58.805Z"}},{"iob":0.314,"basaliob":-0.075,"bolussnooze":0.0048,"activity":0.0049,"lastBolusTime":1704455561000,"time":"2024-01-05T14:22:58.805Z","iobWithZeroTemp":{"iob":-0.295,"basaliob":-0.684,"bolussnooze":0.0048,"activity":-2.0E-4,"lastBolusTime":1704455561000,"time":"2024-01-05T14:22:58.805Z"}},{"iob":0.289,"basaliob":-0.07,"bolussnooze":0.0039,"activity":0.0046,"lastBolusTime":1704455561000,"time":"2024-01-05T14:27:58.805Z","iobWithZeroTemp":{"iob":-0.328,"basaliob":-0.687,"bolussnooze":0.0039,"activity":-6.0E-4,"lastBolusTime":1704455561000,"time":"2024-01-05T14:27:58.805Z"}},{"iob":0.268,"basaliob":-0.064,"bolussnooze":0.0031,"activity":0.0042,"lastBolusTime":1704455561000,"time":"2024-01-05T14:32:58.805Z","iobWithZeroTemp":{"iob":-0.356,"basaliob":-0.688,"bolussnooze":0.0031,"activity":-0.0011,"lastBolusTime":1704455561000,"time":"2024-01-05T14:32:58.805Z"}},{"iob":0.247,"basaliob":-0.059,"bolussnooze":0.0025,"activity":0.004,"lastBolusTime":1704455561000,"time":"2024-01-05T14:37:58.805Z","iobWithZeroTemp":{"iob":-0.383,"basaliob":-0.689,"bolussnooze":0.0025,"activity":-0.0014,"lastBolusTime":1704455561000,"time":"2024-01-05T14:37:58.805Z"}},{"iob":0.228,"basaliob":-0.054,"bolussnooze":0.002,"activity":0.0037,"lastBolusTime":1704455561000,"time":"2024-01-05T14:42:58.805Z","iobWithZeroTemp":{"iob":-0.408,"basaliob":-0.69,"bolussnooze":0.002,"activity":-0.0018,"lastBolusTime":1704455561000,"time":"2024-01-05T14:42:58.805Z"}},{"iob":0.21,"basaliob":-0.05,"bolussnooze":0.0015,"activity":0.0035,"lastBolusTime":1704455561000,"time":"2024-01-05T14:47:58.805Z","iobWithZeroTemp":{"iob":-0.432,"basaliob":-0.692,"bolussnooze":0.0015,"activity":-0.0021,"lastBolusTime":1704455561000,"time":"2024-01-05T14:47:58.805Z"}},{"iob":0.193,"basaliob":-0.046,"bolussnooze":0.0012,"activity":0.0032,"lastBolusTime":1704455561000,"time":"2024-01-05T14:52:58.805Z","iobWithZeroTemp":{"iob":-0.454,"basaliob":-0.693,"bolussnooze":0.0012,"activity":-0.0025,"lastBolusTime":1704455561000,"time":"2024-01-05T14:52:58.805Z"}},{"iob":0.178,"basaliob":-0.042,"bolussnooze":9.0E-4,"activity":0.003,"lastBolusTime":1704455561000,"time":"2024-01-05T14:57:58.805Z","iobWithZeroTemp":{"iob":-0.473,"basaliob":-0.693,"bolussnooze":9.0E-4,"activity":-0.0028,"lastBolusTime":1704455561000,"time":"2024-01-05T14:57:58.805Z"}},{"iob":0.163,"basaliob":-0.039,"bolussnooze":7.0E-4,"activity":0.0027,"lastBolusTime":1704455561000,"time":"2024-01-05T15:02:58.805Z","iobWithZeroTemp":{"iob":-0.493,"basaliob":-0.695,"bolussnooze":7.0E-4,"activity":-0.0031,"lastBolusTime":1704455561000,"time":"2024-01-05T15:02:58.805Z"}},{"iob":0.151,"basaliob":-0.035,"bolussnooze":5.0E-4,"activity":0.0026,"lastBolusTime":1704455561000,"time":"2024-01-05T15:07:58.805Z","iobWithZeroTemp":{"iob":-0.509,"basaliob":-0.695,"bolussnooze":5.0E-4,"activity":-0.0033,"lastBolusTime":1704455561000,"time":"2024-01-05T15:07:58.805Z"}},{"iob":0.138,"basaliob":-0.032,"bolussnooze":4.0E-4,"activity":0.0023,"lastBolusTime":1704455561000,"time":"2024-01-05T15:12:58.805Z","iobWithZeroTemp":{"iob":-0.526,"basaliob":-0.696,"bolussnooze":4.0E-4,"activity":-0.0036,"lastBolusTime":1704455561000,"time":"2024-01-05T15:12:58.805Z"}},{"iob":0.126,"basaliob":-0.03,"bolussnooze":3.0E-4,"activity":0.0022,"lastBolusTime":1704455561000,"time":"2024-01-05T15:17:58.805Z","iobWithZeroTemp":{"iob":-0.541,"basaliob":-0.697,"bolussnooze":3.0E-4,"activity":-0.0038,"lastBolusTime":1704455561000,"time":"2024-01-05T15:17:58.805Z"}},{"iob":0.116,"basaliob":-0.027,"bolussnooze":2.0E-4,"activity":0.002,"lastBolusTime":1704455561000,"time":"2024-01-05T15:22:58.805Z","iobWithZeroTemp":{"iob":-0.554,"basaliob":-0.697,"bolussnooze":2.0E-4,"activity":-0.0041,"lastBolusTime":1704455561000,"time":"2024-01-05T15:22:58.805Z"}},{"iob":0.106,"basaliob":-0.025,"bolussnooze":1.0E-4,"activity":0.0019,"lastBolusTime":1704455561000,"time":"2024-01-05T15:27:58.805Z","iobWithZeroTemp":{"iob":-0.567,"basaliob":-0.698,"bolussnooze":1.0E-4,"activity":-0.0042,"lastBolusTime":1704455561000,"time":"2024-01-05T15:27:58.805Z"}},{"iob":0.097,"basaliob":-0.023,"bolussnooze":1.0E-4,"activity":0.0017,"lastBolusTime":1704455561000,"time":"2024-01-05T15:32:58.805Z","iobWithZeroTemp":{"iob":-0.579,"basaliob":-0.699,"bolussnooze":1.0E-4,"activity":-0.0044,"lastBolusTime":1704455561000,"time":"2024-01-05T15:32:58.805Z"}},{"iob":0.089,"basaliob":-0.021,"bolussnooze":0,"activity":0.0016,"lastBolusTime":1704455561000,"time":"2024-01-05T15:37:58.805Z","iobWithZeroTemp":{"iob":-0.589,"basaliob":-0.699,"bolussnooze":0,"activity":-0.0046,"lastBolusTime":1704455561000,"time":"2024-01-05T15:37:58.805Z"}},{"iob":0.081,"basaliob":-0.019,"bolussnooze":0,"activity":0.0015,"lastBolusTime":1704455561000,"time":"2024-01-05T15:42:58.805Z","iobWithZeroTemp":{"iob":-0.6,"basaliob":-0.7,"bolussnooze":0,"activity":-0.0047,"lastBolusTime":1704455561000,"time":"2024-01-05T15:42:58.805Z"}},{"iob":0.075,"basaliob":-0.017,"bolussnooze":0,"activity":0.0014,"lastBolusTime":1704455561000,"time":"2024-01-05T15:47:58.805Z","iobWithZeroTemp":{"iob":-0.608,"basaliob":-0.7,"bolussnooze":0,"activity":-0.0049,"lastBolusTime":1704455561000,"time":"2024-01-05T15:47:58.805Z"}}],"profile":{"max_iob":7,"type":"current","max_daily_basal":0.45,"max_basal":1.35,"min_bg":81.0000000000001,"max_bg":81.0000000000001,"target_bg":81.0000000000001,"carb_ratio":11,"sens":352.8,"max_daily_safety_multiplier":3,"current_basal_safety_multiplier":4,"lgsThreshold":65,"high_temptarget_raises_sensitivity":false,"low_temptarget_lowers_sensitivity":false,"sensitivity_raises_target":true,"resistance_lowers_target":true,"adv_target_adjustments":false,"exercise_mode":false,"half_basal_exercise_target":160,"maxCOB":120,"skip_neutral_temps":false,"remainingCarbsCap":90,"enableUAM":true,"A52_risk_enable":false,"SMBInterval":4,"enableSMB_with_COB":true,"enableSMB_with_temptarget":false,"allowSMB_with_high_temptarget":true,"enableSMB_always":true,"enableSMB_after_carbs":false,"maxSMBBasalMinutes":60,"maxUAMSMBBasalMinutes":60,"bolus_increment":0.05,"carbsReqThreshold":10,"current_basal":0.4,"temptargetSet":true,"autosens_max":1.2,"autosens_min":0.8,"out_units":"mmol\/L","variable_sens":124.1,"insulinDivisor":65,"TDD":9.863597291666672},"autosens_data":{"ratio":1.2437174071112118},"meal_data":{"carbs":45,"mealCOB":19.44785487528345,"slopeFromMaxDeviation":-0.32427272727272727,"slopeFromMinDeviation":0.17124999999999968,"lastBolusTime":1704455561000,"lastCarbTime":1704453676000},"microBolusAllowed":true,"currentTime":1704455580421,"flatBGsDetected":false,"tdd1D":28.050416666666692,"tdd7D":23.609261904761915,"tddLast24H":29.36325,"tddLast4H":5.890000000000001,"tddLast8to4H":4.603333333333333},"output":{"temp":"absolute","bg":218,"tick":-1,"eventualBG":172,"targetBG":81.0000000000001,"insulinReq":0.08,"deliverAt":"2024-01-05T11:53:00.421Z","sensitivityRatio":1.2437174071112118,"variable_sens":124.1,"predBGs":{"IOB":[218,216,213,209,204,199,192,185,177,168,158,147,136,125,113,102,90,77,65,51,39],"ZT":[218,207,196,184,172,160,148,135,122,109,95,81,67,51,39,39,39,39,39,39,39,39,39,39,39,39,39,39,39,39,39,39,39,39,39,39,39,39,39,39,39,39,39,39,39,39,39,39],"COB":[218,217,215,213,211,209,207,205,203,201,199,198,196,195,194,193,193,193,193,193,193,193,193,193,193,193,193,193,193,193,192,192,191,190,189,188,187,185,184,182,180,179,178,176,175,174,173,172],"UAM":[218,217,215,212,209,206,203,199,195,192,188,183,179,175,171,167,162,158,154,150,145,141,137,133,128,124,119,115,110,105,100,95,91,86,82,78,74,70,66,63,59,56,53,49,46,44,41,39]},"reason":"COB: 19.4, Dev: 3.2, BGI: -0.6, ISF: 6.9, CR: 11, Target: 4.5, minPredBG 5.2, minGuardBG 5.2, IOBpredBG 2.2, COBpredBG 9.6, UAMpredBG 2.2; Eventual BG 9.6 >= 4.5,  insulinReq 0.08. Waiting 4m 42s to microbolus again. temp 0.00 < 0.66U\/hr. ","COB":19.44785487528345,"IOB":2.133,"duration":30,"rate":0.6574869628444847,"timestamp":"2024-01-05T11:53:00.461Z"}}