{"algorithm":"OpenAPSSMBDynamicISFPlugin","input":{"glucoseStatus":{"glucose":71,"noise":0,"delta":-4,"short_avgdelta":-5.11,"long_avgdelta":-10.07,"date":1704311827593},"currenttemp":{"temp":"absolute","duration":7,"rate":0,"minutesrunning":53},"iob_data":[{"iob":0.972,"basaliob":-0.668,"bolussnooze":0.3875,"activity":0.0143,"lastBolusTime":1704309039000,"time":"2024-01-03T20:01:01.105Z","iobWithZeroTemp":{"iob":0.972,"basaliob":-0.668,"bolussnooze":0.3875,"activity":0.0143,"lastBolusTime":1704309039000,"time":"2024-01-03T20:01:01.105Z"}},{"iob":0.903,"basaliob":-0.636,"bolussnooze":0.3376,"activity":0.0135,"lastBolusTime":1704309039000,"time":"2024-01-03T20:06:01.105Z","iobWithZeroTemp":{"iob":0.876,"basaliob":-0.663,"bolussnooze":0.3376,"activity":0.0135,"lastBolusTime":1704309039000,"time":"2024-01-03T20:06:01.105Z"}},{"iob":0.838,"basaliob":-0.605,"bolussnooze":0.2931,"activity":0.0126,"lastBolusTime":1704309039000,"time":"2024-01-03T20:11:01.105Z","iobWithZeroTemp":{"iob":0.778,"basaliob":-0.665,"bolussnooze":0.2931,"activity":0.0125,"lastBolusTime":1704309039000,"time":"2024-01-03T20:11:01.105Z"}},{"iob":0.778,"basaliob":-0.574,"bolussnooze":0.2535,"activity":0.0118,"lastBolusTime":1704309039000,"time":"2024-01-03T20:16:01.105Z","iobWithZeroTemp":{"iob":0.686,"basaliob":-0.666,"bolussnooze":0.2535,"activity":0.0116,"lastBolusTime":1704309039000,"time":"2024-01-03T20:16:01.105Z"}},{"iob":0.72,"basaliob":-0.544,"bolussnooze":0.2186,"activity":0.011,"lastBolusTime":1704309039000,"time":"2024-01-03T20:21:01.105Z","iobWithZeroTemp":{"iob":0.595,"basaliob":-0.669,"bolussnooze":0.2186,"activity":0.0107,"lastBolusTime":1704309039000,"time":"2024-01-03T20:21:01.105Z"}},{"iob":0.667,"basaliob":-0.515,"bolussnooze":0.188,"activity":0.0103,"lastBolusTime":1704309039000,"time":"2024-01-03T20:26:01.105Z","iobWithZeroTemp":{"iob":0.511,"basaliob":-0.671,"bolussnooze":0.188,"activity":0.0098,"lastBolusTime":1704309039000,"time":"2024-01-03T20:26:01.105Z"}},{"iob":0.617,"basaliob":-0.486,"bolussnooze":0.1611,"activity":0.0096,"lastBolusTime":1704309039000,"time":"2024-01-03T20:31:01.105Z","iobWithZeroTemp":{"iob":0.431,"basaliob":-0.672,"bolussnooze":0.1611,"activity":0.0089,"lastBolusTime":1704309039000,"time":"2024-01-03T20:31:01.105Z"}},{"iob":0.57,"basaliob":-0.459,"bolussnooze":0.1377,"activity":0.009,"lastBolusTime":1704309039000,"time":"2024-01-03T20:36:01.105Z","iobWithZeroTemp":{"iob":0.354,"basaliob":-0.675,"bolussnooze":0.1377,"activity":0.0081,"lastBolusTime":1704309039000,"time":"2024-01-03T20:36:01.105Z"}},{"iob":0.527,"basaliob":-0.432,"bolussnooze":0.1174,"activity":0.0084,"lastBolusTime":1704309039000,"time":"2024-01-03T20:41:01.105Z","iobWithZeroTemp":{"iob":0.283,"basaliob":-0.676,"bolussnooze":0.1174,"activity":0.0073,"lastBolusTime":1704309039000,"time":"2024-01-03T20:41:01.105Z"}},{"iob":0.487,"basaliob":-0.406,"bolussnooze":0.0997,"activity":0.0078,"lastBolusTime":1704309039000,"time":"2024-01-03T20:46:01.105Z","iobWithZeroTemp":{"iob":0.215,"basaliob":-0.678,"bolussnooze":0.0997,"activity":0.0065,"lastBolusTime":1704309039000,"time":"2024-01-03T20:46:01.105Z"}},{"iob":0.449,"basaliob":-0.382,"bolussnooze":0.0845,"activity":0.0073,"lastBolusTime":1704309039000,"time":"2024-01-03T20:51:01.105Z","iobWithZeroTemp":{"iob":0.151,"basaliob":-0.68,"bolussnooze":0.0845,"activity":0.0058,"lastBolusTime":1704309039000,"time":"2024-01-03T20:51:01.105Z"}},{"iob":0.414,"basaliob":-0.358,"bolussnooze":0.0714,"activity":0.0067,"lastBolusTime":1704309039000,"time":"2024-01-03T20:56:01.105Z","iobWithZeroTemp":{"iob":0.091,"basaliob":-0.681,"bolussnooze":0.0714,"activity":0.0049,"lastBolusTime":1704309039000,"time":"2024-01-03T20:56:01.105Z"}},{"iob":0.381,"basaliob":-0.336,"bolussnooze":0.0602,"activity":0.0063,"lastBolusTime":1704309039000,"time":"2024-01-03T21:01:01.105Z","iobWithZeroTemp":{"iob":0.034,"basaliob":-0.683,"bolussnooze":0.0602,"activity":0.0043,"lastBolusTime":1704309039000,"time":"2024-01-03T21:01:01.105Z"}},{"iob":0.352,"basaliob":-0.314,"bolussnooze":0.0506,"activity":0.0058,"lastBolusTime":1704309039000,"time":"2024-01-03T21:06:01.105Z","iobWithZeroTemp":{"iob":-0.018,"basaliob":-0.684,"bolussnooze":0.0506,"activity":0.0036,"lastBolusTime":1704309039000,"time":"2024-01-03T21:06:01.105Z"}},{"iob":0.323,"basaliob":-0.294,"bolussnooze":0.0424,"activity":0.0054,"lastBolusTime":1704309039000,"time":"2024-01-03T21:11:01.105Z","iobWithZeroTemp":{"iob":-0.068,"basaliob":-0.685,"bolussnooze":0.0424,"activity":0.003,"lastBolusTime":1704309039000,"time":"2024-01-03T21:11:01.105Z"}},{"iob":0.297,"basaliob":-0.275,"bolussnooze":0.0354,"activity":0.005,"lastBolusTime":1704309039000,"time":"2024-01-03T21:16:01.105Z","iobWithZeroTemp":{"iob":-0.115,"basaliob":-0.687,"bolussnooze":0.0354,"activity":0.0023,"lastBolusTime":1704309039000,"time":"2024-01-03T21:16:01.105Z"}},{"iob":0.274,"basaliob":-0.256,"bolussnooze":0.0295,"activity":0.0046,"lastBolusTime":1704309039000,"time":"2024-01-03T21:21:01.105Z","iobWithZeroTemp":{"iob":-0.157,"basaliob":-0.687,"bolussnooze":0.0295,"activity":0.0017,"lastBolusTime":1704309039000,"time":"2024-01-03T21:21:01.105Z"}},{"iob":0.251,"basaliob":-0.239,"bolussnooze":0.0245,"activity":0.0043,"lastBolusTime":1704309039000,"time":"2024-01-03T21:26:01.105Z","iobWithZeroTemp":{"iob":-0.199,"basaliob":-0.689,"bolussnooze":0.0245,"activity":0.0012,"lastBolusTime":1704309039000,"time":"2024-01-03T21:26:01.105Z"}},{"iob":0.23,"basaliob":-0.223,"bolussnooze":0.0202,"activity":0.0039,"lastBolusTime":1704309039000,"time":"2024-01-03T21:31:01.105Z","iobWithZeroTemp":{"iob":-0.237,"basaliob":-0.69,"bolussnooze":0.0202,"activity":6.0E-4,"lastBolusTime":1704309039000,"time":"2024-01-03T21:31:01.105Z"}},{"iob":0.212,"basaliob":-0.207,"bolussnooze":0.0167,"activity":0.0037,"lastBolusTime":1704309039000,"time":"2024-01-03T21:36:01.105Z","iobWithZeroTemp":{"iob":-0.272,"basaliob":-0.691,"bolussnooze":0.0167,"activity":2.0E-4,"lastBolusTime":1704309039000,"time":"2024-01-03T21:36:01.105Z"}},{"iob":0.193,"basaliob":-0.193,"bolussnooze":0.0137,"activity":0.0034,"lastBolusTime":1704309039000,"time":"2024-01-03T21:41:01.105Z","iobWithZeroTemp":{"iob":-0.306,"basaliob":-0.692,"bolussnooze":0.0137,"activity":-3.0E-4,"lastBolusTime":1704309039000,"time":"2024-01-03T21:41:01.105Z"}},{"iob":0.177,"basaliob":-0.179,"bolussnooze":0.0112,"activity":0.0032,"lastBolusTime":1704309039000,"time":"2024-01-03T21:46:01.105Z","iobWithZeroTemp":{"iob":-0.337,"basaliob":-0.693,"bolussnooze":0.0112,"activity":-7.0E-4,"lastBolusTime":1704309039000,"time":"2024-01-03T21:46:01.105Z"}},{"iob":0.163,"basaliob":-0.166,"bolussnooze":0.0091,"activity":0.0029,"lastBolusTime":1704309039000,"time":"2024-01-03T21:51:01.105Z","iobWithZeroTemp":{"iob":-0.364,"basaliob":-0.693,"bolussnooze":0.0091,"activity":-0.0011,"lastBolusTime":1704309039000,"time":"2024-01-03T21:51:01.105Z"}},{"iob":0.149,"basaliob":-0.154,"bolussnooze":0.0073,"activity":0.0027,"lastBolusTime":1704309039000,"time":"2024-01-03T21:56:01.105Z","iobWithZeroTemp":{"iob":-0.391,"basaliob":-0.694,"bolussnooze":0.0073,"activity":-0.0015,"lastBolusTime":1704309039000,"time":"2024-01-03T21:56:01.105Z"}},{"iob":0.136,"basaliob":-0.143,"bolussnooze":0.0059,"activity":0.0024,"lastBolusTime":1704309039000,"time":"2024-01-03T22:01:01.105Z","iobWithZeroTemp":{"iob":-0.416,"basaliob":-0.695,"bolussnooze":0.0059,"activity":-0.0019,"lastBolusTime":1704309039000,"time":"2024-01-03T22:01:01.105Z"}},{"iob":0.123,"basaliob":-0.133,"bolussnooze":0.0047,"activity":0.0023,"lastBolusTime":1704309039000,"time":"2024-01-03T22:06:01.105Z","iobWithZeroTemp":{"iob":-0.444,"basaliob":-0.7,"bolussnooze":0.0047,"activity":-0.0022,"lastBolusTime":1704309039000,"time":"2024-01-03T22:06:01.105Z"}},{"iob":0.113,"basaliob":-0.123,"bolussnooze":0.0037,"activity":0.0021,"lastBolusTime":1704309039000,"time":"2024-01-03T22:11:01.105Z","iobWithZeroTemp":{"iob":-0.469,"basaliob":-0.705,"bolussnooze":0.0037,"activity":-0.0026,"lastBolusTime":1704309039000,"time":"2024-01-03T22:11:01.105Z"}},{"iob":0.102,"basaliob":-0.114,"bolussnooze":0.0029,"activity":0.0019,"lastBolusTime":1704309039000,"time":"2024-01-03T22:16:01.105Z","iobWithZeroTemp":{"iob":-0.494,"basaliob":-0.71,"bolussnooze":0.0029,"activity":-0.0029,"lastBolusTime":1704309039000,"time":"2024-01-03T22:16:01.105Z"}},{"iob":0.094,"basaliob":-0.105,"bolussnooze":0.0023,"activity":0.0017,"lastBolusTime":1704309039000,"time":"2024-01-03T22:21:01.105Z","iobWithZeroTemp":{"iob":-0.515,"basaliob":-0.714,"bolussnooze":0.0023,"activity":-0.0032,"lastBolusTime":1704309039000,"time":"2024-01-03T22:21:01.105Z"}},{"iob":0.085,"basaliob":-0.097,"bolussnooze":0.0018,"activity":0.0017,"lastBolusTime":1704309039000,"time":"2024-01-03T22:26:01.105Z","iobWithZeroTemp":{"iob":-0.536,"basaliob":-0.718,"bolussnooze":0.0018,"activity":-0.0034,"lastBolusTime":1704309039000,"time":"2024-01-03T22:26:01.105Z"}},{"iob":0.078,"basaliob":-0.089,"bolussnooze":0.0014,"activity":0.0015,"lastBolusTime":1704309039000,"time":"2024-01-03T22:31:01.105Z","iobWithZeroTemp":{"iob":-0.555,"basaliob":-0.722,"bolussnooze":0.0014,"activity":-0.0037,"lastBolusTime":1704309039000,"time":"2024-01-03T22:31:01.105Z"}},{"iob":0.07,"basaliob":-0.083,"bolussnooze":0.001,"activity":0.0014,"lastBolusTime":1704309039000,"time":"2024-01-03T22:36:01.105Z","iobWithZeroTemp":{"iob":-0.574,"basaliob":-0.727,"bolussnooze":0.001,"activity":-0.004,"lastBolusTime":1704309039000,"time":"2024-01-03T22:36:01.105Z"}},{"iob":0.064,"basaliob":-0.076,"bolussnooze":8.0E-4,"activity":0.0013,"lastBolusTime":1704309039000,"time":"2024-01-03T22:41:01.105Z","iobWithZeroTemp":{"iob":-0.591,"basaliob":-0.731,"bolussnooze":8.0E-4,"activity":-0.0042,"lastBolusTime":1704309039000,"time":"2024-01-03T22:41:01.105Z"}},{"iob":0.058,"basaliob":-0.07,"bolussnooze":6.0E-4,"activity":0.0011,"lastBolusTime":1704309039000,"time":"2024-01-03T22:46:01.105Z","iobWithZeroTemp":{"iob":-0.606,"basaliob":-0.734,"bolussnooze":6.0E-4,"activity":-0.0045,"lastBolusTime":1704309039000,"time":"2024-01-03T22:46:01.105Z"}},{"iob":0.052,"basaliob":-0.065,"bolussnooze":4.0E-4,"activity":0.001,"lastBolusTime":1704309039000,"time":"2024-01-03T22:51:01.105Z","iobWithZeroTemp":{"iob":-0.622,"basaliob":-0.739,"bolussnooze":4.0E-4,"activity":-0.0047,"lastBolusTime":1704309039000,"time":"2024-01-03T22:51:01.105Z"}},{"iob":0.048,"basaliob":-0.059,"bolussnooze":3.0E-4,"activity":0.001,"lastBolusTime":1704309039000,"time":"2024-01-03T22:56:01.105Z","iobWithZeroTemp":{"iob":-0.634,"basaliob":-0.741,"bolussnooze":3.0E-4,"activity":-0.0048,"lastBolusTime":1704309039000,"time":"2024-01-03T22:56:01.105Z"}},{"iob":0.042,"basaliob":-0.055,"bolussnooze":2.0E-4,"activity":9.0E-4,"lastBolusTime":1704309039000,"time":"2024-01-03T23:01:01.105Z","iobWithZeroTemp":{"iob":-0.648,"basaliob":-0.745,"bolussnooze":2.0E-4,"activity":-0.005,"lastBolusTime":1704309039000,"time":"2024-01-03T23:01:01.105Z"}},{"iob":0.039,"basaliob":-0.05,"bolussnooze":1.0E-4,"activity":8.0E-4,"lastBolusTime":1704309039000,"time":"2024-01-03T23:06:01.105Z","iobWithZeroTemp":{"iob":-0.659,"basaliob":-0.748,"bolussnooze":1.0E-4,"activity":-0.0052,"lastBolusTime":1704309039000,"time":"2024-01-03T23:06:01.105Z"}},{"iob":0.035,"basaliob":-0.046,"bolussnooze":1.0E-4,"activity":7.0E-4,"lastBolusTime":1704309039000,"time":"2024-01-03T23:11:01.105Z","iobWithZeroTemp":{"iob":-0.67,"basaliob":-0.751,"bolussnooze":1.0E-4,"activity":-0.0054,"lastBolusTime":1704309039000,"time":"2024-01-03T23:11:01.105Z"}},{"iob":0.032,"basaliob":-0.042,"bolussnooze":1.0E-4,"activity":7.0E-4,"lastBolusTime":1704309039000,"time":"2024-01-03T23:16:01.105Z","iobWithZeroTemp":{"iob":-0.68,"basaliob":-0.754,"bolussnooze":1.0E-4,"activity":-0.0055,"lastBolusTime":1704309039000,"time":"2024-01-03T23:16:01.105Z"}},{"iob":0.028,"basaliob":-0.039,"bolussnooze":0,"activity":6.0E-4,"lastBolusTime":1704309039000,"time":"2024-01-03T23:21:01.105Z","iobWithZeroTemp":{"iob":-0.69,"basaliob":-0.757,"bolussnooze":0,"activity":-0.0057,"lastBolusTime":1704309039000,"time":"2024-01-03T23:21:01.105Z"}},{"iob":0.026,"basaliob":-0.035,"bolussnooze":0,"activity":6.0E-4,"lastBolusTime":1704309039000,"time":"2024-01-03T23:26:01.105Z","iobWithZeroTemp":{"iob":-0.698,"basaliob":-0.759,"bolussnooze":0,"activity":-0.0058,"lastBolusTime":1704309039000,"time":"2024-01-03T23:26:01.105Z"}},{"iob":0.023,"basaliob":-0.032,"bolussnooze":0,"activity":5.0E-4,"lastBolusTime":1704309039000,"time":"2024-01-03T23:31:01.105Z","iobWithZeroTemp":{"iob":-0.706,"basaliob":-0.761,"bolussnooze":0,"activity":-0.006,"lastBolusTime":1704309039000,"time":"2024-01-03T23:31:01.105Z"}},{"iob":0.02,"basaliob":-0.03,"bolussnooze":0,"activity":5.0E-4,"lastBolusTime":1704309039000,"time":"2024-01-03T23:36:01.105Z","iobWithZeroTemp":{"iob":-0.714,"basaliob":-0.764,"bolussnooze":0,"activity":-0.006,"lastBolusTime":1704309039000,"time":"2024-01-03T23:36:01.105Z"}},{"iob":0.018,"basaliob":-0.027,"bolussnooze":0,"activity":4.0E-4,"lastBolusTime":1704309039000,"time":"2024-01-03T23:41:01.105Z","iobWithZeroTemp":{"iob":-0.721,"basaliob":-0.766,"bolussnooze":0,"activity":-0.0062,"lastBolusTime":1704309039000,"time":"2024-01-03T23:41:01.105Z"}},{"iob":0.016,"basaliob":-0.025,"bolussnooze":0,"activity":3.0E-4,"lastBolusTime":1704309039000,"time":"2024-01-03T23:46:01.105Z","iobWithZeroTemp":{"iob":-0.727,"basaliob":-0.768,"bolussnooze":0,"activity":-0.0064,"lastBolusTime":1704309039000,"time":"2024-01-03T23:46:01.105Z"}},{"iob":0.014,"basaliob":-0.023,"bolussnooze":0,"activity":4.0E-4,"lastBolusTime":1704309039000,"time":"2024-01-03T23:51:01.105Z","iobWithZeroTemp":{"iob":-0.733,"basaliob":-0.77,"bolussnooze":0,"activity":-0.0063,"lastBolusTime":1704309039000,"time":"2024-01-03T23:51:01.105Z"}},{"iob":0.012,"basaliob":-0.021,"bolussnooze":0,"activity":3.0E-4,"lastBolusTime":1704309039000,"time":"2024-01-03T23:56:01.105Z","iobWithZeroTemp":{"iob":-0.739,"basaliob":-0.772,"bolussnooze":0,"activity":-0.0065,"lastBolusTime":1704309039000,"time":"2024-01-03T23:56:01.105Z"}}],"profile":{"max_iob":7,"type":"current","max_daily_basal":0.45,"max_basal":1.35,"min_bg":81.0000000000001,"max_bg":81.0000000000001,"target_bg":81.0000000000001,"carb_ratio":11,"sens":352.8,"max_daily_safety_multiplier":3,"current_basal_safety_multiplier":4,"lgsThreshold":65,"high_temptarget_raises_sensitivity":false,"low_temptarget_lowers_sensitivity":false,"sensitivity_raises_target":true,"resistance_lowers_target":true,"adv_target_adjustments":false,"exercise_mode":false,"half_basal_exercise_target":160,"maxCOB":120,"skip_neutral_temps":false,"remainingCarbsCap":90,"enableUAM":true,"A52_risk_enable":false,"SMBInterval":4,"enableSMB_with_COB":true,"enableSMB_with_temptarget":false,"allowSMB_with_high_temptarget":true,"enableSMB_always":true,"enableSMB_after_carbs":false,"maxSMBBasalMinutes":60,"maxUAMSMBBasalMinutes":60,"bolus_increment":0.05,"carbsReqThreshold":10,"current_basal":0.4,"temptargetSet":true,"autosens_max":1.2,"autosens_min":0.8,"out_units":"mmol\/L","variable_sens":283.2,"insulinDivisor":65,"TDD":8.609162458333335},"autosens_data":{"ratio":0.9055836009580787},"meal_data":{"carbs":50,"mealCOB":18.881108843537415,"slopeFromMaxDeviation":-3.364875,"slopeFromMinDeviation":1.5004999999999997,"lastBolusTime":1704309039000,"lastCarbTime":1704309041087},"microBolusAllowed":true,"currentTime":1704312062577,"flatBGsDetected":false,"tdd1D":19.209083333333343,"tdd7D":22.16738095238096,"tddLast24H":20.07441666666667,"tddLast4H":5.89,"tddLast8to4H":4.306666666666666},"output":{"temp":"absolute","bg":71,"tick":-4,"eventualBG":257,"targetBG":81.0000000000001,"insulinReq":0,"deliverAt":"2024-01-03T20:01:02.577Z","sensitivityRatio":0.9055836009580787,"variable_sens":283.2,"predBGs":{"IOB":[71,65,57,47,39,39,39,39,39,39,39,39,39],"ZT":[71,51,39,39,39,39,39,39,39,39,39,39,39,39,39,39,39,39,39,39,39,39,39,39,39,39,39,39,39,39,39,39,39,39,39,39,39,39,39,39,39,39,39,39,39,39,39,40],"COB":[71,66,61,58,56,54,54,54,55,56,59,61,65,69,73,78,83,88,94,100,106,113,119,126,133,140,147,154,162,169,176,182,189,195,201,207,213,218,223,228,233,237,241,245,248,251,254,257],"UAM":[71,62,50,39,39,39,39,39,39,39,39,39,39]},"reason":"COB: 18.9, Dev: 5.1, BGI: -1.1, ISF: 15.7, CR: 11, Target: 4.5, minPredBG -5.7, minGuardBG -9.9, IOBpredBG 2.2, COBpredBG 14.3, UAMpredBG 2.2; minGuardBG -9.9<3.6","COB":18.881108843537415,"IOB":0.972,"duration":120,"rate":0,"timestamp":"2024-01-03T20:01:02.599Z"}}