{"algorithm":"OpenAPSSMBDynamicISFPlugin","input":{"glucoseStatus":{"glucose":66,"noise":0,"delta":3,"short_avgdelta":2.33,"long_avgdelta":0.39,"date":1704156425765},"currenttemp":{"temp":"absolute","duration":41,"rate":0,"minutesrunning":19},"iob_data":[{"iob":-0.397,"basaliob":-0.578,"bolussnooze":0,"activity":-0.0024,"lastBolusTime":1704149566000,"time":"2024-01-02T00:47:26.618Z","iobWithZeroTemp":{"iob":-0.397,"basaliob":-0.578,"bolussnooze":0,"activity":-0.0024,"lastBolusTime":1704149566000,"time":"2024-01-02T00:47:26.618Z"}},{"iob":-0.384,"basaliob":-0.552,"bolussnooze":0,"activity":-0.0027,"lastBolusTime":1704149566000,"time":"2024-01-02T00:52:26.618Z","iobWithZeroTemp":{"iob":-0.407,"basaliob":-0.575,"bolussnooze":0,"activity":-0.0027,"lastBolusTime":1704149566000,"time":"2024-01-02T00:52:26.618Z"}},{"iob":-0.371,"basaliob":-0.527,"bolussnooze":0,"activity":-0.0028,"lastBolusTime":1704149566000,"time":"2024-01-02T00:57:26.618Z","iobWithZeroTemp":{"iob":-0.423,"basaliob":-0.579,"bolussnooze":0,"activity":-0.0029,"lastBolusTime":1704149566000,"time":"2024-01-02T00:57:26.618Z"}},{"iob":-0.356,"basaliob":-0.501,"bolussnooze":0,"activity":-0.0029,"lastBolusTime":1704149566000,"time":"2024-01-02T01:02:26.618Z","iobWithZeroTemp":{"iob":-0.431,"basaliob":-0.576,"bolussnooze":0,"activity":-0.0031,"lastBolusTime":1704149566000,"time":"2024-01-02T01:02:26.618Z"}},{"iob":-0.342,"basaliob":-0.476,"bolussnooze":0,"activity":-0.0029,"lastBolusTime":1704149566000,"time":"2024-01-02T01:07:26.618Z","iobWithZeroTemp":{"iob":-0.438,"basaliob":-0.572,"bolussnooze":0,"activity":-0.0032,"lastBolusTime":1704149566000,"time":"2024-01-02T01:07:26.618Z"}},{"iob":-0.327,"basaliob":-0.451,"bolussnooze":0,"activity":-0.003,"lastBolusTime":1704149566000,"time":"2024-01-02T01:12:26.618Z","iobWithZeroTemp":{"iob":-0.444,"basaliob":-0.568,"bolussnooze":0,"activity":-0.0034,"lastBolusTime":1704149566000,"time":"2024-01-02T01:12:26.618Z"}},{"iob":-0.311,"basaliob":-0.426,"bolussnooze":0,"activity":-0.003,"lastBolusTime":1704149566000,"time":"2024-01-02T01:17:26.618Z","iobWithZeroTemp":{"iob":-0.449,"basaliob":-0.564,"bolussnooze":0,"activity":-0.0035,"lastBolusTime":1704149566000,"time":"2024-01-02T01:17:26.618Z"}},{"iob":-0.297,"basaliob":-0.403,"bolussnooze":0,"activity":-0.003,"lastBolusTime":1704149566000,"time":"2024-01-02T01:22:26.618Z","iobWithZeroTemp":{"iob":-0.454,"basaliob":-0.56,"bolussnooze":0,"activity":-0.0037,"lastBolusTime":1704149566000,"time":"2024-01-02T01:22:26.618Z"}},{"iob":-0.282,"basaliob":-0.38,"bolussnooze":0,"activity":-0.0029,"lastBolusTime":1704149566000,"time":"2024-01-02T01:27:26.618Z","iobWithZeroTemp":{"iob":-0.458,"basaliob":-0.556,"bolussnooze":0,"activity":-0.0037,"lastBolusTime":1704149566000,"time":"2024-01-02T01:27:26.618Z"}},{"iob":-0.268,"basaliob":-0.358,"bolussnooze":0,"activity":-0.0028,"lastBolusTime":1704149566000,"time":"2024-01-02T01:32:26.618Z","iobWithZeroTemp":{"iob":-0.462,"basaliob":-0.552,"bolussnooze":0,"activity":-0.0038,"lastBolusTime":1704149566000,"time":"2024-01-02T01:32:26.618Z"}},{"iob":-0.254,"basaliob":-0.337,"bolussnooze":0,"activity":-0.0028,"lastBolusTime":1704149566000,"time":"2024-01-02T01:37:26.618Z","iobWithZeroTemp":{"iob":-0.466,"basaliob":-0.549,"bolussnooze":0,"activity":-0.0039,"lastBolusTime":1704149566000,"time":"2024-01-02T01:37:26.618Z"}},{"iob":-0.239,"basaliob":-0.316,"bolussnooze":0,"activity":-0.0027,"lastBolusTime":1704149566000,"time":"2024-01-02T01:42:26.618Z","iobWithZeroTemp":{"iob":-0.467,"basaliob":-0.544,"bolussnooze":0,"activity":-0.004,"lastBolusTime":1704149566000,"time":"2024-01-02T01:42:26.618Z"}},{"iob":-0.226,"basaliob":-0.297,"bolussnooze":0,"activity":-0.0026,"lastBolusTime":1704149566000,"time":"2024-01-02T01:47:26.618Z","iobWithZeroTemp":{"iob":-0.47,"basaliob":-0.541,"bolussnooze":0,"activity":-0.004,"lastBolusTime":1704149566000,"time":"2024-01-02T01:47:26.618Z"}},{"iob":-0.213,"basaliob":-0.278,"bolussnooze":0,"activity":-0.0025,"lastBolusTime":1704149566000,"time":"2024-01-02T01:52:26.618Z","iobWithZeroTemp":{"iob":-0.472,"basaliob":-0.537,"bolussnooze":0,"activity":-0.0041,"lastBolusTime":1704149566000,"time":"2024-01-02T01:52:26.618Z"}},{"iob":-0.2,"basaliob":-0.26,"bolussnooze":0,"activity":-0.0025,"lastBolusTime":1704149566000,"time":"2024-01-02T01:57:26.618Z","iobWithZeroTemp":{"iob":-0.473,"basaliob":-0.533,"bolussnooze":0,"activity":-0.0042,"lastBolusTime":1704149566000,"time":"2024-01-02T01:57:26.618Z"}},{"iob":-0.189,"basaliob":-0.244,"bolussnooze":0,"activity":-0.0024,"lastBolusTime":1704149566000,"time":"2024-01-02T02:02:26.618Z","iobWithZeroTemp":{"iob":-0.475,"basaliob":-0.53,"bolussnooze":0,"activity":-0.0043,"lastBolusTime":1704149566000,"time":"2024-01-02T02:02:26.618Z"}},{"iob":-0.177,"basaliob":-0.228,"bolussnooze":0,"activity":-0.0022,"lastBolusTime":1704149566000,"time":"2024-01-02T02:07:26.618Z","iobWithZeroTemp":{"iob":-0.476,"basaliob":-0.527,"bolussnooze":0,"activity":-0.0042,"lastBolusTime":1704149566000,"time":"2024-01-02T02:07:26.618Z"}},{"iob":-0.167,"basaliob":-0.213,"bolussnooze":0,"activity":-0.0021,"lastBolusTime":1704149566000,"time":"2024-01-02T02:12:26.618Z","iobWithZeroTemp":{"iob":-0.478,"basaliob":-0.524,"bolussnooze":0,"activity":-0.0043,"lastBolusTime":1704149566000,"time":"2024-01-02T02:12:26.618Z"}},{"iob":-0.155,"basaliob":-0.198,"bolussnooze":0,"activity":-0.0021,"lastBolusTime":1704149566000,"time":"2024-01-02T02:17:26.618Z","iobWithZeroTemp":{"iob":-0.478,"basaliob":-0.521,"bolussnooze":0,"activity":-0.0044,"lastBolusTime":1704149566000,"time":"2024-01-02T02:17:26.618Z"}},{"iob":-0.146,"basaliob":-0.185,"bolussnooze":0,"activity":-0.0019,"lastBolusTime":1704149566000,"time":"2024-01-02T02:22:26.618Z","iobWithZeroTemp":{"iob":-0.479,"basaliob":-0.518,"bolussnooze":0,"activity":-0.0043,"lastBolusTime":1704149566000,"time":"2024-01-02T02:22:26.618Z"}},{"iob":-0.136,"basaliob":-0.172,"bolussnooze":0,"activity":-0.0019,"lastBolusTime":1704149566000,"time":"2024-01-02T02:27:26.618Z","iobWithZeroTemp":{"iob":-0.479,"basaliob":-0.515,"bolussnooze":0,"activity":-0.0045,"lastBolusTime":1704149566000,"time":"2024-01-02T02:27:26.618Z"}},{"iob":-0.127,"basaliob":-0.16,"bolussnooze":0,"activity":-0.0017,"lastBolusTime":1704149566000,"time":"2024-01-02T02:32:26.618Z","iobWithZeroTemp":{"iob":-0.48,"basaliob":-0.513,"bolussnooze":0,"activity":-0.0044,"lastBolusTime":1704149566000,"time":"2024-01-02T02:32:26.618Z"}},{"iob":-0.119,"basaliob":-0.149,"bolussnooze":0,"activity":-0.0017,"lastBolusTime":1704149566000,"time":"2024-01-02T02:37:26.618Z","iobWithZeroTemp":{"iob":-0.481,"basaliob":-0.511,"bolussnooze":0,"activity":-0.0045,"lastBolusTime":1704149566000,"time":"2024-01-02T02:37:26.618Z"}},{"iob":-0.111,"basaliob":-0.138,"bolussnooze":0,"activity":-0.0016,"lastBolusTime":1704149566000,"time":"2024-01-02T02:42:26.618Z","iobWithZeroTemp":{"iob":-0.481,"basaliob":-0.508,"bolussnooze":0,"activity":-0.0045,"lastBolusTime":1704149566000,"time":"2024-01-02T02:42:26.618Z"}},{"iob":-0.103,"basaliob":-0.128,"bolussnooze":0,"activity":-0.0014,"lastBolusTime":1704149566000,"time":"2024-01-02T02:47:26.618Z","iobWithZeroTemp":{"iob":-0.481,"basaliob":-0.506,"bolussnooze":0,"activity":-0.0044,"lastBolusTime":1704149566000,"time":"2024-01-02T02:47:26.618Z"}},{"iob":-0.096,"basaliob":-0.119,"bolussnooze":0,"activity":-0.0014,"lastBolusTime":1704149566000,"time":"2024-01-02T02:52:26.618Z","iobWithZeroTemp":{"iob":-0.481,"basaliob":-0.504,"bolussnooze":0,"activity":-0.0045,"lastBolusTime":1704149566000,"time":"2024-01-02T02:52:26.618Z"}},{"iob":-0.089,"basaliob":-0.11,"bolussnooze":0,"activity":-0.0013,"lastBolusTime":1704149566000,"time":"2024-01-02T02:57:26.618Z","iobWithZeroTemp":{"iob":-0.481,"basaliob":-0.502,"bolussnooze":0,"activity":-0.0045,"lastBolusTime":1704149566000,"time":"2024-01-02T02:57:26.618Z"}},{"iob":-0.083,"basaliob":-0.102,"bolussnooze":0,"activity":-0.0012,"lastBolusTime":1704149566000,"time":"2024-01-02T03:02:26.618Z","iobWithZeroTemp":{"iob":-0.481,"basaliob":-0.5,"bolussnooze":0,"activity":-0.0045,"lastBolusTime":1704149566000,"time":"2024-01-02T03:02:26.618Z"}},{"iob":-0.077,"basaliob":-0.094,"bolussnooze":0,"activity":-0.0012,"lastBolusTime":1704149566000,"time":"2024-01-02T03:07:26.618Z","iobWithZeroTemp":{"iob":-0.486,"basaliob":-0.503,"bolussnooze":0,"activity":-0.0046,"lastBolusTime":1704149566000,"time":"2024-01-02T03:07:26.618Z"}},{"iob":-0.071,"basaliob":-0.087,"bolussnooze":0,"activity":-0.0011,"lastBolusTime":1704149566000,"time":"2024-01-02T03:12:26.618Z","iobWithZeroTemp":{"iob":-0.488,"basaliob":-0.504,"bolussnooze":0,"activity":-0.0046,"lastBolusTime":1704149566000,"time":"2024-01-02T03:12:26.618Z"}},{"iob":-0.067,"basaliob":-0.081,"bolussnooze":0,"activity":-0.001,"lastBolusTime":1704149566000,"time":"2024-01-02T03:17:26.618Z","iobWithZeroTemp":{"iob":-0.491,"basaliob":-0.505,"bolussnooze":0,"activity":-0.0045,"lastBolusTime":1704149566000,"time":"2024-01-02T03:17:26.618Z"}},{"iob":-0.061,"basaliob":-0.074,"bolussnooze":0,"activity":-9.0E-4,"lastBolusTime":1704149566000,"time":"2024-01-02T03:22:26.618Z","iobWithZeroTemp":{"iob":-0.492,"basaliob":-0.505,"bolussnooze":0,"activity":-0.0045,"lastBolusTime":1704149566000,"time":"2024-01-02T03:22:26.618Z"}},{"iob":-0.057,"basaliob":-0.069,"bolussnooze":0,"activity":-9.0E-4,"lastBolusTime":1704149566000,"time":"2024-01-02T03:27:26.618Z","iobWithZeroTemp":{"iob":-0.495,"basaliob":-0.507,"bolussnooze":0,"activity":-0.0046,"lastBolusTime":1704149566000,"time":"2024-01-02T03:27:26.618Z"}},{"iob":-0.052,"basaliob":-0.063,"bolussnooze":0,"activity":-8.0E-4,"lastBolusTime":1704149566000,"time":"2024-01-02T03:32:26.618Z","iobWithZeroTemp":{"iob":-0.496,"basaliob":-0.507,"bolussnooze":0,"activity":-0.0046,"lastBolusTime":1704149566000,"time":"2024-01-02T03:32:26.618Z"}},{"iob":-0.048,"basaliob":-0.058,"bolussnooze":0,"activity":-8.0E-4,"lastBolusTime":1704149566000,"time":"2024-01-02T03:37:26.618Z","iobWithZeroTemp":{"iob":-0.498,"basaliob":-0.508,"bolussnooze":0,"activity":-0.0046,"lastBolusTime":1704149566000,"time":"2024-01-02T03:37:26.618Z"}},{"iob":-0.045,"basaliob":-0.054,"bolussnooze":0,"activity":-7.0E-4,"lastBolusTime":1704149566000,"time":"2024-01-02T03:42:26.618Z","iobWithZeroTemp":{"iob":-0.501,"basaliob":-0.51,"bolussnooze":0,"activity":-0.0046,"lastBolusTime":1704149566000,"time":"2024-01-02T03:42:26.618Z"}},{"iob":-0.041,"basaliob":-0.049,"bolussnooze":0,"activity":-6.0E-4,"lastBolusTime":1704149566000,"time":"2024-01-02T03:47:26.618Z","iobWithZeroTemp":{"iob":-0.502,"basaliob":-0.51,"bolussnooze":0,"activity":-0.0046,"lastBolusTime":1704149566000,"time":"2024-01-02T03:47:26.618Z"}},{"iob":-0.038,"basaliob":-0.045,"bolussnooze":0,"activity":-7.0E-4,"lastBolusTime":1704149566000,"time":"2024-01-02T03:52:26.618Z","iobWithZeroTemp":{"iob":-0.504,"basaliob":-0.511,"bolussnooze":0,"activity":-0.0047,"lastBolusTime":1704149566000,"time":"2024-01-02T03:52:26.618Z"}},{"iob":-0.036,"basaliob":-0.042,"bolussnooze":0,"activity":-6.0E-4,"lastBolusTime":1704149566000,"time":"2024-01-02T03:57:26.618Z","iobWithZeroTemp":{"iob":-0.507,"basaliob":-0.513,"bolussnooze":0,"activity":-0.0047,"lastBolusTime":1704149566000,"time":"2024-01-02T03:57:26.618Z"}},{"iob":-0.032,"basaliob":-0.038,"bolussnooze":0,"activity":-6.0E-4,"lastBolusTime":1704149566000,"time":"2024-01-02T04:02:26.618Z","iobWithZeroTemp":{"iob":-0.507,"basaliob":-0.513,"bolussnooze":0,"activity":-0.0048,"lastBolusTime":1704149566000,"time":"2024-01-02T04:02:26.618Z"}},{"iob":-0.03,"basaliob":-0.035,"bolussnooze":0,"activity":-5.0E-4,"lastBolusTime":1704149566000,"time":"2024-01-02T04:07:26.618Z","iobWithZeroTemp":{"iob":-0.517,"basaliob":-0.522,"bolussnooze":0,"activity":-0.0047,"lastBolusTime":1704149566000,"time":"2024-01-02T04:07:26.618Z"}},{"iob":-0.027,"basaliob":-0.032,"bolussnooze":0,"activity":-5.0E-4,"lastBolusTime":1704149566000,"time":"2024-01-02T04:12:26.618Z","iobWithZeroTemp":{"iob":-0.534,"basaliob":-0.539,"bolussnooze":0,"activity":-0.0048,"lastBolusTime":1704149566000,"time":"2024-01-02T04:12:26.618Z"}},{"iob":-0.025,"basaliob":-0.029,"bolussnooze":0,"activity":-4.0E-4,"lastBolusTime":1704149566000,"time":"2024-01-02T04:17:26.618Z","iobWithZeroTemp":{"iob":-0.544,"basaliob":-0.548,"bolussnooze":0,"activity":-0.0048,"lastBolusTime":1704149566000,"time":"2024-01-02T04:17:26.618Z"}},{"iob":-0.023,"basaliob":-0.027,"bolussnooze":0,"activity":-4.0E-4,"lastBolusTime":1704149566000,"time":"2024-01-02T04:22:26.618Z","iobWithZeroTemp":{"iob":-0.553,"basaliob":-0.557,"bolussnooze":0,"activity":-0.0049,"lastBolusTime":1704149566000,"time":"2024-01-02T04:22:26.618Z"}},{"iob":-0.022,"basaliob":-0.025,"bolussnooze":0,"activity":-3.0E-4,"lastBolusTime":1704149566000,"time":"2024-01-02T04:27:26.618Z","iobWithZeroTemp":{"iob":-0.562,"basaliob":-0.565,"bolussnooze":0,"activity":-0.0049,"lastBolusTime":1704149566000,"time":"2024-01-02T04:27:26.618Z"}},{"iob":-0.02,"basaliob":-0.023,"bolussnooze":0,"activity":-3.0E-4,"lastBolusTime":1704149566000,"time":"2024-01-02T04:32:26.618Z","iobWithZeroTemp":{"iob":-0.571,"basaliob":-0.574,"bolussnooze":0,"activity":-0.005,"lastBolusTime":1704149566000,"time":"2024-01-02T04:32:26.618Z"}},{"iob":-0.018,"basaliob":-0.021,"bolussnooze":0,"activity":-3.0E-4,"lastBolusTime":1704149566000,"time":"2024-01-02T04:37:26.618Z","iobWithZeroTemp":{"iob":-0.578,"basaliob":-0.581,"bolussnooze":0,"activity":-0.0051,"lastBolusTime":1704149566000,"time":"2024-01-02T04:37:26.618Z"}},{"iob":-0.017,"basaliob":-0.019,"bolussnooze":0,"activity":-2.0E-4,"lastBolusTime":1704149566000,"time":"2024-01-02T04:42:26.618Z","iobWithZeroTemp":{"iob":-0.586,"basaliob":-0.588,"bolussnooze":0,"activity":-0.0051,"lastBolusTime":1704149566000,"time":"2024-01-02T04:42:26.618Z"}}],"profile":{"max_iob":7,"type":"current","max_daily_basal":0.45,"max_basal":1.35,"min_bg":144,"max_bg":144,"target_bg":144,"carb_ratio":11,"sens":369,"max_daily_safety_multiplier":3,"current_basal_safety_multiplier":4,"lgsThreshold":65,"high_temptarget_raises_sensitivity":false,"low_temptarget_lowers_sensitivity":false,"sensitivity_raises_target":true,"resistance_lowers_target":true,"adv_target_adjustments":false,"exercise_mode":false,"half_basal_exercise_target":160,"maxCOB":120,"skip_neutral_temps":false,"remainingCarbsCap":90,"enableUAM":true,"A52_risk_enable":false,"SMBInterval":4,"enableSMB_with_COB":true,"enableSMB_with_temptarget":false,"allowSMB_with_high_temptarget":true,"enableSMB_always":true,"enableSMB_after_carbs":false,"maxSMBBasalMinutes":60,"maxUAMSMBBasalMinutes":60,"bolus_increment":0.05,"carbsReqThreshold":10,"current_basal":0.35,"temptargetSet":true,"autosens_max":1.2,"autosens_min":0.8,"out_units":"mmol\/L","variable_sens":348.6,"insulinDivisor":65,"TDD":7.367272541666665},"autosens_data":{"ratio":1.149130904399484},"meal_data":{"carbs":0,"mealCOB":0,"slopeFromMaxDeviation":0,"slopeFromMinDeviation":1.1746666666666667,"lastBolusTime":1704149566000,"lastCarbTime":0},"microBolusAllowed":true,"currentTime":1704156448772,"flatBGsDetected":false,"tdd1D":29.029333333333327,"tdd7D":23.806904761904768,"tddLast24H":27.357250000000008,"tddLast4H":0.9095833333333333,"tddLast8to4H":3.5599999999999996},"output":{"temp":"absolute","bg":66,"tick":"+3","eventualBG":181,"targetBG":144,"insulinReq":0,"deliverAt":"2024-01-02T00:47:28.772Z","sensitivityRatio":1.149130904399484,"variable_sens":348.6,"predBGs":{"IOB":[66,69,72,75,78,82,85,89,93,96,100,103,107,110,113,116,119,121,124,126,128,131,132,134,136,138,139,140,142,143,144,145,146,147,148,149,149,150,151,151,152,153,153,153,154,154,154,155],"ZT":[66,70,75,79,84,89,94,98,103,108,113,118,122,127,131,136,141]},"reason":"COB: 0, Dev: -1.3, BGI: 0.2, ISF: 19.4, CR: 11, Target: 8.0, minPredBG 6.9, minGuardBG 3.8, IOBpredBG 8.6; minGuardBG 3.8<5.1 41m left and 0 ~ req 0U\/hr: no temp required","COB":0,"IOB":-0.397,"timestamp":"2024-01-02T00:47:28.796Z"}}