{"algorithm":"OpenAPSSMBDynamicISFPlugin","input":{"glucoseStatus":{"glucose":141,"noise":0,"delta":-1,"short_avgdelta":-1.5,"long_avgdelta":-3.43,"date":1704114723186},"currenttemp":{"temp":"absolute","duration":10,"rate":0.52,"minutesrunning":5},"iob_data":[{"iob":0.379,"basaliob":-0.633,"bolussnooze":0.0707,"activity":0.0066,"lastBolusTime":1704112064000,"time":"2024-01-01T13:12:26.862Z","iobWithZeroTemp":{"iob":0.379,"basaliob":-0.633,"bolussnooze":0.0707,"activity":0.0066,"lastBolusTime":1704112064000,"time":"2024-01-01T13:12:26.862Z"}},{"iob":0.348,"basaliob":-0.601,"bolussnooze":0.0596,"activity":0.0061,"lastBolusTime":1704112064000,"time":"2024-01-01T13:17:26.862Z","iobWithZeroTemp":{"iob":0.321,"basaliob":-0.628,"bolussnooze":0.0596,"activity":0.0061,"lastBolusTime":1704112064000,"time":"2024-01-01T13:17:26.862Z"}},{"iob":0.318,"basaliob":-0.57,"bolussnooze":0.05,"activity":0.0056,"lastBolusTime":1704112064000,"time":"2024-01-01T13:22:26.862Z","iobWithZeroTemp":{"iob":0.258,"basaliob":-0.63,"bolussnooze":0.05,"activity":0.0055,"lastBolusTime":1704112064000,"time":"2024-01-01T13:22:26.862Z"}},{"iob":0.292,"basaliob":-0.539,"bolussnooze":0.0419,"activity":0.0052,"lastBolusTime":1704112064000,"time":"2024-01-01T13:27:26.862Z","iobWithZeroTemp":{"iob":0.2,"basaliob":-0.631,"bolussnooze":0.0419,"activity":0.005,"lastBolusTime":1704112064000,"time":"2024-01-01T13:27:26.862Z"}},{"iob":0.266,"basaliob":-0.51,"bolussnooze":0.035,"activity":0.0047,"lastBolusTime":1704112064000,"time":"2024-01-01T13:32:26.862Z","iobWithZeroTemp":{"iob":0.141,"basaliob":-0.635,"bolussnooze":0.035,"activity":0.0044,"lastBolusTime":1704112064000,"time":"2024-01-01T13:32:26.862Z"}},{"iob":0.244,"basaliob":-0.481,"bolussnooze":0.0291,"activity":0.0044,"lastBolusTime":1704112064000,"time":"2024-01-01T13:37:26.862Z","iobWithZeroTemp":{"iob":0.088,"basaliob":-0.637,"bolussnooze":0.0291,"activity":0.0039,"lastBolusTime":1704112064000,"time":"2024-01-01T13:37:26.862Z"}},{"iob":0.223,"basaliob":-0.453,"bolussnooze":0.0242,"activity":0.004,"lastBolusTime":1704112064000,"time":"2024-01-01T13:42:26.862Z","iobWithZeroTemp":{"iob":0.037,"basaliob":-0.639,"bolussnooze":0.0242,"activity":0.0033,"lastBolusTime":1704112064000,"time":"2024-01-01T13:42:26.862Z"}},{"iob":0.204,"basaliob":-0.426,"bolussnooze":0.02,"activity":0.0038,"lastBolusTime":1704112064000,"time":"2024-01-01T13:47:26.862Z","iobWithZeroTemp":{"iob":-0.012,"basaliob":-0.642,"bolussnooze":0.02,"activity":0.0029,"lastBolusTime":1704112064000,"time":"2024-01-01T13:47:26.862Z"}},{"iob":0.185,"basaliob":-0.401,"bolussnooze":0.0165,"activity":0.0034,"lastBolusTime":1704112064000,"time":"2024-01-01T13:52:26.862Z","iobWithZeroTemp":{"iob":-0.059,"basaliob":-0.645,"bolussnooze":0.0165,"activity":0.0023,"lastBolusTime":1704112064000,"time":"2024-01-01T13:52:26.862Z"}},{"iob":0.169,"basaliob":-0.376,"bolussnooze":0.0135,"activity":0.0031,"lastBolusTime":1704112064000,"time":"2024-01-01T13:57:26.862Z","iobWithZeroTemp":{"iob":-0.103,"basaliob":-0.648,"bolussnooze":0.0135,"activity":0.0018,"lastBolusTime":1704112064000,"time":"2024-01-01T13:57:26.862Z"}},{"iob":0.154,"basaliob":-0.353,"bolussnooze":0.0111,"activity":0.0029,"lastBolusTime":1704112064000,"time":"2024-01-01T14:02:26.862Z","iobWithZeroTemp":{"iob":-0.144,"basaliob":-0.651,"bolussnooze":0.0111,"activity":0.0014,"lastBolusTime":1704112064000,"time":"2024-01-01T14:02:26.862Z"}},{"iob":0.14,"basaliob":-0.33,"bolussnooze":0.009,"activity":0.0026,"lastBolusTime":1704112064000,"time":"2024-01-01T14:07:26.862Z","iobWithZeroTemp":{"iob":-0.183,"basaliob":-0.653,"bolussnooze":0.009,"activity":8.0E-4,"lastBolusTime":1704112064000,"time":"2024-01-01T14:07:26.862Z"}},{"iob":0.127,"basaliob":-0.309,"bolussnooze":0.0073,"activity":0.0025,"lastBolusTime":1704112064000,"time":"2024-01-01T14:12:26.862Z","iobWithZeroTemp":{"iob":-0.22,"basaliob":-0.656,"bolussnooze":0.0073,"activity":5.0E-4,"lastBolusTime":1704112064000,"time":"2024-01-01T14:12:26.862Z"}},{"iob":0.116,"basaliob":-0.289,"bolussnooze":0.0059,"activity":0.0023,"lastBolusTime":1704112064000,"time":"2024-01-01T14:17:26.862Z","iobWithZeroTemp":{"iob":-0.254,"basaliob":-0.659,"bolussnooze":0.0059,"activity":1.0E-4,"lastBolusTime":1704112064000,"time":"2024-01-01T14:17:26.862Z"}},{"iob":0.105,"basaliob":-0.27,"bolussnooze":0.0047,"activity":0.0021,"lastBolusTime":1704112064000,"time":"2024-01-01T14:22:26.862Z","iobWithZeroTemp":{"iob":-0.286,"basaliob":-0.661,"bolussnooze":0.0047,"activity":-3.0E-4,"lastBolusTime":1704112064000,"time":"2024-01-01T14:22:26.862Z"}},{"iob":0.096,"basaliob":-0.251,"bolussnooze":0.0038,"activity":0.0019,"lastBolusTime":1704112064000,"time":"2024-01-01T14:27:26.862Z","iobWithZeroTemp":{"iob":-0.316,"basaliob":-0.663,"bolussnooze":0.0038,"activity":-8.0E-4,"lastBolusTime":1704112064000,"time":"2024-01-01T14:27:26.862Z"}},{"iob":0.087,"basaliob":-0.234,"bolussnooze":0.003,"activity":0.0017,"lastBolusTime":1704112064000,"time":"2024-01-01T14:32:26.862Z","iobWithZeroTemp":{"iob":-0.344,"basaliob":-0.665,"bolussnooze":0.003,"activity":-0.0012,"lastBolusTime":1704112064000,"time":"2024-01-01T14:32:26.862Z"}},{"iob":0.079,"basaliob":-0.218,"bolussnooze":0.0023,"activity":0.0016,"lastBolusTime":1704112064000,"time":"2024-01-01T14:37:26.862Z","iobWithZeroTemp":{"iob":-0.371,"basaliob":-0.668,"bolussnooze":0.0023,"activity":-0.0015,"lastBolusTime":1704112064000,"time":"2024-01-01T14:37:26.862Z"}},{"iob":0.071,"basaliob":-0.203,"bolussnooze":0.0018,"activity":0.0015,"lastBolusTime":1704112064000,"time":"2024-01-01T14:42:26.862Z","iobWithZeroTemp":{"iob":-0.396,"basaliob":-0.67,"bolussnooze":0.0018,"activity":-0.0018,"lastBolusTime":1704112064000,"time":"2024-01-01T14:42:26.862Z"}},{"iob":0.064,"basaliob":-0.189,"bolussnooze":0.0014,"activity":0.0013,"lastBolusTime":1704112064000,"time":"2024-01-01T14:47:26.862Z","iobWithZeroTemp":{"iob":-0.42,"basaliob":-0.673,"bolussnooze":0.0014,"activity":-0.0022,"lastBolusTime":1704112064000,"time":"2024-01-01T14:47:26.862Z"}},{"iob":0.058,"basaliob":-0.175,"bolussnooze":0.0011,"activity":0.0012,"lastBolusTime":1704112064000,"time":"2024-01-01T14:52:26.862Z","iobWithZeroTemp":{"iob":-0.441,"basaliob":-0.674,"bolussnooze":0.0011,"activity":-0.0025,"lastBolusTime":1704112064000,"time":"2024-01-01T14:52:26.862Z"}},{"iob":0.052,"basaliob":-0.163,"bolussnooze":8.0E-4,"activity":0.0011,"lastBolusTime":1704112064000,"time":"2024-01-01T14:57:26.862Z","iobWithZeroTemp":{"iob":-0.462,"basaliob":-0.677,"bolussnooze":8.0E-4,"activity":-0.0028,"lastBolusTime":1704112064000,"time":"2024-01-01T14:57:26.862Z"}},{"iob":0.047,"basaliob":-0.151,"bolussnooze":6.0E-4,"activity":0.001,"lastBolusTime":1704112064000,"time":"2024-01-01T15:02:26.862Z","iobWithZeroTemp":{"iob":-0.48,"basaliob":-0.678,"bolussnooze":6.0E-4,"activity":-0.003,"lastBolusTime":1704112064000,"time":"2024-01-01T15:02:26.862Z"}},{"iob":0.042,"basaliob":-0.14,"bolussnooze":4.0E-4,"activity":9.0E-4,"lastBolusTime":1704112064000,"time":"2024-01-01T15:07:26.862Z","iobWithZeroTemp":{"iob":-0.498,"basaliob":-0.68,"bolussnooze":4.0E-4,"activity":-0.0033,"lastBolusTime":1704112064000,"time":"2024-01-01T15:07:26.862Z"}},{"iob":0.039,"basaliob":-0.129,"bolussnooze":3.0E-4,"activity":8.0E-4,"lastBolusTime":1704112064000,"time":"2024-01-01T15:12:26.862Z","iobWithZeroTemp":{"iob":-0.513,"basaliob":-0.681,"bolussnooze":3.0E-4,"activity":-0.0035,"lastBolusTime":1704112064000,"time":"2024-01-01T15:12:26.862Z"}},{"iob":0.034,"basaliob":-0.12,"bolussnooze":2.0E-4,"activity":7.0E-4,"lastBolusTime":1704112064000,"time":"2024-01-01T15:17:26.862Z","iobWithZeroTemp":{"iob":-0.529,"basaliob":-0.683,"bolussnooze":2.0E-4,"activity":-0.0038,"lastBolusTime":1704112064000,"time":"2024-01-01T15:17:26.862Z"}},{"iob":0.03,"basaliob":-0.111,"bolussnooze":1.0E-4,"activity":7.0E-4,"lastBolusTime":1704112064000,"time":"2024-01-01T15:22:26.862Z","iobWithZeroTemp":{"iob":-0.544,"basaliob":-0.685,"bolussnooze":1.0E-4,"activity":-0.0039,"lastBolusTime":1704112064000,"time":"2024-01-01T15:22:26.862Z"}},{"iob":0.028,"basaliob":-0.102,"bolussnooze":1.0E-4,"activity":6.0E-4,"lastBolusTime":1704112064000,"time":"2024-01-01T15:27:26.862Z","iobWithZeroTemp":{"iob":-0.556,"basaliob":-0.686,"bolussnooze":1.0E-4,"activity":-0.0042,"lastBolusTime":1704112064000,"time":"2024-01-01T15:27:26.862Z"}},{"iob":0.025,"basaliob":-0.094,"bolussnooze":0,"activity":6.0E-4,"lastBolusTime":1704112064000,"time":"2024-01-01T15:32:26.862Z","iobWithZeroTemp":{"iob":-0.568,"basaliob":-0.687,"bolussnooze":0,"activity":-0.0043,"lastBolusTime":1704112064000,"time":"2024-01-01T15:32:26.862Z"}},{"iob":0.022,"basaliob":-0.087,"bolussnooze":0,"activity":5.0E-4,"lastBolusTime":1704112064000,"time":"2024-01-01T15:37:26.862Z","iobWithZeroTemp":{"iob":-0.579,"basaliob":-0.688,"bolussnooze":0,"activity":-0.0045,"lastBolusTime":1704112064000,"time":"2024-01-01T15:37:26.862Z"}},{"iob":0.02,"basaliob":-0.08,"bolussnooze":0,"activity":5.0E-4,"lastBolusTime":1704112064000,"time":"2024-01-01T15:42:26.862Z","iobWithZeroTemp":{"iob":-0.589,"basaliob":-0.689,"bolussnooze":0,"activity":-0.0046,"lastBolusTime":1704112064000,"time":"2024-01-01T15:42:26.862Z"}},{"iob":0.017,"basaliob":-0.074,"bolussnooze":0,"activity":4.0E-4,"lastBolusTime":1704112064000,"time":"2024-01-01T15:47:26.862Z","iobWithZeroTemp":{"iob":-0.6,"basaliob":-0.691,"bolussnooze":0,"activity":-0.0048,"lastBolusTime":1704112064000,"time":"2024-01-01T15:47:26.862Z"}},{"iob":0.016,"basaliob":-0.068,"bolussnooze":0,"activity":4.0E-4,"lastBolusTime":1704112064000,"time":"2024-01-01T15:52:26.862Z","iobWithZeroTemp":{"iob":-0.608,"basaliob":-0.692,"bolussnooze":0,"activity":-0.0049,"lastBolusTime":1704112064000,"time":"2024-01-01T15:52:26.862Z"}},{"iob":0.013,"basaliob":-0.063,"bolussnooze":0,"activity":4.0E-4,"lastBolusTime":1704112064000,"time":"2024-01-01T15:57:26.862Z","iobWithZeroTemp":{"iob":-0.617,"basaliob":-0.693,"bolussnooze":0,"activity":-0.005,"lastBolusTime":1704112064000,"time":"2024-01-01T15:57:26.862Z"}},{"iob":0.013,"basaliob":-0.057,"bolussnooze":0,"activity":3.0E-4,"lastBolusTime":1704112064000,"time":"2024-01-01T16:02:26.862Z","iobWithZeroTemp":{"iob":-0.623,"basaliob":-0.693,"bolussnooze":0,"activity":-0.0052,"lastBolusTime":1704112064000,"time":"2024-01-01T16:02:26.862Z"}},{"iob":0.011,"basaliob":-0.053,"bolussnooze":0,"activity":3.0E-4,"lastBolusTime":1704112064000,"time":"2024-01-01T16:07:26.862Z","iobWithZeroTemp":{"iob":-0.631,"basaliob":-0.695,"bolussnooze":0,"activity":-0.0053,"lastBolusTime":1704112064000,"time":"2024-01-01T16:07:26.862Z"}},{"iob":0.01,"basaliob":-0.048,"bolussnooze":0,"activity":3.0E-4,"lastBolusTime":1704112064000,"time":"2024-01-01T16:12:26.862Z","iobWithZeroTemp":{"iob":-0.637,"basaliob":-0.695,"bolussnooze":0,"activity":-0.0054,"lastBolusTime":1704112064000,"time":"2024-01-01T16:12:26.862Z"}},{"iob":0.009,"basaliob":-0.044,"bolussnooze":0,"activity":2.0E-4,"lastBolusTime":1704112064000,"time":"2024-01-01T16:17:26.862Z","iobWithZeroTemp":{"iob":-0.642,"basaliob":-0.695,"bolussnooze":0,"activity":-0.0056,"lastBolusTime":1704112064000,"time":"2024-01-01T16:17:26.862Z"}},{"iob":0.007,"basaliob":-0.041,"bolussnooze":0,"activity":2.0E-4,"lastBolusTime":1704112064000,"time":"2024-01-01T16:22:26.862Z","iobWithZeroTemp":{"iob":-0.649,"basaliob":-0.697,"bolussnooze":0,"activity":-0.0056,"lastBolusTime":1704112064000,"time":"2024-01-01T16:22:26.862Z"}},{"iob":0.007,"basaliob":-0.037,"bolussnooze":0,"activity":1.0E-4,"lastBolusTime":1704112064000,"time":"2024-01-01T16:27:26.862Z","iobWithZeroTemp":{"iob":-0.653,"basaliob":-0.697,"bolussnooze":0,"activity":-0.0058,"lastBolusTime":1704112064000,"time":"2024-01-01T16:27:26.862Z"}},{"iob":0.006,"basaliob":-0.034,"bolussnooze":0,"activity":2.0E-4,"lastBolusTime":1704112064000,"time":"2024-01-01T16:32:26.862Z","iobWithZeroTemp":{"iob":-0.658,"basaliob":-0.698,"bolussnooze":0,"activity":-0.0057,"lastBolusTime":1704112064000,"time":"2024-01-01T16:32:26.862Z"}},{"iob":0.005,"basaliob":-0.031,"bolussnooze":0,"activity":1.0E-4,"lastBolusTime":1704112064000,"time":"2024-01-01T16:37:26.862Z","iobWithZeroTemp":{"iob":-0.662,"basaliob":-0.698,"bolussnooze":0,"activity":-0.0059,"lastBolusTime":1704112064000,"time":"2024-01-01T16:37:26.862Z"}},{"iob":0.004,"basaliob":-0.029,"bolussnooze":0,"activity":1.0E-4,"lastBolusTime":1704112064000,"time":"2024-01-01T16:42:26.862Z","iobWithZeroTemp":{"iob":-0.666,"basaliob":-0.699,"bolussnooze":0,"activity":-0.006,"lastBolusTime":1704112064000,"time":"2024-01-01T16:42:26.862Z"}},{"iob":0.004,"basaliob":-0.026,"bolussnooze":0,"activity":1.0E-4,"lastBolusTime":1704112064000,"time":"2024-01-01T16:47:26.862Z","iobWithZeroTemp":{"iob":-0.669,"basaliob":-0.699,"bolussnooze":0,"activity":-0.006,"lastBolusTime":1704112064000,"time":"2024-01-01T16:47:26.862Z"}},{"iob":0.003,"basaliob":-0.024,"bolussnooze":0,"activity":1.0E-4,"lastBolusTime":1704112064000,"time":"2024-01-01T16:52:26.862Z","iobWithZeroTemp":{"iob":-0.673,"basaliob":-0.7,"bolussnooze":0,"activity":-0.006,"lastBolusTime":1704112064000,"time":"2024-01-01T16:52:26.862Z"}},{"iob":0.002,"basaliob":-0.022,"bolussnooze":0,"activity":1.0E-4,"lastBolusTime":1704112064000,"time":"2024-01-01T16:57:26.862Z","iobWithZeroTemp":{"iob":-0.676,"basaliob":-0.7,"bolussnooze":0,"activity":-0.0061,"lastBolusTime":1704112064000,"time":"2024-01-01T16:57:26.862Z"}},{"iob":0.002,"basaliob":-0.02,"bolussnooze":0,"activity":0,"lastBolusTime":1704112064000,"time":"2024-01-01T17:02:26.862Z","iobWithZeroTemp":{"iob":-0.679,"basaliob":-0.701,"bolussnooze":0,"activity":-0.0062,"lastBolusTime":1704112064000,"time":"2024-01-01T17:02:26.862Z"}},{"iob":0.002,"basaliob":-0.018,"bolussnooze":0,"activity":1.0E-4,"lastBolusTime":1704112064000,"time":"2024-01-01T17:07:26.862Z","iobWithZeroTemp":{"iob":-0.681,"basaliob":-0.701,"bolussnooze":0,"activity":-0.0062,"lastBolusTime":1704112064000,"time":"2024-01-01T17:07:26.862Z"}}],"profile":{"max_iob":7,"type":"current","max_daily_basal":0.45,"max_basal":1.35,"min_bg":106.2,"max_bg":106.2,"target_bg":106.2,"carb_ratio":11,"sens":352.8,"max_daily_safety_multiplier":3,"current_basal_safety_multiplier":4,"lgsThreshold":65,"high_temptarget_raises_sensitivity":false,"low_temptarget_lowers_sensitivity":false,"sensitivity_raises_target":true,"resistance_lowers_target":true,"adv_target_adjustments":false,"exercise_mode":false,"half_basal_exercise_target":160,"maxCOB":120,"skip_neutral_temps":false,"remainingCarbsCap":90,"enableUAM":true,"A52_risk_enable":false,"SMBInterval":4,"enableSMB_with_COB":true,"enableSMB_with_temptarget":false,"allowSMB_with_high_temptarget":true,"enableSMB_always":true,"enableSMB_after_carbs":false,"maxSMBBasalMinutes":60,"maxUAMSMBBasalMinutes":60,"bolus_increment":0.05,"carbsReqThreshold":10,"current_basal":0.4,"temptargetSet":false,"autosens_max":1.2,"autosens_min":0.8,"out_units":"mmol\/L","variable_sens":181.4,"insulinDivisor":65,"TDD":8.602146541666666},"autosens_data":{"ratio":1.253844130191539},"meal_data":{"carbs":25,"mealCOB":8.248138321995468,"slopeFromMaxDeviation":-1.8252000000000002,"slopeFromMinDeviation":0.4510000000000005,"lastBolusTime":1704112064000,"lastCarbTime":1704111255000},"microBolusAllowed":true,"currentTime":1704114749262,"flatBGsDetected":false,"tdd1D":21.848083333333335,"tdd7D":24.48151190476191,"tddLast24H":30.696000000000005,"tddLast4H":3.3366666666666664,"tddLast8to4H":7.439999999999999},"output":{"temp":"absolute","bg":141,"tick":-1,"eventualBG":203,"targetBG":97,"insulinReq":0.04,"deliverAt":"2024-01-01T13:12:29.262Z","sensitivityRatio":1.253844130191539,"variable_sens":181.4,"predBGs":{"IOB":[141,139,137,136,134,132,130,128,126,124,121,119,116,114,111,109,107,105,104,102,101,99,98,97,96,95,94,93,93,92,91,91,90,90,89,89,88,88,88,88,87],"ZT":[141,135,129,124,119,115,111,107,104,102,100,98,97,97,96,97],"COB":[141,139,138,138,137,137,138,138,139,140,142,143,145,147,148,151,153,155,158,160,163,165,168,171,174,176,179,181,184,186,188,190,192,193,195,196,198,199,200,201,201,202,203],"UAM":[141,138,133,128,123,118,114,109,105,102,98,95,92,89,86,84,81,79,77,75,73,71,70,68,67,66,65,64,63,62,61,60,60,59,59,58,58,57,57,56,56,56,56,56,55]},"reason":"COB: 8.2, Dev: 1.5, BGI: -0.3, ISF: 10.1, CR: 11, Target: 5.4, minPredBG 5.8, minGuardBG 4.6, IOBpredBG 4.8, COBpredBG 11.3, UAMpredBG 3.1; Eventual BG 11.3 >= 5.4,  insulinReq 0.04. temp 0.52 < 0.58U\/hr. ","COB":8.248138321995468,"IOB":0.379,"duration":30,"rate":0.5815376520766156,"timestamp":"2024-01-01T13:12:29.287Z"}}