{"algorithm":"OpenAPSSMBDynamicISFPlugin","input":{"glucoseStatus":{"glucose":185,"noise":0,"delta":4,"short_avgdelta":1.11,"long_avgdelta":-6.47,"date":1704379932097},"currenttemp":{"temp":"absolute","duration":35,"rate":0,"minutesrunning":25},"iob_data":[{"iob":1.84,"basaliob":-0.503,"bolussnooze":0.8204,"activity":0.0165,"lastBolusTime":1704379704000,"time":"2024-01-04T14:52:33.999Z","iobWithZeroTemp":{"iob":1.84,"basaliob":-0.503,"bolussnooze":0.8204,"activity":0.0165,"lastBolusTime":1704379704000,"time":"2024-01-04T14:52:33.999Z"}},{"iob":1.757,"basaliob":-0.482,"bolussnooze":0.7671,"activity":0.0165,"lastBolusTime":1704379704000,"time":"2024-01-04T14:57:33.999Z","iobWithZeroTemp":{"iob":1.73,"basaliob":-0.509,"bolussnooze":0.7671,"activity":0.0165,"lastBolusTime":1704379704000,"time":"2024-01-04T14:57:33.999Z"}},{"iob":1.674,"basaliob":-0.46,"bolussnooze":0.7081,"activity":0.0165,"lastBolusTime":1704379704000,"time":"2024-01-04T15:02:33.999Z","iobWithZeroTemp":{"iob":1.614,"basaliob":-0.52,"bolussnooze":0.7081,"activity":0.0164,"lastBolusTime":1704379704000,"time":"2024-01-04T15:02:33.999Z"}},{"iob":1.592,"basaliob":-0.438,"bolussnooze":0.6467,"activity":0.0163,"lastBolusTime":1704379704000,"time":"2024-01-04T15:07:33.999Z","iobWithZeroTemp":{"iob":1.5,"basaliob":-0.53,"bolussnooze":0.6467,"activity":0.0161,"lastBolusTime":1704379704000,"time":"2024-01-04T15:07:33.999Z"}},{"iob":1.511,"basaliob":-0.416,"bolussnooze":0.5855,"activity":0.0161,"lastBolusTime":1704379704000,"time":"2024-01-04T15:12:33.999Z","iobWithZeroTemp":{"iob":1.386,"basaliob":-0.541,"bolussnooze":0.5855,"activity":0.0158,"lastBolusTime":1704379704000,"time":"2024-01-04T15:12:33.999Z"}},{"iob":1.431,"basaliob":-0.395,"bolussnooze":0.5261,"activity":0.0157,"lastBolusTime":1704379704000,"time":"2024-01-04T15:17:33.999Z","iobWithZeroTemp":{"iob":1.275,"basaliob":-0.551,"bolussnooze":0.5261,"activity":0.0152,"lastBolusTime":1704379704000,"time":"2024-01-04T15:17:33.999Z"}},{"iob":1.354,"basaliob":-0.374,"bolussnooze":0.4696,"activity":0.0153,"lastBolusTime":1704379704000,"time":"2024-01-04T15:22:33.999Z","iobWithZeroTemp":{"iob":1.168,"basaliob":-0.56,"bolussnooze":0.4696,"activity":0.0146,"lastBolusTime":1704379704000,"time":"2024-01-04T15:22:33.999Z"}},{"iob":1.279,"basaliob":-0.353,"bolussnooze":0.4167,"activity":0.0148,"lastBolusTime":1704379704000,"time":"2024-01-04T15:27:33.999Z","iobWithZeroTemp":{"iob":1.063,"basaliob":-0.569,"bolussnooze":0.4167,"activity":0.0139,"lastBolusTime":1704379704000,"time":"2024-01-04T15:27:33.999Z"}},{"iob":1.205,"basaliob":-0.334,"bolussnooze":0.3679,"activity":0.0143,"lastBolusTime":1704379704000,"time":"2024-01-04T15:32:33.999Z","iobWithZeroTemp":{"iob":0.961,"basaliob":-0.578,"bolussnooze":0.3679,"activity":0.0132,"lastBolusTime":1704379704000,"time":"2024-01-04T15:32:33.999Z"}},{"iob":1.136,"basaliob":-0.314,"bolussnooze":0.3233,"activity":0.0138,"lastBolusTime":1704379704000,"time":"2024-01-04T15:37:33.999Z","iobWithZeroTemp":{"iob":0.864,"basaliob":-0.586,"bolussnooze":0.3233,"activity":0.0125,"lastBolusTime":1704379704000,"time":"2024-01-04T15:37:33.999Z"}},{"iob":1.068,"basaliob":-0.296,"bolussnooze":0.2828,"activity":0.0133,"lastBolusTime":1704379704000,"time":"2024-01-04T15:42:33.999Z","iobWithZeroTemp":{"iob":0.77,"basaliob":-0.594,"bolussnooze":0.2828,"activity":0.0118,"lastBolusTime":1704379704000,"time":"2024-01-04T15:42:33.999Z"}},{"iob":1.003,"basaliob":-0.278,"bolussnooze":0.2465,"activity":0.0127,"lastBolusTime":1704379704000,"time":"2024-01-04T15:47:33.999Z","iobWithZeroTemp":{"iob":0.68,"basaliob":-0.601,"bolussnooze":0.2465,"activity":0.0109,"lastBolusTime":1704379704000,"time":"2024-01-04T15:47:33.999Z"}},{"iob":0.942,"basaliob":-0.261,"bolussnooze":0.2141,"activity":0.0121,"lastBolusTime":1704379704000,"time":"2024-01-04T15:52:33.999Z","iobWithZeroTemp":{"iob":0.595,"basaliob":-0.608,"bolussnooze":0.2141,"activity":0.0101,"lastBolusTime":1704379704000,"time":"2024-01-04T15:52:33.999Z"}},{"iob":0.882,"basaliob":-0.245,"bolussnooze":0.1852,"activity":0.0115,"lastBolusTime":1704379704000,"time":"2024-01-04T15:57:33.999Z","iobWithZeroTemp":{"iob":0.512,"basaliob":-0.615,"bolussnooze":0.1852,"activity":0.0093,"lastBolusTime":1704379704000,"time":"2024-01-04T15:57:33.999Z"}},{"iob":0.825,"basaliob":-0.23,"bolussnooze":0.1598,"activity":0.011,"lastBolusTime":1704379704000,"time":"2024-01-04T16:02:33.999Z","iobWithZeroTemp":{"iob":0.434,"basaliob":-0.621,"bolussnooze":0.1598,"activity":0.0086,"lastBolusTime":1704379704000,"time":"2024-01-04T16:02:33.999Z"}},{"iob":0.772,"basaliob":-0.215,"bolussnooze":0.1374,"activity":0.0104,"lastBolusTime":1704379704000,"time":"2024-01-04T16:07:33.999Z","iobWithZeroTemp":{"iob":0.36,"basaliob":-0.627,"bolussnooze":0.1374,"activity":0.0077,"lastBolusTime":1704379704000,"time":"2024-01-04T16:07:33.999Z"}},{"iob":0.721,"basaliob":-0.201,"bolussnooze":0.1177,"activity":0.0099,"lastBolusTime":1704379704000,"time":"2024-01-04T16:12:33.999Z","iobWithZeroTemp":{"iob":0.29,"basaliob":-0.632,"bolussnooze":0.1177,"activity":0.007,"lastBolusTime":1704379704000,"time":"2024-01-04T16:12:33.999Z"}},{"iob":0.673,"basaliob":-0.188,"bolussnooze":0.1006,"activity":0.0093,"lastBolusTime":1704379704000,"time":"2024-01-04T16:17:33.999Z","iobWithZeroTemp":{"iob":0.223,"basaliob":-0.638,"bolussnooze":0.1006,"activity":0.0062,"lastBolusTime":1704379704000,"time":"2024-01-04T16:17:33.999Z"}},{"iob":0.628,"basaliob":-0.175,"bolussnooze":0.0857,"activity":0.0089,"lastBolusTime":1704379704000,"time":"2024-01-04T16:22:33.999Z","iobWithZeroTemp":{"iob":0.161,"basaliob":-0.642,"bolussnooze":0.0857,"activity":0.0056,"lastBolusTime":1704379704000,"time":"2024-01-04T16:22:33.999Z"}},{"iob":0.585,"basaliob":-0.163,"bolussnooze":0.0729,"activity":0.0083,"lastBolusTime":1704379704000,"time":"2024-01-04T16:27:33.999Z","iobWithZeroTemp":{"iob":0.101,"basaliob":-0.647,"bolussnooze":0.0729,"activity":0.0048,"lastBolusTime":1704379704000,"time":"2024-01-04T16:27:33.999Z"}},{"iob":0.545,"basaliob":-0.152,"bolussnooze":0.0617,"activity":0.0078,"lastBolusTime":1704379704000,"time":"2024-01-04T16:32:33.999Z","iobWithZeroTemp":{"iob":0.046,"basaliob":-0.651,"bolussnooze":0.0617,"activity":0.0041,"lastBolusTime":1704379704000,"time":"2024-01-04T16:32:33.999Z"}},{"iob":0.507,"basaliob":-0.141,"bolussnooze":0.0522,"activity":0.0074,"lastBolusTime":1704379704000,"time":"2024-01-04T16:37:33.999Z","iobWithZeroTemp":{"iob":-0.007,"basaliob":-0.655,"bolussnooze":0.0522,"activity":0.0035,"lastBolusTime":1704379704000,"time":"2024-01-04T16:37:33.999Z"}},{"iob":0.471,"basaliob":-0.131,"bolussnooze":0.0439,"activity":0.007,"lastBolusTime":1704379704000,"time":"2024-01-04T16:42:33.999Z","iobWithZeroTemp":{"iob":-0.056,"basaliob":-0.658,"bolussnooze":0.0439,"activity":0.003,"lastBolusTime":1704379704000,"time":"2024-01-04T16:42:33.999Z"}},{"iob":0.437,"basaliob":-0.122,"bolussnooze":0.0369,"activity":0.0065,"lastBolusTime":1704379704000,"time":"2024-01-04T16:47:33.999Z","iobWithZeroTemp":{"iob":-0.103,"basaliob":-0.662,"bolussnooze":0.0369,"activity":0.0023,"lastBolusTime":1704379704000,"time":"2024-01-04T16:47:33.999Z"}},{"iob":0.406,"basaliob":-0.113,"bolussnooze":0.0309,"activity":0.0061,"lastBolusTime":1704379704000,"time":"2024-01-04T16:52:33.999Z","iobWithZeroTemp":{"iob":-0.146,"basaliob":-0.665,"bolussnooze":0.0309,"activity":0.0018,"lastBolusTime":1704379704000,"time":"2024-01-04T16:52:33.999Z"}},{"iob":0.376,"basaliob":-0.105,"bolussnooze":0.0258,"activity":0.0057,"lastBolusTime":1704379704000,"time":"2024-01-04T16:57:33.999Z","iobWithZeroTemp":{"iob":-0.187,"basaliob":-0.668,"bolussnooze":0.0258,"activity":0.0012,"lastBolusTime":1704379704000,"time":"2024-01-04T16:57:33.999Z"}},{"iob":0.349,"basaliob":-0.097,"bolussnooze":0.0215,"activity":0.0053,"lastBolusTime":1704379704000,"time":"2024-01-04T17:02:33.999Z","iobWithZeroTemp":{"iob":-0.225,"basaliob":-0.671,"bolussnooze":0.0215,"activity":7.0E-4,"lastBolusTime":1704379704000,"time":"2024-01-04T17:02:33.999Z"}},{"iob":0.323,"basaliob":-0.09,"bolussnooze":0.0178,"activity":0.005,"lastBolusTime":1704379704000,"time":"2024-01-04T17:07:33.999Z","iobWithZeroTemp":{"iob":-0.261,"basaliob":-0.674,"bolussnooze":0.0178,"activity":2.0E-4,"lastBolusTime":1704379704000,"time":"2024-01-04T17:07:33.999Z"}},{"iob":0.298,"basaliob":-0.084,"bolussnooze":0.0147,"activity":0.0047,"lastBolusTime":1704379704000,"time":"2024-01-04T17:12:33.999Z","iobWithZeroTemp":{"iob":-0.295,"basaliob":-0.677,"bolussnooze":0.0147,"activity":-2.0E-4,"lastBolusTime":1704379704000,"time":"2024-01-04T17:12:33.999Z"}},{"iob":0.276,"basaliob":-0.077,"bolussnooze":0.0122,"activity":0.0044,"lastBolusTime":1704379704000,"time":"2024-01-04T17:17:33.999Z","iobWithZeroTemp":{"iob":-0.325,"basaliob":-0.678,"bolussnooze":0.0122,"activity":-6.0E-4,"lastBolusTime":1704379704000,"time":"2024-01-04T17:17:33.999Z"}},{"iob":0.255,"basaliob":-0.071,"bolussnooze":0.01,"activity":0.0041,"lastBolusTime":1704379704000,"time":"2024-01-04T17:22:33.999Z","iobWithZeroTemp":{"iob":-0.354,"basaliob":-0.68,"bolussnooze":0.01,"activity":-0.001,"lastBolusTime":1704379704000,"time":"2024-01-04T17:22:33.999Z"}},{"iob":0.235,"basaliob":-0.066,"bolussnooze":0.0082,"activity":0.0037,"lastBolusTime":1704379704000,"time":"2024-01-04T17:27:33.999Z","iobWithZeroTemp":{"iob":-0.382,"basaliob":-0.683,"bolussnooze":0.0082,"activity":-0.0015,"lastBolusTime":1704379704000,"time":"2024-01-04T17:27:33.999Z"}},{"iob":0.217,"basaliob":-0.061,"bolussnooze":0.0067,"activity":0.0035,"lastBolusTime":1704379704000,"time":"2024-01-04T17:32:33.999Z","iobWithZeroTemp":{"iob":-0.407,"basaliob":-0.685,"bolussnooze":0.0067,"activity":-0.0018,"lastBolusTime":1704379704000,"time":"2024-01-04T17:32:33.999Z"}},{"iob":0.2,"basaliob":-0.056,"bolussnooze":0.0054,"activity":0.0033,"lastBolusTime":1704379704000,"time":"2024-01-04T17:37:33.999Z","iobWithZeroTemp":{"iob":-0.43,"basaliob":-0.686,"bolussnooze":0.0054,"activity":-0.0021,"lastBolusTime":1704379704000,"time":"2024-01-04T17:37:33.999Z"}},{"iob":0.184,"basaliob":-0.052,"bolussnooze":0.0044,"activity":0.0031,"lastBolusTime":1704379704000,"time":"2024-01-04T17:42:33.999Z","iobWithZeroTemp":{"iob":-0.452,"basaliob":-0.688,"bolussnooze":0.0044,"activity":-0.0024,"lastBolusTime":1704379704000,"time":"2024-01-04T17:42:33.999Z"}},{"iob":0.169,"basaliob":-0.048,"bolussnooze":0.0035,"activity":0.0028,"lastBolusTime":1704379704000,"time":"2024-01-04T17:47:33.999Z","iobWithZeroTemp":{"iob":-0.473,"basaliob":-0.69,"bolussnooze":0.0035,"activity":-0.0028,"lastBolusTime":1704379704000,"time":"2024-01-04T17:47:33.999Z"}},{"iob":0.156,"basaliob":-0.044,"bolussnooze":0.0028,"activity":0.0026,"lastBolusTime":1704379704000,"time":"2024-01-04T17:52:33.999Z","iobWithZeroTemp":{"iob":-0.491,"basaliob":-0.691,"bolussnooze":0.0028,"activity":-0.0031,"lastBolusTime":1704379704000,"time":"2024-01-04T17:52:33.999Z"}},{"iob":0.144,"basaliob":-0.04,"bolussnooze":0.0022,"activity":0.0024,"lastBolusTime":1704379704000,"time":"2024-01-04T17:57:33.999Z","iobWithZeroTemp":{"iob":-0.507,"basaliob":-0.691,"bolussnooze":0.0022,"activity":-0.0034,"lastBolusTime":1704379704000,"time":"2024-01-04T17:57:33.999Z"}},{"iob":0.132,"basaliob":-0.037,"bolussnooze":0.0018,"activity":0.0023,"lastBolusTime":1704379704000,"time":"2024-01-04T18:02:33.999Z","iobWithZeroTemp":{"iob":-0.524,"basaliob":-0.693,"bolussnooze":0.0018,"activity":-0.0035,"lastBolusTime":1704379704000,"time":"2024-01-04T18:02:33.999Z"}},{"iob":0.121,"basaliob":-0.034,"bolussnooze":0.0014,"activity":0.0021,"lastBolusTime":1704379704000,"time":"2024-01-04T18:07:33.999Z","iobWithZeroTemp":{"iob":-0.539,"basaliob":-0.694,"bolussnooze":0.0014,"activity":-0.0038,"lastBolusTime":1704379704000,"time":"2024-01-04T18:07:33.999Z"}},{"iob":0.111,"basaliob":-0.031,"bolussnooze":0.0011,"activity":0.002,"lastBolusTime":1704379704000,"time":"2024-01-04T18:12:33.999Z","iobWithZeroTemp":{"iob":-0.553,"basaliob":-0.695,"bolussnooze":0.0011,"activity":-0.0039,"lastBolusTime":1704379704000,"time":"2024-01-04T18:12:33.999Z"}},{"iob":0.101,"basaliob":-0.029,"bolussnooze":8.0E-4,"activity":0.0018,"lastBolusTime":1704379704000,"time":"2024-01-04T18:17:33.999Z","iobWithZeroTemp":{"iob":-0.566,"basaliob":-0.696,"bolussnooze":8.0E-4,"activity":-0.0042,"lastBolusTime":1704379704000,"time":"2024-01-04T18:17:33.999Z"}},{"iob":0.093,"basaliob":-0.026,"bolussnooze":6.0E-4,"activity":0.0016,"lastBolusTime":1704379704000,"time":"2024-01-04T18:22:33.999Z","iobWithZeroTemp":{"iob":-0.577,"basaliob":-0.696,"bolussnooze":6.0E-4,"activity":-0.0045,"lastBolusTime":1704379704000,"time":"2024-01-04T18:22:33.999Z"}},{"iob":0.085,"basaliob":-0.024,"bolussnooze":5.0E-4,"activity":0.0015,"lastBolusTime":1704379704000,"time":"2024-01-04T18:27:33.999Z","iobWithZeroTemp":{"iob":-0.588,"basaliob":-0.697,"bolussnooze":5.0E-4,"activity":-0.0046,"lastBolusTime":1704379704000,"time":"2024-01-04T18:27:33.999Z"}},{"iob":0.078,"basaliob":-0.022,"bolussnooze":3.0E-4,"activity":0.0014,"lastBolusTime":1704379704000,"time":"2024-01-04T18:32:33.999Z","iobWithZeroTemp":{"iob":-0.598,"basaliob":-0.698,"bolussnooze":3.0E-4,"activity":-0.0047,"lastBolusTime":1704379704000,"time":"2024-01-04T18:32:33.999Z"}},{"iob":0.071,"basaliob":-0.02,"bolussnooze":3.0E-4,"activity":0.0012,"lastBolusTime":1704379704000,"time":"2024-01-04T18:37:33.999Z","iobWithZeroTemp":{"iob":-0.608,"basaliob":-0.699,"bolussnooze":3.0E-4,"activity":-0.005,"lastBolusTime":1704379704000,"time":"2024-01-04T18:37:33.999Z"}},{"iob":0.065,"basaliob":-0.018,"bolussnooze":2.0E-4,"activity":0.0012,"lastBolusTime":1704379704000,"time":"2024-01-04T18:42:33.999Z","iobWithZeroTemp":{"iob":-0.616,"basaliob":-0.699,"bolussnooze":2.0E-4,"activity":-0.005,"lastBolusTime":1704379704000,"time":"2024-01-04T18:42:33.999Z"}},{"iob":0.059,"basaliob":-0.017,"bolussnooze":1.0E-4,"activity":0.0011,"lastBolusTime":1704379704000,"time":"2024-01-04T18:47:33.999Z","iobWithZeroTemp":{"iob":-0.624,"basaliob":-0.7,"bolussnooze":1.0E-4,"activity":-0.0052,"lastBolusTime":1704379704000,"time":"2024-01-04T18:47:33.999Z"}}],"profile":{"max_iob":7,"type":"current","max_daily_basal":0.45,"max_basal":1.35,"min_bg":81.0000000000001,"max_bg":81.0000000000001,"target_bg":81.0000000000001,"carb_ratio":11,"sens":352.8,"max_daily_safety_multiplier":3,"current_basal_safety_multiplier":4,"lgsThreshold":65,"high_temptarget_raises_sensitivity":false,"low_temptarget_lowers_sensitivity":false,"sensitivity_raises_target":true,"resistance_lowers_target":true,"adv_target_adjustments":false,"exercise_mode":false,"half_basal_exercise_target":160,"maxCOB":120,"skip_neutral_temps":false,"remainingCarbsCap":90,"enableUAM":true,"A52_risk_enable":false,"SMBInterval":4,"enableSMB_with_COB":true,"enableSMB_with_temptarget":false,"allowSMB_with_high_temptarget":true,"enableSMB_always":true,"enableSMB_after_carbs":false,"maxSMBBasalMinutes":60,"maxUAMSMBBasalMinutes":60,"bolus_increment":0.05,"carbsReqThreshold":10,"current_basal":0.4,"temptargetSet":true,"autosens_max":1.2,"autosens_min":0.8,"out_units":"mmol\/L","variable_sens":162.6,"insulinDivisor":65,"TDD":8.220050958333335},"autosens_data":{"ratio":1.143209564205786},"meal_data":{"carbs":35,"mealCOB":25.229373015873026,"slopeFromMaxDeviation":-3.296333333333333,"slopeFromMinDeviation":4.941000000000001,"lastBolusTime":1704379704000,"lastCarbTime":1704376719000},"microBolusAllowed":true,"currentTime":1704379956155,"flatBGsDetected":false,"tdd1D":20.64108333333334,"tdd7D":22.492595238095245,"tddLast24H":25.71375,"tddLast4H":4.07,"tddLast8to4H":5.7},"output":{"temp":"absolute","bg":185,"tick":"+4","eventualBG":255,"targetBG":81.0000000000001,"insulinReq":0,"deliverAt":"2024-01-04T14:52:36.155Z","sensitivityRatio":1.143209564205786,"variable_sens":162.6,"predBGs":{"IOB":[185,185,184,181,177,172,166,159,151,141,131,119,105,92,77,62,45,39],"ZT":[185,172,158,143,128,112,95,78,58,39,39,39,39,39,39,39,39,39,39,39,39,39,39,39,39,39,39,39,39,39,39,39,39,39,39,39,39,39,39,39,39,39,39,39,39,39,39,39],"COB":[185,186,186,187,187,187,187,187,188,188,189,190,191,192,194,196,197,199,202,204,207,209,212,215,218,221,224,227,230,233,235,238,240,243,245,247,249,250,252,253,254,255,255,256,256,256,256,255],"UAM":[185,183,177,168,155,141,126,110,94,77,57,39,39]},"reason":"COB: 25.2, Dev: 4.8, BGI: -0.7, ISF: 9.0, CR: 11, Target: 4.5, minPredBG 3.6, minGuardBG 0.9, IOBpredBG 2.2, COBpredBG 14.2, UAMpredBG 2.2; minGuardBG 0.9<3.6","COB":25.229373015873026,"IOB":1.84,"duration":60,"rate":0,"timestamp":"2024-01-04T14:52:36.183Z"}}