{"algorithm":"OpenAPSSMBDynamicISFPlugin","input":{"glucoseStatus":{"glucose":186,"noise":0,"delta":-5,"short_avgdelta":-4.72,"long_avgdelta":0.86,"date":1704102723510},"currenttemp":{"temp":"absolute","duration":63,"rate":0,"minutesrunning":57},"iob_data":[{"iob":2.651,"basaliob":-0.692,"bolussnooze":1.3172,"activity":0.0279,"lastBolusTime":1704101308000,"time":"2024-01-01T09:52:22.866Z","iobWithZeroTemp":{"iob":2.651,"basaliob":-0.692,"bolussnooze":1.3172,"activity":0.0279,"lastBolusTime":1704101308000,"time":"2024-01-01T09:52:22.866Z"}},{"iob":2.513,"basaliob":-0.659,"bolussnooze":1.179,"activity":0.0273,"lastBolusTime":1704101308000,"time":"2024-01-01T09:57:22.866Z","iobWithZeroTemp":{"iob":2.486,"basaliob":-0.686,"bolussnooze":1.179,"activity":0.0273,"lastBolusTime":1704101308000,"time":"2024-01-01T09:57:22.866Z"}},{"iob":2.378,"basaliob":-0.627,"bolussnooze":1.049,"activity":0.0266,"lastBolusTime":1704101308000,"time":"2024-01-01T10:02:22.866Z","iobWithZeroTemp":{"iob":2.318,"basaliob":-0.687,"bolussnooze":1.049,"activity":0.0265,"lastBolusTime":1704101308000,"time":"2024-01-01T10:02:22.866Z"}},{"iob":2.247,"basaliob":-0.595,"bolussnooze":0.9283,"activity":0.0258,"lastBolusTime":1704101308000,"time":"2024-01-01T10:07:22.866Z","iobWithZeroTemp":{"iob":2.155,"basaliob":-0.687,"bolussnooze":0.9283,"activity":0.0256,"lastBolusTime":1704101308000,"time":"2024-01-01T10:07:22.866Z"}},{"iob":2.12,"basaliob":-0.564,"bolussnooze":0.8175,"activity":0.025,"lastBolusTime":1704101308000,"time":"2024-01-01T10:12:22.866Z","iobWithZeroTemp":{"iob":1.995,"basaliob":-0.689,"bolussnooze":0.8175,"activity":0.0247,"lastBolusTime":1704101308000,"time":"2024-01-01T10:12:22.866Z"}},{"iob":1.997,"basaliob":-0.534,"bolussnooze":0.7167,"activity":0.0241,"lastBolusTime":1704101308000,"time":"2024-01-01T10:17:22.866Z","iobWithZeroTemp":{"iob":1.841,"basaliob":-0.69,"bolussnooze":0.7167,"activity":0.0236,"lastBolusTime":1704101308000,"time":"2024-01-01T10:17:22.866Z"}},{"iob":1.879,"basaliob":-0.504,"bolussnooze":0.6258,"activity":0.0232,"lastBolusTime":1704101308000,"time":"2024-01-01T10:22:22.866Z","iobWithZeroTemp":{"iob":1.693,"basaliob":-0.69,"bolussnooze":0.6258,"activity":0.0225,"lastBolusTime":1704101308000,"time":"2024-01-01T10:22:22.866Z"}},{"iob":1.766,"basaliob":-0.475,"bolussnooze":0.5444,"activity":0.0222,"lastBolusTime":1704101308000,"time":"2024-01-01T10:27:22.866Z","iobWithZeroTemp":{"iob":1.55,"basaliob":-0.691,"bolussnooze":0.5444,"activity":0.0213,"lastBolusTime":1704101308000,"time":"2024-01-01T10:27:22.866Z"}},{"iob":1.657,"basaliob":-0.448,"bolussnooze":0.4719,"activity":0.0212,"lastBolusTime":1704101308000,"time":"2024-01-01T10:32:22.866Z","iobWithZeroTemp":{"iob":1.413,"basaliob":-0.692,"bolussnooze":0.4719,"activity":0.0201,"lastBolusTime":1704101308000,"time":"2024-01-01T10:32:22.866Z"}},{"iob":1.554,"basaliob":-0.421,"bolussnooze":0.4077,"activity":0.0202,"lastBolusTime":1704101308000,"time":"2024-01-01T10:37:22.866Z","iobWithZeroTemp":{"iob":1.282,"basaliob":-0.693,"bolussnooze":0.4077,"activity":0.0189,"lastBolusTime":1704101308000,"time":"2024-01-01T10:37:22.866Z"}},{"iob":1.454,"basaliob":-0.396,"bolussnooze":0.3511,"activity":0.0192,"lastBolusTime":1704101308000,"time":"2024-01-01T10:42:22.866Z","iobWithZeroTemp":{"iob":1.156,"basaliob":-0.694,"bolussnooze":0.3511,"activity":0.0177,"lastBolusTime":1704101308000,"time":"2024-01-01T10:42:22.866Z"}},{"iob":1.361,"basaliob":-0.371,"bolussnooze":0.3015,"activity":0.0183,"lastBolusTime":1704101308000,"time":"2024-01-01T10:47:22.866Z","iobWithZeroTemp":{"iob":1.038,"basaliob":-0.694,"bolussnooze":0.3015,"activity":0.0165,"lastBolusTime":1704101308000,"time":"2024-01-01T10:47:22.866Z"}},{"iob":1.272,"basaliob":-0.348,"bolussnooze":0.258,"activity":0.0174,"lastBolusTime":1704101308000,"time":"2024-01-01T10:52:22.866Z","iobWithZeroTemp":{"iob":0.925,"basaliob":-0.695,"bolussnooze":0.258,"activity":0.0154,"lastBolusTime":1704101308000,"time":"2024-01-01T10:52:22.866Z"}},{"iob":1.187,"basaliob":-0.326,"bolussnooze":0.2202,"activity":0.0164,"lastBolusTime":1704101308000,"time":"2024-01-01T10:57:22.866Z","iobWithZeroTemp":{"iob":0.817,"basaliob":-0.696,"bolussnooze":0.2202,"activity":0.0142,"lastBolusTime":1704101308000,"time":"2024-01-01T10:57:22.866Z"}},{"iob":1.107,"basaliob":-0.305,"bolussnooze":0.1874,"activity":0.0155,"lastBolusTime":1704101308000,"time":"2024-01-01T11:02:22.866Z","iobWithZeroTemp":{"iob":0.716,"basaliob":-0.696,"bolussnooze":0.1874,"activity":0.0131,"lastBolusTime":1704101308000,"time":"2024-01-01T11:02:22.866Z"}},{"iob":1.032,"basaliob":-0.285,"bolussnooze":0.1591,"activity":0.0146,"lastBolusTime":1704101308000,"time":"2024-01-01T11:07:22.866Z","iobWithZeroTemp":{"iob":0.62,"basaliob":-0.697,"bolussnooze":0.1591,"activity":0.0119,"lastBolusTime":1704101308000,"time":"2024-01-01T11:07:22.866Z"}},{"iob":0.961,"basaliob":-0.266,"bolussnooze":0.1346,"activity":0.0138,"lastBolusTime":1704101308000,"time":"2024-01-01T11:12:22.866Z","iobWithZeroTemp":{"iob":0.53,"basaliob":-0.697,"bolussnooze":0.1346,"activity":0.0109,"lastBolusTime":1704101308000,"time":"2024-01-01T11:12:22.866Z"}},{"iob":0.894,"basaliob":-0.248,"bolussnooze":0.1136,"activity":0.013,"lastBolusTime":1704101308000,"time":"2024-01-01T11:17:22.866Z","iobWithZeroTemp":{"iob":0.444,"basaliob":-0.698,"bolussnooze":0.1136,"activity":0.0099,"lastBolusTime":1704101308000,"time":"2024-01-01T11:17:22.866Z"}},{"iob":0.831,"basaliob":-0.231,"bolussnooze":0.0956,"activity":0.0122,"lastBolusTime":1704101308000,"time":"2024-01-01T11:22:22.866Z","iobWithZeroTemp":{"iob":0.364,"basaliob":-0.698,"bolussnooze":0.0956,"activity":0.0089,"lastBolusTime":1704101308000,"time":"2024-01-01T11:22:22.866Z"}},{"iob":0.772,"basaliob":-0.215,"bolussnooze":0.0801,"activity":0.0115,"lastBolusTime":1704101308000,"time":"2024-01-01T11:27:22.866Z","iobWithZeroTemp":{"iob":0.288,"basaliob":-0.699,"bolussnooze":0.0801,"activity":0.008,"lastBolusTime":1704101308000,"time":"2024-01-01T11:27:22.866Z"}},{"iob":0.717,"basaliob":-0.2,"bolussnooze":0.067,"activity":0.0108,"lastBolusTime":1704101308000,"time":"2024-01-01T11:32:22.866Z","iobWithZeroTemp":{"iob":0.218,"basaliob":-0.699,"bolussnooze":0.067,"activity":0.0071,"lastBolusTime":1704101308000,"time":"2024-01-01T11:32:22.866Z"}},{"iob":0.664,"basaliob":-0.186,"bolussnooze":0.0559,"activity":0.0101,"lastBolusTime":1704101308000,"time":"2024-01-01T11:37:22.866Z","iobWithZeroTemp":{"iob":0.15,"basaliob":-0.7,"bolussnooze":0.0559,"activity":0.0062,"lastBolusTime":1704101308000,"time":"2024-01-01T11:37:22.866Z"}},{"iob":0.615,"basaliob":-0.173,"bolussnooze":0.0464,"activity":0.0094,"lastBolusTime":1704101308000,"time":"2024-01-01T11:42:22.866Z","iobWithZeroTemp":{"iob":0.088,"basaliob":-0.7,"bolussnooze":0.0464,"activity":0.0054,"lastBolusTime":1704101308000,"time":"2024-01-01T11:42:22.866Z"}},{"iob":0.57,"basaliob":-0.16,"bolussnooze":0.0384,"activity":0.0088,"lastBolusTime":1704101308000,"time":"2024-01-01T11:47:22.866Z","iobWithZeroTemp":{"iob":0.03,"basaliob":-0.7,"bolussnooze":0.0384,"activity":0.0046,"lastBolusTime":1704101308000,"time":"2024-01-01T11:47:22.866Z"}},{"iob":0.528,"basaliob":-0.148,"bolussnooze":0.0317,"activity":0.0082,"lastBolusTime":1704101308000,"time":"2024-01-01T11:52:22.866Z","iobWithZeroTemp":{"iob":-0.024,"basaliob":-0.7,"bolussnooze":0.0317,"activity":0.0039,"lastBolusTime":1704101308000,"time":"2024-01-01T11:52:22.866Z"}},{"iob":0.488,"basaliob":-0.137,"bolussnooze":0.026,"activity":0.0077,"lastBolusTime":1704101308000,"time":"2024-01-01T11:57:22.866Z","iobWithZeroTemp":{"iob":-0.075,"basaliob":-0.7,"bolussnooze":0.026,"activity":0.0032,"lastBolusTime":1704101308000,"time":"2024-01-01T11:57:22.866Z"}},{"iob":0.451,"basaliob":-0.127,"bolussnooze":0.0213,"activity":0.0071,"lastBolusTime":1704101308000,"time":"2024-01-01T12:02:22.866Z","iobWithZeroTemp":{"iob":-0.123,"basaliob":-0.701,"bolussnooze":0.0213,"activity":0.0025,"lastBolusTime":1704101308000,"time":"2024-01-01T12:02:22.866Z"}},{"iob":0.416,"basaliob":-0.118,"bolussnooze":0.0174,"activity":0.0067,"lastBolusTime":1704101308000,"time":"2024-01-01T12:07:22.866Z","iobWithZeroTemp":{"iob":-0.168,"basaliob":-0.702,"bolussnooze":0.0174,"activity":0.0019,"lastBolusTime":1704101308000,"time":"2024-01-01T12:07:22.866Z"}},{"iob":0.384,"basaliob":-0.109,"bolussnooze":0.0141,"activity":0.0062,"lastBolusTime":1704101308000,"time":"2024-01-01T12:12:22.866Z","iobWithZeroTemp":{"iob":-0.209,"basaliob":-0.702,"bolussnooze":0.0141,"activity":0.0013,"lastBolusTime":1704101308000,"time":"2024-01-01T12:12:22.866Z"}},{"iob":0.354,"basaliob":-0.101,"bolussnooze":0.0114,"activity":0.0058,"lastBolusTime":1704101308000,"time":"2024-01-01T12:17:22.866Z","iobWithZeroTemp":{"iob":-0.247,"basaliob":-0.702,"bolussnooze":0.0114,"activity":8.0E-4,"lastBolusTime":1704101308000,"time":"2024-01-01T12:17:22.866Z"}},{"iob":0.326,"basaliob":-0.093,"bolussnooze":0.0091,"activity":0.0054,"lastBolusTime":1704101308000,"time":"2024-01-01T12:22:22.866Z","iobWithZeroTemp":{"iob":-0.283,"basaliob":-0.702,"bolussnooze":0.0091,"activity":3.0E-4,"lastBolusTime":1704101308000,"time":"2024-01-01T12:22:22.866Z"}},{"iob":0.3,"basaliob":-0.086,"bolussnooze":0.0073,"activity":0.005,"lastBolusTime":1704101308000,"time":"2024-01-01T12:27:22.866Z","iobWithZeroTemp":{"iob":-0.317,"basaliob":-0.703,"bolussnooze":0.0073,"activity":-2.0E-4,"lastBolusTime":1704101308000,"time":"2024-01-01T12:27:22.866Z"}},{"iob":0.276,"basaliob":-0.079,"bolussnooze":0.0058,"activity":0.0046,"lastBolusTime":1704101308000,"time":"2024-01-01T12:32:22.866Z","iobWithZeroTemp":{"iob":-0.348,"basaliob":-0.703,"bolussnooze":0.0058,"activity":-7.0E-4,"lastBolusTime":1704101308000,"time":"2024-01-01T12:32:22.866Z"}},{"iob":0.254,"basaliob":-0.073,"bolussnooze":0.0046,"activity":0.0043,"lastBolusTime":1704101308000,"time":"2024-01-01T12:37:22.866Z","iobWithZeroTemp":{"iob":-0.376,"basaliob":-0.703,"bolussnooze":0.0046,"activity":-0.0011,"lastBolusTime":1704101308000,"time":"2024-01-01T12:37:22.866Z"}},{"iob":0.233,"basaliob":-0.067,"bolussnooze":0.0036,"activity":0.004,"lastBolusTime":1704101308000,"time":"2024-01-01T12:42:22.866Z","iobWithZeroTemp":{"iob":-0.403,"basaliob":-0.703,"bolussnooze":0.0036,"activity":-0.0015,"lastBolusTime":1704101308000,"time":"2024-01-01T12:42:22.866Z"}},{"iob":0.214,"basaliob":-0.062,"bolussnooze":0.0028,"activity":0.0037,"lastBolusTime":1704101308000,"time":"2024-01-01T12:47:22.866Z","iobWithZeroTemp":{"iob":-0.428,"basaliob":-0.704,"bolussnooze":0.0028,"activity":-0.0019,"lastBolusTime":1704101308000,"time":"2024-01-01T12:47:22.866Z"}},{"iob":0.196,"basaliob":-0.057,"bolussnooze":0.0021,"activity":0.0034,"lastBolusTime":1704101308000,"time":"2024-01-01T12:52:22.866Z","iobWithZeroTemp":{"iob":-0.451,"basaliob":-0.704,"bolussnooze":0.0021,"activity":-0.0023,"lastBolusTime":1704101308000,"time":"2024-01-01T12:52:22.866Z"}},{"iob":0.18,"basaliob":-0.052,"bolussnooze":0.0016,"activity":0.0031,"lastBolusTime":1704101308000,"time":"2024-01-01T12:57:22.866Z","iobWithZeroTemp":{"iob":-0.471,"basaliob":-0.703,"bolussnooze":0.0016,"activity":-0.0027,"lastBolusTime":1704101308000,"time":"2024-01-01T12:57:22.866Z"}},{"iob":0.165,"basaliob":-0.048,"bolussnooze":0.0012,"activity":0.0029,"lastBolusTime":1704101308000,"time":"2024-01-01T13:02:22.866Z","iobWithZeroTemp":{"iob":-0.491,"basaliob":-0.704,"bolussnooze":0.0012,"activity":-0.0029,"lastBolusTime":1704101308000,"time":"2024-01-01T13:02:22.866Z"}},{"iob":0.151,"basaliob":-0.044,"bolussnooze":9.0E-4,"activity":0.0026,"lastBolusTime":1704101308000,"time":"2024-01-01T13:07:22.866Z","iobWithZeroTemp":{"iob":-0.509,"basaliob":-0.704,"bolussnooze":9.0E-4,"activity":-0.0033,"lastBolusTime":1704101308000,"time":"2024-01-01T13:07:22.866Z"}},{"iob":0.138,"basaliob":-0.04,"bolussnooze":7.0E-4,"activity":0.0025,"lastBolusTime":1704101308000,"time":"2024-01-01T13:12:22.866Z","iobWithZeroTemp":{"iob":-0.526,"basaliob":-0.704,"bolussnooze":7.0E-4,"activity":-0.0034,"lastBolusTime":1704101308000,"time":"2024-01-01T13:12:22.866Z"}},{"iob":0.126,"basaliob":-0.037,"bolussnooze":5.0E-4,"activity":0.0023,"lastBolusTime":1704101308000,"time":"2024-01-01T13:17:22.866Z","iobWithZeroTemp":{"iob":-0.541,"basaliob":-0.704,"bolussnooze":5.0E-4,"activity":-0.0037,"lastBolusTime":1704101308000,"time":"2024-01-01T13:17:22.866Z"}},{"iob":0.115,"basaliob":-0.034,"bolussnooze":3.0E-4,"activity":0.0021,"lastBolusTime":1704101308000,"time":"2024-01-01T13:22:22.866Z","iobWithZeroTemp":{"iob":-0.555,"basaliob":-0.704,"bolussnooze":3.0E-4,"activity":-0.004,"lastBolusTime":1704101308000,"time":"2024-01-01T13:22:22.866Z"}},{"iob":0.105,"basaliob":-0.031,"bolussnooze":2.0E-4,"activity":0.0019,"lastBolusTime":1704101308000,"time":"2024-01-01T13:27:22.866Z","iobWithZeroTemp":{"iob":-0.568,"basaliob":-0.704,"bolussnooze":2.0E-4,"activity":-0.0042,"lastBolusTime":1704101308000,"time":"2024-01-01T13:27:22.866Z"}},{"iob":0.096,"basaliob":-0.028,"bolussnooze":1.0E-4,"activity":0.0018,"lastBolusTime":1704101308000,"time":"2024-01-01T13:32:22.866Z","iobWithZeroTemp":{"iob":-0.58,"basaliob":-0.704,"bolussnooze":1.0E-4,"activity":-0.0043,"lastBolusTime":1704101308000,"time":"2024-01-01T13:32:22.866Z"}},{"iob":0.087,"basaliob":-0.026,"bolussnooze":1.0E-4,"activity":0.0016,"lastBolusTime":1704101308000,"time":"2024-01-01T13:37:22.866Z","iobWithZeroTemp":{"iob":-0.592,"basaliob":-0.705,"bolussnooze":1.0E-4,"activity":-0.0046,"lastBolusTime":1704101308000,"time":"2024-01-01T13:37:22.866Z"}},{"iob":0.08,"basaliob":-0.023,"bolussnooze":0,"activity":0.0015,"lastBolusTime":1704101308000,"time":"2024-01-01T13:42:22.866Z","iobWithZeroTemp":{"iob":-0.601,"basaliob":-0.704,"bolussnooze":0,"activity":-0.0047,"lastBolusTime":1704101308000,"time":"2024-01-01T13:42:22.866Z"}},{"iob":0.073,"basaliob":-0.021,"bolussnooze":0,"activity":0.0014,"lastBolusTime":1704101308000,"time":"2024-01-01T13:47:22.866Z","iobWithZeroTemp":{"iob":-0.61,"basaliob":-0.704,"bolussnooze":0,"activity":-0.0049,"lastBolusTime":1704101308000,"time":"2024-01-01T13:47:22.866Z"}}],"profile":{"max_iob":7,"type":"current","max_daily_basal":0.45,"max_basal":1.35,"min_bg":81.0000000000001,"max_bg":81.0000000000001,"target_bg":81.0000000000001,"carb_ratio":11,"sens":352.8,"max_daily_safety_multiplier":3,"current_basal_safety_multiplier":4,"lgsThreshold":65,"high_temptarget_raises_sensitivity":false,"low_temptarget_lowers_sensitivity":false,"sensitivity_raises_target":true,"resistance_lowers_target":true,"adv_target_adjustments":false,"exercise_mode":false,"half_basal_exercise_target":160,"maxCOB":120,"skip_neutral_temps":false,"remainingCarbsCap":90,"enableUAM":true,"A52_risk_enable":false,"SMBInterval":4,"enableSMB_with_COB":true,"enableSMB_with_temptarget":false,"allowSMB_with_high_temptarget":true,"enableSMB_always":true,"enableSMB_after_carbs":false,"maxSMBBasalMinutes":60,"maxUAMSMBBasalMinutes":60,"bolus_increment":0.05,"carbsReqThreshold":10,"current_basal":0.4,"temptargetSet":true,"autosens_max":1.2,"autosens_min":0.8,"out_units":"mmol\/L","variable_sens":130.5,"insulinDivisor":65,"TDD":10.208000791666667},"autosens_data":{"ratio":1.2895173082505897},"meal_data":{"carbs":80,"mealCOB":17.998360544217686,"slopeFromMaxDeviation":-5.882333333333335,"slopeFromMinDeviation":1.114857142857142,"lastBolusTime":1704101308000,"lastCarbTime":1704102489000},"microBolusAllowed":true,"currentTime":1704102745840,"flatBGsDetected":false,"tdd1D":21.848083333333335,"tdd7D":24.48151190476191,"tddLast24H":31.569333333333347,"tddLast4H":7.8466666666666685,"tddLast8to4H":4.640833333333333},"output":{"temp":"absolute","bg":186,"tick":-5,"eventualBG":48,"targetBG":81.0000000000001,"insulinReq":0,"deliverAt":"2024-01-01T09:52:25.840Z","sensitivityRatio":1.2895173082505897,"variable_sens":130.5,"predBGs":{"IOB":[186,180,173,165,155,145,133,121,106,90,72,51,39],"ZT":[186,168,149,129,109,87,62,39,39,39,39,39,39,39,39,39,39,39,39,39,39,39,39,39,39,39,39,39,39,39,39,39,39,39,39,39,39,39,39,39,39,39,39,39,39,39,39,39],"COB":[186,181,175,170,165,160,156,151,147,144,140,137,134,131,129,127,125,122,120,118,115,113,110,107,104,101,98,94,90,86,82,79,75,72,70,67,65,62,60,59,57,55,54,52,51,50,49,48],"UAM":[186,175,158,139,119,98,75,48,39,39,39,39,39]},"reason":"COB: 18, Dev: 4.4, BGI: -1.0, ISF: 7.3, CR: 11, Target: 4.5, minPredBG -21.6, minGuardBG -25.4, IOBpredBG 2.2, COBpredBG 2.7, UAMpredBG 2.2; minGuardBG -25.4<3.6","COB":17.998360544217686,"IOB":2.651,"duration":120,"rate":0,"timestamp":"2024-01-01T09:52:25.863Z"}}