{"algorithm":"OpenAPSSMBDynamicISFPlugin","input":{"glucoseStatus":{"glucose":175,"noise":0,"delta":2,"short_avgdelta":0.72,"long_avgdelta":-2.56,"date":1704461234920},"currenttemp":{"temp":"absolute","duration":20,"rate":0,"minutesrunning":40},"iob_data":[{"iob":2.476,"basaliob":-0.627,"bolussnooze":1.559,"activity":0.019,"lastBolusTime":1704460814000,"time":"2024-01-05T13:27:39.708Z","iobWithZeroTemp":{"iob":2.476,"basaliob":-0.627,"bolussnooze":1.559,"activity":0.019,"lastBolusTime":1704460814000,"time":"2024-01-05T13:27:39.708Z"}},{"iob":2.379,"basaliob":-0.599,"bolussnooze":1.4456,"activity":0.0196,"lastBolusTime":1704460814000,"time":"2024-01-05T13:32:39.708Z","iobWithZeroTemp":{"iob":2.352,"basaliob":-0.626,"bolussnooze":1.4456,"activity":0.0196,"lastBolusTime":1704460814000,"time":"2024-01-05T13:32:39.708Z"}},{"iob":2.28,"basaliob":-0.57,"bolussnooze":1.3254,"activity":0.02,"lastBolusTime":1704460814000,"time":"2024-01-05T13:37:39.708Z","iobWithZeroTemp":{"iob":2.22,"basaliob":-0.63,"bolussnooze":1.3254,"activity":0.0199,"lastBolusTime":1704460814000,"time":"2024-01-05T13:37:39.708Z"}},{"iob":2.179,"basaliob":-0.542,"bolussnooze":1.2038,"activity":0.0202,"lastBolusTime":1704460814000,"time":"2024-01-05T13:42:39.708Z","iobWithZeroTemp":{"iob":2.087,"basaliob":-0.634,"bolussnooze":1.2038,"activity":0.02,"lastBolusTime":1704460814000,"time":"2024-01-05T13:42:39.708Z"}},{"iob":2.079,"basaliob":-0.514,"bolussnooze":1.0848,"activity":0.0202,"lastBolusTime":1704460814000,"time":"2024-01-05T13:47:39.708Z","iobWithZeroTemp":{"iob":1.954,"basaliob":-0.639,"bolussnooze":1.0848,"activity":0.0199,"lastBolusTime":1704460814000,"time":"2024-01-05T13:47:39.708Z"}},{"iob":1.978,"basaliob":-0.487,"bolussnooze":0.9708,"activity":0.02,"lastBolusTime":1704460814000,"time":"2024-01-05T13:52:39.708Z","iobWithZeroTemp":{"iob":1.822,"basaliob":-0.643,"bolussnooze":0.9708,"activity":0.0195,"lastBolusTime":1704460814000,"time":"2024-01-05T13:52:39.708Z"}},{"iob":1.879,"basaliob":-0.46,"bolussnooze":0.8636,"activity":0.0197,"lastBolusTime":1704460814000,"time":"2024-01-05T13:57:39.708Z","iobWithZeroTemp":{"iob":1.693,"basaliob":-0.646,"bolussnooze":0.8636,"activity":0.019,"lastBolusTime":1704460814000,"time":"2024-01-05T13:57:39.708Z"}},{"iob":1.781,"basaliob":-0.435,"bolussnooze":0.7641,"activity":0.0193,"lastBolusTime":1704460814000,"time":"2024-01-05T14:02:39.708Z","iobWithZeroTemp":{"iob":1.565,"basaliob":-0.651,"bolussnooze":0.7641,"activity":0.0184,"lastBolusTime":1704460814000,"time":"2024-01-05T14:02:39.708Z"}},{"iob":1.685,"basaliob":-0.41,"bolussnooze":0.6729,"activity":0.0188,"lastBolusTime":1704460814000,"time":"2024-01-05T14:07:39.708Z","iobWithZeroTemp":{"iob":1.441,"basaliob":-0.654,"bolussnooze":0.6729,"activity":0.0177,"lastBolusTime":1704460814000,"time":"2024-01-05T14:07:39.708Z"}},{"iob":1.592,"basaliob":-0.386,"bolussnooze":0.5899,"activity":0.0183,"lastBolusTime":1704460814000,"time":"2024-01-05T14:12:39.708Z","iobWithZeroTemp":{"iob":1.32,"basaliob":-0.658,"bolussnooze":0.5899,"activity":0.017,"lastBolusTime":1704460814000,"time":"2024-01-05T14:12:39.708Z"}},{"iob":1.502,"basaliob":-0.363,"bolussnooze":0.5151,"activity":0.0177,"lastBolusTime":1704460814000,"time":"2024-01-05T14:17:39.708Z","iobWithZeroTemp":{"iob":1.204,"basaliob":-0.661,"bolussnooze":0.5151,"activity":0.0162,"lastBolusTime":1704460814000,"time":"2024-01-05T14:17:39.708Z"}},{"iob":1.416,"basaliob":-0.34,"bolussnooze":0.4482,"activity":0.0171,"lastBolusTime":1704460814000,"time":"2024-01-05T14:22:39.708Z","iobWithZeroTemp":{"iob":1.093,"basaliob":-0.663,"bolussnooze":0.4482,"activity":0.0153,"lastBolusTime":1704460814000,"time":"2024-01-05T14:22:39.708Z"}},{"iob":1.333,"basaliob":-0.319,"bolussnooze":0.3885,"activity":0.0164,"lastBolusTime":1704460814000,"time":"2024-01-05T14:27:39.708Z","iobWithZeroTemp":{"iob":0.986,"basaliob":-0.666,"bolussnooze":0.3885,"activity":0.0144,"lastBolusTime":1704460814000,"time":"2024-01-05T14:27:39.708Z"}},{"iob":1.252,"basaliob":-0.299,"bolussnooze":0.3357,"activity":0.0157,"lastBolusTime":1704460814000,"time":"2024-01-05T14:32:39.708Z","iobWithZeroTemp":{"iob":0.882,"basaliob":-0.669,"bolussnooze":0.3357,"activity":0.0135,"lastBolusTime":1704460814000,"time":"2024-01-05T14:32:39.708Z"}},{"iob":1.175,"basaliob":-0.28,"bolussnooze":0.2892,"activity":0.0151,"lastBolusTime":1704460814000,"time":"2024-01-05T14:37:39.708Z","iobWithZeroTemp":{"iob":0.784,"basaliob":-0.671,"bolussnooze":0.2892,"activity":0.0127,"lastBolusTime":1704460814000,"time":"2024-01-05T14:37:39.708Z"}},{"iob":1.102,"basaliob":-0.262,"bolussnooze":0.2483,"activity":0.0144,"lastBolusTime":1704460814000,"time":"2024-01-05T14:42:39.708Z","iobWithZeroTemp":{"iob":0.69,"basaliob":-0.674,"bolussnooze":0.2483,"activity":0.0117,"lastBolusTime":1704460814000,"time":"2024-01-05T14:42:39.708Z"}},{"iob":1.031,"basaliob":-0.245,"bolussnooze":0.2126,"activity":0.0136,"lastBolusTime":1704460814000,"time":"2024-01-05T14:47:39.708Z","iobWithZeroTemp":{"iob":0.6,"basaliob":-0.676,"bolussnooze":0.2126,"activity":0.0107,"lastBolusTime":1704460814000,"time":"2024-01-05T14:47:39.708Z"}},{"iob":0.966,"basaliob":-0.228,"bolussnooze":0.1815,"activity":0.0129,"lastBolusTime":1704460814000,"time":"2024-01-05T14:52:39.708Z","iobWithZeroTemp":{"iob":0.516,"basaliob":-0.678,"bolussnooze":0.1815,"activity":0.0098,"lastBolusTime":1704460814000,"time":"2024-01-05T14:52:39.708Z"}},{"iob":0.902,"basaliob":-0.213,"bolussnooze":0.1545,"activity":0.0123,"lastBolusTime":1704460814000,"time":"2024-01-05T14:57:39.708Z","iobWithZeroTemp":{"iob":0.435,"basaliob":-0.68,"bolussnooze":0.1545,"activity":0.009,"lastBolusTime":1704460814000,"time":"2024-01-05T14:57:39.708Z"}},{"iob":0.843,"basaliob":-0.198,"bolussnooze":0.1311,"activity":0.0117,"lastBolusTime":1704460814000,"time":"2024-01-05T15:02:39.708Z","iobWithZeroTemp":{"iob":0.359,"basaliob":-0.682,"bolussnooze":0.1311,"activity":0.0082,"lastBolusTime":1704460814000,"time":"2024-01-05T15:02:39.708Z"}},{"iob":0.786,"basaliob":-0.184,"bolussnooze":0.111,"activity":0.011,"lastBolusTime":1704460814000,"time":"2024-01-05T15:07:39.708Z","iobWithZeroTemp":{"iob":0.287,"basaliob":-0.683,"bolussnooze":0.111,"activity":0.0073,"lastBolusTime":1704460814000,"time":"2024-01-05T15:07:39.708Z"}},{"iob":0.733,"basaliob":-0.171,"bolussnooze":0.0937,"activity":0.0104,"lastBolusTime":1704460814000,"time":"2024-01-05T15:12:39.708Z","iobWithZeroTemp":{"iob":0.219,"basaliob":-0.685,"bolussnooze":0.0937,"activity":0.0065,"lastBolusTime":1704460814000,"time":"2024-01-05T15:12:39.708Z"}},{"iob":0.682,"basaliob":-0.159,"bolussnooze":0.0789,"activity":0.0097,"lastBolusTime":1704460814000,"time":"2024-01-05T15:17:39.708Z","iobWithZeroTemp":{"iob":0.155,"basaliob":-0.686,"bolussnooze":0.0789,"activity":0.0057,"lastBolusTime":1704460814000,"time":"2024-01-05T15:17:39.708Z"}},{"iob":0.635,"basaliob":-0.148,"bolussnooze":0.0662,"activity":0.0092,"lastBolusTime":1704460814000,"time":"2024-01-05T15:22:39.708Z","iobWithZeroTemp":{"iob":0.095,"basaliob":-0.688,"bolussnooze":0.0662,"activity":0.005,"lastBolusTime":1704460814000,"time":"2024-01-05T15:22:39.708Z"}},{"iob":0.59,"basaliob":-0.137,"bolussnooze":0.0554,"activity":0.0086,"lastBolusTime":1704460814000,"time":"2024-01-05T15:27:39.708Z","iobWithZeroTemp":{"iob":0.038,"basaliob":-0.689,"bolussnooze":0.0554,"activity":0.0043,"lastBolusTime":1704460814000,"time":"2024-01-05T15:27:39.708Z"}},{"iob":0.548,"basaliob":-0.127,"bolussnooze":0.0462,"activity":0.0082,"lastBolusTime":1704460814000,"time":"2024-01-05T15:32:39.708Z","iobWithZeroTemp":{"iob":-0.015,"basaliob":-0.69,"bolussnooze":0.0462,"activity":0.0037,"lastBolusTime":1704460814000,"time":"2024-01-05T15:32:39.708Z"}},{"iob":0.509,"basaliob":-0.118,"bolussnooze":0.0384,"activity":0.0076,"lastBolusTime":1704460814000,"time":"2024-01-05T15:37:39.708Z","iobWithZeroTemp":{"iob":-0.065,"basaliob":-0.692,"bolussnooze":0.0384,"activity":0.003,"lastBolusTime":1704460814000,"time":"2024-01-05T15:37:39.708Z"}},{"iob":0.472,"basaliob":-0.109,"bolussnooze":0.0318,"activity":0.0071,"lastBolusTime":1704460814000,"time":"2024-01-05T15:42:39.708Z","iobWithZeroTemp":{"iob":-0.112,"basaliob":-0.693,"bolussnooze":0.0318,"activity":0.0023,"lastBolusTime":1704460814000,"time":"2024-01-05T15:42:39.708Z"}},{"iob":0.437,"basaliob":-0.101,"bolussnooze":0.0262,"activity":0.0067,"lastBolusTime":1704460814000,"time":"2024-01-05T15:47:39.708Z","iobWithZeroTemp":{"iob":-0.156,"basaliob":-0.694,"bolussnooze":0.0262,"activity":0.0018,"lastBolusTime":1704460814000,"time":"2024-01-05T15:47:39.708Z"}},{"iob":0.405,"basaliob":-0.093,"bolussnooze":0.0216,"activity":0.0062,"lastBolusTime":1704460814000,"time":"2024-01-05T15:52:39.708Z","iobWithZeroTemp":{"iob":-0.196,"basaliob":-0.694,"bolussnooze":0.0216,"activity":0.0012,"lastBolusTime":1704460814000,"time":"2024-01-05T15:52:39.708Z"}},{"iob":0.375,"basaliob":-0.086,"bolussnooze":0.0177,"activity":0.0058,"lastBolusTime":1704460814000,"time":"2024-01-05T15:57:39.708Z","iobWithZeroTemp":{"iob":-0.234,"basaliob":-0.695,"bolussnooze":0.0177,"activity":7.0E-4,"lastBolusTime":1704460814000,"time":"2024-01-05T15:57:39.708Z"}},{"iob":0.347,"basaliob":-0.079,"bolussnooze":0.0144,"activity":0.0054,"lastBolusTime":1704460814000,"time":"2024-01-05T16:02:39.708Z","iobWithZeroTemp":{"iob":-0.27,"basaliob":-0.696,"bolussnooze":0.0144,"activity":2.0E-4,"lastBolusTime":1704460814000,"time":"2024-01-05T16:02:39.708Z"}},{"iob":0.32,"basaliob":-0.073,"bolussnooze":0.0117,"activity":0.0051,"lastBolusTime":1704460814000,"time":"2024-01-05T16:07:39.708Z","iobWithZeroTemp":{"iob":-0.304,"basaliob":-0.697,"bolussnooze":0.0117,"activity":-2.0E-4,"lastBolusTime":1704460814000,"time":"2024-01-05T16:07:39.708Z"}},{"iob":0.296,"basaliob":-0.067,"bolussnooze":0.0094,"activity":0.0047,"lastBolusTime":1704460814000,"time":"2024-01-05T16:12:39.708Z","iobWithZeroTemp":{"iob":-0.334,"basaliob":-0.697,"bolussnooze":0.0094,"activity":-7.0E-4,"lastBolusTime":1704460814000,"time":"2024-01-05T16:12:39.708Z"}},{"iob":0.273,"basaliob":-0.062,"bolussnooze":0.0076,"activity":0.0044,"lastBolusTime":1704460814000,"time":"2024-01-05T16:17:39.708Z","iobWithZeroTemp":{"iob":-0.363,"basaliob":-0.698,"bolussnooze":0.0076,"activity":-0.0011,"lastBolusTime":1704460814000,"time":"2024-01-05T16:17:39.708Z"}},{"iob":0.252,"basaliob":-0.057,"bolussnooze":0.006,"activity":0.0041,"lastBolusTime":1704460814000,"time":"2024-01-05T16:22:39.708Z","iobWithZeroTemp":{"iob":-0.39,"basaliob":-0.699,"bolussnooze":0.006,"activity":-0.0015,"lastBolusTime":1704460814000,"time":"2024-01-05T16:22:39.708Z"}},{"iob":0.231,"basaliob":-0.053,"bolussnooze":0.0048,"activity":0.0038,"lastBolusTime":1704460814000,"time":"2024-01-05T16:27:39.708Z","iobWithZeroTemp":{"iob":-0.416,"basaliob":-0.7,"bolussnooze":0.0048,"activity":-0.0019,"lastBolusTime":1704460814000,"time":"2024-01-05T16:27:39.708Z"}},{"iob":0.214,"basaliob":-0.048,"bolussnooze":0.0037,"activity":0.0036,"lastBolusTime":1704460814000,"time":"2024-01-05T16:32:39.708Z","iobWithZeroTemp":{"iob":-0.437,"basaliob":-0.699,"bolussnooze":0.0037,"activity":-0.0022,"lastBolusTime":1704460814000,"time":"2024-01-05T16:32:39.708Z"}},{"iob":0.197,"basaliob":-0.044,"bolussnooze":0.0029,"activity":0.0032,"lastBolusTime":1704460814000,"time":"2024-01-05T16:37:39.708Z","iobWithZeroTemp":{"iob":-0.459,"basaliob":-0.7,"bolussnooze":0.0029,"activity":-0.0026,"lastBolusTime":1704460814000,"time":"2024-01-05T16:37:39.708Z"}},{"iob":0.18,"basaliob":-0.041,"bolussnooze":0.0022,"activity":0.003,"lastBolusTime":1704460814000,"time":"2024-01-05T16:42:39.708Z","iobWithZeroTemp":{"iob":-0.48,"basaliob":-0.701,"bolussnooze":0.0022,"activity":-0.0029,"lastBolusTime":1704460814000,"time":"2024-01-05T16:42:39.708Z"}},{"iob":0.166,"basaliob":-0.037,"bolussnooze":0.0017,"activity":0.0029,"lastBolusTime":1704460814000,"time":"2024-01-05T16:47:39.708Z","iobWithZeroTemp":{"iob":-0.498,"basaliob":-0.701,"bolussnooze":0.0017,"activity":-0.003,"lastBolusTime":1704460814000,"time":"2024-01-05T16:47:39.708Z"}},{"iob":0.153,"basaliob":-0.034,"bolussnooze":0.0013,"activity":0.0026,"lastBolusTime":1704460814000,"time":"2024-01-05T16:52:39.708Z","iobWithZeroTemp":{"iob":-0.514,"basaliob":-0.701,"bolussnooze":0.0013,"activity":-0.0034,"lastBolusTime":1704460814000,"time":"2024-01-05T16:52:39.708Z"}},{"iob":0.14,"basaliob":-0.031,"bolussnooze":9.0E-4,"activity":0.0024,"lastBolusTime":1704460814000,"time":"2024-01-05T16:57:39.708Z","iobWithZeroTemp":{"iob":-0.53,"basaliob":-0.701,"bolussnooze":9.0E-4,"activity":-0.0037,"lastBolusTime":1704460814000,"time":"2024-01-05T16:57:39.708Z"}},{"iob":0.128,"basaliob":-0.029,"bolussnooze":7.0E-4,"activity":0.0022,"lastBolusTime":1704460814000,"time":"2024-01-05T17:02:39.708Z","iobWithZeroTemp":{"iob":-0.545,"basaliob":-0.702,"bolussnooze":7.0E-4,"activity":-0.0039,"lastBolusTime":1704460814000,"time":"2024-01-05T17:02:39.708Z"}},{"iob":0.118,"basaliob":-0.026,"bolussnooze":5.0E-4,"activity":0.002,"lastBolusTime":1704460814000,"time":"2024-01-05T17:07:39.708Z","iobWithZeroTemp":{"iob":-0.558,"basaliob":-0.702,"bolussnooze":5.0E-4,"activity":-0.0041,"lastBolusTime":1704460814000,"time":"2024-01-05T17:07:39.708Z"}},{"iob":0.107,"basaliob":-0.024,"bolussnooze":3.0E-4,"activity":0.0019,"lastBolusTime":1704460814000,"time":"2024-01-05T17:12:39.708Z","iobWithZeroTemp":{"iob":-0.571,"basaliob":-0.702,"bolussnooze":3.0E-4,"activity":-0.0043,"lastBolusTime":1704460814000,"time":"2024-01-05T17:12:39.708Z"}},{"iob":0.098,"basaliob":-0.022,"bolussnooze":2.0E-4,"activity":0.0018,"lastBolusTime":1704460814000,"time":"2024-01-05T17:17:39.708Z","iobWithZeroTemp":{"iob":-0.583,"basaliob":-0.703,"bolussnooze":2.0E-4,"activity":-0.0044,"lastBolusTime":1704460814000,"time":"2024-01-05T17:17:39.708Z"}},{"iob":0.09,"basaliob":-0.02,"bolussnooze":1.0E-4,"activity":0.0016,"lastBolusTime":1704460814000,"time":"2024-01-05T17:22:39.708Z","iobWithZeroTemp":{"iob":-0.593,"basaliob":-0.703,"bolussnooze":1.0E-4,"activity":-0.0047,"lastBolusTime":1704460814000,"time":"2024-01-05T17:22:39.708Z"}}],"profile":{"max_iob":7,"type":"current","max_daily_basal":0.45,"max_basal":1.35,"min_bg":81.0000000000001,"max_bg":81.0000000000001,"target_bg":81.0000000000001,"carb_ratio":11,"sens":352.8,"max_daily_safety_multiplier":3,"current_basal_safety_multiplier":4,"lgsThreshold":65,"high_temptarget_raises_sensitivity":false,"low_temptarget_lowers_sensitivity":false,"sensitivity_raises_target":true,"resistance_lowers_target":true,"adv_target_adjustments":false,"exercise_mode":false,"half_basal_exercise_target":160,"maxCOB":120,"skip_neutral_temps":false,"remainingCarbsCap":90,"enableUAM":true,"A52_risk_enable":false,"SMBInterval":4,"enableSMB_with_COB":true,"enableSMB_with_temptarget":false,"allowSMB_with_high_temptarget":true,"enableSMB_always":true,"enableSMB_after_carbs":false,"maxSMBBasalMinutes":60,"maxUAMSMBBasalMinutes":60,"bolus_increment":0.05,"carbsReqThreshold":10,"current_basal":0.4,"temptargetSet":true,"autosens_max":1.2,"autosens_min":0.8,"out_units":"mmol\/L","variable_sens":130.9,"insulinDivisor":65,"TDD":10.52633629166667},"autosens_data":{"ratio":1.243011469469709},"meal_data":{"carbs":65,"mealCOB":38.37559523809524,"slopeFromMaxDeviation":-0.327,"slopeFromMinDeviation":0.5008181818181818,"lastBolusTime":1704460814000,"lastCarbTime":1704460220000},"microBolusAllowed":true,"currentTime":1704461261956,"flatBGsDetected":false,"tdd1D":28.050416666666692,"tdd7D":23.609261904761915,"tddLast24H":29.346583333333328,"tddLast4H":7.073333333333333,"tddLast8to4H":5.029999999999999},"output":{"temp":"absolute","bg":175,"tick":"+2","eventualBG":307,"targetBG":81.0000000000001,"insulinReq":0.81,"deliverAt":"2024-01-05T13:27:41.956Z","sensitivityRatio":1.243011469469709,"variable_sens":130.9,"predBGs":{"IOB":[175,175,173,170,165,159,152,143,133,122,110,96,79,62,42,39],"ZT":[175,163,149,135,120,103,86,67,44,39,39,39,39,39,39,39,39,39,39,39,39,39,39,39,39,39,39,39,39,39,39,39,39,39,39,39,39,39,39,39,39,39,39,39,39,39,39,39],"COB":[175,176,177,179,181,183,186,189,193,198,203,210,217,225,234,244,255,267,277,287,296,304,312,318,324,329,333,336,338,340,340,339,338,335,332,329,327,324,322,320,318,316,314,312,311,310,308,307],"UAM":[175,175,175,174,173,171,168,166,163,160,157,154,151,147,144,141,137,134,131,128,124,121,118,114,111,108,104,101,97,93,90,86,82,77,73,68,64,59,54,49,45,40,39]},"reason":"COB: 38.4, Dev: 4.4, BGI: -0.7, ISF: 7.3, CR: 11, Target: 4.5, minPredBG 10.4, minGuardBG 6.1, IOBpredBG 2.2, COBpredBG 17.1, UAMpredBG 2.2; Eventual BG 17.1 >= 4.5,  insulinReq 0.81; maxBolus 0.4; setting 60m low temp of 0U\/h. Microbolusing 0.4U. ","COB":38.37559523809524,"IOB":2.476,"units":0.4,"rate":0,"duration":60,"timestamp":"2024-01-05T13:27:41.982Z"}}