{"algorithm":"OpenAPSSMBDynamicISFPlugin","input":{"glucoseStatus":{"glucose":207,"noise":0,"delta":3,"short_avgdelta":2.83,"long_avgdelta":4.9,"date":1704473840049},"currenttemp":{"temp":"absolute","duration":30,"rate":0,"minutesrunning":30},"iob_data":[{"iob":3.838,"basaliob":-0.678,"bolussnooze":1.5044,"activity":0.0295,"lastBolusTime":1704473563000,"time":"2024-01-05T16:57:37.739Z","iobWithZeroTemp":{"iob":3.838,"basaliob":-0.678,"bolussnooze":1.5044,"activity":0.0295,"lastBolusTime":1704473563000,"time":"2024-01-05T16:57:37.739Z"}},{"iob":3.688,"basaliob":-0.646,"bolussnooze":1.4008,"activity":0.0305,"lastBolusTime":1704473563000,"time":"2024-01-05T17:02:37.739Z","iobWithZeroTemp":{"iob":3.661,"basaliob":-0.673,"bolussnooze":1.4008,"activity":0.0305,"lastBolusTime":1704473563000,"time":"2024-01-05T17:02:37.739Z"}},{"iob":3.534,"basaliob":-0.614,"bolussnooze":1.2886,"activity":0.0311,"lastBolusTime":1704473563000,"time":"2024-01-05T17:07:37.739Z","iobWithZeroTemp":{"iob":3.474,"basaliob":-0.674,"bolussnooze":1.2886,"activity":0.031,"lastBolusTime":1704473563000,"time":"2024-01-05T17:07:37.739Z"}},{"iob":3.377,"basaliob":-0.583,"bolussnooze":1.1737,"activity":0.0314,"lastBolusTime":1704473563000,"time":"2024-01-05T17:12:37.739Z","iobWithZeroTemp":{"iob":3.285,"basaliob":-0.675,"bolussnooze":1.1737,"activity":0.0312,"lastBolusTime":1704473563000,"time":"2024-01-05T17:12:37.739Z"}},{"iob":3.221,"basaliob":-0.552,"bolussnooze":1.0601,"activity":0.0313,"lastBolusTime":1704473563000,"time":"2024-01-05T17:17:37.739Z","iobWithZeroTemp":{"iob":3.096,"basaliob":-0.677,"bolussnooze":1.0601,"activity":0.031,"lastBolusTime":1704473563000,"time":"2024-01-05T17:17:37.739Z"}},{"iob":3.065,"basaliob":-0.522,"bolussnooze":0.9506,"activity":0.0311,"lastBolusTime":1704473563000,"time":"2024-01-05T17:22:37.739Z","iobWithZeroTemp":{"iob":2.909,"basaliob":-0.678,"bolussnooze":0.9506,"activity":0.0306,"lastBolusTime":1704473563000,"time":"2024-01-05T17:22:37.739Z"}},{"iob":2.91,"basaliob":-0.493,"bolussnooze":0.8471,"activity":0.0306,"lastBolusTime":1704473563000,"time":"2024-01-05T17:27:37.739Z","iobWithZeroTemp":{"iob":2.724,"basaliob":-0.679,"bolussnooze":0.8471,"activity":0.0299,"lastBolusTime":1704473563000,"time":"2024-01-05T17:27:37.739Z"}},{"iob":2.759,"basaliob":-0.465,"bolussnooze":0.7506,"activity":0.03,"lastBolusTime":1704473563000,"time":"2024-01-05T17:32:37.739Z","iobWithZeroTemp":{"iob":2.543,"basaliob":-0.681,"bolussnooze":0.7506,"activity":0.0291,"lastBolusTime":1704473563000,"time":"2024-01-05T17:32:37.739Z"}},{"iob":2.612,"basaliob":-0.437,"bolussnooze":0.6618,"activity":0.0292,"lastBolusTime":1704473563000,"time":"2024-01-05T17:37:37.739Z","iobWithZeroTemp":{"iob":2.368,"basaliob":-0.681,"bolussnooze":0.6618,"activity":0.0281,"lastBolusTime":1704473563000,"time":"2024-01-05T17:37:37.739Z"}},{"iob":2.468,"basaliob":-0.411,"bolussnooze":0.5809,"activity":0.0284,"lastBolusTime":1704473563000,"time":"2024-01-05T17:42:37.739Z","iobWithZeroTemp":{"iob":2.196,"basaliob":-0.683,"bolussnooze":0.5809,"activity":0.0271,"lastBolusTime":1704473563000,"time":"2024-01-05T17:42:37.739Z"}},{"iob":2.328,"basaliob":-0.386,"bolussnooze":0.5078,"activity":0.0274,"lastBolusTime":1704473563000,"time":"2024-01-05T17:47:37.739Z","iobWithZeroTemp":{"iob":2.03,"basaliob":-0.684,"bolussnooze":0.5078,"activity":0.0259,"lastBolusTime":1704473563000,"time":"2024-01-05T17:47:37.739Z"}},{"iob":2.194,"basaliob":-0.362,"bolussnooze":0.4422,"activity":0.0264,"lastBolusTime":1704473563000,"time":"2024-01-05T17:52:37.739Z","iobWithZeroTemp":{"iob":1.871,"basaliob":-0.685,"bolussnooze":0.4422,"activity":0.0246,"lastBolusTime":1704473563000,"time":"2024-01-05T17:52:37.739Z"}},{"iob":2.064,"basaliob":-0.339,"bolussnooze":0.3836,"activity":0.0254,"lastBolusTime":1704473563000,"time":"2024-01-05T17:57:37.739Z","iobWithZeroTemp":{"iob":1.717,"basaliob":-0.686,"bolussnooze":0.3836,"activity":0.0234,"lastBolusTime":1704473563000,"time":"2024-01-05T17:57:37.739Z"}},{"iob":1.939,"basaliob":-0.318,"bolussnooze":0.3317,"activity":0.0244,"lastBolusTime":1704473563000,"time":"2024-01-05T18:02:37.739Z","iobWithZeroTemp":{"iob":1.569,"basaliob":-0.688,"bolussnooze":0.3317,"activity":0.0222,"lastBolusTime":1704473563000,"time":"2024-01-05T18:02:37.739Z"}},{"iob":1.82,"basaliob":-0.297,"bolussnooze":0.2859,"activity":0.0233,"lastBolusTime":1704473563000,"time":"2024-01-05T18:07:37.739Z","iobWithZeroTemp":{"iob":1.429,"basaliob":-0.688,"bolussnooze":0.2859,"activity":0.0209,"lastBolusTime":1704473563000,"time":"2024-01-05T18:07:37.739Z"}},{"iob":1.707,"basaliob":-0.277,"bolussnooze":0.2457,"activity":0.0222,"lastBolusTime":1704473563000,"time":"2024-01-05T18:12:37.739Z","iobWithZeroTemp":{"iob":1.295,"basaliob":-0.689,"bolussnooze":0.2457,"activity":0.0195,"lastBolusTime":1704473563000,"time":"2024-01-05T18:12:37.739Z"}},{"iob":1.598,"basaliob":-0.259,"bolussnooze":0.2105,"activity":0.0211,"lastBolusTime":1704473563000,"time":"2024-01-05T18:17:37.739Z","iobWithZeroTemp":{"iob":1.167,"basaliob":-0.69,"bolussnooze":0.2105,"activity":0.0182,"lastBolusTime":1704473563000,"time":"2024-01-05T18:17:37.739Z"}},{"iob":1.496,"basaliob":-0.241,"bolussnooze":0.1798,"activity":0.0201,"lastBolusTime":1704473563000,"time":"2024-01-05T18:22:37.739Z","iobWithZeroTemp":{"iob":1.046,"basaliob":-0.691,"bolussnooze":0.1798,"activity":0.017,"lastBolusTime":1704473563000,"time":"2024-01-05T18:22:37.739Z"}},{"iob":1.397,"basaliob":-0.225,"bolussnooze":0.1531,"activity":0.019,"lastBolusTime":1704473563000,"time":"2024-01-05T18:27:37.739Z","iobWithZeroTemp":{"iob":0.93,"basaliob":-0.692,"bolussnooze":0.1531,"activity":0.0157,"lastBolusTime":1704473563000,"time":"2024-01-05T18:27:37.739Z"}},{"iob":1.305,"basaliob":-0.209,"bolussnooze":0.1301,"activity":0.018,"lastBolusTime":1704473563000,"time":"2024-01-05T18:32:37.739Z","iobWithZeroTemp":{"iob":0.821,"basaliob":-0.693,"bolussnooze":0.1301,"activity":0.0145,"lastBolusTime":1704473563000,"time":"2024-01-05T18:32:37.739Z"}},{"iob":1.217,"basaliob":-0.195,"bolussnooze":0.1102,"activity":0.0171,"lastBolusTime":1704473563000,"time":"2024-01-05T18:37:37.739Z","iobWithZeroTemp":{"iob":0.718,"basaliob":-0.694,"bolussnooze":0.1102,"activity":0.0134,"lastBolusTime":1704473563000,"time":"2024-01-05T18:37:37.739Z"}},{"iob":1.134,"basaliob":-0.181,"bolussnooze":0.093,"activity":0.016,"lastBolusTime":1704473563000,"time":"2024-01-05T18:42:37.739Z","iobWithZeroTemp":{"iob":0.62,"basaliob":-0.695,"bolussnooze":0.093,"activity":0.0121,"lastBolusTime":1704473563000,"time":"2024-01-05T18:42:37.739Z"}},{"iob":1.056,"basaliob":-0.168,"bolussnooze":0.0783,"activity":0.0152,"lastBolusTime":1704473563000,"time":"2024-01-05T18:47:37.739Z","iobWithZeroTemp":{"iob":0.529,"basaliob":-0.695,"bolussnooze":0.0783,"activity":0.0112,"lastBolusTime":1704473563000,"time":"2024-01-05T18:47:37.739Z"}},{"iob":0.983,"basaliob":-0.156,"bolussnooze":0.0658,"activity":0.0142,"lastBolusTime":1704473563000,"time":"2024-01-05T18:52:37.739Z","iobWithZeroTemp":{"iob":0.443,"basaliob":-0.696,"bolussnooze":0.0658,"activity":0.01,"lastBolusTime":1704473563000,"time":"2024-01-05T18:52:37.739Z"}},{"iob":0.914,"basaliob":-0.144,"bolussnooze":0.0551,"activity":0.0134,"lastBolusTime":1704473563000,"time":"2024-01-05T18:57:37.739Z","iobWithZeroTemp":{"iob":0.362,"basaliob":-0.696,"bolussnooze":0.0551,"activity":0.0091,"lastBolusTime":1704473563000,"time":"2024-01-05T18:57:37.739Z"}},{"iob":0.849,"basaliob":-0.134,"bolussnooze":0.046,"activity":0.0125,"lastBolusTime":1704473563000,"time":"2024-01-05T19:02:37.739Z","iobWithZeroTemp":{"iob":0.286,"basaliob":-0.697,"bolussnooze":0.046,"activity":0.008,"lastBolusTime":1704473563000,"time":"2024-01-05T19:02:37.739Z"}},{"iob":0.788,"basaliob":-0.124,"bolussnooze":0.0382,"activity":0.0118,"lastBolusTime":1704473563000,"time":"2024-01-05T19:07:37.739Z","iobWithZeroTemp":{"iob":0.214,"basaliob":-0.698,"bolussnooze":0.0382,"activity":0.0072,"lastBolusTime":1704473563000,"time":"2024-01-05T19:07:37.739Z"}},{"iob":0.731,"basaliob":-0.114,"bolussnooze":0.0317,"activity":0.0111,"lastBolusTime":1704473563000,"time":"2024-01-05T19:12:37.739Z","iobWithZeroTemp":{"iob":0.147,"basaliob":-0.698,"bolussnooze":0.0317,"activity":0.0063,"lastBolusTime":1704473563000,"time":"2024-01-05T19:12:37.739Z"}},{"iob":0.677,"basaliob":-0.106,"bolussnooze":0.0262,"activity":0.0103,"lastBolusTime":1704473563000,"time":"2024-01-05T19:17:37.739Z","iobWithZeroTemp":{"iob":0.084,"basaliob":-0.699,"bolussnooze":0.0262,"activity":0.0054,"lastBolusTime":1704473563000,"time":"2024-01-05T19:17:37.739Z"}},{"iob":0.627,"basaliob":-0.098,"bolussnooze":0.0216,"activity":0.0096,"lastBolusTime":1704473563000,"time":"2024-01-05T19:22:37.739Z","iobWithZeroTemp":{"iob":0.026,"basaliob":-0.699,"bolussnooze":0.0216,"activity":0.0046,"lastBolusTime":1704473563000,"time":"2024-01-05T19:22:37.739Z"}},{"iob":0.58,"basaliob":-0.09,"bolussnooze":0.0177,"activity":0.009,"lastBolusTime":1704473563000,"time":"2024-01-05T19:27:37.739Z","iobWithZeroTemp":{"iob":-0.029,"basaliob":-0.699,"bolussnooze":0.0177,"activity":0.0039,"lastBolusTime":1704473563000,"time":"2024-01-05T19:27:37.739Z"}},{"iob":0.537,"basaliob":-0.083,"bolussnooze":0.0145,"activity":0.0084,"lastBolusTime":1704473563000,"time":"2024-01-05T19:32:37.739Z","iobWithZeroTemp":{"iob":-0.08,"basaliob":-0.7,"bolussnooze":0.0145,"activity":0.0032,"lastBolusTime":1704473563000,"time":"2024-01-05T19:32:37.739Z"}},{"iob":0.495,"basaliob":-0.077,"bolussnooze":0.0118,"activity":0.0078,"lastBolusTime":1704473563000,"time":"2024-01-05T19:37:37.739Z","iobWithZeroTemp":{"iob":-0.129,"basaliob":-0.701,"bolussnooze":0.0118,"activity":0.0025,"lastBolusTime":1704473563000,"time":"2024-01-05T19:37:37.739Z"}},{"iob":0.457,"basaliob":-0.071,"bolussnooze":0.0095,"activity":0.0073,"lastBolusTime":1704473563000,"time":"2024-01-05T19:42:37.739Z","iobWithZeroTemp":{"iob":-0.173,"basaliob":-0.701,"bolussnooze":0.0095,"activity":0.0019,"lastBolusTime":1704473563000,"time":"2024-01-05T19:42:37.739Z"}},{"iob":0.422,"basaliob":-0.065,"bolussnooze":0.0077,"activity":0.0068,"lastBolusTime":1704473563000,"time":"2024-01-05T19:47:37.739Z","iobWithZeroTemp":{"iob":-0.214,"basaliob":-0.701,"bolussnooze":0.0077,"activity":0.0013,"lastBolusTime":1704473563000,"time":"2024-01-05T19:47:37.739Z"}},{"iob":0.389,"basaliob":-0.06,"bolussnooze":0.0061,"activity":0.0064,"lastBolusTime":1704473563000,"time":"2024-01-05T19:52:37.739Z","iobWithZeroTemp":{"iob":-0.253,"basaliob":-0.702,"bolussnooze":0.0061,"activity":8.0E-4,"lastBolusTime":1704473563000,"time":"2024-01-05T19:52:37.739Z"}},{"iob":0.359,"basaliob":-0.055,"bolussnooze":0.0049,"activity":0.0059,"lastBolusTime":1704473563000,"time":"2024-01-05T19:57:37.739Z","iobWithZeroTemp":{"iob":-0.288,"basaliob":-0.702,"bolussnooze":0.0049,"activity":2.0E-4,"lastBolusTime":1704473563000,"time":"2024-01-05T19:57:37.739Z"}},{"iob":0.331,"basaliob":-0.05,"bolussnooze":0.0039,"activity":0.0054,"lastBolusTime":1704473563000,"time":"2024-01-05T20:02:37.739Z","iobWithZeroTemp":{"iob":-0.32,"basaliob":-0.701,"bolussnooze":0.0039,"activity":-4.0E-4,"lastBolusTime":1704473563000,"time":"2024-01-05T20:02:37.739Z"}},{"iob":0.304,"basaliob":-0.046,"bolussnooze":0.003,"activity":0.0051,"lastBolusTime":1704473563000,"time":"2024-01-05T20:07:37.739Z","iobWithZeroTemp":{"iob":-0.352,"basaliob":-0.702,"bolussnooze":0.003,"activity":-7.0E-4,"lastBolusTime":1704473563000,"time":"2024-01-05T20:07:37.739Z"}},{"iob":0.28,"basaliob":-0.042,"bolussnooze":0.0023,"activity":0.0048,"lastBolusTime":1704473563000,"time":"2024-01-05T20:12:37.739Z","iobWithZeroTemp":{"iob":-0.38,"basaliob":-0.702,"bolussnooze":0.0023,"activity":-0.0011,"lastBolusTime":1704473563000,"time":"2024-01-05T20:12:37.739Z"}},{"iob":0.257,"basaliob":-0.039,"bolussnooze":0.0018,"activity":0.0044,"lastBolusTime":1704473563000,"time":"2024-01-05T20:17:37.739Z","iobWithZeroTemp":{"iob":-0.407,"basaliob":-0.703,"bolussnooze":0.0018,"activity":-0.0015,"lastBolusTime":1704473563000,"time":"2024-01-05T20:17:37.739Z"}},{"iob":0.235,"basaliob":-0.036,"bolussnooze":0.0014,"activity":0.0041,"lastBolusTime":1704473563000,"time":"2024-01-05T20:22:37.739Z","iobWithZeroTemp":{"iob":-0.432,"basaliob":-0.703,"bolussnooze":0.0014,"activity":-0.0019,"lastBolusTime":1704473563000,"time":"2024-01-05T20:22:37.739Z"}},{"iob":0.216,"basaliob":-0.033,"bolussnooze":0.001,"activity":0.0037,"lastBolusTime":1704473563000,"time":"2024-01-05T20:27:37.739Z","iobWithZeroTemp":{"iob":-0.454,"basaliob":-0.703,"bolussnooze":0.001,"activity":-0.0024,"lastBolusTime":1704473563000,"time":"2024-01-05T20:27:37.739Z"}},{"iob":0.198,"basaliob":-0.03,"bolussnooze":8.0E-4,"activity":0.0035,"lastBolusTime":1704473563000,"time":"2024-01-05T20:32:37.739Z","iobWithZeroTemp":{"iob":-0.475,"basaliob":-0.703,"bolussnooze":8.0E-4,"activity":-0.0026,"lastBolusTime":1704473563000,"time":"2024-01-05T20:32:37.739Z"}},{"iob":0.182,"basaliob":-0.027,"bolussnooze":6.0E-4,"activity":0.0032,"lastBolusTime":1704473563000,"time":"2024-01-05T20:37:37.739Z","iobWithZeroTemp":{"iob":-0.494,"basaliob":-0.703,"bolussnooze":6.0E-4,"activity":-0.0029,"lastBolusTime":1704473563000,"time":"2024-01-05T20:37:37.739Z"}},{"iob":0.166,"basaliob":-0.025,"bolussnooze":4.0E-4,"activity":0.0029,"lastBolusTime":1704473563000,"time":"2024-01-05T20:42:37.739Z","iobWithZeroTemp":{"iob":-0.512,"basaliob":-0.703,"bolussnooze":4.0E-4,"activity":-0.0033,"lastBolusTime":1704473563000,"time":"2024-01-05T20:42:37.739Z"}},{"iob":0.152,"basaliob":-0.023,"bolussnooze":3.0E-4,"activity":0.0027,"lastBolusTime":1704473563000,"time":"2024-01-05T20:47:37.739Z","iobWithZeroTemp":{"iob":-0.529,"basaliob":-0.704,"bolussnooze":3.0E-4,"activity":-0.0035,"lastBolusTime":1704473563000,"time":"2024-01-05T20:47:37.739Z"}},{"iob":0.139,"basaliob":-0.021,"bolussnooze":2.0E-4,"activity":0.0025,"lastBolusTime":1704473563000,"time":"2024-01-05T20:52:37.739Z","iobWithZeroTemp":{"iob":-0.544,"basaliob":-0.704,"bolussnooze":2.0E-4,"activity":-0.0038,"lastBolusTime":1704473563000,"time":"2024-01-05T20:52:37.739Z"}}],"profile":{"max_iob":7,"type":"current","max_daily_basal":0.45,"max_basal":1.35,"min_bg":81.0000000000001,"max_bg":81.0000000000001,"target_bg":81.0000000000001,"carb_ratio":11,"sens":352.8,"max_daily_safety_multiplier":3,"current_basal_safety_multiplier":4,"lgsThreshold":65,"high_temptarget_raises_sensitivity":false,"low_temptarget_lowers_sensitivity":false,"sensitivity_raises_target":true,"resistance_lowers_target":true,"adv_target_adjustments":false,"exercise_mode":false,"half_basal_exercise_target":160,"maxCOB":120,"skip_neutral_temps":false,"remainingCarbsCap":90,"enableUAM":true,"A52_risk_enable":false,"SMBInterval":4,"enableSMB_with_COB":true,"enableSMB_with_temptarget":false,"allowSMB_with_high_temptarget":true,"enableSMB_always":true,"enableSMB_after_carbs":false,"maxSMBBasalMinutes":60,"maxUAMSMBBasalMinutes":60,"bolus_increment":0.05,"carbsReqThreshold":10,"current_basal":0.4,"temptargetSet":true,"autosens_max":1.2,"autosens_min":0.8,"out_units":"mmol\/L","variable_sens":110,"insulinDivisor":65,"TDD":11.43370429166667},"autosens_data":{"ratio":1.2752022259222313},"meal_data":{"carbs":87,"mealCOB":52.819041950113366,"slopeFromMaxDeviation":-0.9562500000000007,"slopeFromMinDeviation":1.5369999999999997,"lastBolusTime":1704473563000,"lastCarbTime":1704473564451},"microBolusAllowed":true,"currentTime":1704473859968,"flatBGsDetected":false,"tdd1D":28.050416666666692,"tdd7D":23.609261904761915,"tddLast24H":30.106583333333333,"tddLast4H":8.496666666666666,"tddLast8to4H":6.073333333333333},"output":{"temp":"absolute","bg":207,"tick":"+3","eventualBG":312,"targetBG":81.0000000000001,"insulinReq":0,"deliverAt":"2024-01-05T16:57:39.968Z","sensitivityRatio":1.2752022259222313,"variable_sens":110,"predBGs":{"IOB":[207,208,207,204,200,193,185,175,163,150,134,117,96,74,49,39],"ZT":[207,191,173,154,134,113,89,61,39,39,39,39,39,39,39,39,39,39,39,39,39,39,39,39,39,39,39,39,39,39,39,39,39,39,39,39,39,39,39,39,39,39,39,39,39,39,39,39],"COB":[207,210,213,215,217,220,223,226,230,235,240,246,252,260,268,277,286,296,306,314,322,329,335,341,346,349,353,355,356,356,356,354,352,348,344,340,337,334,331,328,325,323,320,318,316,315,313,312],"UAM":[207,209,209,208,206,203,199,194,189,182,175,167,158,148,137,126,113,99,84,67,47,39]},"reason":"COB: 52.8, Dev: 6.3, BGI: -0.9, ISF: 6.1, CR: 11, Target: 4.5, minPredBG 3.3, minGuardBG -0.1, IOBpredBG 2.2, COBpredBG 17.3, UAMpredBG 2.2; minGuardBG -0.1<3.6","COB":52.819041950113366,"IOB":3.838,"duration":120,"rate":0,"timestamp":"2024-01-05T16:57:39.992Z"}}