{"algorithm":"OpenAPSSMBDynamicISFPlugin","input":{"glucoseStatus":{"glucose":129,"noise":0,"delta":-10,"short_avgdelta":-9.17,"long_avgdelta":-7.3,"date":1704307627641},"currenttemp":{"temp":"absolute","duration":65,"rate":0,"minutesrunning":55},"iob_data":[{"iob":2.268,"basaliob":-0.682,"bolussnooze":0.9792,"activity":0.0223,"lastBolusTime":1704306908000,"time":"2024-01-03T18:47:32.727Z","iobWithZeroTemp":{"iob":2.268,"basaliob":-0.682,"bolussnooze":0.9792,"activity":0.0223,"lastBolusTime":1704306908000,"time":"2024-01-03T18:47:32.727Z"}},{"iob":2.157,"basaliob":-0.651,"bolussnooze":0.9114,"activity":0.022,"lastBolusTime":1704306908000,"time":"2024-01-03T18:52:32.727Z","iobWithZeroTemp":{"iob":2.13,"basaliob":-0.678,"bolussnooze":0.9114,"activity":0.022,"lastBolusTime":1704306908000,"time":"2024-01-03T18:52:32.727Z"}},{"iob":2.048,"basaliob":-0.619,"bolussnooze":0.8382,"activity":0.0217,"lastBolusTime":1704306908000,"time":"2024-01-03T18:57:32.727Z","iobWithZeroTemp":{"iob":1.988,"basaliob":-0.679,"bolussnooze":0.8382,"activity":0.0216,"lastBolusTime":1704306908000,"time":"2024-01-03T18:57:32.727Z"}},{"iob":1.941,"basaliob":-0.588,"bolussnooze":0.7633,"activity":0.0213,"lastBolusTime":1704306908000,"time":"2024-01-03T19:02:32.727Z","iobWithZeroTemp":{"iob":1.849,"basaliob":-0.68,"bolussnooze":0.7633,"activity":0.0211,"lastBolusTime":1704306908000,"time":"2024-01-03T19:02:32.727Z"}},{"iob":1.836,"basaliob":-0.558,"bolussnooze":0.6894,"activity":0.0207,"lastBolusTime":1704306908000,"time":"2024-01-03T19:07:32.727Z","iobWithZeroTemp":{"iob":1.711,"basaliob":-0.683,"bolussnooze":0.6894,"activity":0.0204,"lastBolusTime":1704306908000,"time":"2024-01-03T19:07:32.727Z"}},{"iob":1.734,"basaliob":-0.528,"bolussnooze":0.6181,"activity":0.02,"lastBolusTime":1704306908000,"time":"2024-01-03T19:12:32.727Z","iobWithZeroTemp":{"iob":1.578,"basaliob":-0.684,"bolussnooze":0.6181,"activity":0.0195,"lastBolusTime":1704306908000,"time":"2024-01-03T19:12:32.727Z"}},{"iob":1.635,"basaliob":-0.499,"bolussnooze":0.5508,"activity":0.0194,"lastBolusTime":1704306908000,"time":"2024-01-03T19:17:32.727Z","iobWithZeroTemp":{"iob":1.449,"basaliob":-0.685,"bolussnooze":0.5508,"activity":0.0187,"lastBolusTime":1704306908000,"time":"2024-01-03T19:17:32.727Z"}},{"iob":1.54,"basaliob":-0.471,"bolussnooze":0.4881,"activity":0.0187,"lastBolusTime":1704306908000,"time":"2024-01-03T19:22:32.727Z","iobWithZeroTemp":{"iob":1.324,"basaliob":-0.687,"bolussnooze":0.4881,"activity":0.0178,"lastBolusTime":1704306908000,"time":"2024-01-03T19:22:32.727Z"}},{"iob":1.448,"basaliob":-0.444,"bolussnooze":0.4304,"activity":0.018,"lastBolusTime":1704306908000,"time":"2024-01-03T19:27:32.727Z","iobWithZeroTemp":{"iob":1.204,"basaliob":-0.688,"bolussnooze":0.4304,"activity":0.0169,"lastBolusTime":1704306908000,"time":"2024-01-03T19:27:32.727Z"}},{"iob":1.36,"basaliob":-0.418,"bolussnooze":0.3778,"activity":0.0172,"lastBolusTime":1704306908000,"time":"2024-01-03T19:32:32.727Z","iobWithZeroTemp":{"iob":1.088,"basaliob":-0.69,"bolussnooze":0.3778,"activity":0.0159,"lastBolusTime":1704306908000,"time":"2024-01-03T19:32:32.727Z"}},{"iob":1.276,"basaliob":-0.393,"bolussnooze":0.3303,"activity":0.0164,"lastBolusTime":1704306908000,"time":"2024-01-03T19:37:32.727Z","iobWithZeroTemp":{"iob":0.978,"basaliob":-0.691,"bolussnooze":0.3303,"activity":0.0149,"lastBolusTime":1704306908000,"time":"2024-01-03T19:37:32.727Z"}},{"iob":1.196,"basaliob":-0.369,"bolussnooze":0.2876,"activity":0.0157,"lastBolusTime":1704306908000,"time":"2024-01-03T19:42:32.727Z","iobWithZeroTemp":{"iob":0.873,"basaliob":-0.692,"bolussnooze":0.2876,"activity":0.0139,"lastBolusTime":1704306908000,"time":"2024-01-03T19:42:32.727Z"}},{"iob":1.12,"basaliob":-0.346,"bolussnooze":0.2496,"activity":0.0149,"lastBolusTime":1704306908000,"time":"2024-01-03T19:47:32.727Z","iobWithZeroTemp":{"iob":0.773,"basaliob":-0.693,"bolussnooze":0.2496,"activity":0.0129,"lastBolusTime":1704306908000,"time":"2024-01-03T19:47:32.727Z"}},{"iob":1.047,"basaliob":-0.324,"bolussnooze":0.2159,"activity":0.0141,"lastBolusTime":1704306908000,"time":"2024-01-03T19:52:32.727Z","iobWithZeroTemp":{"iob":0.677,"basaliob":-0.694,"bolussnooze":0.2159,"activity":0.0119,"lastBolusTime":1704306908000,"time":"2024-01-03T19:52:32.727Z"}},{"iob":0.979,"basaliob":-0.303,"bolussnooze":0.1861,"activity":0.0134,"lastBolusTime":1704306908000,"time":"2024-01-03T19:57:32.727Z","iobWithZeroTemp":{"iob":0.588,"basaliob":-0.694,"bolussnooze":0.1861,"activity":0.011,"lastBolusTime":1704306908000,"time":"2024-01-03T19:57:32.727Z"}},{"iob":0.914,"basaliob":-0.283,"bolussnooze":0.16,"activity":0.0126,"lastBolusTime":1704306908000,"time":"2024-01-03T20:02:32.727Z","iobWithZeroTemp":{"iob":0.502,"basaliob":-0.695,"bolussnooze":0.16,"activity":0.0099,"lastBolusTime":1704306908000,"time":"2024-01-03T20:02:32.727Z"}},{"iob":0.852,"basaliob":-0.264,"bolussnooze":0.1371,"activity":0.012,"lastBolusTime":1704306908000,"time":"2024-01-03T20:07:32.727Z","iobWithZeroTemp":{"iob":0.421,"basaliob":-0.695,"bolussnooze":0.1371,"activity":0.0091,"lastBolusTime":1704306908000,"time":"2024-01-03T20:07:32.727Z"}},{"iob":0.793,"basaliob":-0.247,"bolussnooze":0.1171,"activity":0.0113,"lastBolusTime":1704306908000,"time":"2024-01-03T20:12:32.727Z","iobWithZeroTemp":{"iob":0.343,"basaliob":-0.697,"bolussnooze":0.1171,"activity":0.0082,"lastBolusTime":1704306908000,"time":"2024-01-03T20:12:32.727Z"}},{"iob":0.739,"basaliob":-0.23,"bolussnooze":0.0998,"activity":0.0106,"lastBolusTime":1704306908000,"time":"2024-01-03T20:17:32.727Z","iobWithZeroTemp":{"iob":0.272,"basaliob":-0.697,"bolussnooze":0.0998,"activity":0.0073,"lastBolusTime":1704306908000,"time":"2024-01-03T20:17:32.727Z"}},{"iob":0.687,"basaliob":-0.214,"bolussnooze":0.0848,"activity":0.01,"lastBolusTime":1704306908000,"time":"2024-01-03T20:22:32.727Z","iobWithZeroTemp":{"iob":0.203,"basaliob":-0.698,"bolussnooze":0.0848,"activity":0.0065,"lastBolusTime":1704306908000,"time":"2024-01-03T20:22:32.727Z"}},{"iob":0.639,"basaliob":-0.199,"bolussnooze":0.0719,"activity":0.0094,"lastBolusTime":1704306908000,"time":"2024-01-03T20:27:32.727Z","iobWithZeroTemp":{"iob":0.14,"basaliob":-0.698,"bolussnooze":0.0719,"activity":0.0057,"lastBolusTime":1704306908000,"time":"2024-01-03T20:27:32.727Z"}},{"iob":0.593,"basaliob":-0.185,"bolussnooze":0.0607,"activity":0.0089,"lastBolusTime":1704306908000,"time":"2024-01-03T20:32:32.727Z","iobWithZeroTemp":{"iob":0.079,"basaliob":-0.699,"bolussnooze":0.0607,"activity":0.005,"lastBolusTime":1704306908000,"time":"2024-01-03T20:32:32.727Z"}},{"iob":0.55,"basaliob":-0.172,"bolussnooze":0.0512,"activity":0.0082,"lastBolusTime":1704306908000,"time":"2024-01-03T20:37:32.727Z","iobWithZeroTemp":{"iob":0.023,"basaliob":-0.699,"bolussnooze":0.0512,"activity":0.0042,"lastBolusTime":1704306908000,"time":"2024-01-03T20:37:32.727Z"}},{"iob":0.51,"basaliob":-0.16,"bolussnooze":0.043,"activity":0.0078,"lastBolusTime":1704306908000,"time":"2024-01-03T20:42:32.727Z","iobWithZeroTemp":{"iob":-0.03,"basaliob":-0.7,"bolussnooze":0.043,"activity":0.0036,"lastBolusTime":1704306908000,"time":"2024-01-03T20:42:32.727Z"}},{"iob":0.473,"basaliob":-0.148,"bolussnooze":0.036,"activity":0.0073,"lastBolusTime":1704306908000,"time":"2024-01-03T20:47:32.727Z","iobWithZeroTemp":{"iob":-0.079,"basaliob":-0.7,"bolussnooze":0.036,"activity":0.003,"lastBolusTime":1704306908000,"time":"2024-01-03T20:47:32.727Z"}},{"iob":0.438,"basaliob":-0.137,"bolussnooze":0.0301,"activity":0.0068,"lastBolusTime":1704306908000,"time":"2024-01-03T20:52:32.727Z","iobWithZeroTemp":{"iob":-0.125,"basaliob":-0.7,"bolussnooze":0.0301,"activity":0.0023,"lastBolusTime":1704306908000,"time":"2024-01-03T20:52:32.727Z"}},{"iob":0.405,"basaliob":-0.127,"bolussnooze":0.0251,"activity":0.0063,"lastBolusTime":1704306908000,"time":"2024-01-03T20:57:32.727Z","iobWithZeroTemp":{"iob":-0.169,"basaliob":-0.701,"bolussnooze":0.0251,"activity":0.0017,"lastBolusTime":1704306908000,"time":"2024-01-03T20:57:32.727Z"}},{"iob":0.374,"basaliob":-0.118,"bolussnooze":0.0208,"activity":0.0059,"lastBolusTime":1704306908000,"time":"2024-01-03T21:02:32.727Z","iobWithZeroTemp":{"iob":-0.21,"basaliob":-0.702,"bolussnooze":0.0208,"activity":0.0011,"lastBolusTime":1704306908000,"time":"2024-01-03T21:02:32.727Z"}},{"iob":0.345,"basaliob":-0.109,"bolussnooze":0.0172,"activity":0.0055,"lastBolusTime":1704306908000,"time":"2024-01-03T21:07:32.727Z","iobWithZeroTemp":{"iob":-0.248,"basaliob":-0.702,"bolussnooze":0.0172,"activity":6.0E-4,"lastBolusTime":1704306908000,"time":"2024-01-03T21:07:32.727Z"}},{"iob":0.318,"basaliob":-0.101,"bolussnooze":0.0142,"activity":0.0051,"lastBolusTime":1704306908000,"time":"2024-01-03T21:12:32.727Z","iobWithZeroTemp":{"iob":-0.283,"basaliob":-0.702,"bolussnooze":0.0142,"activity":1.0E-4,"lastBolusTime":1704306908000,"time":"2024-01-03T21:12:32.727Z"}},{"iob":0.294,"basaliob":-0.093,"bolussnooze":0.0117,"activity":0.0048,"lastBolusTime":1704306908000,"time":"2024-01-03T21:17:32.727Z","iobWithZeroTemp":{"iob":-0.315,"basaliob":-0.702,"bolussnooze":0.0117,"activity":-3.0E-4,"lastBolusTime":1704306908000,"time":"2024-01-03T21:17:32.727Z"}},{"iob":0.271,"basaliob":-0.086,"bolussnooze":0.0096,"activity":0.0044,"lastBolusTime":1704306908000,"time":"2024-01-03T21:22:32.727Z","iobWithZeroTemp":{"iob":-0.346,"basaliob":-0.703,"bolussnooze":0.0096,"activity":-8.0E-4,"lastBolusTime":1704306908000,"time":"2024-01-03T21:22:32.727Z"}},{"iob":0.25,"basaliob":-0.079,"bolussnooze":0.0078,"activity":0.0041,"lastBolusTime":1704306908000,"time":"2024-01-03T21:27:32.727Z","iobWithZeroTemp":{"iob":-0.374,"basaliob":-0.703,"bolussnooze":0.0078,"activity":-0.0012,"lastBolusTime":1704306908000,"time":"2024-01-03T21:27:32.727Z"}},{"iob":0.23,"basaliob":-0.073,"bolussnooze":0.0063,"activity":0.0038,"lastBolusTime":1704306908000,"time":"2024-01-03T21:32:32.727Z","iobWithZeroTemp":{"iob":-0.4,"basaliob":-0.703,"bolussnooze":0.0063,"activity":-0.0016,"lastBolusTime":1704306908000,"time":"2024-01-03T21:32:32.727Z"}},{"iob":0.211,"basaliob":-0.067,"bolussnooze":0.0051,"activity":0.0036,"lastBolusTime":1704306908000,"time":"2024-01-03T21:37:32.727Z","iobWithZeroTemp":{"iob":-0.425,"basaliob":-0.703,"bolussnooze":0.0051,"activity":-0.0019,"lastBolusTime":1704306908000,"time":"2024-01-03T21:37:32.727Z"}},{"iob":0.194,"basaliob":-0.062,"bolussnooze":0.0041,"activity":0.0033,"lastBolusTime":1704306908000,"time":"2024-01-03T21:42:32.727Z","iobWithZeroTemp":{"iob":-0.448,"basaliob":-0.704,"bolussnooze":0.0041,"activity":-0.0023,"lastBolusTime":1704306908000,"time":"2024-01-03T21:42:32.727Z"}},{"iob":0.178,"basaliob":-0.057,"bolussnooze":0.0032,"activity":0.003,"lastBolusTime":1704306908000,"time":"2024-01-03T21:47:32.727Z","iobWithZeroTemp":{"iob":-0.469,"basaliob":-0.704,"bolussnooze":0.0032,"activity":-0.0027,"lastBolusTime":1704306908000,"time":"2024-01-03T21:47:32.727Z"}},{"iob":0.164,"basaliob":-0.052,"bolussnooze":0.0025,"activity":0.0028,"lastBolusTime":1704306908000,"time":"2024-01-03T21:52:32.727Z","iobWithZeroTemp":{"iob":-0.487,"basaliob":-0.703,"bolussnooze":0.0025,"activity":-0.003,"lastBolusTime":1704306908000,"time":"2024-01-03T21:52:32.727Z"}},{"iob":0.15,"basaliob":-0.048,"bolussnooze":0.002,"activity":0.0026,"lastBolusTime":1704306908000,"time":"2024-01-03T21:57:32.727Z","iobWithZeroTemp":{"iob":-0.506,"basaliob":-0.704,"bolussnooze":0.002,"activity":-0.0032,"lastBolusTime":1704306908000,"time":"2024-01-03T21:57:32.727Z"}},{"iob":0.137,"basaliob":-0.044,"bolussnooze":0.0015,"activity":0.0024,"lastBolusTime":1704306908000,"time":"2024-01-03T22:02:32.727Z","iobWithZeroTemp":{"iob":-0.527,"basaliob":-0.708,"bolussnooze":0.0015,"activity":-0.0035,"lastBolusTime":1704306908000,"time":"2024-01-03T22:02:32.727Z"}},{"iob":0.126,"basaliob":-0.04,"bolussnooze":0.0012,"activity":0.0022,"lastBolusTime":1704306908000,"time":"2024-01-03T22:07:32.727Z","iobWithZeroTemp":{"iob":-0.546,"basaliob":-0.712,"bolussnooze":0.0012,"activity":-0.0038,"lastBolusTime":1704306908000,"time":"2024-01-03T22:07:32.727Z"}},{"iob":0.115,"basaliob":-0.037,"bolussnooze":9.0E-4,"activity":0.0021,"lastBolusTime":1704306908000,"time":"2024-01-03T22:12:32.727Z","iobWithZeroTemp":{"iob":-0.564,"basaliob":-0.716,"bolussnooze":9.0E-4,"activity":-0.0039,"lastBolusTime":1704306908000,"time":"2024-01-03T22:12:32.727Z"}},{"iob":0.105,"basaliob":-0.034,"bolussnooze":7.0E-4,"activity":0.0019,"lastBolusTime":1704306908000,"time":"2024-01-03T22:17:32.727Z","iobWithZeroTemp":{"iob":-0.582,"basaliob":-0.721,"bolussnooze":7.0E-4,"activity":-0.0042,"lastBolusTime":1704306908000,"time":"2024-01-03T22:17:32.727Z"}},{"iob":0.096,"basaliob":-0.031,"bolussnooze":5.0E-4,"activity":0.0017,"lastBolusTime":1704306908000,"time":"2024-01-03T22:22:32.727Z","iobWithZeroTemp":{"iob":-0.597,"basaliob":-0.724,"bolussnooze":5.0E-4,"activity":-0.0045,"lastBolusTime":1704306908000,"time":"2024-01-03T22:22:32.727Z"}},{"iob":0.088,"basaliob":-0.028,"bolussnooze":3.0E-4,"activity":0.0016,"lastBolusTime":1704306908000,"time":"2024-01-03T22:27:32.727Z","iobWithZeroTemp":{"iob":-0.612,"basaliob":-0.728,"bolussnooze":3.0E-4,"activity":-0.0046,"lastBolusTime":1704306908000,"time":"2024-01-03T22:27:32.727Z"}},{"iob":0.08,"basaliob":-0.026,"bolussnooze":2.0E-4,"activity":0.0015,"lastBolusTime":1704306908000,"time":"2024-01-03T22:32:32.727Z","iobWithZeroTemp":{"iob":-0.626,"basaliob":-0.732,"bolussnooze":2.0E-4,"activity":-0.0048,"lastBolusTime":1704306908000,"time":"2024-01-03T22:32:32.727Z"}},{"iob":0.073,"basaliob":-0.024,"bolussnooze":1.0E-4,"activity":0.0014,"lastBolusTime":1704306908000,"time":"2024-01-03T22:37:32.727Z","iobWithZeroTemp":{"iob":-0.639,"basaliob":-0.736,"bolussnooze":1.0E-4,"activity":-0.005,"lastBolusTime":1704306908000,"time":"2024-01-03T22:37:32.727Z"}},{"iob":0.067,"basaliob":-0.021,"bolussnooze":1.0E-4,"activity":0.0013,"lastBolusTime":1704306908000,"time":"2024-01-03T22:42:32.727Z","iobWithZeroTemp":{"iob":-0.65,"basaliob":-0.738,"bolussnooze":1.0E-4,"activity":-0.0051,"lastBolusTime":1704306908000,"time":"2024-01-03T22:42:32.727Z"}}],"profile":{"max_iob":7,"type":"current","max_daily_basal":0.45,"max_basal":1.35,"min_bg":81.0000000000001,"max_bg":81.0000000000001,"target_bg":81.0000000000001,"carb_ratio":11,"sens":352.8,"max_daily_safety_multiplier":3,"current_basal_safety_multiplier":4,"lgsThreshold":65,"high_temptarget_raises_sensitivity":false,"low_temptarget_lowers_sensitivity":false,"sensitivity_raises_target":true,"resistance_lowers_target":true,"adv_target_adjustments":false,"exercise_mode":false,"half_basal_exercise_target":160,"maxCOB":120,"skip_neutral_temps":false,"remainingCarbsCap":90,"enableUAM":true,"A52_risk_enable":false,"SMBInterval":4,"enableSMB_with_COB":true,"enableSMB_with_temptarget":false,"allowSMB_with_high_temptarget":true,"enableSMB_always":true,"enableSMB_after_carbs":false,"maxSMBBasalMinutes":60,"maxUAMSMBBasalMinutes":60,"bolus_increment":0.05,"carbsReqThreshold":10,"current_basal":0.4,"temptargetSet":true,"autosens_max":1.2,"autosens_min":0.8,"out_units":"mmol\/L","variable_sens":187.8,"insulinDivisor":65,"TDD":8.763701458333333},"autosens_data":{"ratio":0.9191169994522197},"meal_data":{"carbs":55,"mealCOB":21.884143990929704,"slopeFromMaxDeviation":-1.2283333333333333,"slopeFromMinDeviation":1.1960000000000017,"lastBolusTime":1704306908000,"lastCarbTime":1704301482000},"microBolusAllowed":true,"currentTime":1704307655656,"flatBGsDetected":false,"tdd1D":19.209083333333343,"tdd7D":22.16738095238096,"tddLast24H":20.374416666666676,"tddLast4H":6.829999999999998,"tddLast8to4H":2.8566666666666665},"output":{"temp":"absolute","bg":129,"tick":-10,"eventualBG":39,"targetBG":81.0000000000001,"insulinReq":0,"deliverAt":"2024-01-03T18:47:35.656Z","sensitivityRatio":0.9191169994522197,"variable_sens":187.8,"predBGs":{"IOB":[129,118,105,90,73,50,39,39,39,39,39,39,39],"ZT":[129,108,85,58,39,39,39,39,39,39,39,39,39,39,39,39,39,39,39,39,39,39,39,39,39,39,39,39,39,39,39,39,39,39,39,39,39,39,39,39,39,39,39,39,39,39,39,39],"COB":[129,119,109,99,89,80,71,62,54,47,40,39,39],"UAM":[129,118,104,88,69,44,39,39,39,39,39,39,39]},"reason":"COB: 21.9, Dev: 3.7, BGI: -1.2, ISF: 10.4, CR: 11, Target: 4.5, minPredBG -22.4, minGuardBG -23.3, IOBpredBG 2.2, COBpredBG 2.2, UAMpredBG 2.2; 18 add'l carbs req w\/in 35m; minGuardBG -23.3<3.6","COB":21.884143990929704,"IOB":2.268,"carbsReq":18,"carbsReqWithin":35,"duration":120,"rate":0,"timestamp":"2024-01-03T18:47:35.679Z"}}