{"algorithm":"OpenAPSSMBDynamicISFPlugin","input":{"glucoseStatus":{"glucose":162,"noise":0,"delta":5,"short_avgdelta":7.06,"long_avgdelta":5.57,"date":1704204429273},"currenttemp":{"temp":"absolute","duration":25,"rate":0,"minutesrunning":5},"iob_data":[{"iob":0.983,"basaliob":-0.426,"bolussnooze":0,"activity":0.0043,"lastBolusTime":1704204460000,"time":"2024-01-02T14:07:46.752Z","iobWithZeroTemp":{"iob":0.983,"basaliob":-0.426,"bolussnooze":0,"activity":0.0043,"lastBolusTime":1704204460000,"time":"2024-01-02T14:07:46.752Z"}},{"iob":0.959,"basaliob":-0.407,"bolussnooze":0,"activity":0.0051,"lastBolusTime":1704204460000,"time":"2024-01-02T14:12:46.752Z","iobWithZeroTemp":{"iob":0.932,"basaliob":-0.434,"bolussnooze":0,"activity":0.0051,"lastBolusTime":1704204460000,"time":"2024-01-02T14:12:46.752Z"}},{"iob":0.931,"basaliob":-0.388,"bolussnooze":0,"activity":0.0057,"lastBolusTime":1704204460000,"time":"2024-01-02T14:17:46.752Z","iobWithZeroTemp":{"iob":0.871,"basaliob":-0.448,"bolussnooze":0,"activity":0.0056,"lastBolusTime":1704204460000,"time":"2024-01-02T14:17:46.752Z"}},{"iob":0.902,"basaliob":-0.368,"bolussnooze":0,"activity":0.0063,"lastBolusTime":1704204460000,"time":"2024-01-02T14:22:46.752Z","iobWithZeroTemp":{"iob":0.81,"basaliob":-0.46,"bolussnooze":0,"activity":0.0061,"lastBolusTime":1704204460000,"time":"2024-01-02T14:22:46.752Z"}},{"iob":0.87,"basaliob":-0.349,"bolussnooze":0,"activity":0.0066,"lastBolusTime":1704204460000,"time":"2024-01-02T14:27:46.752Z","iobWithZeroTemp":{"iob":0.745,"basaliob":-0.474,"bolussnooze":0,"activity":0.0063,"lastBolusTime":1704204460000,"time":"2024-01-02T14:27:46.752Z"}},{"iob":0.836,"basaliob":-0.331,"bolussnooze":0,"activity":0.0068,"lastBolusTime":1704204460000,"time":"2024-01-02T14:32:46.752Z","iobWithZeroTemp":{"iob":0.68,"basaliob":-0.487,"bolussnooze":0,"activity":0.0063,"lastBolusTime":1704204460000,"time":"2024-01-02T14:32:46.752Z"}},{"iob":0.801,"basaliob":-0.313,"bolussnooze":0,"activity":0.0069,"lastBolusTime":1704204460000,"time":"2024-01-02T14:37:46.752Z","iobWithZeroTemp":{"iob":0.615,"basaliob":-0.499,"bolussnooze":0,"activity":0.0062,"lastBolusTime":1704204460000,"time":"2024-01-02T14:37:46.752Z"}},{"iob":0.766,"basaliob":-0.295,"bolussnooze":0,"activity":0.0071,"lastBolusTime":1704204460000,"time":"2024-01-02T14:42:46.752Z","iobWithZeroTemp":{"iob":0.55,"basaliob":-0.511,"bolussnooze":0,"activity":0.0062,"lastBolusTime":1704204460000,"time":"2024-01-02T14:42:46.752Z"}},{"iob":0.731,"basaliob":-0.278,"bolussnooze":0,"activity":0.0071,"lastBolusTime":1704204460000,"time":"2024-01-02T14:47:46.752Z","iobWithZeroTemp":{"iob":0.487,"basaliob":-0.522,"bolussnooze":0,"activity":0.006,"lastBolusTime":1704204460000,"time":"2024-01-02T14:47:46.752Z"}},{"iob":0.696,"basaliob":-0.262,"bolussnooze":0,"activity":0.007,"lastBolusTime":1704204460000,"time":"2024-01-02T14:52:46.752Z","iobWithZeroTemp":{"iob":0.424,"basaliob":-0.534,"bolussnooze":0,"activity":0.0057,"lastBolusTime":1704204460000,"time":"2024-01-02T14:52:46.752Z"}},{"iob":0.661,"basaliob":-0.246,"bolussnooze":0,"activity":0.0069,"lastBolusTime":1704204460000,"time":"2024-01-02T14:57:46.752Z","iobWithZeroTemp":{"iob":0.363,"basaliob":-0.544,"bolussnooze":0,"activity":0.0054,"lastBolusTime":1704204460000,"time":"2024-01-02T14:57:46.752Z"}},{"iob":0.627,"basaliob":-0.231,"bolussnooze":0,"activity":0.0068,"lastBolusTime":1704204460000,"time":"2024-01-02T15:02:46.752Z","iobWithZeroTemp":{"iob":0.304,"basaliob":-0.554,"bolussnooze":0,"activity":0.005,"lastBolusTime":1704204460000,"time":"2024-01-02T15:02:46.752Z"}},{"iob":0.593,"basaliob":-0.217,"bolussnooze":0,"activity":0.0066,"lastBolusTime":1704204460000,"time":"2024-01-02T15:07:46.752Z","iobWithZeroTemp":{"iob":0.246,"basaliob":-0.564,"bolussnooze":0,"activity":0.0046,"lastBolusTime":1704204460000,"time":"2024-01-02T15:07:46.752Z"}},{"iob":0.561,"basaliob":-0.203,"bolussnooze":0,"activity":0.0064,"lastBolusTime":1704204460000,"time":"2024-01-02T15:12:46.752Z","iobWithZeroTemp":{"iob":0.191,"basaliob":-0.573,"bolussnooze":0,"activity":0.0042,"lastBolusTime":1704204460000,"time":"2024-01-02T15:12:46.752Z"}},{"iob":0.53,"basaliob":-0.19,"bolussnooze":0,"activity":0.0062,"lastBolusTime":1704204460000,"time":"2024-01-02T15:17:46.752Z","iobWithZeroTemp":{"iob":0.139,"basaliob":-0.581,"bolussnooze":0,"activity":0.0038,"lastBolusTime":1704204460000,"time":"2024-01-02T15:17:46.752Z"}},{"iob":0.499,"basaliob":-0.178,"bolussnooze":0,"activity":0.006,"lastBolusTime":1704204460000,"time":"2024-01-02T15:22:46.752Z","iobWithZeroTemp":{"iob":0.087,"basaliob":-0.59,"bolussnooze":0,"activity":0.0033,"lastBolusTime":1704204460000,"time":"2024-01-02T15:22:46.752Z"}},{"iob":0.47,"basaliob":-0.166,"bolussnooze":0,"activity":0.0057,"lastBolusTime":1704204460000,"time":"2024-01-02T15:27:46.752Z","iobWithZeroTemp":{"iob":0.039,"basaliob":-0.597,"bolussnooze":0,"activity":0.0028,"lastBolusTime":1704204460000,"time":"2024-01-02T15:27:46.752Z"}},{"iob":0.441,"basaliob":-0.155,"bolussnooze":0,"activity":0.0055,"lastBolusTime":1704204460000,"time":"2024-01-02T15:32:46.752Z","iobWithZeroTemp":{"iob":-0.009,"basaliob":-0.605,"bolussnooze":0,"activity":0.0024,"lastBolusTime":1704204460000,"time":"2024-01-02T15:32:46.752Z"}},{"iob":0.415,"basaliob":-0.144,"bolussnooze":0,"activity":0.0053,"lastBolusTime":1704204460000,"time":"2024-01-02T15:37:46.752Z","iobWithZeroTemp":{"iob":-0.052,"basaliob":-0.611,"bolussnooze":0,"activity":0.002,"lastBolusTime":1704204460000,"time":"2024-01-02T15:37:46.752Z"}},{"iob":0.389,"basaliob":-0.134,"bolussnooze":0,"activity":0.0051,"lastBolusTime":1704204460000,"time":"2024-01-02T15:42:46.752Z","iobWithZeroTemp":{"iob":-0.095,"basaliob":-0.618,"bolussnooze":0,"activity":0.0016,"lastBolusTime":1704204460000,"time":"2024-01-02T15:42:46.752Z"}},{"iob":0.364,"basaliob":-0.125,"bolussnooze":0,"activity":0.0048,"lastBolusTime":1704204460000,"time":"2024-01-02T15:47:46.752Z","iobWithZeroTemp":{"iob":-0.135,"basaliob":-0.624,"bolussnooze":0,"activity":0.0011,"lastBolusTime":1704204460000,"time":"2024-01-02T15:47:46.752Z"}},{"iob":0.341,"basaliob":-0.116,"bolussnooze":0,"activity":0.0046,"lastBolusTime":1704204460000,"time":"2024-01-02T15:52:46.752Z","iobWithZeroTemp":{"iob":-0.173,"basaliob":-0.63,"bolussnooze":0,"activity":7.0E-4,"lastBolusTime":1704204460000,"time":"2024-01-02T15:52:46.752Z"}},{"iob":0.319,"basaliob":-0.108,"bolussnooze":0,"activity":0.0043,"lastBolusTime":1704204460000,"time":"2024-01-02T15:57:46.752Z","iobWithZeroTemp":{"iob":-0.208,"basaliob":-0.635,"bolussnooze":0,"activity":3.0E-4,"lastBolusTime":1704204460000,"time":"2024-01-02T15:57:46.752Z"}},{"iob":0.298,"basaliob":-0.1,"bolussnooze":0,"activity":0.0041,"lastBolusTime":1704204460000,"time":"2024-01-02T16:02:46.752Z","iobWithZeroTemp":{"iob":-0.242,"basaliob":-0.64,"bolussnooze":0,"activity":-1.0E-4,"lastBolusTime":1704204460000,"time":"2024-01-02T16:02:46.752Z"}},{"iob":0.278,"basaliob":-0.093,"bolussnooze":0,"activity":0.0039,"lastBolusTime":1704204460000,"time":"2024-01-02T16:07:46.752Z","iobWithZeroTemp":{"iob":-0.274,"basaliob":-0.645,"bolussnooze":0,"activity":-4.0E-4,"lastBolusTime":1704204460000,"time":"2024-01-02T16:07:46.752Z"}},{"iob":0.259,"basaliob":-0.086,"bolussnooze":0,"activity":0.0037,"lastBolusTime":1704204460000,"time":"2024-01-02T16:12:46.752Z","iobWithZeroTemp":{"iob":-0.304,"basaliob":-0.649,"bolussnooze":0,"activity":-8.0E-4,"lastBolusTime":1704204460000,"time":"2024-01-02T16:12:46.752Z"}},{"iob":0.241,"basaliob":-0.08,"bolussnooze":0,"activity":0.0035,"lastBolusTime":1704204460000,"time":"2024-01-02T16:17:46.752Z","iobWithZeroTemp":{"iob":-0.333,"basaliob":-0.654,"bolussnooze":0,"activity":-0.0011,"lastBolusTime":1704204460000,"time":"2024-01-02T16:17:46.752Z"}},{"iob":0.224,"basaliob":-0.074,"bolussnooze":0,"activity":0.0032,"lastBolusTime":1704204460000,"time":"2024-01-02T16:22:46.752Z","iobWithZeroTemp":{"iob":-0.36,"basaliob":-0.658,"bolussnooze":0,"activity":-0.0016,"lastBolusTime":1704204460000,"time":"2024-01-02T16:22:46.752Z"}},{"iob":0.209,"basaliob":-0.068,"bolussnooze":0,"activity":0.003,"lastBolusTime":1704204460000,"time":"2024-01-02T16:27:46.752Z","iobWithZeroTemp":{"iob":-0.384,"basaliob":-0.661,"bolussnooze":0,"activity":-0.0019,"lastBolusTime":1704204460000,"time":"2024-01-02T16:27:46.752Z"}},{"iob":0.194,"basaliob":-0.063,"bolussnooze":0,"activity":0.0029,"lastBolusTime":1704204460000,"time":"2024-01-02T16:32:46.752Z","iobWithZeroTemp":{"iob":-0.407,"basaliob":-0.664,"bolussnooze":0,"activity":-0.0021,"lastBolusTime":1704204460000,"time":"2024-01-02T16:32:46.752Z"}},{"iob":0.18,"basaliob":-0.058,"bolussnooze":0,"activity":0.0027,"lastBolusTime":1704204460000,"time":"2024-01-02T16:37:46.752Z","iobWithZeroTemp":{"iob":-0.429,"basaliob":-0.667,"bolussnooze":0,"activity":-0.0024,"lastBolusTime":1704204460000,"time":"2024-01-02T16:37:46.752Z"}},{"iob":0.167,"basaliob":-0.054,"bolussnooze":0,"activity":0.0025,"lastBolusTime":1704204460000,"time":"2024-01-02T16:42:46.752Z","iobWithZeroTemp":{"iob":-0.45,"basaliob":-0.671,"bolussnooze":0,"activity":-0.0027,"lastBolusTime":1704204460000,"time":"2024-01-02T16:42:46.752Z"}},{"iob":0.155,"basaliob":-0.05,"bolussnooze":0,"activity":0.0024,"lastBolusTime":1704204460000,"time":"2024-01-02T16:47:46.752Z","iobWithZeroTemp":{"iob":-0.469,"basaliob":-0.674,"bolussnooze":0,"activity":-0.0029,"lastBolusTime":1704204460000,"time":"2024-01-02T16:47:46.752Z"}},{"iob":0.143,"basaliob":-0.046,"bolussnooze":0,"activity":0.0022,"lastBolusTime":1704204460000,"time":"2024-01-02T16:52:46.752Z","iobWithZeroTemp":{"iob":-0.487,"basaliob":-0.676,"bolussnooze":0,"activity":-0.0032,"lastBolusTime":1704204460000,"time":"2024-01-02T16:52:46.752Z"}},{"iob":0.133,"basaliob":-0.042,"bolussnooze":0,"activity":0.0021,"lastBolusTime":1704204460000,"time":"2024-01-02T16:57:46.752Z","iobWithZeroTemp":{"iob":-0.503,"basaliob":-0.678,"bolussnooze":0,"activity":-0.0034,"lastBolusTime":1704204460000,"time":"2024-01-02T16:57:46.752Z"}},{"iob":0.123,"basaliob":-0.039,"bolussnooze":0,"activity":0.002,"lastBolusTime":1704204460000,"time":"2024-01-02T17:02:46.752Z","iobWithZeroTemp":{"iob":-0.519,"basaliob":-0.681,"bolussnooze":0,"activity":-0.0036,"lastBolusTime":1704204460000,"time":"2024-01-02T17:02:46.752Z"}},{"iob":0.113,"basaliob":-0.036,"bolussnooze":0,"activity":0.0018,"lastBolusTime":1704204460000,"time":"2024-01-02T17:07:46.752Z","iobWithZeroTemp":{"iob":-0.534,"basaliob":-0.683,"bolussnooze":0,"activity":-0.0039,"lastBolusTime":1704204460000,"time":"2024-01-02T17:07:46.752Z"}},{"iob":0.105,"basaliob":-0.033,"bolussnooze":0,"activity":0.0016,"lastBolusTime":1704204460000,"time":"2024-01-02T17:12:46.752Z","iobWithZeroTemp":{"iob":-0.546,"basaliob":-0.684,"bolussnooze":0,"activity":-0.0042,"lastBolusTime":1704204460000,"time":"2024-01-02T17:12:46.752Z"}},{"iob":0.097,"basaliob":-0.03,"bolussnooze":0,"activity":0.0016,"lastBolusTime":1704204460000,"time":"2024-01-02T17:17:46.752Z","iobWithZeroTemp":{"iob":-0.559,"basaliob":-0.686,"bolussnooze":0,"activity":-0.0042,"lastBolusTime":1704204460000,"time":"2024-01-02T17:17:46.752Z"}},{"iob":0.089,"basaliob":-0.028,"bolussnooze":0,"activity":0.0014,"lastBolusTime":1704204460000,"time":"2024-01-02T17:22:46.752Z","iobWithZeroTemp":{"iob":-0.571,"basaliob":-0.688,"bolussnooze":0,"activity":-0.0045,"lastBolusTime":1704204460000,"time":"2024-01-02T17:22:46.752Z"}},{"iob":0.083,"basaliob":-0.025,"bolussnooze":0,"activity":0.0014,"lastBolusTime":1704204460000,"time":"2024-01-02T17:27:46.752Z","iobWithZeroTemp":{"iob":-0.581,"basaliob":-0.689,"bolussnooze":0,"activity":-0.0045,"lastBolusTime":1704204460000,"time":"2024-01-02T17:27:46.752Z"}},{"iob":0.076,"basaliob":-0.023,"bolussnooze":0,"activity":0.0013,"lastBolusTime":1704204460000,"time":"2024-01-02T17:32:46.752Z","iobWithZeroTemp":{"iob":-0.591,"basaliob":-0.69,"bolussnooze":0,"activity":-0.0047,"lastBolusTime":1704204460000,"time":"2024-01-02T17:32:46.752Z"}},{"iob":0.07,"basaliob":-0.021,"bolussnooze":0,"activity":0.0011,"lastBolusTime":1704204460000,"time":"2024-01-02T17:37:46.752Z","iobWithZeroTemp":{"iob":-0.6,"basaliob":-0.691,"bolussnooze":0,"activity":-0.005,"lastBolusTime":1704204460000,"time":"2024-01-02T17:37:46.752Z"}},{"iob":0.065,"basaliob":-0.019,"bolussnooze":0,"activity":0.0011,"lastBolusTime":1704204460000,"time":"2024-01-02T17:42:46.752Z","iobWithZeroTemp":{"iob":-0.608,"basaliob":-0.692,"bolussnooze":0,"activity":-0.005,"lastBolusTime":1704204460000,"time":"2024-01-02T17:42:46.752Z"}},{"iob":0.059,"basaliob":-0.018,"bolussnooze":0,"activity":0.001,"lastBolusTime":1704204460000,"time":"2024-01-02T17:47:46.752Z","iobWithZeroTemp":{"iob":-0.617,"basaliob":-0.694,"bolussnooze":0,"activity":-0.0051,"lastBolusTime":1704204460000,"time":"2024-01-02T17:47:46.752Z"}},{"iob":0.054,"basaliob":-0.016,"bolussnooze":0,"activity":9.0E-4,"lastBolusTime":1704204460000,"time":"2024-01-02T17:52:46.752Z","iobWithZeroTemp":{"iob":-0.624,"basaliob":-0.694,"bolussnooze":0,"activity":-0.0053,"lastBolusTime":1704204460000,"time":"2024-01-02T17:52:46.752Z"}},{"iob":0.05,"basaliob":-0.015,"bolussnooze":0,"activity":8.0E-4,"lastBolusTime":1704204460000,"time":"2024-01-02T17:57:46.752Z","iobWithZeroTemp":{"iob":-0.631,"basaliob":-0.696,"bolussnooze":0,"activity":-0.0054,"lastBolusTime":1704204460000,"time":"2024-01-02T17:57:46.752Z"}},{"iob":0.045,"basaliob":-0.014,"bolussnooze":0,"activity":8.0E-4,"lastBolusTime":1704204460000,"time":"2024-01-02T18:02:46.752Z","iobWithZeroTemp":{"iob":-0.638,"basaliob":-0.697,"bolussnooze":0,"activity":-0.0055,"lastBolusTime":1704204460000,"time":"2024-01-02T18:02:46.752Z"}}],"profile":{"max_iob":7,"type":"current","max_daily_basal":0.45,"max_basal":1.35,"min_bg":81,"max_bg":81,"target_bg":81,"carb_ratio":11,"sens":352.8,"max_daily_safety_multiplier":3,"current_basal_safety_multiplier":4,"lgsThreshold":65,"high_temptarget_raises_sensitivity":false,"low_temptarget_lowers_sensitivity":false,"sensitivity_raises_target":true,"resistance_lowers_target":true,"adv_target_adjustments":false,"exercise_mode":false,"half_basal_exercise_target":160,"maxCOB":120,"skip_neutral_temps":false,"remainingCarbsCap":90,"enableUAM":true,"A52_risk_enable":false,"SMBInterval":4,"enableSMB_with_COB":true,"enableSMB_with_temptarget":false,"allowSMB_with_high_temptarget":true,"enableSMB_always":true,"enableSMB_after_carbs":false,"maxSMBBasalMinutes":60,"maxUAMSMBBasalMinutes":60,"bolus_increment":0.05,"carbsReqThreshold":10,"current_basal":0.4,"temptargetSet":true,"autosens_max":1.2,"autosens_min":0.8,"out_units":"mmol\/L","variable_sens":158,"insulinDivisor":65,"TDD":9.110831666666664},"autosens_data":{"ratio":0.8515351688685755},"meal_data":{"carbs":15,"mealCOB":11.97781859410431,"slopeFromMaxDeviation":0,"slopeFromMinDeviation":1.8428750000000003,"lastBolusTime":1704204460000,"lastCarbTime":1704201219000},"microBolusAllowed":true,"currentTime":1704204468373,"flatBGsDetected":false,"tdd1D":29.029333333333327,"tdd7D":23.806904761904768,"tddLast24H":20.272416666666672,"tddLast4H":4.1866666666666665,"tddLast8to4H":4.3},"output":{"temp":"absolute","bg":162,"tick":"+5","eventualBG":180,"targetBG":81,"insulinReq":0.43,"deliverAt":"2024-01-02T14:07:48.373Z","sensitivityRatio":0.8515351688685755,"variable_sens":158,"predBGs":{"IOB":[162,166,169,171,172,172,171,169,166,163,159,154,149,143,138,132,127,122,117,111,106,102,97,92,87,83,79,74,70,66,62,58,54,50,46,42,39],"ZT":[162,159,155,150,145,140,134,129,123,118,112,107,102,97,92,88,84,81,78,75,73,72,71,71,71,71,72,74,76,78,81],"COB":[162,167,171,174,177,179,181,182,183,184,185,186,186,187,187,188,188,189,189,189,189,190,190,190,191,191,191,191,191,191,191,191,191,191,190,190,189,189,188,187,186,185,184,183,182,182,181,180],"UAM":[162,166,170,172,173,173,173,172,170,167,164,160,156,151,146,140,135,130,125,120,116,111,106,102,98,94,89,85,82,78,74,71,68,64,61,58,55,52,49,46,44,41,39]},"reason":"COB: 12, Dev: 2.8, BGI: -0.2, ISF: 8.8, CR: 11, Target: 4.5, minPredBG 8.3, minGuardBG 7.7, IOBpredBG 2.2, COBpredBG 10.0, UAMpredBG 2.2; Eventual BG 10.0 >= 4.5,  insulinReq 0.43; setting 60m low temp of 0U\/h. Waiting 4m 54s to microbolus again. ","COB":11.97781859410431,"IOB":0.983,"rate":0,"duration":60,"timestamp":"2024-01-02T14:07:48.398Z"}}