{"algorithm":"OpenAPSSMBDynamicISFPlugin","input":{"glucoseStatus":{"glucose":203,"noise":0,"delta":-6,"short_avgdelta":-5.67,"long_avgdelta":-2.48,"date":1704456439373},"currenttemp":{"temp":"absolute","duration":110,"rate":0,"minutesrunning":10},"iob_data":[{"iob":1.826,"basaliob":-0.544,"bolussnooze":0.4217,"activity":0.0179,"lastBolusTime":1704455561000,"time":"2024-01-05T12:07:38.666Z","iobWithZeroTemp":{"iob":1.826,"basaliob":-0.544,"bolussnooze":0.4217,"activity":0.0179,"lastBolusTime":1704455561000,"time":"2024-01-05T12:07:38.666Z"}},{"iob":1.737,"basaliob":-0.517,"bolussnooze":0.3739,"activity":0.0177,"lastBolusTime":1704455561000,"time":"2024-01-05T12:12:38.666Z","iobWithZeroTemp":{"iob":1.71,"basaliob":-0.544,"bolussnooze":0.3739,"activity":0.0177,"lastBolusTime":1704455561000,"time":"2024-01-05T12:12:38.666Z"}},{"iob":1.65,"basaliob":-0.49,"bolussnooze":0.3299,"activity":0.0174,"lastBolusTime":1704455561000,"time":"2024-01-05T12:17:38.666Z","iobWithZeroTemp":{"iob":1.59,"basaliob":-0.55,"bolussnooze":0.3299,"activity":0.0173,"lastBolusTime":1704455561000,"time":"2024-01-05T12:17:38.666Z"}},{"iob":1.564,"basaliob":-0.464,"bolussnooze":0.2898,"activity":0.0171,"lastBolusTime":1704455561000,"time":"2024-01-05T12:22:38.666Z","iobWithZeroTemp":{"iob":1.472,"basaliob":-0.556,"bolussnooze":0.2898,"activity":0.0169,"lastBolusTime":1704455561000,"time":"2024-01-05T12:22:38.666Z"}},{"iob":1.479,"basaliob":-0.439,"bolussnooze":0.2535,"activity":0.0166,"lastBolusTime":1704455561000,"time":"2024-01-05T12:27:38.666Z","iobWithZeroTemp":{"iob":1.354,"basaliob":-0.564,"bolussnooze":0.2535,"activity":0.0163,"lastBolusTime":1704455561000,"time":"2024-01-05T12:27:38.666Z"}},{"iob":1.398,"basaliob":-0.414,"bolussnooze":0.2208,"activity":0.0162,"lastBolusTime":1704455561000,"time":"2024-01-05T12:32:38.666Z","iobWithZeroTemp":{"iob":1.242,"basaliob":-0.57,"bolussnooze":0.2208,"activity":0.0157,"lastBolusTime":1704455561000,"time":"2024-01-05T12:32:38.666Z"}},{"iob":1.319,"basaliob":-0.39,"bolussnooze":0.1917,"activity":0.0156,"lastBolusTime":1704455561000,"time":"2024-01-05T12:37:38.666Z","iobWithZeroTemp":{"iob":1.133,"basaliob":-0.576,"bolussnooze":0.1917,"activity":0.0149,"lastBolusTime":1704455561000,"time":"2024-01-05T12:37:38.666Z"}},{"iob":1.241,"basaliob":-0.368,"bolussnooze":0.1659,"activity":0.015,"lastBolusTime":1704455561000,"time":"2024-01-05T12:42:38.666Z","iobWithZeroTemp":{"iob":1.025,"basaliob":-0.584,"bolussnooze":0.1659,"activity":0.0141,"lastBolusTime":1704455561000,"time":"2024-01-05T12:42:38.666Z"}},{"iob":1.168,"basaliob":-0.346,"bolussnooze":0.143,"activity":0.0144,"lastBolusTime":1704455561000,"time":"2024-01-05T12:47:38.666Z","iobWithZeroTemp":{"iob":0.924,"basaliob":-0.59,"bolussnooze":0.143,"activity":0.0133,"lastBolusTime":1704455561000,"time":"2024-01-05T12:47:38.666Z"}},{"iob":1.098,"basaliob":-0.324,"bolussnooze":0.123,"activity":0.0139,"lastBolusTime":1704455561000,"time":"2024-01-05T12:52:38.666Z","iobWithZeroTemp":{"iob":0.826,"basaliob":-0.596,"bolussnooze":0.123,"activity":0.0126,"lastBolusTime":1704455561000,"time":"2024-01-05T12:52:38.666Z"}},{"iob":1.03,"basaliob":-0.304,"bolussnooze":0.1054,"activity":0.0133,"lastBolusTime":1704455561000,"time":"2024-01-05T12:57:38.666Z","iobWithZeroTemp":{"iob":0.732,"basaliob":-0.602,"bolussnooze":0.1054,"activity":0.0118,"lastBolusTime":1704455561000,"time":"2024-01-05T12:57:38.666Z"}},{"iob":0.965,"basaliob":-0.285,"bolussnooze":0.0901,"activity":0.0126,"lastBolusTime":1704455561000,"time":"2024-01-05T13:02:38.666Z","iobWithZeroTemp":{"iob":0.642,"basaliob":-0.608,"bolussnooze":0.0901,"activity":0.0108,"lastBolusTime":1704455561000,"time":"2024-01-05T13:02:38.666Z"}},{"iob":0.904,"basaliob":-0.267,"bolussnooze":0.0768,"activity":0.012,"lastBolusTime":1704455561000,"time":"2024-01-05T13:07:38.666Z","iobWithZeroTemp":{"iob":0.557,"basaliob":-0.614,"bolussnooze":0.0768,"activity":0.01,"lastBolusTime":1704455561000,"time":"2024-01-05T13:07:38.666Z"}},{"iob":0.846,"basaliob":-0.249,"bolussnooze":0.0653,"activity":0.0114,"lastBolusTime":1704455561000,"time":"2024-01-05T13:12:38.666Z","iobWithZeroTemp":{"iob":0.476,"basaliob":-0.619,"bolussnooze":0.0653,"activity":0.0092,"lastBolusTime":1704455561000,"time":"2024-01-05T13:12:38.666Z"}},{"iob":0.79,"basaliob":-0.233,"bolussnooze":0.0553,"activity":0.0108,"lastBolusTime":1704455561000,"time":"2024-01-05T13:17:38.666Z","iobWithZeroTemp":{"iob":0.399,"basaliob":-0.624,"bolussnooze":0.0553,"activity":0.0084,"lastBolusTime":1704455561000,"time":"2024-01-05T13:17:38.666Z"}},{"iob":0.738,"basaliob":-0.217,"bolussnooze":0.0467,"activity":0.0102,"lastBolusTime":1704455561000,"time":"2024-01-05T13:22:38.666Z","iobWithZeroTemp":{"iob":0.326,"basaliob":-0.629,"bolussnooze":0.0467,"activity":0.0075,"lastBolusTime":1704455561000,"time":"2024-01-05T13:22:38.666Z"}},{"iob":0.687,"basaliob":-0.203,"bolussnooze":0.0394,"activity":0.0096,"lastBolusTime":1704455561000,"time":"2024-01-05T13:27:38.666Z","iobWithZeroTemp":{"iob":0.256,"basaliob":-0.634,"bolussnooze":0.0394,"activity":0.0067,"lastBolusTime":1704455561000,"time":"2024-01-05T13:27:38.666Z"}},{"iob":0.641,"basaliob":-0.189,"bolussnooze":0.0331,"activity":0.0091,"lastBolusTime":1704455561000,"time":"2024-01-05T13:32:38.666Z","iobWithZeroTemp":{"iob":0.191,"basaliob":-0.639,"bolussnooze":0.0331,"activity":0.006,"lastBolusTime":1704455561000,"time":"2024-01-05T13:32:38.666Z"}},{"iob":0.596,"basaliob":-0.176,"bolussnooze":0.0277,"activity":0.0086,"lastBolusTime":1704455561000,"time":"2024-01-05T13:37:38.666Z","iobWithZeroTemp":{"iob":0.129,"basaliob":-0.643,"bolussnooze":0.0277,"activity":0.0053,"lastBolusTime":1704455561000,"time":"2024-01-05T13:37:38.666Z"}},{"iob":0.555,"basaliob":-0.163,"bolussnooze":0.0232,"activity":0.0081,"lastBolusTime":1704455561000,"time":"2024-01-05T13:42:38.666Z","iobWithZeroTemp":{"iob":0.071,"basaliob":-0.647,"bolussnooze":0.0232,"activity":0.0046,"lastBolusTime":1704455561000,"time":"2024-01-05T13:42:38.666Z"}},{"iob":0.516,"basaliob":-0.152,"bolussnooze":0.0193,"activity":0.0076,"lastBolusTime":1704455561000,"time":"2024-01-05T13:47:38.666Z","iobWithZeroTemp":{"iob":0.017,"basaliob":-0.651,"bolussnooze":0.0193,"activity":0.0039,"lastBolusTime":1704455561000,"time":"2024-01-05T13:47:38.666Z"}},{"iob":0.479,"basaliob":-0.141,"bolussnooze":0.016,"activity":0.0071,"lastBolusTime":1704455561000,"time":"2024-01-05T13:52:38.666Z","iobWithZeroTemp":{"iob":-0.035,"basaliob":-0.655,"bolussnooze":0.016,"activity":0.0032,"lastBolusTime":1704455561000,"time":"2024-01-05T13:52:38.666Z"}},{"iob":0.444,"basaliob":-0.131,"bolussnooze":0.0132,"activity":0.0067,"lastBolusTime":1704455561000,"time":"2024-01-05T13:57:38.666Z","iobWithZeroTemp":{"iob":-0.083,"basaliob":-0.658,"bolussnooze":0.0132,"activity":0.0027,"lastBolusTime":1704455561000,"time":"2024-01-05T13:57:38.666Z"}},{"iob":0.412,"basaliob":-0.121,"bolussnooze":0.0109,"activity":0.0063,"lastBolusTime":1704455561000,"time":"2024-01-05T14:02:38.666Z","iobWithZeroTemp":{"iob":-0.128,"basaliob":-0.661,"bolussnooze":0.0109,"activity":0.0021,"lastBolusTime":1704455561000,"time":"2024-01-05T14:02:38.666Z"}},{"iob":0.382,"basaliob":-0.112,"bolussnooze":0.009,"activity":0.0059,"lastBolusTime":1704455561000,"time":"2024-01-05T14:07:38.666Z","iobWithZeroTemp":{"iob":-0.17,"basaliob":-0.664,"bolussnooze":0.009,"activity":0.0016,"lastBolusTime":1704455561000,"time":"2024-01-05T14:07:38.666Z"}},{"iob":0.353,"basaliob":-0.104,"bolussnooze":0.0073,"activity":0.0055,"lastBolusTime":1704455561000,"time":"2024-01-05T14:12:38.666Z","iobWithZeroTemp":{"iob":-0.21,"basaliob":-0.667,"bolussnooze":0.0073,"activity":0.001,"lastBolusTime":1704455561000,"time":"2024-01-05T14:12:38.666Z"}},{"iob":0.327,"basaliob":-0.096,"bolussnooze":0.006,"activity":0.0051,"lastBolusTime":1704455561000,"time":"2024-01-05T14:17:38.666Z","iobWithZeroTemp":{"iob":-0.247,"basaliob":-0.67,"bolussnooze":0.006,"activity":5.0E-4,"lastBolusTime":1704455561000,"time":"2024-01-05T14:17:38.666Z"}},{"iob":0.302,"basaliob":-0.089,"bolussnooze":0.0049,"activity":0.0048,"lastBolusTime":1704455561000,"time":"2024-01-05T14:22:38.666Z","iobWithZeroTemp":{"iob":-0.282,"basaliob":-0.673,"bolussnooze":0.0049,"activity":0,"lastBolusTime":1704455561000,"time":"2024-01-05T14:22:38.666Z"}},{"iob":0.279,"basaliob":-0.082,"bolussnooze":0.0039,"activity":0.0045,"lastBolusTime":1704455561000,"time":"2024-01-05T14:27:38.666Z","iobWithZeroTemp":{"iob":-0.314,"basaliob":-0.675,"bolussnooze":0.0039,"activity":-4.0E-4,"lastBolusTime":1704455561000,"time":"2024-01-05T14:27:38.666Z"}},{"iob":0.258,"basaliob":-0.076,"bolussnooze":0.0031,"activity":0.0042,"lastBolusTime":1704455561000,"time":"2024-01-05T14:32:38.666Z","iobWithZeroTemp":{"iob":-0.343,"basaliob":-0.677,"bolussnooze":0.0031,"activity":-8.0E-4,"lastBolusTime":1704455561000,"time":"2024-01-05T14:32:38.666Z"}},{"iob":0.238,"basaliob":-0.07,"bolussnooze":0.0025,"activity":0.0039,"lastBolusTime":1704455561000,"time":"2024-01-05T14:37:38.666Z","iobWithZeroTemp":{"iob":-0.371,"basaliob":-0.679,"bolussnooze":0.0025,"activity":-0.0012,"lastBolusTime":1704455561000,"time":"2024-01-05T14:37:38.666Z"}},{"iob":0.22,"basaliob":-0.064,"bolussnooze":0.002,"activity":0.0035,"lastBolusTime":1704455561000,"time":"2024-01-05T14:42:38.666Z","iobWithZeroTemp":{"iob":-0.397,"basaliob":-0.681,"bolussnooze":0.002,"activity":-0.0017,"lastBolusTime":1704455561000,"time":"2024-01-05T14:42:38.666Z"}},{"iob":0.202,"basaliob":-0.059,"bolussnooze":0.0016,"activity":0.0033,"lastBolusTime":1704455561000,"time":"2024-01-05T14:47:38.666Z","iobWithZeroTemp":{"iob":-0.422,"basaliob":-0.683,"bolussnooze":0.0016,"activity":-0.002,"lastBolusTime":1704455561000,"time":"2024-01-05T14:47:38.666Z"}},{"iob":0.186,"basaliob":-0.054,"bolussnooze":0.0012,"activity":0.0031,"lastBolusTime":1704455561000,"time":"2024-01-05T14:52:38.666Z","iobWithZeroTemp":{"iob":-0.444,"basaliob":-0.684,"bolussnooze":0.0012,"activity":-0.0023,"lastBolusTime":1704455561000,"time":"2024-01-05T14:52:38.666Z"}},{"iob":0.171,"basaliob":-0.05,"bolussnooze":9.0E-4,"activity":0.0029,"lastBolusTime":1704455561000,"time":"2024-01-05T14:57:38.666Z","iobWithZeroTemp":{"iob":-0.465,"basaliob":-0.686,"bolussnooze":9.0E-4,"activity":-0.0026,"lastBolusTime":1704455561000,"time":"2024-01-05T14:57:38.666Z"}},{"iob":0.157,"basaliob":-0.046,"bolussnooze":7.0E-4,"activity":0.0026,"lastBolusTime":1704455561000,"time":"2024-01-05T15:02:38.666Z","iobWithZeroTemp":{"iob":-0.485,"basaliob":-0.688,"bolussnooze":7.0E-4,"activity":-0.003,"lastBolusTime":1704455561000,"time":"2024-01-05T15:02:38.666Z"}},{"iob":0.145,"basaliob":-0.042,"bolussnooze":5.0E-4,"activity":0.0025,"lastBolusTime":1704455561000,"time":"2024-01-05T15:07:38.666Z","iobWithZeroTemp":{"iob":-0.502,"basaliob":-0.689,"bolussnooze":5.0E-4,"activity":-0.0032,"lastBolusTime":1704455561000,"time":"2024-01-05T15:07:38.666Z"}},{"iob":0.132,"basaliob":-0.039,"bolussnooze":4.0E-4,"activity":0.0022,"lastBolusTime":1704455561000,"time":"2024-01-05T15:12:38.666Z","iobWithZeroTemp":{"iob":-0.519,"basaliob":-0.69,"bolussnooze":4.0E-4,"activity":-0.0036,"lastBolusTime":1704455561000,"time":"2024-01-05T15:12:38.666Z"}},{"iob":0.122,"basaliob":-0.035,"bolussnooze":3.0E-4,"activity":0.0021,"lastBolusTime":1704455561000,"time":"2024-01-05T15:17:38.666Z","iobWithZeroTemp":{"iob":-0.534,"basaliob":-0.691,"bolussnooze":3.0E-4,"activity":-0.0037,"lastBolusTime":1704455561000,"time":"2024-01-05T15:17:38.666Z"}},{"iob":0.112,"basaliob":-0.032,"bolussnooze":2.0E-4,"activity":0.0019,"lastBolusTime":1704455561000,"time":"2024-01-05T15:22:38.666Z","iobWithZeroTemp":{"iob":-0.548,"basaliob":-0.692,"bolussnooze":2.0E-4,"activity":-0.004,"lastBolusTime":1704455561000,"time":"2024-01-05T15:22:38.666Z"}},{"iob":0.102,"basaliob":-0.03,"bolussnooze":1.0E-4,"activity":0.0018,"lastBolusTime":1704455561000,"time":"2024-01-05T15:27:38.666Z","iobWithZeroTemp":{"iob":-0.562,"basaliob":-0.694,"bolussnooze":1.0E-4,"activity":-0.0041,"lastBolusTime":1704455561000,"time":"2024-01-05T15:27:38.666Z"}},{"iob":0.094,"basaliob":-0.027,"bolussnooze":1.0E-4,"activity":0.0016,"lastBolusTime":1704455561000,"time":"2024-01-05T15:32:38.666Z","iobWithZeroTemp":{"iob":-0.573,"basaliob":-0.694,"bolussnooze":1.0E-4,"activity":-0.0044,"lastBolusTime":1704455561000,"time":"2024-01-05T15:32:38.666Z"}},{"iob":0.085,"basaliob":-0.025,"bolussnooze":0,"activity":0.0016,"lastBolusTime":1704455561000,"time":"2024-01-05T15:37:38.666Z","iobWithZeroTemp":{"iob":-0.585,"basaliob":-0.695,"bolussnooze":0,"activity":-0.0045,"lastBolusTime":1704455561000,"time":"2024-01-05T15:37:38.666Z"}},{"iob":0.078,"basaliob":-0.023,"bolussnooze":0,"activity":0.0014,"lastBolusTime":1704455561000,"time":"2024-01-05T15:42:38.666Z","iobWithZeroTemp":{"iob":-0.595,"basaliob":-0.696,"bolussnooze":0,"activity":-0.0047,"lastBolusTime":1704455561000,"time":"2024-01-05T15:42:38.666Z"}},{"iob":0.071,"basaliob":-0.021,"bolussnooze":0,"activity":0.0013,"lastBolusTime":1704455561000,"time":"2024-01-05T15:47:38.666Z","iobWithZeroTemp":{"iob":-0.605,"basaliob":-0.697,"bolussnooze":0,"activity":-0.0048,"lastBolusTime":1704455561000,"time":"2024-01-05T15:47:38.666Z"}},{"iob":0.065,"basaliob":-0.019,"bolussnooze":0,"activity":0.0011,"lastBolusTime":1704455561000,"time":"2024-01-05T15:52:38.666Z","iobWithZeroTemp":{"iob":-0.613,"basaliob":-0.697,"bolussnooze":0,"activity":-0.0051,"lastBolusTime":1704455561000,"time":"2024-01-05T15:52:38.666Z"}},{"iob":0.06,"basaliob":-0.017,"bolussnooze":0,"activity":0.0011,"lastBolusTime":1704455561000,"time":"2024-01-05T15:57:38.666Z","iobWithZeroTemp":{"iob":-0.621,"basaliob":-0.698,"bolussnooze":0,"activity":-0.0051,"lastBolusTime":1704455561000,"time":"2024-01-05T15:57:38.666Z"}},{"iob":0.054,"basaliob":-0.016,"bolussnooze":0,"activity":0.001,"lastBolusTime":1704455561000,"time":"2024-01-05T16:02:38.666Z","iobWithZeroTemp":{"iob":-0.629,"basaliob":-0.699,"bolussnooze":0,"activity":-0.0053,"lastBolusTime":1704455561000,"time":"2024-01-05T16:02:38.666Z"}}],"profile":{"max_iob":7,"type":"current","max_daily_basal":0.45,"max_basal":1.35,"min_bg":81.0000000000001,"max_bg":81.0000000000001,"target_bg":81.0000000000001,"carb_ratio":11,"sens":352.8,"max_daily_safety_multiplier":3,"current_basal_safety_multiplier":4,"lgsThreshold":65,"high_temptarget_raises_sensitivity":false,"low_temptarget_lowers_sensitivity":false,"sensitivity_raises_target":true,"resistance_lowers_target":true,"adv_target_adjustments":false,"exercise_mode":false,"half_basal_exercise_target":160,"maxCOB":120,"skip_neutral_temps":false,"remainingCarbsCap":90,"enableUAM":true,"A52_risk_enable":false,"SMBInterval":4,"enableSMB_with_COB":true,"enableSMB_with_temptarget":false,"allowSMB_with_high_temptarget":true,"enableSMB_always":true,"enableSMB_after_carbs":false,"maxSMBBasalMinutes":60,"maxUAMSMBBasalMinutes":60,"bolus_increment":0.05,"carbsReqThreshold":10,"current_basal":0.4,"temptargetSet":true,"autosens_max":1.2,"autosens_min":0.8,"out_units":"mmol\/L","variable_sens":128.5,"insulinDivisor":65,"TDD":9.88946929166667},"autosens_data":{"ratio":1.2459764075640205},"meal_data":{"carbs":45,"mealCOB":16.855646258503405,"slopeFromMaxDeviation":-0.6233333333333329,"slopeFromMinDeviation":0,"lastBolusTime":1704455561000,"lastCarbTime":1704453676000},"microBolusAllowed":true,"currentTime":1704456460921,"flatBGsDetected":false,"tdd1D":28.050416666666692,"tdd7D":23.609261904761915,"tddLast24H":29.416583333333335,"tddLast4H":5.943333333333333,"tddLast8to4H":4.603333333333333},"output":{"temp":"absolute","bg":203,"tick":-6,"eventualBG":164,"targetBG":81.0000000000001,"insulinReq":0,"deliverAt":"2024-01-05T12:07:40.921Z","sensitivityRatio":1.2459764075640205,"variable_sens":128.5,"predBGs":{"IOB":[203,197,190,182,174,166,157,148,138,128,117,106,94,82,69,55,40,39],"ZT":[203,192,180,168,156,144,131,119,107,94,82,68,55,40,39,39,39,39,39,39,39,39,39,39,39,39,39,39,39,39,39,39,39,39,39,39,39,39,39,39,39,39,39,39,39,39,39,39],"COB":[203,197,191,186,180,175,171,166,163,159,156,154,152,150,149,148,147,147,148,148,150,151,153,154,156,158,159,161,162,163,164,166,167,167,168,169,169,169,170,169,169,169,168,167,166,165,165,164],"UAM":[203,196,189,181,172,163,153,143,131,120,107,95,82,69,55,39]},"reason":"COB: 16.9, Dev: 1.8, BGI: -0.6, ISF: 7.1, CR: 11, Target: 4.5, minPredBG -4.5, minGuardBG -5.2, IOBpredBG 2.2, COBpredBG 9.1, UAMpredBG 2.2; minGuardBG -5.2<3.6","COB":16.855646258503405,"IOB":1.826,"duration":120,"rate":0,"timestamp":"2024-01-05T12:07:40.946Z"}}