{"algorithm":"OpenAPSSMBDynamicISFPlugin","input":{"glucoseStatus":{"glucose":102,"noise":0,"delta":0,"short_avgdelta":0.17,"long_avgdelta":-1.64,"date":1704241628303},"currenttemp":{"temp":"absolute","duration":0,"rate":0},"iob_data":[{"iob":-0.119,"basaliob":-0.216,"bolussnooze":0,"activity":-5.0E-4,"lastBolusTime":1704236868000,"time":"2024-01-03T00:27:35.277Z","iobWithZeroTemp":{"iob":-0.119,"basaliob":-0.216,"bolussnooze":0,"activity":-5.0E-4,"lastBolusTime":1704236868000,"time":"2024-01-03T00:27:35.277Z"}},{"iob":-0.116,"basaliob":-0.206,"bolussnooze":0,"activity":-6.0E-4,"lastBolusTime":1704236868000,"time":"2024-01-03T00:32:35.277Z","iobWithZeroTemp":{"iob":-0.139,"basaliob":-0.229,"bolussnooze":0,"activity":-6.0E-4,"lastBolusTime":1704236868000,"time":"2024-01-03T00:32:35.277Z"}},{"iob":-0.113,"basaliob":-0.196,"bolussnooze":0,"activity":-7.0E-4,"lastBolusTime":1704236868000,"time":"2024-01-03T00:37:35.277Z","iobWithZeroTemp":{"iob":-0.165,"basaliob":-0.248,"bolussnooze":0,"activity":-8.0E-4,"lastBolusTime":1704236868000,"time":"2024-01-03T00:37:35.277Z"}},{"iob":-0.11,"basaliob":-0.186,"bolussnooze":0,"activity":-8.0E-4,"lastBolusTime":1704236868000,"time":"2024-01-03T00:42:35.277Z","iobWithZeroTemp":{"iob":-0.191,"basaliob":-0.267,"bolussnooze":0,"activity":-0.001,"lastBolusTime":1704236868000,"time":"2024-01-03T00:42:35.277Z"}},{"iob":-0.106,"basaliob":-0.176,"bolussnooze":0,"activity":-8.0E-4,"lastBolusTime":1704236868000,"time":"2024-01-03T00:47:35.277Z","iobWithZeroTemp":{"iob":-0.215,"basaliob":-0.285,"bolussnooze":0,"activity":-0.0011,"lastBolusTime":1704236868000,"time":"2024-01-03T00:47:35.277Z"}},{"iob":-0.101,"basaliob":-0.166,"bolussnooze":0,"activity":-8.0E-4,"lastBolusTime":1704236868000,"time":"2024-01-03T00:52:35.277Z","iobWithZeroTemp":{"iob":-0.237,"basaliob":-0.302,"bolussnooze":0,"activity":-0.0012,"lastBolusTime":1704236868000,"time":"2024-01-03T00:52:35.277Z"}},{"iob":-0.097,"basaliob":-0.157,"bolussnooze":0,"activity":-8.0E-4,"lastBolusTime":1704236868000,"time":"2024-01-03T00:57:35.277Z","iobWithZeroTemp":{"iob":-0.26,"basaliob":-0.32,"bolussnooze":0,"activity":-0.0014,"lastBolusTime":1704236868000,"time":"2024-01-03T00:57:35.277Z"}},{"iob":-0.093,"basaliob":-0.148,"bolussnooze":0,"activity":-9.0E-4,"lastBolusTime":1704236868000,"time":"2024-01-03T01:02:35.277Z","iobWithZeroTemp":{"iob":-0.275,"basaliob":-0.33,"bolussnooze":0,"activity":-0.0017,"lastBolusTime":1704236868000,"time":"2024-01-03T01:02:35.277Z"}},{"iob":-0.089,"basaliob":-0.14,"bolussnooze":0,"activity":-8.0E-4,"lastBolusTime":1704236868000,"time":"2024-01-03T01:07:35.277Z","iobWithZeroTemp":{"iob":-0.29,"basaliob":-0.341,"bolussnooze":0,"activity":-0.0017,"lastBolusTime":1704236868000,"time":"2024-01-03T01:07:35.277Z"}},{"iob":-0.085,"basaliob":-0.131,"bolussnooze":0,"activity":-8.0E-4,"lastBolusTime":1704236868000,"time":"2024-01-03T01:12:35.277Z","iobWithZeroTemp":{"iob":-0.303,"basaliob":-0.349,"bolussnooze":0,"activity":-0.0019,"lastBolusTime":1704236868000,"time":"2024-01-03T01:12:35.277Z"}},{"iob":-0.08,"basaliob":-0.123,"bolussnooze":0,"activity":-9.0E-4,"lastBolusTime":1704236868000,"time":"2024-01-03T01:17:35.277Z","iobWithZeroTemp":{"iob":-0.315,"basaliob":-0.358,"bolussnooze":0,"activity":-0.0022,"lastBolusTime":1704236868000,"time":"2024-01-03T01:17:35.277Z"}},{"iob":-0.076,"basaliob":-0.115,"bolussnooze":0,"activity":-8.0E-4,"lastBolusTime":1704236868000,"time":"2024-01-03T01:22:35.277Z","iobWithZeroTemp":{"iob":-0.327,"basaliob":-0.366,"bolussnooze":0,"activity":-0.0022,"lastBolusTime":1704236868000,"time":"2024-01-03T01:22:35.277Z"}},{"iob":-0.072,"basaliob":-0.108,"bolussnooze":0,"activity":-8.0E-4,"lastBolusTime":1704236868000,"time":"2024-01-03T01:27:35.277Z","iobWithZeroTemp":{"iob":-0.338,"basaliob":-0.374,"bolussnooze":0,"activity":-0.0024,"lastBolusTime":1704236868000,"time":"2024-01-03T01:27:35.277Z"}},{"iob":-0.068,"basaliob":-0.101,"bolussnooze":0,"activity":-7.0E-4,"lastBolusTime":1704236868000,"time":"2024-01-03T01:32:35.277Z","iobWithZeroTemp":{"iob":-0.348,"basaliob":-0.381,"bolussnooze":0,"activity":-0.0025,"lastBolusTime":1704236868000,"time":"2024-01-03T01:32:35.277Z"}},{"iob":-0.065,"basaliob":-0.095,"bolussnooze":0,"activity":-8.0E-4,"lastBolusTime":1704236868000,"time":"2024-01-03T01:37:35.277Z","iobWithZeroTemp":{"iob":-0.358,"basaliob":-0.388,"bolussnooze":0,"activity":-0.0027,"lastBolusTime":1704236868000,"time":"2024-01-03T01:37:35.277Z"}},{"iob":-0.061,"basaliob":-0.088,"bolussnooze":0,"activity":-7.0E-4,"lastBolusTime":1704236868000,"time":"2024-01-03T01:42:35.277Z","iobWithZeroTemp":{"iob":-0.367,"basaliob":-0.394,"bolussnooze":0,"activity":-0.0028,"lastBolusTime":1704236868000,"time":"2024-01-03T01:42:35.277Z"}},{"iob":-0.058,"basaliob":-0.083,"bolussnooze":0,"activity":-6.0E-4,"lastBolusTime":1704236868000,"time":"2024-01-03T01:47:35.277Z","iobWithZeroTemp":{"iob":-0.376,"basaliob":-0.401,"bolussnooze":0,"activity":-0.0028,"lastBolusTime":1704236868000,"time":"2024-01-03T01:47:35.277Z"}},{"iob":-0.054,"basaliob":-0.077,"bolussnooze":0,"activity":-7.0E-4,"lastBolusTime":1704236868000,"time":"2024-01-03T01:52:35.277Z","iobWithZeroTemp":{"iob":-0.383,"basaliob":-0.406,"bolussnooze":0,"activity":-0.003,"lastBolusTime":1704236868000,"time":"2024-01-03T01:52:35.277Z"}},{"iob":-0.051,"basaliob":-0.072,"bolussnooze":0,"activity":-6.0E-4,"lastBolusTime":1704236868000,"time":"2024-01-03T01:57:35.277Z","iobWithZeroTemp":{"iob":-0.39,"basaliob":-0.411,"bolussnooze":0,"activity":-0.0031,"lastBolusTime":1704236868000,"time":"2024-01-03T01:57:35.277Z"}},{"iob":-0.048,"basaliob":-0.067,"bolussnooze":0,"activity":-6.0E-4,"lastBolusTime":1704236868000,"time":"2024-01-03T02:02:35.277Z","iobWithZeroTemp":{"iob":-0.397,"basaliob":-0.416,"bolussnooze":0,"activity":-0.0032,"lastBolusTime":1704236868000,"time":"2024-01-03T02:02:35.277Z"}},{"iob":-0.045,"basaliob":-0.062,"bolussnooze":0,"activity":-6.0E-4,"lastBolusTime":1704236868000,"time":"2024-01-03T02:07:35.277Z","iobWithZeroTemp":{"iob":-0.403,"basaliob":-0.42,"bolussnooze":0,"activity":-0.0033,"lastBolusTime":1704236868000,"time":"2024-01-03T02:07:35.277Z"}},{"iob":-0.042,"basaliob":-0.058,"bolussnooze":0,"activity":-6.0E-4,"lastBolusTime":1704236868000,"time":"2024-01-03T02:12:35.277Z","iobWithZeroTemp":{"iob":-0.409,"basaliob":-0.425,"bolussnooze":0,"activity":-0.0034,"lastBolusTime":1704236868000,"time":"2024-01-03T02:12:35.277Z"}},{"iob":-0.04,"basaliob":-0.054,"bolussnooze":0,"activity":-5.0E-4,"lastBolusTime":1704236868000,"time":"2024-01-03T02:17:35.277Z","iobWithZeroTemp":{"iob":-0.415,"basaliob":-0.429,"bolussnooze":0,"activity":-0.0034,"lastBolusTime":1704236868000,"time":"2024-01-03T02:17:35.277Z"}},{"iob":-0.037,"basaliob":-0.05,"bolussnooze":0,"activity":-5.0E-4,"lastBolusTime":1704236868000,"time":"2024-01-03T02:22:35.277Z","iobWithZeroTemp":{"iob":-0.419,"basaliob":-0.432,"bolussnooze":0,"activity":-0.0035,"lastBolusTime":1704236868000,"time":"2024-01-03T02:22:35.277Z"}},{"iob":-0.034,"basaliob":-0.046,"bolussnooze":0,"activity":-5.0E-4,"lastBolusTime":1704236868000,"time":"2024-01-03T02:27:35.277Z","iobWithZeroTemp":{"iob":-0.423,"basaliob":-0.435,"bolussnooze":0,"activity":-0.0036,"lastBolusTime":1704236868000,"time":"2024-01-03T02:27:35.277Z"}},{"iob":-0.032,"basaliob":-0.043,"bolussnooze":0,"activity":-5.0E-4,"lastBolusTime":1704236868000,"time":"2024-01-03T02:32:35.277Z","iobWithZeroTemp":{"iob":-0.428,"basaliob":-0.439,"bolussnooze":0,"activity":-0.0037,"lastBolusTime":1704236868000,"time":"2024-01-03T02:32:35.277Z"}},{"iob":-0.029,"basaliob":-0.039,"bolussnooze":0,"activity":-4.0E-4,"lastBolusTime":1704236868000,"time":"2024-01-03T02:37:35.277Z","iobWithZeroTemp":{"iob":-0.431,"basaliob":-0.441,"bolussnooze":0,"activity":-0.0037,"lastBolusTime":1704236868000,"time":"2024-01-03T02:37:35.277Z"}},{"iob":-0.028,"basaliob":-0.037,"bolussnooze":0,"activity":-4.0E-4,"lastBolusTime":1704236868000,"time":"2024-01-03T02:42:35.277Z","iobWithZeroTemp":{"iob":-0.436,"basaliob":-0.445,"bolussnooze":0,"activity":-0.0038,"lastBolusTime":1704236868000,"time":"2024-01-03T02:42:35.277Z"}},{"iob":-0.026,"basaliob":-0.034,"bolussnooze":0,"activity":-3.0E-4,"lastBolusTime":1704236868000,"time":"2024-01-03T02:47:35.277Z","iobWithZeroTemp":{"iob":-0.439,"basaliob":-0.447,"bolussnooze":0,"activity":-0.0038,"lastBolusTime":1704236868000,"time":"2024-01-03T02:47:35.277Z"}},{"iob":-0.024,"basaliob":-0.031,"bolussnooze":0,"activity":-4.0E-4,"lastBolusTime":1704236868000,"time":"2024-01-03T02:52:35.277Z","iobWithZeroTemp":{"iob":-0.442,"basaliob":-0.449,"bolussnooze":0,"activity":-0.004,"lastBolusTime":1704236868000,"time":"2024-01-03T02:52:35.277Z"}},{"iob":-0.022,"basaliob":-0.029,"bolussnooze":0,"activity":-4.0E-4,"lastBolusTime":1704236868000,"time":"2024-01-03T02:57:35.277Z","iobWithZeroTemp":{"iob":-0.445,"basaliob":-0.452,"bolussnooze":0,"activity":-0.004,"lastBolusTime":1704236868000,"time":"2024-01-03T02:57:35.277Z"}},{"iob":-0.021,"basaliob":-0.027,"bolussnooze":0,"activity":-3.0E-4,"lastBolusTime":1704236868000,"time":"2024-01-03T03:02:35.277Z","iobWithZeroTemp":{"iob":-0.45,"basaliob":-0.456,"bolussnooze":0,"activity":-0.004,"lastBolusTime":1704236868000,"time":"2024-01-03T03:02:35.277Z"}},{"iob":-0.019,"basaliob":-0.024,"bolussnooze":0,"activity":-3.0E-4,"lastBolusTime":1704236868000,"time":"2024-01-03T03:07:35.277Z","iobWithZeroTemp":{"iob":-0.455,"basaliob":-0.46,"bolussnooze":0,"activity":-0.0041,"lastBolusTime":1704236868000,"time":"2024-01-03T03:07:35.277Z"}},{"iob":-0.018,"basaliob":-0.023,"bolussnooze":0,"activity":-3.0E-4,"lastBolusTime":1704236868000,"time":"2024-01-03T03:12:35.277Z","iobWithZeroTemp":{"iob":-0.46,"basaliob":-0.465,"bolussnooze":0,"activity":-0.0041,"lastBolusTime":1704236868000,"time":"2024-01-03T03:12:35.277Z"}},{"iob":-0.017,"basaliob":-0.021,"bolussnooze":0,"activity":-2.0E-4,"lastBolusTime":1704236868000,"time":"2024-01-03T03:17:35.277Z","iobWithZeroTemp":{"iob":-0.465,"basaliob":-0.469,"bolussnooze":0,"activity":-0.0041,"lastBolusTime":1704236868000,"time":"2024-01-03T03:17:35.277Z"}},{"iob":-0.015,"basaliob":-0.019,"bolussnooze":0,"activity":-2.0E-4,"lastBolusTime":1704236868000,"time":"2024-01-03T03:22:35.277Z","iobWithZeroTemp":{"iob":-0.468,"basaliob":-0.472,"bolussnooze":0,"activity":-0.0041,"lastBolusTime":1704236868000,"time":"2024-01-03T03:22:35.277Z"}},{"iob":-0.014,"basaliob":-0.018,"bolussnooze":0,"activity":-2.0E-4,"lastBolusTime":1704236868000,"time":"2024-01-03T03:27:35.277Z","iobWithZeroTemp":{"iob":-0.472,"basaliob":-0.476,"bolussnooze":0,"activity":-0.0042,"lastBolusTime":1704236868000,"time":"2024-01-03T03:27:35.277Z"}},{"iob":-0.013,"basaliob":-0.016,"bolussnooze":0,"activity":-2.0E-4,"lastBolusTime":1704236868000,"time":"2024-01-03T03:32:35.277Z","iobWithZeroTemp":{"iob":-0.476,"basaliob":-0.479,"bolussnooze":0,"activity":-0.0043,"lastBolusTime":1704236868000,"time":"2024-01-03T03:32:35.277Z"}},{"iob":-0.012,"basaliob":-0.015,"bolussnooze":0,"activity":-2.0E-4,"lastBolusTime":1704236868000,"time":"2024-01-03T03:37:35.277Z","iobWithZeroTemp":{"iob":-0.48,"basaliob":-0.483,"bolussnooze":0,"activity":-0.0043,"lastBolusTime":1704236868000,"time":"2024-01-03T03:37:35.277Z"}},{"iob":-0.011,"basaliob":-0.014,"bolussnooze":0,"activity":-1.0E-4,"lastBolusTime":1704236868000,"time":"2024-01-03T03:42:35.277Z","iobWithZeroTemp":{"iob":-0.483,"basaliob":-0.486,"bolussnooze":0,"activity":-0.0043,"lastBolusTime":1704236868000,"time":"2024-01-03T03:42:35.277Z"}},{"iob":-0.01,"basaliob":-0.012,"bolussnooze":0,"activity":-1.0E-4,"lastBolusTime":1704236868000,"time":"2024-01-03T03:47:35.277Z","iobWithZeroTemp":{"iob":-0.486,"basaliob":-0.488,"bolussnooze":0,"activity":-0.0043,"lastBolusTime":1704236868000,"time":"2024-01-03T03:47:35.277Z"}},{"iob":-0.009,"basaliob":-0.011,"bolussnooze":0,"activity":-2.0E-4,"lastBolusTime":1704236868000,"time":"2024-01-03T03:52:35.277Z","iobWithZeroTemp":{"iob":-0.489,"basaliob":-0.491,"bolussnooze":0,"activity":-0.0045,"lastBolusTime":1704236868000,"time":"2024-01-03T03:52:35.277Z"}},{"iob":-0.008,"basaliob":-0.01,"bolussnooze":0,"activity":-2.0E-4,"lastBolusTime":1704236868000,"time":"2024-01-03T03:57:35.277Z","iobWithZeroTemp":{"iob":-0.491,"basaliob":-0.493,"bolussnooze":0,"activity":-0.0045,"lastBolusTime":1704236868000,"time":"2024-01-03T03:57:35.277Z"}},{"iob":-0.008,"basaliob":-0.01,"bolussnooze":0,"activity":-2.0E-4,"lastBolusTime":1704236868000,"time":"2024-01-03T04:02:35.277Z","iobWithZeroTemp":{"iob":-0.503,"basaliob":-0.505,"bolussnooze":0,"activity":-0.0046,"lastBolusTime":1704236868000,"time":"2024-01-03T04:02:35.277Z"}},{"iob":-0.007,"basaliob":-0.009,"bolussnooze":0,"activity":-2.0E-4,"lastBolusTime":1704236868000,"time":"2024-01-03T04:07:35.277Z","iobWithZeroTemp":{"iob":-0.513,"basaliob":-0.515,"bolussnooze":0,"activity":-0.0046,"lastBolusTime":1704236868000,"time":"2024-01-03T04:07:35.277Z"}},{"iob":-0.007,"basaliob":-0.008,"bolussnooze":0,"activity":-1.0E-4,"lastBolusTime":1704236868000,"time":"2024-01-03T04:12:35.277Z","iobWithZeroTemp":{"iob":-0.524,"basaliob":-0.525,"bolussnooze":0,"activity":-0.0046,"lastBolusTime":1704236868000,"time":"2024-01-03T04:12:35.277Z"}},{"iob":-0.006,"basaliob":-0.007,"bolussnooze":0,"activity":-1.0E-4,"lastBolusTime":1704236868000,"time":"2024-01-03T04:17:35.277Z","iobWithZeroTemp":{"iob":-0.534,"basaliob":-0.535,"bolussnooze":0,"activity":-0.0047,"lastBolusTime":1704236868000,"time":"2024-01-03T04:17:35.277Z"}},{"iob":-0.006,"basaliob":-0.007,"bolussnooze":0,"activity":-1.0E-4,"lastBolusTime":1704236868000,"time":"2024-01-03T04:22:35.277Z","iobWithZeroTemp":{"iob":-0.544,"basaliob":-0.545,"bolussnooze":0,"activity":-0.0047,"lastBolusTime":1704236868000,"time":"2024-01-03T04:22:35.277Z"}}],"profile":{"max_iob":7,"type":"current","max_daily_basal":0.45,"max_basal":1.35,"min_bg":106.2,"max_bg":106.2,"target_bg":106.2,"carb_ratio":11,"sens":369,"max_daily_safety_multiplier":3,"current_basal_safety_multiplier":4,"lgsThreshold":65,"high_temptarget_raises_sensitivity":false,"low_temptarget_lowers_sensitivity":false,"sensitivity_raises_target":true,"resistance_lowers_target":true,"adv_target_adjustments":false,"exercise_mode":false,"half_basal_exercise_target":160,"maxCOB":120,"skip_neutral_temps":false,"remainingCarbsCap":90,"enableUAM":true,"A52_risk_enable":false,"SMBInterval":4,"enableSMB_with_COB":true,"enableSMB_with_temptarget":false,"allowSMB_with_high_temptarget":true,"enableSMB_always":true,"enableSMB_after_carbs":false,"maxSMBBasalMinutes":60,"maxUAMSMBBasalMinutes":60,"bolus_increment":0.05,"carbsReqThreshold":10,"current_basal":0.35,"temptargetSet":false,"autosens_max":1.2,"autosens_min":0.8,"out_units":"mmol\/L","variable_sens":291.3,"insulinDivisor":65,"TDD":6.548093833333335},"autosens_data":{"ratio":0.8775995402940827},"meal_data":{"carbs":0,"mealCOB":0,"slopeFromMaxDeviation":-0.16072727272727272,"slopeFromMinDeviation":1.0873333333333333,"lastBolusTime":1704236868000,"lastCarbTime":0},"microBolusAllowed":true,"currentTime":1704241657404,"flatBGsDetected":false,"tdd1D":19.209083333333343,"tdd7D":22.16738095238096,"tddLast24H":19.454083333333337,"tddLast4H":1.15125,"tddLast8to4H":5.45},"output":{"temp":"absolute","bg":102,"tick":"+0","eventualBG":123,"targetBG":113,"insulinReq":0.01,"deliverAt":"2024-01-03T00:27:37.404Z","sensitivityRatio":0.8775995402940827,"variable_sens":291.3,"predBGs":{"IOB":[102,102,102,103,104,104,105,106,107,108,109,110,111,112,113,114,115,116,117,118,119,120,120,121,122,122,123,123,124,124,125,125,126,126,127,127,127,127,128,128,128,128,128,129],"ZT":[102,103,104,105,106,108,109,111]},"reason":"COB: 0, Dev: -0.8, BGI: 0.0, ISF: 16.2, CR: 11, Target: 6.3, minPredBG 6.5, minGuardBG 5.7, IOBpredBG 7.2; Eventual BG 6.8 >= 6.3,  insulinReq 0.01. no temp, setting 0.33U\/hr. ","COB":0,"IOB":-0.119,"duration":30,"rate":0.32715983910292895,"timestamp":"2024-01-03T00:27:37.464Z"}}