{"algorithm":"OpenAPSSMBDynamicISFPlugin","input":{"glucoseStatus":{"glucose":173,"noise":0,"delta":3,"short_avgdelta":2.5,"long_avgdelta":0,"date":1704326527733},"currenttemp":{"temp":"absolute","duration":25,"rate":0,"minutesrunning":5},"iob_data":[{"iob":0.629,"basaliob":-0.38,"bolussnooze":0,"activity":0.0068,"lastBolusTime":1704326278000,"time":"2024-01-04T00:02:33.180Z","iobWithZeroTemp":{"iob":0.629,"basaliob":-0.38,"bolussnooze":0,"activity":0.0068,"lastBolusTime":1704326278000,"time":"2024-01-04T00:02:33.180Z"}},{"iob":0.595,"basaliob":-0.36,"bolussnooze":0,"activity":0.0066,"lastBolusTime":1704326278000,"time":"2024-01-04T00:07:33.180Z","iobWithZeroTemp":{"iob":0.572,"basaliob":-0.383,"bolussnooze":0,"activity":0.0066,"lastBolusTime":1704326278000,"time":"2024-01-04T00:07:33.180Z"}},{"iob":0.563,"basaliob":-0.34,"bolussnooze":0,"activity":0.0064,"lastBolusTime":1704326278000,"time":"2024-01-04T00:12:33.180Z","iobWithZeroTemp":{"iob":0.511,"basaliob":-0.392,"bolussnooze":0,"activity":0.0063,"lastBolusTime":1704326278000,"time":"2024-01-04T00:12:33.180Z"}},{"iob":0.531,"basaliob":-0.321,"bolussnooze":0,"activity":0.0063,"lastBolusTime":1704326278000,"time":"2024-01-04T00:17:33.180Z","iobWithZeroTemp":{"iob":0.45,"basaliob":-0.402,"bolussnooze":0,"activity":0.0061,"lastBolusTime":1704326278000,"time":"2024-01-04T00:17:33.180Z"}},{"iob":0.5,"basaliob":-0.303,"bolussnooze":0,"activity":0.006,"lastBolusTime":1704326278000,"time":"2024-01-04T00:22:33.180Z","iobWithZeroTemp":{"iob":0.391,"basaliob":-0.412,"bolussnooze":0,"activity":0.0057,"lastBolusTime":1704326278000,"time":"2024-01-04T00:22:33.180Z"}},{"iob":0.471,"basaliob":-0.285,"bolussnooze":0,"activity":0.0058,"lastBolusTime":1704326278000,"time":"2024-01-04T00:27:33.180Z","iobWithZeroTemp":{"iob":0.335,"basaliob":-0.421,"bolussnooze":0,"activity":0.0054,"lastBolusTime":1704326278000,"time":"2024-01-04T00:27:33.180Z"}},{"iob":0.443,"basaliob":-0.268,"bolussnooze":0,"activity":0.0056,"lastBolusTime":1704326278000,"time":"2024-01-04T00:32:33.180Z","iobWithZeroTemp":{"iob":0.28,"basaliob":-0.431,"bolussnooze":0,"activity":0.005,"lastBolusTime":1704326278000,"time":"2024-01-04T00:32:33.180Z"}},{"iob":0.415,"basaliob":-0.252,"bolussnooze":0,"activity":0.0053,"lastBolusTime":1704326278000,"time":"2024-01-04T00:37:33.180Z","iobWithZeroTemp":{"iob":0.226,"basaliob":-0.441,"bolussnooze":0,"activity":0.0045,"lastBolusTime":1704326278000,"time":"2024-01-04T00:37:33.180Z"}},{"iob":0.39,"basaliob":-0.236,"bolussnooze":0,"activity":0.005,"lastBolusTime":1704326278000,"time":"2024-01-04T00:42:33.180Z","iobWithZeroTemp":{"iob":0.176,"basaliob":-0.45,"bolussnooze":0,"activity":0.004,"lastBolusTime":1704326278000,"time":"2024-01-04T00:42:33.180Z"}},{"iob":0.365,"basaliob":-0.221,"bolussnooze":0,"activity":0.0048,"lastBolusTime":1704326278000,"time":"2024-01-04T00:47:33.180Z","iobWithZeroTemp":{"iob":0.127,"basaliob":-0.459,"bolussnooze":0,"activity":0.0037,"lastBolusTime":1704326278000,"time":"2024-01-04T00:47:33.180Z"}},{"iob":0.341,"basaliob":-0.207,"bolussnooze":0,"activity":0.0045,"lastBolusTime":1704326278000,"time":"2024-01-04T00:52:33.180Z","iobWithZeroTemp":{"iob":0.08,"basaliob":-0.468,"bolussnooze":0,"activity":0.0032,"lastBolusTime":1704326278000,"time":"2024-01-04T00:52:33.180Z"}},{"iob":0.319,"basaliob":-0.194,"bolussnooze":0,"activity":0.0044,"lastBolusTime":1704326278000,"time":"2024-01-04T00:57:33.180Z","iobWithZeroTemp":{"iob":0.036,"basaliob":-0.477,"bolussnooze":0,"activity":0.0029,"lastBolusTime":1704326278000,"time":"2024-01-04T00:57:33.180Z"}},{"iob":0.298,"basaliob":-0.181,"bolussnooze":0,"activity":0.0041,"lastBolusTime":1704326278000,"time":"2024-01-04T01:02:33.180Z","iobWithZeroTemp":{"iob":0.001,"basaliob":-0.478,"bolussnooze":0,"activity":0.0024,"lastBolusTime":1704326278000,"time":"2024-01-04T01:02:33.180Z"}},{"iob":0.278,"basaliob":-0.169,"bolussnooze":0,"activity":0.0038,"lastBolusTime":1704326278000,"time":"2024-01-04T01:07:33.180Z","iobWithZeroTemp":{"iob":-0.032,"basaliob":-0.479,"bolussnooze":0,"activity":0.0019,"lastBolusTime":1704326278000,"time":"2024-01-04T01:07:33.180Z"}},{"iob":0.259,"basaliob":-0.157,"bolussnooze":0,"activity":0.0037,"lastBolusTime":1704326278000,"time":"2024-01-04T01:12:33.180Z","iobWithZeroTemp":{"iob":-0.064,"basaliob":-0.48,"bolussnooze":0,"activity":0.0016,"lastBolusTime":1704326278000,"time":"2024-01-04T01:12:33.180Z"}},{"iob":0.241,"basaliob":-0.147,"bolussnooze":0,"activity":0.0035,"lastBolusTime":1704326278000,"time":"2024-01-04T01:17:33.180Z","iobWithZeroTemp":{"iob":-0.094,"basaliob":-0.482,"bolussnooze":0,"activity":0.0012,"lastBolusTime":1704326278000,"time":"2024-01-04T01:17:33.180Z"}},{"iob":0.225,"basaliob":-0.136,"bolussnooze":0,"activity":0.0032,"lastBolusTime":1704326278000,"time":"2024-01-04T01:22:33.180Z","iobWithZeroTemp":{"iob":-0.121,"basaliob":-0.482,"bolussnooze":0,"activity":8.0E-4,"lastBolusTime":1704326278000,"time":"2024-01-04T01:22:33.180Z"}},{"iob":0.209,"basaliob":-0.127,"bolussnooze":0,"activity":0.003,"lastBolusTime":1704326278000,"time":"2024-01-04T01:27:33.180Z","iobWithZeroTemp":{"iob":-0.147,"basaliob":-0.483,"bolussnooze":0,"activity":4.0E-4,"lastBolusTime":1704326278000,"time":"2024-01-04T01:27:33.180Z"}},{"iob":0.194,"basaliob":-0.118,"bolussnooze":0,"activity":0.0029,"lastBolusTime":1704326278000,"time":"2024-01-04T01:32:33.180Z","iobWithZeroTemp":{"iob":-0.171,"basaliob":-0.483,"bolussnooze":0,"activity":2.0E-4,"lastBolusTime":1704326278000,"time":"2024-01-04T01:32:33.180Z"}},{"iob":0.18,"basaliob":-0.109,"bolussnooze":0,"activity":0.0027,"lastBolusTime":1704326278000,"time":"2024-01-04T01:37:33.180Z","iobWithZeroTemp":{"iob":-0.194,"basaliob":-0.483,"bolussnooze":0,"activity":-1.0E-4,"lastBolusTime":1704326278000,"time":"2024-01-04T01:37:33.180Z"}},{"iob":0.167,"basaliob":-0.101,"bolussnooze":0,"activity":0.0026,"lastBolusTime":1704326278000,"time":"2024-01-04T01:42:33.180Z","iobWithZeroTemp":{"iob":-0.215,"basaliob":-0.483,"bolussnooze":0,"activity":-3.0E-4,"lastBolusTime":1704326278000,"time":"2024-01-04T01:42:33.180Z"}},{"iob":0.155,"basaliob":-0.094,"bolussnooze":0,"activity":0.0024,"lastBolusTime":1704326278000,"time":"2024-01-04T01:47:33.180Z","iobWithZeroTemp":{"iob":-0.234,"basaliob":-0.483,"bolussnooze":0,"activity":-7.0E-4,"lastBolusTime":1704326278000,"time":"2024-01-04T01:47:33.180Z"}},{"iob":0.143,"basaliob":-0.087,"bolussnooze":0,"activity":0.0023,"lastBolusTime":1704326278000,"time":"2024-01-04T01:52:33.180Z","iobWithZeroTemp":{"iob":-0.253,"basaliob":-0.483,"bolussnooze":0,"activity":-9.0E-4,"lastBolusTime":1704326278000,"time":"2024-01-04T01:52:33.180Z"}},{"iob":0.132,"basaliob":-0.081,"bolussnooze":0,"activity":0.002,"lastBolusTime":1704326278000,"time":"2024-01-04T01:57:33.180Z","iobWithZeroTemp":{"iob":-0.271,"basaliob":-0.484,"bolussnooze":0,"activity":-0.0013,"lastBolusTime":1704326278000,"time":"2024-01-04T01:57:33.180Z"}},{"iob":0.122,"basaliob":-0.075,"bolussnooze":0,"activity":0.0019,"lastBolusTime":1704326278000,"time":"2024-01-04T02:02:33.180Z","iobWithZeroTemp":{"iob":-0.287,"basaliob":-0.484,"bolussnooze":0,"activity":-0.0015,"lastBolusTime":1704326278000,"time":"2024-01-04T02:02:33.180Z"}},{"iob":0.113,"basaliob":-0.069,"bolussnooze":0,"activity":0.0018,"lastBolusTime":1704326278000,"time":"2024-01-04T02:07:33.180Z","iobWithZeroTemp":{"iob":-0.301,"basaliob":-0.483,"bolussnooze":0,"activity":-0.0016,"lastBolusTime":1704326278000,"time":"2024-01-04T02:07:33.180Z"}},{"iob":0.104,"basaliob":-0.064,"bolussnooze":0,"activity":0.0017,"lastBolusTime":1704326278000,"time":"2024-01-04T02:12:33.180Z","iobWithZeroTemp":{"iob":-0.315,"basaliob":-0.483,"bolussnooze":0,"activity":-0.0018,"lastBolusTime":1704326278000,"time":"2024-01-04T02:12:33.180Z"}},{"iob":0.096,"basaliob":-0.059,"bolussnooze":0,"activity":0.0016,"lastBolusTime":1704326278000,"time":"2024-01-04T02:17:33.180Z","iobWithZeroTemp":{"iob":-0.328,"basaliob":-0.483,"bolussnooze":0,"activity":-0.002,"lastBolusTime":1704326278000,"time":"2024-01-04T02:17:33.180Z"}},{"iob":0.089,"basaliob":-0.054,"bolussnooze":0,"activity":0.0014,"lastBolusTime":1704326278000,"time":"2024-01-04T02:22:33.180Z","iobWithZeroTemp":{"iob":-0.339,"basaliob":-0.482,"bolussnooze":0,"activity":-0.0023,"lastBolusTime":1704326278000,"time":"2024-01-04T02:22:33.180Z"}},{"iob":0.082,"basaliob":-0.05,"bolussnooze":0,"activity":0.0014,"lastBolusTime":1704326278000,"time":"2024-01-04T02:27:33.180Z","iobWithZeroTemp":{"iob":-0.35,"basaliob":-0.482,"bolussnooze":0,"activity":-0.0023,"lastBolusTime":1704326278000,"time":"2024-01-04T02:27:33.180Z"}},{"iob":0.076,"basaliob":-0.046,"bolussnooze":0,"activity":0.0012,"lastBolusTime":1704326278000,"time":"2024-01-04T02:32:33.180Z","iobWithZeroTemp":{"iob":-0.36,"basaliob":-0.482,"bolussnooze":0,"activity":-0.0026,"lastBolusTime":1704326278000,"time":"2024-01-04T02:32:33.180Z"}},{"iob":0.07,"basaliob":-0.042,"bolussnooze":0,"activity":0.0012,"lastBolusTime":1704326278000,"time":"2024-01-04T02:37:33.180Z","iobWithZeroTemp":{"iob":-0.37,"basaliob":-0.482,"bolussnooze":0,"activity":-0.0026,"lastBolusTime":1704326278000,"time":"2024-01-04T02:37:33.180Z"}},{"iob":0.064,"basaliob":-0.039,"bolussnooze":0,"activity":0.001,"lastBolusTime":1704326278000,"time":"2024-01-04T02:42:33.180Z","iobWithZeroTemp":{"iob":-0.379,"basaliob":-0.482,"bolussnooze":0,"activity":-0.0029,"lastBolusTime":1704326278000,"time":"2024-01-04T02:42:33.180Z"}},{"iob":0.059,"basaliob":-0.036,"bolussnooze":0,"activity":0.001,"lastBolusTime":1704326278000,"time":"2024-01-04T02:47:33.180Z","iobWithZeroTemp":{"iob":-0.387,"basaliob":-0.482,"bolussnooze":0,"activity":-0.0029,"lastBolusTime":1704326278000,"time":"2024-01-04T02:47:33.180Z"}},{"iob":0.054,"basaliob":-0.033,"bolussnooze":0,"activity":9.0E-4,"lastBolusTime":1704326278000,"time":"2024-01-04T02:52:33.180Z","iobWithZeroTemp":{"iob":-0.394,"basaliob":-0.481,"bolussnooze":0,"activity":-0.0031,"lastBolusTime":1704326278000,"time":"2024-01-04T02:52:33.180Z"}},{"iob":0.05,"basaliob":-0.03,"bolussnooze":0,"activity":9.0E-4,"lastBolusTime":1704326278000,"time":"2024-01-04T02:57:33.180Z","iobWithZeroTemp":{"iob":-0.401,"basaliob":-0.481,"bolussnooze":0,"activity":-0.0031,"lastBolusTime":1704326278000,"time":"2024-01-04T02:57:33.180Z"}},{"iob":0.045,"basaliob":-0.028,"bolussnooze":0,"activity":8.0E-4,"lastBolusTime":1704326278000,"time":"2024-01-04T03:02:33.180Z","iobWithZeroTemp":{"iob":-0.41,"basaliob":-0.483,"bolussnooze":0,"activity":-0.0033,"lastBolusTime":1704326278000,"time":"2024-01-04T03:02:33.180Z"}},{"iob":0.042,"basaliob":-0.025,"bolussnooze":0,"activity":8.0E-4,"lastBolusTime":1704326278000,"time":"2024-01-04T03:07:33.180Z","iobWithZeroTemp":{"iob":-0.418,"basaliob":-0.485,"bolussnooze":0,"activity":-0.0033,"lastBolusTime":1704326278000,"time":"2024-01-04T03:07:33.180Z"}},{"iob":0.038,"basaliob":-0.023,"bolussnooze":0,"activity":7.0E-4,"lastBolusTime":1704326278000,"time":"2024-01-04T03:12:33.180Z","iobWithZeroTemp":{"iob":-0.426,"basaliob":-0.487,"bolussnooze":0,"activity":-0.0035,"lastBolusTime":1704326278000,"time":"2024-01-04T03:12:33.180Z"}},{"iob":0.035,"basaliob":-0.021,"bolussnooze":0,"activity":6.0E-4,"lastBolusTime":1704326278000,"time":"2024-01-04T03:17:33.180Z","iobWithZeroTemp":{"iob":-0.433,"basaliob":-0.489,"bolussnooze":0,"activity":-0.0036,"lastBolusTime":1704326278000,"time":"2024-01-04T03:17:33.180Z"}},{"iob":0.032,"basaliob":-0.019,"bolussnooze":0,"activity":6.0E-4,"lastBolusTime":1704326278000,"time":"2024-01-04T03:22:33.180Z","iobWithZeroTemp":{"iob":-0.44,"basaliob":-0.491,"bolussnooze":0,"activity":-0.0036,"lastBolusTime":1704326278000,"time":"2024-01-04T03:22:33.180Z"}},{"iob":0.029,"basaliob":-0.018,"bolussnooze":0,"activity":6.0E-4,"lastBolusTime":1704326278000,"time":"2024-01-04T03:27:33.180Z","iobWithZeroTemp":{"iob":-0.447,"basaliob":-0.494,"bolussnooze":0,"activity":-0.0037,"lastBolusTime":1704326278000,"time":"2024-01-04T03:27:33.180Z"}},{"iob":0.027,"basaliob":-0.016,"bolussnooze":0,"activity":5.0E-4,"lastBolusTime":1704326278000,"time":"2024-01-04T03:32:33.180Z","iobWithZeroTemp":{"iob":-0.453,"basaliob":-0.496,"bolussnooze":0,"activity":-0.0038,"lastBolusTime":1704326278000,"time":"2024-01-04T03:32:33.180Z"}},{"iob":0.024,"basaliob":-0.015,"bolussnooze":0,"activity":4.0E-4,"lastBolusTime":1704326278000,"time":"2024-01-04T03:37:33.180Z","iobWithZeroTemp":{"iob":-0.459,"basaliob":-0.498,"bolussnooze":0,"activity":-0.004,"lastBolusTime":1704326278000,"time":"2024-01-04T03:37:33.180Z"}},{"iob":0.023,"basaliob":-0.013,"bolussnooze":0,"activity":5.0E-4,"lastBolusTime":1704326278000,"time":"2024-01-04T03:42:33.180Z","iobWithZeroTemp":{"iob":-0.463,"basaliob":-0.499,"bolussnooze":0,"activity":-0.0039,"lastBolusTime":1704326278000,"time":"2024-01-04T03:42:33.180Z"}},{"iob":0.02,"basaliob":-0.012,"bolussnooze":0,"activity":4.0E-4,"lastBolusTime":1704326278000,"time":"2024-01-04T03:47:33.180Z","iobWithZeroTemp":{"iob":-0.469,"basaliob":-0.501,"bolussnooze":0,"activity":-0.004,"lastBolusTime":1704326278000,"time":"2024-01-04T03:47:33.180Z"}},{"iob":0.018,"basaliob":-0.011,"bolussnooze":0,"activity":4.0E-4,"lastBolusTime":1704326278000,"time":"2024-01-04T03:52:33.180Z","iobWithZeroTemp":{"iob":-0.474,"basaliob":-0.503,"bolussnooze":0,"activity":-0.0041,"lastBolusTime":1704326278000,"time":"2024-01-04T03:52:33.180Z"}},{"iob":0.017,"basaliob":-0.01,"bolussnooze":0,"activity":3.0E-4,"lastBolusTime":1704326278000,"time":"2024-01-04T03:57:33.180Z","iobWithZeroTemp":{"iob":-0.477,"basaliob":-0.504,"bolussnooze":0,"activity":-0.0042,"lastBolusTime":1704326278000,"time":"2024-01-04T03:57:33.180Z"}}],"profile":{"max_iob":7,"type":"current","max_daily_basal":0.45,"max_basal":1.35,"min_bg":81,"max_bg":81,"target_bg":81,"carb_ratio":11,"sens":369,"max_daily_safety_multiplier":3,"current_basal_safety_multiplier":4,"lgsThreshold":65,"high_temptarget_raises_sensitivity":false,"low_temptarget_lowers_sensitivity":false,"sensitivity_raises_target":true,"resistance_lowers_target":true,"adv_target_adjustments":false,"exercise_mode":false,"half_basal_exercise_target":160,"maxCOB":120,"skip_neutral_temps":false,"remainingCarbsCap":90,"enableUAM":true,"A52_risk_enable":false,"SMBInterval":4,"enableSMB_with_COB":true,"enableSMB_with_temptarget":false,"allowSMB_with_high_temptarget":true,"enableSMB_always":true,"enableSMB_after_carbs":false,"maxSMBBasalMinutes":60,"maxUAMSMBBasalMinutes":60,"bolus_increment":0.05,"carbsReqThreshold":10,"current_basal":0.35,"temptargetSet":true,"autosens_max":1.2,"autosens_min":0.8,"out_units":"mmol\/L","variable_sens":176.6,"insulinDivisor":65,"TDD":7.851663708333334},"autosens_data":{"ratio":0.9505276339620768},"meal_data":{"carbs":10,"mealCOB":4.154952519219067,"slopeFromMaxDeviation":-0.21863636363636357,"slopeFromMinDeviation":0.5506666666666666,"lastBolusTime":1704326278000,"lastCarbTime":1704322119000},"microBolusAllowed":true,"currentTime":1704326556016,"flatBGsDetected":false,"tdd1D":20.64108333333334,"tdd7D":22.492595238095245,"tddLast24H":21.379833333333348,"tddLast4H":3.229166666666667,"tddLast8to4H":5.89},"output":{"temp":"absolute","bg":173,"tick":"+3","eventualBG":218,"targetBG":81,"insulinReq":0.49,"deliverAt":"2024-01-04T00:02:36.016Z","sensitivityRatio":0.9505276339620768,"variable_sens":176.6,"predBGs":{"IOB":[173,175,176,177,177,177,176,175,173,170,168,164,160,156,153,149,146,143,140,137,134,132,129,127,125,123,121,119,117,116,114,113,111,110,109,108,107,106,105,104,103,103,102,101,101,100,100,99],"ZT":[173,167,161,155,150,144,139,134,129,125,121,117,114,112,109,108,106,105,105,104,105,105],"COB":[173,175,177,178,179,179,179,179,178,178,176,175,173,171,169,166,163,160,157,155,152,150,148,146,144,142,141,139,138,137,135,134,133,132,131,131,130,129,128,128,127,127,126,126,125,125,125,124],"UAM":[173,175,177,180,182,184,186,188,190,193,195,197,199,201,203,205,207,209,211,212,214,216,217,218,220,221,222,222,223,224,224,224,224,224,224,224,223,222,222,221,221,220,220,219,219,219,218]},"reason":"COB: 4.2, Dev: 2.8, BGI: -0.3, ISF: 9.8, CR: 11, Target: 4.5, minPredBG 9.3, minGuardBG 8.6, IOBpredBG 5.5, COBpredBG 6.9, UAMpredBG 12.1; Eventual BG 12.1 >= 4.5,  insulinReq 0.49. Microbolusing 0.2U. temp 0.00 < 1.31U\/hr. ","COB":4.154952519219067,"IOB":0.629,"units":0.2,"duration":30,"rate":1.3126846718867269,"timestamp":"2024-01-04T00:02:36.042Z"}}