{"algorithm":"OpenAPSSMBDynamicISFPlugin","input":{"glucoseStatus":{"glucose":72,"noise":0,"delta":-13,"short_avgdelta":-12.5,"long_avgdelta":-3.11,"date":1704189427881},"currenttemp":{"temp":"absolute","duration":20,"rate":0,"minutesrunning":10},"iob_data":[{"iob":0.014,"basaliob":-0.666,"bolussnooze":0.0021,"activity":0.0033,"lastBolusTime":1704184969000,"time":"2024-01-02T09:57:27.895Z","iobWithZeroTemp":{"iob":0.014,"basaliob":-0.666,"bolussnooze":0.0021,"activity":0.0033,"lastBolusTime":1704184969000,"time":"2024-01-02T09:57:27.895Z"}},{"iob":-0.001,"basaliob":-0.635,"bolussnooze":0.0016,"activity":0.0028,"lastBolusTime":1704184969000,"time":"2024-01-02T10:02:27.895Z","iobWithZeroTemp":{"iob":-0.028,"basaliob":-0.662,"bolussnooze":0.0016,"activity":0.0028,"lastBolusTime":1704184969000,"time":"2024-01-02T10:02:27.895Z"}},{"iob":-0.014,"basaliob":-0.604,"bolussnooze":0.0012,"activity":0.0024,"lastBolusTime":1704184969000,"time":"2024-01-02T10:07:27.895Z","iobWithZeroTemp":{"iob":-0.074,"basaliob":-0.664,"bolussnooze":0.0012,"activity":0.0023,"lastBolusTime":1704184969000,"time":"2024-01-02T10:07:27.895Z"}},{"iob":-0.025,"basaliob":-0.574,"bolussnooze":9.0E-4,"activity":0.002,"lastBolusTime":1704184969000,"time":"2024-01-02T10:12:27.895Z","iobWithZeroTemp":{"iob":-0.117,"basaliob":-0.666,"bolussnooze":9.0E-4,"activity":0.0018,"lastBolusTime":1704184969000,"time":"2024-01-02T10:12:27.895Z"}},{"iob":-0.033,"basaliob":-0.544,"bolussnooze":6.0E-4,"activity":0.0016,"lastBolusTime":1704184969000,"time":"2024-01-02T10:17:27.895Z","iobWithZeroTemp":{"iob":-0.158,"basaliob":-0.669,"bolussnooze":6.0E-4,"activity":0.0013,"lastBolusTime":1704184969000,"time":"2024-01-02T10:17:27.895Z"}},{"iob":-0.041,"basaliob":-0.515,"bolussnooze":4.0E-4,"activity":0.0012,"lastBolusTime":1704184969000,"time":"2024-01-02T10:22:27.895Z","iobWithZeroTemp":{"iob":-0.197,"basaliob":-0.671,"bolussnooze":4.0E-4,"activity":7.0E-4,"lastBolusTime":1704184969000,"time":"2024-01-02T10:22:27.895Z"}},{"iob":-0.047,"basaliob":-0.487,"bolussnooze":3.0E-4,"activity":0.001,"lastBolusTime":1704184969000,"time":"2024-01-02T10:27:27.895Z","iobWithZeroTemp":{"iob":-0.233,"basaliob":-0.673,"bolussnooze":3.0E-4,"activity":3.0E-4,"lastBolusTime":1704184969000,"time":"2024-01-02T10:27:27.895Z"}},{"iob":-0.051,"basaliob":-0.459,"bolussnooze":2.0E-4,"activity":8.0E-4,"lastBolusTime":1704184969000,"time":"2024-01-02T10:32:27.895Z","iobWithZeroTemp":{"iob":-0.267,"basaliob":-0.675,"bolussnooze":2.0E-4,"activity":-1.0E-4,"lastBolusTime":1704184969000,"time":"2024-01-02T10:32:27.895Z"}},{"iob":-0.054,"basaliob":-0.432,"bolussnooze":1.0E-4,"activity":6.0E-4,"lastBolusTime":1704184969000,"time":"2024-01-02T10:37:27.895Z","iobWithZeroTemp":{"iob":-0.298,"basaliob":-0.676,"bolussnooze":1.0E-4,"activity":-5.0E-4,"lastBolusTime":1704184969000,"time":"2024-01-02T10:37:27.895Z"}},{"iob":-0.057,"basaliob":-0.407,"bolussnooze":1.0E-4,"activity":4.0E-4,"lastBolusTime":1704184969000,"time":"2024-01-02T10:42:27.895Z","iobWithZeroTemp":{"iob":-0.329,"basaliob":-0.679,"bolussnooze":1.0E-4,"activity":-9.0E-4,"lastBolusTime":1704184969000,"time":"2024-01-02T10:42:27.895Z"}},{"iob":-0.058,"basaliob":-0.382,"bolussnooze":0,"activity":3.0E-4,"lastBolusTime":1704184969000,"time":"2024-01-02T10:47:27.895Z","iobWithZeroTemp":{"iob":-0.356,"basaliob":-0.68,"bolussnooze":0,"activity":-0.0012,"lastBolusTime":1704184969000,"time":"2024-01-02T10:47:27.895Z"}},{"iob":-0.059,"basaliob":-0.359,"bolussnooze":0,"activity":1.0E-4,"lastBolusTime":1704184969000,"time":"2024-01-02T10:52:27.895Z","iobWithZeroTemp":{"iob":-0.382,"basaliob":-0.682,"bolussnooze":0,"activity":-0.0017,"lastBolusTime":1704184969000,"time":"2024-01-02T10:52:27.895Z"}},{"iob":-0.059,"basaliob":-0.336,"bolussnooze":0,"activity":0,"lastBolusTime":1704184969000,"time":"2024-01-02T10:57:27.895Z","iobWithZeroTemp":{"iob":-0.406,"basaliob":-0.683,"bolussnooze":0,"activity":-0.002,"lastBolusTime":1704184969000,"time":"2024-01-02T10:57:27.895Z"}},{"iob":-0.06,"basaliob":-0.315,"bolussnooze":0,"activity":-1.0E-4,"lastBolusTime":1704184969000,"time":"2024-01-02T11:02:27.895Z","iobWithZeroTemp":{"iob":-0.43,"basaliob":-0.685,"bolussnooze":0,"activity":-0.0023,"lastBolusTime":1704184969000,"time":"2024-01-02T11:02:27.895Z"}},{"iob":-0.059,"basaliob":-0.295,"bolussnooze":0,"activity":-2.0E-4,"lastBolusTime":1704184969000,"time":"2024-01-02T11:07:27.895Z","iobWithZeroTemp":{"iob":-0.45,"basaliob":-0.686,"bolussnooze":0,"activity":-0.0026,"lastBolusTime":1704184969000,"time":"2024-01-02T11:07:27.895Z"}},{"iob":-0.058,"basaliob":-0.275,"bolussnooze":0,"activity":-2.0E-4,"lastBolusTime":1704184969000,"time":"2024-01-02T11:12:27.895Z","iobWithZeroTemp":{"iob":-0.47,"basaliob":-0.687,"bolussnooze":0,"activity":-0.0029,"lastBolusTime":1704184969000,"time":"2024-01-02T11:12:27.895Z"}},{"iob":-0.057,"basaliob":-0.257,"bolussnooze":0,"activity":-3.0E-4,"lastBolusTime":1704184969000,"time":"2024-01-02T11:17:27.895Z","iobWithZeroTemp":{"iob":-0.488,"basaliob":-0.688,"bolussnooze":0,"activity":-0.0032,"lastBolusTime":1704184969000,"time":"2024-01-02T11:17:27.895Z"}},{"iob":-0.056,"basaliob":-0.24,"bolussnooze":0,"activity":-3.0E-4,"lastBolusTime":1704184969000,"time":"2024-01-02T11:22:27.895Z","iobWithZeroTemp":{"iob":-0.506,"basaliob":-0.69,"bolussnooze":0,"activity":-0.0034,"lastBolusTime":1704184969000,"time":"2024-01-02T11:22:27.895Z"}},{"iob":-0.054,"basaliob":-0.223,"bolussnooze":0,"activity":-4.0E-4,"lastBolusTime":1704184969000,"time":"2024-01-02T11:27:27.895Z","iobWithZeroTemp":{"iob":-0.521,"basaliob":-0.69,"bolussnooze":0,"activity":-0.0037,"lastBolusTime":1704184969000,"time":"2024-01-02T11:27:27.895Z"}},{"iob":-0.052,"basaliob":-0.208,"bolussnooze":0,"activity":-4.0E-4,"lastBolusTime":1704184969000,"time":"2024-01-02T11:32:27.895Z","iobWithZeroTemp":{"iob":-0.536,"basaliob":-0.692,"bolussnooze":0,"activity":-0.0039,"lastBolusTime":1704184969000,"time":"2024-01-02T11:32:27.895Z"}},{"iob":-0.051,"basaliob":-0.194,"bolussnooze":0,"activity":-4.0E-4,"lastBolusTime":1704184969000,"time":"2024-01-02T11:37:27.895Z","iobWithZeroTemp":{"iob":-0.55,"basaliob":-0.693,"bolussnooze":0,"activity":-0.0041,"lastBolusTime":1704184969000,"time":"2024-01-02T11:37:27.895Z"}},{"iob":-0.049,"basaliob":-0.18,"bolussnooze":0,"activity":-3.0E-4,"lastBolusTime":1704184969000,"time":"2024-01-02T11:42:27.895Z","iobWithZeroTemp":{"iob":-0.563,"basaliob":-0.694,"bolussnooze":0,"activity":-0.0042,"lastBolusTime":1704184969000,"time":"2024-01-02T11:42:27.895Z"}},{"iob":-0.047,"basaliob":-0.167,"bolussnooze":0,"activity":-4.0E-4,"lastBolusTime":1704184969000,"time":"2024-01-02T11:47:27.895Z","iobWithZeroTemp":{"iob":-0.574,"basaliob":-0.694,"bolussnooze":0,"activity":-0.0044,"lastBolusTime":1704184969000,"time":"2024-01-02T11:47:27.895Z"}},{"iob":-0.045,"basaliob":-0.155,"bolussnooze":0,"activity":-4.0E-4,"lastBolusTime":1704184969000,"time":"2024-01-02T11:52:27.895Z","iobWithZeroTemp":{"iob":-0.585,"basaliob":-0.695,"bolussnooze":0,"activity":-0.0046,"lastBolusTime":1704184969000,"time":"2024-01-02T11:52:27.895Z"}},{"iob":-0.043,"basaliob":-0.144,"bolussnooze":0,"activity":-4.0E-4,"lastBolusTime":1704184969000,"time":"2024-01-02T11:57:27.895Z","iobWithZeroTemp":{"iob":-0.595,"basaliob":-0.696,"bolussnooze":0,"activity":-0.0047,"lastBolusTime":1704184969000,"time":"2024-01-02T11:57:27.895Z"}},{"iob":-0.041,"basaliob":-0.133,"bolussnooze":0,"activity":-4.0E-4,"lastBolusTime":1704184969000,"time":"2024-01-02T12:02:27.895Z","iobWithZeroTemp":{"iob":-0.604,"basaliob":-0.696,"bolussnooze":0,"activity":-0.0049,"lastBolusTime":1704184969000,"time":"2024-01-02T12:02:27.895Z"}},{"iob":-0.038,"basaliob":-0.123,"bolussnooze":0,"activity":-4.0E-4,"lastBolusTime":1704184969000,"time":"2024-01-02T12:07:27.895Z","iobWithZeroTemp":{"iob":-0.612,"basaliob":-0.697,"bolussnooze":0,"activity":-0.005,"lastBolusTime":1704184969000,"time":"2024-01-02T12:07:27.895Z"}},{"iob":-0.037,"basaliob":-0.114,"bolussnooze":0,"activity":-4.0E-4,"lastBolusTime":1704184969000,"time":"2024-01-02T12:12:27.895Z","iobWithZeroTemp":{"iob":-0.621,"basaliob":-0.698,"bolussnooze":0,"activity":-0.0052,"lastBolusTime":1704184969000,"time":"2024-01-02T12:12:27.895Z"}},{"iob":-0.035,"basaliob":-0.106,"bolussnooze":0,"activity":-4.0E-4,"lastBolusTime":1704184969000,"time":"2024-01-02T12:17:27.895Z","iobWithZeroTemp":{"iob":-0.628,"basaliob":-0.699,"bolussnooze":0,"activity":-0.0053,"lastBolusTime":1704184969000,"time":"2024-01-02T12:17:27.895Z"}},{"iob":-0.034,"basaliob":-0.098,"bolussnooze":0,"activity":-4.0E-4,"lastBolusTime":1704184969000,"time":"2024-01-02T12:22:27.895Z","iobWithZeroTemp":{"iob":-0.635,"basaliob":-0.699,"bolussnooze":0,"activity":-0.0054,"lastBolusTime":1704184969000,"time":"2024-01-02T12:22:27.895Z"}},{"iob":-0.031,"basaliob":-0.09,"bolussnooze":0,"activity":-3.0E-4,"lastBolusTime":1704184969000,"time":"2024-01-02T12:27:27.895Z","iobWithZeroTemp":{"iob":-0.64,"basaliob":-0.699,"bolussnooze":0,"activity":-0.0054,"lastBolusTime":1704184969000,"time":"2024-01-02T12:27:27.895Z"}},{"iob":-0.03,"basaliob":-0.083,"bolussnooze":0,"activity":-3.0E-4,"lastBolusTime":1704184969000,"time":"2024-01-02T12:32:27.895Z","iobWithZeroTemp":{"iob":-0.647,"basaliob":-0.7,"bolussnooze":0,"activity":-0.0055,"lastBolusTime":1704184969000,"time":"2024-01-02T12:32:27.895Z"}},{"iob":-0.028,"basaliob":-0.077,"bolussnooze":0,"activity":-3.0E-4,"lastBolusTime":1704184969000,"time":"2024-01-02T12:37:27.895Z","iobWithZeroTemp":{"iob":-0.652,"basaliob":-0.701,"bolussnooze":0,"activity":-0.0056,"lastBolusTime":1704184969000,"time":"2024-01-02T12:37:27.895Z"}},{"iob":-0.027,"basaliob":-0.071,"bolussnooze":0,"activity":-4.0E-4,"lastBolusTime":1704184969000,"time":"2024-01-02T12:42:27.895Z","iobWithZeroTemp":{"iob":-0.657,"basaliob":-0.701,"bolussnooze":0,"activity":-0.0058,"lastBolusTime":1704184969000,"time":"2024-01-02T12:42:27.895Z"}},{"iob":-0.025,"basaliob":-0.065,"bolussnooze":0,"activity":-3.0E-4,"lastBolusTime":1704184969000,"time":"2024-01-02T12:47:27.895Z","iobWithZeroTemp":{"iob":-0.661,"basaliob":-0.701,"bolussnooze":0,"activity":-0.0058,"lastBolusTime":1704184969000,"time":"2024-01-02T12:47:27.895Z"}},{"iob":-0.024,"basaliob":-0.06,"bolussnooze":0,"activity":-3.0E-4,"lastBolusTime":1704184969000,"time":"2024-01-02T12:52:27.895Z","iobWithZeroTemp":{"iob":-0.666,"basaliob":-0.702,"bolussnooze":0,"activity":-0.0059,"lastBolusTime":1704184969000,"time":"2024-01-02T12:52:27.895Z"}},{"iob":-0.022,"basaliob":-0.055,"bolussnooze":0,"activity":-2.0E-4,"lastBolusTime":1704184969000,"time":"2024-01-02T12:57:27.895Z","iobWithZeroTemp":{"iob":-0.669,"basaliob":-0.702,"bolussnooze":0,"activity":-0.0059,"lastBolusTime":1704184969000,"time":"2024-01-02T12:57:27.895Z"}},{"iob":-0.02,"basaliob":-0.05,"bolussnooze":0,"activity":-3.0E-4,"lastBolusTime":1704184969000,"time":"2024-01-02T13:02:27.895Z","iobWithZeroTemp":{"iob":-0.671,"basaliob":-0.701,"bolussnooze":0,"activity":-0.0061,"lastBolusTime":1704184969000,"time":"2024-01-02T13:02:27.895Z"}},{"iob":-0.019,"basaliob":-0.046,"bolussnooze":0,"activity":-3.0E-4,"lastBolusTime":1704184969000,"time":"2024-01-02T13:07:27.895Z","iobWithZeroTemp":{"iob":-0.675,"basaliob":-0.702,"bolussnooze":0,"activity":-0.0061,"lastBolusTime":1704184969000,"time":"2024-01-02T13:07:27.895Z"}},{"iob":-0.018,"basaliob":-0.042,"bolussnooze":0,"activity":-2.0E-4,"lastBolusTime":1704184969000,"time":"2024-01-02T13:12:27.895Z","iobWithZeroTemp":{"iob":-0.678,"basaliob":-0.702,"bolussnooze":0,"activity":-0.0061,"lastBolusTime":1704184969000,"time":"2024-01-02T13:12:27.895Z"}},{"iob":-0.017,"basaliob":-0.039,"bolussnooze":0,"activity":-2.0E-4,"lastBolusTime":1704184969000,"time":"2024-01-02T13:17:27.895Z","iobWithZeroTemp":{"iob":-0.681,"basaliob":-0.703,"bolussnooze":0,"activity":-0.0061,"lastBolusTime":1704184969000,"time":"2024-01-02T13:17:27.895Z"}},{"iob":-0.016,"basaliob":-0.036,"bolussnooze":0,"activity":-2.0E-4,"lastBolusTime":1704184969000,"time":"2024-01-02T13:22:27.895Z","iobWithZeroTemp":{"iob":-0.683,"basaliob":-0.703,"bolussnooze":0,"activity":-0.0062,"lastBolusTime":1704184969000,"time":"2024-01-02T13:22:27.895Z"}},{"iob":-0.015,"basaliob":-0.033,"bolussnooze":0,"activity":-2.0E-4,"lastBolusTime":1704184969000,"time":"2024-01-02T13:27:27.895Z","iobWithZeroTemp":{"iob":-0.685,"basaliob":-0.703,"bolussnooze":0,"activity":-0.0063,"lastBolusTime":1704184969000,"time":"2024-01-02T13:27:27.895Z"}},{"iob":-0.014,"basaliob":-0.03,"bolussnooze":0,"activity":-2.0E-4,"lastBolusTime":1704184969000,"time":"2024-01-02T13:32:27.895Z","iobWithZeroTemp":{"iob":-0.687,"basaliob":-0.703,"bolussnooze":0,"activity":-0.0063,"lastBolusTime":1704184969000,"time":"2024-01-02T13:32:27.895Z"}},{"iob":-0.013,"basaliob":-0.027,"bolussnooze":0,"activity":-2.0E-4,"lastBolusTime":1704184969000,"time":"2024-01-02T13:37:27.895Z","iobWithZeroTemp":{"iob":-0.689,"basaliob":-0.703,"bolussnooze":0,"activity":-0.0063,"lastBolusTime":1704184969000,"time":"2024-01-02T13:37:27.895Z"}},{"iob":-0.012,"basaliob":-0.025,"bolussnooze":0,"activity":-2.0E-4,"lastBolusTime":1704184969000,"time":"2024-01-02T13:42:27.895Z","iobWithZeroTemp":{"iob":-0.69,"basaliob":-0.703,"bolussnooze":0,"activity":-0.0064,"lastBolusTime":1704184969000,"time":"2024-01-02T13:42:27.895Z"}},{"iob":-0.011,"basaliob":-0.023,"bolussnooze":0,"activity":-1.0E-4,"lastBolusTime":1704184969000,"time":"2024-01-02T13:47:27.895Z","iobWithZeroTemp":{"iob":-0.692,"basaliob":-0.704,"bolussnooze":0,"activity":-0.0063,"lastBolusTime":1704184969000,"time":"2024-01-02T13:47:27.895Z"}},{"iob":-0.011,"basaliob":-0.021,"bolussnooze":0,"activity":-2.0E-4,"lastBolusTime":1704184969000,"time":"2024-01-02T13:52:27.895Z","iobWithZeroTemp":{"iob":-0.694,"basaliob":-0.704,"bolussnooze":0,"activity":-0.0065,"lastBolusTime":1704184969000,"time":"2024-01-02T13:52:27.895Z"}}],"profile":{"max_iob":7,"type":"current","max_daily_basal":0.45,"max_basal":1.35,"min_bg":143.99999999999991,"max_bg":143.99999999999991,"target_bg":143.99999999999991,"carb_ratio":11,"sens":352.8,"max_daily_safety_multiplier":3,"current_basal_safety_multiplier":4,"lgsThreshold":65,"high_temptarget_raises_sensitivity":false,"low_temptarget_lowers_sensitivity":false,"sensitivity_raises_target":true,"resistance_lowers_target":true,"adv_target_adjustments":false,"exercise_mode":false,"half_basal_exercise_target":160,"maxCOB":120,"skip_neutral_temps":false,"remainingCarbsCap":90,"enableUAM":true,"A52_risk_enable":false,"SMBInterval":4,"enableSMB_with_COB":true,"enableSMB_with_temptarget":false,"allowSMB_with_high_temptarget":true,"enableSMB_always":true,"enableSMB_after_carbs":false,"maxSMBBasalMinutes":60,"maxUAMSMBBasalMinutes":60,"bolus_increment":0.05,"carbsReqThreshold":10,"current_basal":0.4,"temptargetSet":true,"autosens_max":1.2,"autosens_min":0.8,"out_units":"mmol\/L","variable_sens":288.6,"insulinDivisor":65,"TDD":8.363904716666665},"autosens_data":{"ratio":0.8007095780535859},"meal_data":{"carbs":25,"mealCOB":2.145182539682535,"slopeFromMaxDeviation":-1.4220909090909093,"slopeFromMinDeviation":1.0225,"lastBolusTime":1704184969000,"lastCarbTime":1704176831000},"microBolusAllowed":true,"currentTime":1704189450004,"flatBGsDetected":false,"tdd1D":29.029333333333327,"tdd7D":23.806904761904768,"tddLast24H":19.06241666666667,"tddLast4H":4.3,"tddLast8to4H":0.4428333333333334},"output":{"temp":"absolute","bg":72,"tick":-13,"eventualBG":78,"targetBG":143.99999999999991,"insulinReq":0,"deliverAt":"2024-01-02T09:57:30.004Z","sensitivityRatio":0.8007095780535859,"variable_sens":288.6,"predBGs":{"IOB":[72,60,48,39,39,39,39,39,39,39,39,39,39],"ZT":[72,67,63,59,56,54,53,52,53,53,55,57,60,63,67,71,75,80,84,89,94,99,104,109,114,119,124,129,134,139],"COB":[72,60,49,39,39,39,39,39,39,39,39,39,39],"UAM":[72,60,48,39,39,39,39,39,39,39,39,39,39]},"reason":"COB: 2.1, Dev: 0.6, BGI: -0.3, ISF: 16.0, CR: 11, Target: 8.0, minPredBG 2.5, minGuardBG -0.2, IOBpredBG 2.2, COBpredBG 2.2, UAMpredBG 2.2; minGuardBG -0.2<5.1","COB":2.145182539682535,"IOB":0.014,"duration":90,"rate":0,"timestamp":"2024-01-02T09:57:30.028Z"}}