{"algorithm":"OpenAPSSMBDynamicISFPlugin","input":{"glucoseStatus":{"glucose":159,"noise":0,"delta":-6,"short_avgdelta":-4.61,"long_avgdelta":-0.33,"date":1704469934602},"currenttemp":{"temp":"absolute","duration":110,"rate":0,"minutesrunning":10},"iob_data":[{"iob":2.535,"basaliob":-0.697,"bolussnooze":0.6683,"activity":0.0251,"lastBolusTime":1704468484000,"time":"2024-01-05T15:52:35.767Z","iobWithZeroTemp":{"iob":2.535,"basaliob":-0.697,"bolussnooze":0.6683,"activity":0.0251,"lastBolusTime":1704468484000,"time":"2024-01-05T15:52:35.767Z"}},{"iob":2.41,"basaliob":-0.665,"bolussnooze":0.5873,"activity":0.0248,"lastBolusTime":1704468484000,"time":"2024-01-05T15:57:35.767Z","iobWithZeroTemp":{"iob":2.383,"basaliob":-0.692,"bolussnooze":0.5873,"activity":0.0248,"lastBolusTime":1704468484000,"time":"2024-01-05T15:57:35.767Z"}},{"iob":2.288,"basaliob":-0.632,"bolussnooze":0.514,"activity":0.0244,"lastBolusTime":1704468484000,"time":"2024-01-05T16:02:35.767Z","iobWithZeroTemp":{"iob":2.228,"basaliob":-0.692,"bolussnooze":0.514,"activity":0.0243,"lastBolusTime":1704468484000,"time":"2024-01-05T16:02:35.767Z"}},{"iob":2.167,"basaliob":-0.6,"bolussnooze":0.4481,"activity":0.0239,"lastBolusTime":1704468484000,"time":"2024-01-05T16:07:35.767Z","iobWithZeroTemp":{"iob":2.075,"basaliob":-0.692,"bolussnooze":0.4481,"activity":0.0237,"lastBolusTime":1704468484000,"time":"2024-01-05T16:07:35.767Z"}},{"iob":2.049,"basaliob":-0.569,"bolussnooze":0.3892,"activity":0.0232,"lastBolusTime":1704468484000,"time":"2024-01-05T16:12:35.767Z","iobWithZeroTemp":{"iob":1.924,"basaliob":-0.694,"bolussnooze":0.3892,"activity":0.0229,"lastBolusTime":1704468484000,"time":"2024-01-05T16:12:35.767Z"}},{"iob":1.936,"basaliob":-0.538,"bolussnooze":0.3369,"activity":0.0225,"lastBolusTime":1704468484000,"time":"2024-01-05T16:17:35.767Z","iobWithZeroTemp":{"iob":1.78,"basaliob":-0.694,"bolussnooze":0.3369,"activity":0.022,"lastBolusTime":1704468484000,"time":"2024-01-05T16:17:35.767Z"}},{"iob":1.824,"basaliob":-0.509,"bolussnooze":0.2907,"activity":0.0217,"lastBolusTime":1704468484000,"time":"2024-01-05T16:22:35.767Z","iobWithZeroTemp":{"iob":1.638,"basaliob":-0.695,"bolussnooze":0.2907,"activity":0.021,"lastBolusTime":1704468484000,"time":"2024-01-05T16:22:35.767Z"}},{"iob":1.718,"basaliob":-0.48,"bolussnooze":0.2501,"activity":0.0209,"lastBolusTime":1704468484000,"time":"2024-01-05T16:27:35.767Z","iobWithZeroTemp":{"iob":1.502,"basaliob":-0.696,"bolussnooze":0.2501,"activity":0.02,"lastBolusTime":1704468484000,"time":"2024-01-05T16:27:35.767Z"}},{"iob":1.616,"basaliob":-0.452,"bolussnooze":0.2145,"activity":0.02,"lastBolusTime":1704468484000,"time":"2024-01-05T16:32:35.767Z","iobWithZeroTemp":{"iob":1.372,"basaliob":-0.696,"bolussnooze":0.2145,"activity":0.0189,"lastBolusTime":1704468484000,"time":"2024-01-05T16:32:35.767Z"}},{"iob":1.518,"basaliob":-0.425,"bolussnooze":0.1834,"activity":0.0191,"lastBolusTime":1704468484000,"time":"2024-01-05T16:37:35.767Z","iobWithZeroTemp":{"iob":1.246,"basaliob":-0.697,"bolussnooze":0.1834,"activity":0.0178,"lastBolusTime":1704468484000,"time":"2024-01-05T16:37:35.767Z"}},{"iob":1.424,"basaliob":-0.399,"bolussnooze":0.1564,"activity":0.0184,"lastBolusTime":1704468484000,"time":"2024-01-05T16:42:35.767Z","iobWithZeroTemp":{"iob":1.126,"basaliob":-0.697,"bolussnooze":0.1564,"activity":0.0169,"lastBolusTime":1704468484000,"time":"2024-01-05T16:42:35.767Z"}},{"iob":1.334,"basaliob":-0.375,"bolussnooze":0.133,"activity":0.0175,"lastBolusTime":1704468484000,"time":"2024-01-05T16:47:35.767Z","iobWithZeroTemp":{"iob":1.011,"basaliob":-0.698,"bolussnooze":0.133,"activity":0.0157,"lastBolusTime":1704468484000,"time":"2024-01-05T16:47:35.767Z"}},{"iob":1.25,"basaliob":-0.351,"bolussnooze":0.1128,"activity":0.0166,"lastBolusTime":1704468484000,"time":"2024-01-05T16:52:35.767Z","iobWithZeroTemp":{"iob":0.903,"basaliob":-0.698,"bolussnooze":0.1128,"activity":0.0146,"lastBolusTime":1704468484000,"time":"2024-01-05T16:52:35.767Z"}},{"iob":1.168,"basaliob":-0.329,"bolussnooze":0.0954,"activity":0.0157,"lastBolusTime":1704468484000,"time":"2024-01-05T16:57:35.767Z","iobWithZeroTemp":{"iob":0.798,"basaliob":-0.699,"bolussnooze":0.0954,"activity":0.0135,"lastBolusTime":1704468484000,"time":"2024-01-05T16:57:35.767Z"}},{"iob":1.091,"basaliob":-0.308,"bolussnooze":0.0804,"activity":0.015,"lastBolusTime":1704468484000,"time":"2024-01-05T17:02:35.767Z","iobWithZeroTemp":{"iob":0.7,"basaliob":-0.699,"bolussnooze":0.0804,"activity":0.0126,"lastBolusTime":1704468484000,"time":"2024-01-05T17:02:35.767Z"}},{"iob":1.019,"basaliob":-0.287,"bolussnooze":0.0676,"activity":0.0142,"lastBolusTime":1704468484000,"time":"2024-01-05T17:07:35.767Z","iobWithZeroTemp":{"iob":0.607,"basaliob":-0.699,"bolussnooze":0.0676,"activity":0.0115,"lastBolusTime":1704468484000,"time":"2024-01-05T17:07:35.767Z"}},{"iob":0.95,"basaliob":-0.268,"bolussnooze":0.0567,"activity":0.0134,"lastBolusTime":1704468484000,"time":"2024-01-05T17:12:35.767Z","iobWithZeroTemp":{"iob":0.519,"basaliob":-0.699,"bolussnooze":0.0567,"activity":0.0105,"lastBolusTime":1704468484000,"time":"2024-01-05T17:12:35.767Z"}},{"iob":0.885,"basaliob":-0.25,"bolussnooze":0.0474,"activity":0.0126,"lastBolusTime":1704468484000,"time":"2024-01-05T17:17:35.767Z","iobWithZeroTemp":{"iob":0.435,"basaliob":-0.7,"bolussnooze":0.0474,"activity":0.0095,"lastBolusTime":1704468484000,"time":"2024-01-05T17:17:35.767Z"}},{"iob":0.824,"basaliob":-0.233,"bolussnooze":0.0395,"activity":0.0119,"lastBolusTime":1704468484000,"time":"2024-01-05T17:22:35.767Z","iobWithZeroTemp":{"iob":0.357,"basaliob":-0.7,"bolussnooze":0.0395,"activity":0.0086,"lastBolusTime":1704468484000,"time":"2024-01-05T17:22:35.767Z"}},{"iob":0.766,"basaliob":-0.217,"bolussnooze":0.0328,"activity":0.0112,"lastBolusTime":1704468484000,"time":"2024-01-05T17:27:35.767Z","iobWithZeroTemp":{"iob":0.282,"basaliob":-0.701,"bolussnooze":0.0328,"activity":0.0077,"lastBolusTime":1704468484000,"time":"2024-01-05T17:27:35.767Z"}},{"iob":0.712,"basaliob":-0.202,"bolussnooze":0.0272,"activity":0.0105,"lastBolusTime":1704468484000,"time":"2024-01-05T17:32:35.767Z","iobWithZeroTemp":{"iob":0.213,"basaliob":-0.701,"bolussnooze":0.0272,"activity":0.0068,"lastBolusTime":1704468484000,"time":"2024-01-05T17:32:35.767Z"}},{"iob":0.661,"basaliob":-0.188,"bolussnooze":0.0224,"activity":0.0098,"lastBolusTime":1704468484000,"time":"2024-01-05T17:37:35.767Z","iobWithZeroTemp":{"iob":0.147,"basaliob":-0.702,"bolussnooze":0.0224,"activity":0.0059,"lastBolusTime":1704468484000,"time":"2024-01-05T17:37:35.767Z"}},{"iob":0.614,"basaliob":-0.174,"bolussnooze":0.0184,"activity":0.0092,"lastBolusTime":1704468484000,"time":"2024-01-05T17:42:35.767Z","iobWithZeroTemp":{"iob":0.087,"basaliob":-0.701,"bolussnooze":0.0184,"activity":0.0052,"lastBolusTime":1704468484000,"time":"2024-01-05T17:42:35.767Z"}},{"iob":0.569,"basaliob":-0.162,"bolussnooze":0.0151,"activity":0.0087,"lastBolusTime":1704468484000,"time":"2024-01-05T17:47:35.767Z","iobWithZeroTemp":{"iob":0.029,"basaliob":-0.702,"bolussnooze":0.0151,"activity":0.0045,"lastBolusTime":1704468484000,"time":"2024-01-05T17:47:35.767Z"}},{"iob":0.527,"basaliob":-0.15,"bolussnooze":0.0123,"activity":0.0081,"lastBolusTime":1704468484000,"time":"2024-01-05T17:52:35.767Z","iobWithZeroTemp":{"iob":-0.025,"basaliob":-0.702,"bolussnooze":0.0123,"activity":0.0038,"lastBolusTime":1704468484000,"time":"2024-01-05T17:52:35.767Z"}},{"iob":0.488,"basaliob":-0.139,"bolussnooze":0.01,"activity":0.0076,"lastBolusTime":1704468484000,"time":"2024-01-05T17:57:35.767Z","iobWithZeroTemp":{"iob":-0.075,"basaliob":-0.702,"bolussnooze":0.01,"activity":0.0031,"lastBolusTime":1704468484000,"time":"2024-01-05T17:57:35.767Z"}},{"iob":0.451,"basaliob":-0.129,"bolussnooze":0.008,"activity":0.0071,"lastBolusTime":1704468484000,"time":"2024-01-05T18:02:35.767Z","iobWithZeroTemp":{"iob":-0.123,"basaliob":-0.703,"bolussnooze":0.008,"activity":0.0025,"lastBolusTime":1704468484000,"time":"2024-01-05T18:02:35.767Z"}},{"iob":0.417,"basaliob":-0.119,"bolussnooze":0.0064,"activity":0.0065,"lastBolusTime":1704468484000,"time":"2024-01-05T18:07:35.767Z","iobWithZeroTemp":{"iob":-0.167,"basaliob":-0.703,"bolussnooze":0.0064,"activity":0.0017,"lastBolusTime":1704468484000,"time":"2024-01-05T18:07:35.767Z"}},{"iob":0.386,"basaliob":-0.11,"bolussnooze":0.0051,"activity":0.0062,"lastBolusTime":1704468484000,"time":"2024-01-05T18:12:35.767Z","iobWithZeroTemp":{"iob":-0.207,"basaliob":-0.703,"bolussnooze":0.0051,"activity":0.0013,"lastBolusTime":1704468484000,"time":"2024-01-05T18:12:35.767Z"}},{"iob":0.356,"basaliob":-0.102,"bolussnooze":0.0041,"activity":0.0057,"lastBolusTime":1704468484000,"time":"2024-01-05T18:17:35.767Z","iobWithZeroTemp":{"iob":-0.245,"basaliob":-0.703,"bolussnooze":0.0041,"activity":7.0E-4,"lastBolusTime":1704468484000,"time":"2024-01-05T18:17:35.767Z"}},{"iob":0.328,"basaliob":-0.094,"bolussnooze":0.0032,"activity":0.0053,"lastBolusTime":1704468484000,"time":"2024-01-05T18:22:35.767Z","iobWithZeroTemp":{"iob":-0.281,"basaliob":-0.703,"bolussnooze":0.0032,"activity":2.0E-4,"lastBolusTime":1704468484000,"time":"2024-01-05T18:22:35.767Z"}},{"iob":0.302,"basaliob":-0.087,"bolussnooze":0.0025,"activity":0.005,"lastBolusTime":1704468484000,"time":"2024-01-05T18:27:35.767Z","iobWithZeroTemp":{"iob":-0.315,"basaliob":-0.704,"bolussnooze":0.0025,"activity":-2.0E-4,"lastBolusTime":1704468484000,"time":"2024-01-05T18:27:35.767Z"}},{"iob":0.279,"basaliob":-0.08,"bolussnooze":0.0019,"activity":0.0046,"lastBolusTime":1704468484000,"time":"2024-01-05T18:32:35.767Z","iobWithZeroTemp":{"iob":-0.345,"basaliob":-0.704,"bolussnooze":0.0019,"activity":-7.0E-4,"lastBolusTime":1704468484000,"time":"2024-01-05T18:32:35.767Z"}},{"iob":0.256,"basaliob":-0.074,"bolussnooze":0.0014,"activity":0.0043,"lastBolusTime":1704468484000,"time":"2024-01-05T18:37:35.767Z","iobWithZeroTemp":{"iob":-0.374,"basaliob":-0.704,"bolussnooze":0.0014,"activity":-0.0011,"lastBolusTime":1704468484000,"time":"2024-01-05T18:37:35.767Z"}},{"iob":0.236,"basaliob":-0.068,"bolussnooze":0.0011,"activity":0.004,"lastBolusTime":1704468484000,"time":"2024-01-05T18:42:35.767Z","iobWithZeroTemp":{"iob":-0.4,"basaliob":-0.704,"bolussnooze":0.0011,"activity":-0.0015,"lastBolusTime":1704468484000,"time":"2024-01-05T18:42:35.767Z"}},{"iob":0.217,"basaliob":-0.062,"bolussnooze":8.0E-4,"activity":0.0037,"lastBolusTime":1704468484000,"time":"2024-01-05T18:47:35.767Z","iobWithZeroTemp":{"iob":-0.425,"basaliob":-0.704,"bolussnooze":8.0E-4,"activity":-0.0019,"lastBolusTime":1704468484000,"time":"2024-01-05T18:47:35.767Z"}},{"iob":0.2,"basaliob":-0.057,"bolussnooze":5.0E-4,"activity":0.0034,"lastBolusTime":1704468484000,"time":"2024-01-05T18:52:35.767Z","iobWithZeroTemp":{"iob":-0.447,"basaliob":-0.704,"bolussnooze":5.0E-4,"activity":-0.0023,"lastBolusTime":1704468484000,"time":"2024-01-05T18:52:35.767Z"}},{"iob":0.183,"basaliob":-0.053,"bolussnooze":4.0E-4,"activity":0.0031,"lastBolusTime":1704468484000,"time":"2024-01-05T18:57:35.767Z","iobWithZeroTemp":{"iob":-0.468,"basaliob":-0.704,"bolussnooze":4.0E-4,"activity":-0.0027,"lastBolusTime":1704468484000,"time":"2024-01-05T18:57:35.767Z"}},{"iob":0.168,"basaliob":-0.048,"bolussnooze":2.0E-4,"activity":0.0029,"lastBolusTime":1704468484000,"time":"2024-01-05T19:02:35.767Z","iobWithZeroTemp":{"iob":-0.488,"basaliob":-0.704,"bolussnooze":2.0E-4,"activity":-0.0029,"lastBolusTime":1704468484000,"time":"2024-01-05T19:02:35.767Z"}},{"iob":0.154,"basaliob":-0.044,"bolussnooze":2.0E-4,"activity":0.0027,"lastBolusTime":1704468484000,"time":"2024-01-05T19:07:35.767Z","iobWithZeroTemp":{"iob":-0.506,"basaliob":-0.704,"bolussnooze":2.0E-4,"activity":-0.0032,"lastBolusTime":1704468484000,"time":"2024-01-05T19:07:35.767Z"}},{"iob":0.14,"basaliob":-0.041,"bolussnooze":1.0E-4,"activity":0.0025,"lastBolusTime":1704468484000,"time":"2024-01-05T19:12:35.767Z","iobWithZeroTemp":{"iob":-0.524,"basaliob":-0.705,"bolussnooze":1.0E-4,"activity":-0.0034,"lastBolusTime":1704468484000,"time":"2024-01-05T19:12:35.767Z"}},{"iob":0.129,"basaliob":-0.037,"bolussnooze":0,"activity":0.0023,"lastBolusTime":1704468484000,"time":"2024-01-05T19:17:35.767Z","iobWithZeroTemp":{"iob":-0.538,"basaliob":-0.704,"bolussnooze":0,"activity":-0.0037,"lastBolusTime":1704468484000,"time":"2024-01-05T19:17:35.767Z"}},{"iob":0.118,"basaliob":-0.034,"bolussnooze":0,"activity":0.0021,"lastBolusTime":1704468484000,"time":"2024-01-05T19:22:35.767Z","iobWithZeroTemp":{"iob":-0.552,"basaliob":-0.704,"bolussnooze":0,"activity":-0.004,"lastBolusTime":1704468484000,"time":"2024-01-05T19:22:35.767Z"}},{"iob":0.108,"basaliob":-0.031,"bolussnooze":0,"activity":0.0019,"lastBolusTime":1704468484000,"time":"2024-01-05T19:27:35.767Z","iobWithZeroTemp":{"iob":-0.565,"basaliob":-0.704,"bolussnooze":0,"activity":-0.0042,"lastBolusTime":1704468484000,"time":"2024-01-05T19:27:35.767Z"}},{"iob":0.099,"basaliob":-0.028,"bolussnooze":0,"activity":0.0018,"lastBolusTime":1704468484000,"time":"2024-01-05T19:32:35.767Z","iobWithZeroTemp":{"iob":-0.577,"basaliob":-0.704,"bolussnooze":0,"activity":-0.0043,"lastBolusTime":1704468484000,"time":"2024-01-05T19:32:35.767Z"}},{"iob":0.09,"basaliob":-0.026,"bolussnooze":0,"activity":0.0016,"lastBolusTime":1704468484000,"time":"2024-01-05T19:37:35.767Z","iobWithZeroTemp":{"iob":-0.588,"basaliob":-0.704,"bolussnooze":0,"activity":-0.0046,"lastBolusTime":1704468484000,"time":"2024-01-05T19:37:35.767Z"}},{"iob":0.082,"basaliob":-0.024,"bolussnooze":0,"activity":0.0016,"lastBolusTime":1704468484000,"time":"2024-01-05T19:42:35.767Z","iobWithZeroTemp":{"iob":-0.599,"basaliob":-0.705,"bolussnooze":0,"activity":-0.0046,"lastBolusTime":1704468484000,"time":"2024-01-05T19:42:35.767Z"}},{"iob":0.074,"basaliob":-0.022,"bolussnooze":0,"activity":0.0014,"lastBolusTime":1704468484000,"time":"2024-01-05T19:47:35.767Z","iobWithZeroTemp":{"iob":-0.609,"basaliob":-0.705,"bolussnooze":0,"activity":-0.0049,"lastBolusTime":1704468484000,"time":"2024-01-05T19:47:35.767Z"}}],"profile":{"max_iob":7,"type":"current","max_daily_basal":0.45,"max_basal":1.35,"min_bg":81.0000000000001,"max_bg":81.0000000000001,"target_bg":81.0000000000001,"carb_ratio":11,"sens":352.8,"max_daily_safety_multiplier":3,"current_basal_safety_multiplier":4,"lgsThreshold":65,"high_temptarget_raises_sensitivity":false,"low_temptarget_lowers_sensitivity":false,"sensitivity_raises_target":true,"resistance_lowers_target":true,"adv_target_adjustments":false,"exercise_mode":false,"half_basal_exercise_target":160,"maxCOB":120,"skip_neutral_temps":false,"remainingCarbsCap":90,"enableUAM":true,"A52_risk_enable":false,"SMBInterval":4,"enableSMB_with_COB":true,"enableSMB_with_temptarget":false,"allowSMB_with_high_temptarget":true,"enableSMB_always":true,"enableSMB_after_carbs":false,"maxSMBBasalMinutes":60,"maxUAMSMBBasalMinutes":60,"bolus_increment":0.05,"carbsReqThreshold":10,"current_basal":0.4,"temptargetSet":true,"autosens_max":1.2,"autosens_min":0.8,"out_units":"mmol\/L","variable_sens":138.6,"insulinDivisor":65,"TDD":10.49746129166667},"autosens_data":{"ratio":1.2541652842054518},"meal_data":{"carbs":57,"mealCOB":27.52602834467119,"slopeFromMaxDeviation":-1.2813333333333339,"slopeFromMinDeviation":1.5984444444444443,"lastBolusTime":1704468484000,"lastCarbTime":1704467012936},"microBolusAllowed":true,"currentTime":1704469958012,"flatBGsDetected":false,"tdd1D":28.050416666666692,"tdd7D":23.609261904761915,"tddLast24H":29.609916666666674,"tddLast4H":6.666666666666666,"tddLast8to4H":5.840000000000001},"output":{"temp":"absolute","bg":159,"tick":-6,"eventualBG":151,"targetBG":81.0000000000001,"insulinReq":0,"deliverAt":"2024-01-05T15:52:38.012Z","sensitivityRatio":1.2541652842054518,"variable_sens":138.6,"predBGs":{"IOB":[159,152,144,135,124,112,98,83,65,43,39,39,39],"ZT":[159,142,123,104,82,58,39,39,39,39,39,39,39,39,39,39,39,39,39,39,39,39,39,39,39,39,39,39,39,39,39,39,39,39,39,39,39,39,39,39,39,39,39,39,39,39,39,39],"COB":[159,153,147,141,136,131,127,123,119,116,114,112,111,110,110,110,111,112,114,116,119,122,125,129,132,135,138,141,144,146,149,151,153,154,156,157,158,158,159,159,158,158,157,155,154,153,152,151],"UAM":[159,152,143,132,120,106,90,71,48,39,39,39,39]},"reason":"COB: 27.5, Dev: 3.8, BGI: -1.0, ISF: 7.7, CR: 11, Target: 4.5, minPredBG -11.2, minGuardBG -12.2, IOBpredBG 2.2, COBpredBG 8.4, UAMpredBG 2.2; minGuardBG -12.2<3.6","COB":27.52602834467119,"IOB":2.535,"duration":120,"rate":0,"timestamp":"2024-01-05T15:52:38.037Z"}}