{"algorithm":"OpenAPSSMBDynamicISFPlugin","input":{"glucoseStatus":{"glucose":58,"noise":0,"delta":-1,"short_avgdelta":-1.89,"long_avgdelta":-3.42,"date":1704168123740},"currenttemp":{"temp":"absolute","duration":19,"rate":0,"minutesrunning":41},"iob_data":[{"iob":-0.247,"basaliob":-0.342,"bolussnooze":0,"activity":-0.0019,"lastBolusTime":1704163954000,"time":"2024-01-02T04:03:55.463Z","iobWithZeroTemp":{"iob":-0.247,"basaliob":-0.342,"bolussnooze":0,"activity":-0.0019,"lastBolusTime":1704163954000,"time":"2024-01-02T04:03:55.463Z"}},{"iob":-0.237,"basaliob":-0.327,"bolussnooze":0,"activity":-0.002,"lastBolusTime":1704163954000,"time":"2024-01-02T04:08:55.463Z","iobWithZeroTemp":{"iob":-0.264,"basaliob":-0.354,"bolussnooze":0,"activity":-0.002,"lastBolusTime":1704163954000,"time":"2024-01-02T04:08:55.463Z"}},{"iob":-0.226,"basaliob":-0.311,"bolussnooze":0,"activity":-0.0021,"lastBolusTime":1704163954000,"time":"2024-01-02T04:13:55.463Z","iobWithZeroTemp":{"iob":-0.286,"basaliob":-0.371,"bolussnooze":0,"activity":-0.0022,"lastBolusTime":1704163954000,"time":"2024-01-02T04:13:55.463Z"}},{"iob":-0.216,"basaliob":-0.296,"bolussnooze":0,"activity":-0.002,"lastBolusTime":1704163954000,"time":"2024-01-02T04:18:55.463Z","iobWithZeroTemp":{"iob":-0.308,"basaliob":-0.388,"bolussnooze":0,"activity":-0.0022,"lastBolusTime":1704163954000,"time":"2024-01-02T04:18:55.463Z"}},{"iob":-0.206,"basaliob":-0.281,"bolussnooze":0,"activity":-0.0021,"lastBolusTime":1704163954000,"time":"2024-01-02T04:23:55.463Z","iobWithZeroTemp":{"iob":-0.331,"basaliob":-0.406,"bolussnooze":0,"activity":-0.0024,"lastBolusTime":1704163954000,"time":"2024-01-02T04:23:55.463Z"}},{"iob":-0.196,"basaliob":-0.266,"bolussnooze":0,"activity":-0.002,"lastBolusTime":1704163954000,"time":"2024-01-02T04:28:55.463Z","iobWithZeroTemp":{"iob":-0.352,"basaliob":-0.422,"bolussnooze":0,"activity":-0.0025,"lastBolusTime":1704163954000,"time":"2024-01-02T04:28:55.463Z"}},{"iob":-0.186,"basaliob":-0.252,"bolussnooze":0,"activity":-0.0019,"lastBolusTime":1704163954000,"time":"2024-01-02T04:33:55.463Z","iobWithZeroTemp":{"iob":-0.372,"basaliob":-0.438,"bolussnooze":0,"activity":-0.0026,"lastBolusTime":1704163954000,"time":"2024-01-02T04:33:55.463Z"}},{"iob":-0.176,"basaliob":-0.238,"bolussnooze":0,"activity":-0.002,"lastBolusTime":1704163954000,"time":"2024-01-02T04:38:55.463Z","iobWithZeroTemp":{"iob":-0.392,"basaliob":-0.454,"bolussnooze":0,"activity":-0.0029,"lastBolusTime":1704163954000,"time":"2024-01-02T04:38:55.463Z"}},{"iob":-0.166,"basaliob":-0.224,"bolussnooze":0,"activity":-0.0019,"lastBolusTime":1704163954000,"time":"2024-01-02T04:43:55.463Z","iobWithZeroTemp":{"iob":-0.41,"basaliob":-0.468,"bolussnooze":0,"activity":-0.003,"lastBolusTime":1704163954000,"time":"2024-01-02T04:43:55.463Z"}},{"iob":-0.157,"basaliob":-0.211,"bolussnooze":0,"activity":-0.0019,"lastBolusTime":1704163954000,"time":"2024-01-02T04:48:55.463Z","iobWithZeroTemp":{"iob":-0.429,"basaliob":-0.483,"bolussnooze":0,"activity":-0.0032,"lastBolusTime":1704163954000,"time":"2024-01-02T04:48:55.463Z"}},{"iob":-0.149,"basaliob":-0.199,"bolussnooze":0,"activity":-0.0018,"lastBolusTime":1704163954000,"time":"2024-01-02T04:53:55.463Z","iobWithZeroTemp":{"iob":-0.447,"basaliob":-0.497,"bolussnooze":0,"activity":-0.0033,"lastBolusTime":1704163954000,"time":"2024-01-02T04:53:55.463Z"}},{"iob":-0.14,"basaliob":-0.187,"bolussnooze":0,"activity":-0.0017,"lastBolusTime":1704163954000,"time":"2024-01-02T04:58:55.463Z","iobWithZeroTemp":{"iob":-0.463,"basaliob":-0.51,"bolussnooze":0,"activity":-0.0035,"lastBolusTime":1704163954000,"time":"2024-01-02T04:58:55.463Z"}},{"iob":-0.131,"basaliob":-0.175,"bolussnooze":0,"activity":-0.0017,"lastBolusTime":1704163954000,"time":"2024-01-02T05:03:55.463Z","iobWithZeroTemp":{"iob":-0.478,"basaliob":-0.522,"bolussnooze":0,"activity":-0.0037,"lastBolusTime":1704163954000,"time":"2024-01-02T05:03:55.463Z"}},{"iob":-0.123,"basaliob":-0.164,"bolussnooze":0,"activity":-0.0016,"lastBolusTime":1704163954000,"time":"2024-01-02T05:08:55.463Z","iobWithZeroTemp":{"iob":-0.493,"basaliob":-0.534,"bolussnooze":0,"activity":-0.0038,"lastBolusTime":1704163954000,"time":"2024-01-02T05:08:55.463Z"}},{"iob":-0.116,"basaliob":-0.154,"bolussnooze":0,"activity":-0.0015,"lastBolusTime":1704163954000,"time":"2024-01-02T05:13:55.463Z","iobWithZeroTemp":{"iob":-0.507,"basaliob":-0.545,"bolussnooze":0,"activity":-0.0039,"lastBolusTime":1704163954000,"time":"2024-01-02T05:13:55.463Z"}},{"iob":-0.109,"basaliob":-0.144,"bolussnooze":0,"activity":-0.0014,"lastBolusTime":1704163954000,"time":"2024-01-02T05:18:55.463Z","iobWithZeroTemp":{"iob":-0.521,"basaliob":-0.556,"bolussnooze":0,"activity":-0.0041,"lastBolusTime":1704163954000,"time":"2024-01-02T05:18:55.463Z"}},{"iob":-0.101,"basaliob":-0.134,"bolussnooze":0,"activity":-0.0013,"lastBolusTime":1704163954000,"time":"2024-01-02T05:23:55.463Z","iobWithZeroTemp":{"iob":-0.532,"basaliob":-0.565,"bolussnooze":0,"activity":-0.0042,"lastBolusTime":1704163954000,"time":"2024-01-02T05:23:55.463Z"}},{"iob":-0.095,"basaliob":-0.125,"bolussnooze":0,"activity":-0.0012,"lastBolusTime":1704163954000,"time":"2024-01-02T05:28:55.463Z","iobWithZeroTemp":{"iob":-0.545,"basaliob":-0.575,"bolussnooze":0,"activity":-0.0043,"lastBolusTime":1704163954000,"time":"2024-01-02T05:28:55.463Z"}},{"iob":-0.089,"basaliob":-0.117,"bolussnooze":0,"activity":-0.0012,"lastBolusTime":1704163954000,"time":"2024-01-02T05:33:55.463Z","iobWithZeroTemp":{"iob":-0.556,"basaliob":-0.584,"bolussnooze":0,"activity":-0.0045,"lastBolusTime":1704163954000,"time":"2024-01-02T05:33:55.463Z"}},{"iob":-0.083,"basaliob":-0.109,"bolussnooze":0,"activity":-0.0012,"lastBolusTime":1704163954000,"time":"2024-01-02T05:38:55.463Z","iobWithZeroTemp":{"iob":-0.567,"basaliob":-0.593,"bolussnooze":0,"activity":-0.0047,"lastBolusTime":1704163954000,"time":"2024-01-02T05:38:55.463Z"}},{"iob":-0.077,"basaliob":-0.101,"bolussnooze":0,"activity":-0.0011,"lastBolusTime":1704163954000,"time":"2024-01-02T05:43:55.463Z","iobWithZeroTemp":{"iob":-0.576,"basaliob":-0.6,"bolussnooze":0,"activity":-0.0048,"lastBolusTime":1704163954000,"time":"2024-01-02T05:43:55.463Z"}},{"iob":-0.072,"basaliob":-0.094,"bolussnooze":0,"activity":-0.0011,"lastBolusTime":1704163954000,"time":"2024-01-02T05:48:55.463Z","iobWithZeroTemp":{"iob":-0.586,"basaliob":-0.608,"bolussnooze":0,"activity":-0.005,"lastBolusTime":1704163954000,"time":"2024-01-02T05:48:55.463Z"}},{"iob":-0.066,"basaliob":-0.087,"bolussnooze":0,"activity":-0.001,"lastBolusTime":1704163954000,"time":"2024-01-02T05:53:55.463Z","iobWithZeroTemp":{"iob":-0.593,"basaliob":-0.614,"bolussnooze":0,"activity":-0.005,"lastBolusTime":1704163954000,"time":"2024-01-02T05:53:55.463Z"}},{"iob":-0.062,"basaliob":-0.081,"bolussnooze":0,"activity":-9.0E-4,"lastBolusTime":1704163954000,"time":"2024-01-02T05:58:55.463Z","iobWithZeroTemp":{"iob":-0.602,"basaliob":-0.621,"bolussnooze":0,"activity":-0.0051,"lastBolusTime":1704163954000,"time":"2024-01-02T05:58:55.463Z"}},{"iob":-0.057,"basaliob":-0.075,"bolussnooze":0,"activity":-8.0E-4,"lastBolusTime":1704163954000,"time":"2024-01-02T06:03:55.463Z","iobWithZeroTemp":{"iob":-0.609,"basaliob":-0.627,"bolussnooze":0,"activity":-0.0051,"lastBolusTime":1704163954000,"time":"2024-01-02T06:03:55.463Z"}},{"iob":-0.054,"basaliob":-0.07,"bolussnooze":0,"activity":-8.0E-4,"lastBolusTime":1704163954000,"time":"2024-01-02T06:08:55.463Z","iobWithZeroTemp":{"iob":-0.617,"basaliob":-0.633,"bolussnooze":0,"activity":-0.0053,"lastBolusTime":1704163954000,"time":"2024-01-02T06:08:55.463Z"}},{"iob":-0.05,"basaliob":-0.065,"bolussnooze":0,"activity":-8.0E-4,"lastBolusTime":1704163954000,"time":"2024-01-02T06:13:55.463Z","iobWithZeroTemp":{"iob":-0.624,"basaliob":-0.639,"bolussnooze":0,"activity":-0.0054,"lastBolusTime":1704163954000,"time":"2024-01-02T06:13:55.463Z"}},{"iob":-0.046,"basaliob":-0.06,"bolussnooze":0,"activity":-7.0E-4,"lastBolusTime":1704163954000,"time":"2024-01-02T06:18:55.463Z","iobWithZeroTemp":{"iob":-0.63,"basaliob":-0.644,"bolussnooze":0,"activity":-0.0055,"lastBolusTime":1704163954000,"time":"2024-01-02T06:18:55.463Z"}},{"iob":-0.042,"basaliob":-0.055,"bolussnooze":0,"activity":-7.0E-4,"lastBolusTime":1704163954000,"time":"2024-01-02T06:23:55.463Z","iobWithZeroTemp":{"iob":-0.635,"basaliob":-0.648,"bolussnooze":0,"activity":-0.0056,"lastBolusTime":1704163954000,"time":"2024-01-02T06:23:55.463Z"}},{"iob":-0.039,"basaliob":-0.051,"bolussnooze":0,"activity":-6.0E-4,"lastBolusTime":1704163954000,"time":"2024-01-02T06:28:55.463Z","iobWithZeroTemp":{"iob":-0.64,"basaliob":-0.652,"bolussnooze":0,"activity":-0.0056,"lastBolusTime":1704163954000,"time":"2024-01-02T06:28:55.463Z"}},{"iob":-0.036,"basaliob":-0.047,"bolussnooze":0,"activity":-6.0E-4,"lastBolusTime":1704163954000,"time":"2024-01-02T06:33:55.463Z","iobWithZeroTemp":{"iob":-0.645,"basaliob":-0.656,"bolussnooze":0,"activity":-0.0057,"lastBolusTime":1704163954000,"time":"2024-01-02T06:33:55.463Z"}},{"iob":-0.034,"basaliob":-0.044,"bolussnooze":0,"activity":-5.0E-4,"lastBolusTime":1704163954000,"time":"2024-01-02T06:38:55.463Z","iobWithZeroTemp":{"iob":-0.651,"basaliob":-0.661,"bolussnooze":0,"activity":-0.0057,"lastBolusTime":1704163954000,"time":"2024-01-02T06:38:55.463Z"}},{"iob":-0.031,"basaliob":-0.04,"bolussnooze":0,"activity":-5.0E-4,"lastBolusTime":1704163954000,"time":"2024-01-02T06:43:55.463Z","iobWithZeroTemp":{"iob":-0.655,"basaliob":-0.664,"bolussnooze":0,"activity":-0.0058,"lastBolusTime":1704163954000,"time":"2024-01-02T06:43:55.463Z"}},{"iob":-0.029,"basaliob":-0.037,"bolussnooze":0,"activity":-5.0E-4,"lastBolusTime":1704163954000,"time":"2024-01-02T06:48:55.463Z","iobWithZeroTemp":{"iob":-0.659,"basaliob":-0.667,"bolussnooze":0,"activity":-0.0059,"lastBolusTime":1704163954000,"time":"2024-01-02T06:48:55.463Z"}},{"iob":-0.026,"basaliob":-0.034,"bolussnooze":0,"activity":-5.0E-4,"lastBolusTime":1704163954000,"time":"2024-01-02T06:53:55.463Z","iobWithZeroTemp":{"iob":-0.662,"basaliob":-0.67,"bolussnooze":0,"activity":-0.006,"lastBolusTime":1704163954000,"time":"2024-01-02T06:53:55.463Z"}},{"iob":-0.024,"basaliob":-0.031,"bolussnooze":0,"activity":-4.0E-4,"lastBolusTime":1704163954000,"time":"2024-01-02T06:58:55.463Z","iobWithZeroTemp":{"iob":-0.666,"basaliob":-0.673,"bolussnooze":0,"activity":-0.006,"lastBolusTime":1704163954000,"time":"2024-01-02T06:58:55.463Z"}},{"iob":-0.023,"basaliob":-0.029,"bolussnooze":0,"activity":-4.0E-4,"lastBolusTime":1704163954000,"time":"2024-01-02T07:03:55.463Z","iobWithZeroTemp":{"iob":-0.67,"basaliob":-0.676,"bolussnooze":0,"activity":-0.0061,"lastBolusTime":1704163954000,"time":"2024-01-02T07:03:55.463Z"}},{"iob":-0.021,"basaliob":-0.027,"bolussnooze":0,"activity":-4.0E-4,"lastBolusTime":1704163954000,"time":"2024-01-02T07:08:55.463Z","iobWithZeroTemp":{"iob":-0.672,"basaliob":-0.678,"bolussnooze":0,"activity":-0.0062,"lastBolusTime":1704163954000,"time":"2024-01-02T07:08:55.463Z"}},{"iob":-0.019,"basaliob":-0.024,"bolussnooze":0,"activity":-3.0E-4,"lastBolusTime":1704163954000,"time":"2024-01-02T07:13:55.463Z","iobWithZeroTemp":{"iob":-0.675,"basaliob":-0.68,"bolussnooze":0,"activity":-0.0061,"lastBolusTime":1704163954000,"time":"2024-01-02T07:13:55.463Z"}},{"iob":-0.017,"basaliob":-0.022,"bolussnooze":0,"activity":-3.0E-4,"lastBolusTime":1704163954000,"time":"2024-01-02T07:18:55.463Z","iobWithZeroTemp":{"iob":-0.677,"basaliob":-0.682,"bolussnooze":0,"activity":-0.0062,"lastBolusTime":1704163954000,"time":"2024-01-02T07:18:55.463Z"}},{"iob":-0.016,"basaliob":-0.021,"bolussnooze":0,"activity":-3.0E-4,"lastBolusTime":1704163954000,"time":"2024-01-02T07:23:55.463Z","iobWithZeroTemp":{"iob":-0.68,"basaliob":-0.685,"bolussnooze":0,"activity":-0.0062,"lastBolusTime":1704163954000,"time":"2024-01-02T07:23:55.463Z"}},{"iob":-0.015,"basaliob":-0.019,"bolussnooze":0,"activity":-2.0E-4,"lastBolusTime":1704163954000,"time":"2024-01-02T07:28:55.463Z","iobWithZeroTemp":{"iob":-0.682,"basaliob":-0.686,"bolussnooze":0,"activity":-0.0062,"lastBolusTime":1704163954000,"time":"2024-01-02T07:28:55.463Z"}},{"iob":-0.013,"basaliob":-0.017,"bolussnooze":0,"activity":-2.0E-4,"lastBolusTime":1704163954000,"time":"2024-01-02T07:33:55.463Z","iobWithZeroTemp":{"iob":-0.683,"basaliob":-0.687,"bolussnooze":0,"activity":-0.0063,"lastBolusTime":1704163954000,"time":"2024-01-02T07:33:55.463Z"}},{"iob":-0.013,"basaliob":-0.016,"bolussnooze":0,"activity":-2.0E-4,"lastBolusTime":1704163954000,"time":"2024-01-02T07:38:55.463Z","iobWithZeroTemp":{"iob":-0.686,"basaliob":-0.689,"bolussnooze":0,"activity":-0.0063,"lastBolusTime":1704163954000,"time":"2024-01-02T07:38:55.463Z"}},{"iob":-0.011,"basaliob":-0.014,"bolussnooze":0,"activity":-2.0E-4,"lastBolusTime":1704163954000,"time":"2024-01-02T07:43:55.463Z","iobWithZeroTemp":{"iob":-0.687,"basaliob":-0.69,"bolussnooze":0,"activity":-0.0063,"lastBolusTime":1704163954000,"time":"2024-01-02T07:43:55.463Z"}},{"iob":-0.01,"basaliob":-0.013,"bolussnooze":0,"activity":-1.0E-4,"lastBolusTime":1704163954000,"time":"2024-01-02T07:48:55.463Z","iobWithZeroTemp":{"iob":-0.688,"basaliob":-0.691,"bolussnooze":0,"activity":-0.0063,"lastBolusTime":1704163954000,"time":"2024-01-02T07:48:55.463Z"}},{"iob":-0.009,"basaliob":-0.012,"bolussnooze":0,"activity":-2.0E-4,"lastBolusTime":1704163954000,"time":"2024-01-02T07:53:55.463Z","iobWithZeroTemp":{"iob":-0.69,"basaliob":-0.693,"bolussnooze":0,"activity":-0.0064,"lastBolusTime":1704163954000,"time":"2024-01-02T07:53:55.463Z"}},{"iob":-0.009,"basaliob":-0.011,"bolussnooze":0,"activity":-2.0E-4,"lastBolusTime":1704163954000,"time":"2024-01-02T07:58:55.463Z","iobWithZeroTemp":{"iob":-0.692,"basaliob":-0.694,"bolussnooze":0,"activity":-0.0065,"lastBolusTime":1704163954000,"time":"2024-01-02T07:58:55.463Z"}}],"profile":{"max_iob":7,"type":"current","max_daily_basal":0.45,"max_basal":1.35,"min_bg":144,"max_bg":144,"target_bg":144,"carb_ratio":9,"sens":352.8,"max_daily_safety_multiplier":3,"current_basal_safety_multiplier":4,"lgsThreshold":65,"high_temptarget_raises_sensitivity":false,"low_temptarget_lowers_sensitivity":false,"sensitivity_raises_target":true,"resistance_lowers_target":true,"adv_target_adjustments":false,"exercise_mode":false,"half_basal_exercise_target":160,"maxCOB":120,"skip_neutral_temps":false,"remainingCarbsCap":90,"enableUAM":true,"A52_risk_enable":false,"SMBInterval":4,"enableSMB_with_COB":true,"enableSMB_with_temptarget":false,"allowSMB_with_high_temptarget":true,"enableSMB_always":true,"enableSMB_after_carbs":false,"maxSMBBasalMinutes":60,"maxUAMSMBBasalMinutes":60,"bolus_increment":0.05,"carbsReqThreshold":10,"current_basal":0.4,"temptargetSet":true,"autosens_max":1.2,"autosens_min":0.8,"out_units":"mmol\/L","variable_sens":409.2,"insulinDivisor":65,"TDD":6.896598491666666},"autosens_data":{"ratio":1.050917100881097},"meal_data":{"carbs":0,"mealCOB":0,"slopeFromMaxDeviation":0,"slopeFromMinDeviation":0.15314285714285716,"lastBolusTime":1704163954000,"lastCarbTime":0},"microBolusAllowed":true,"currentTime":1704168237109,"flatBGsDetected":false,"tdd1D":29.029333333333327,"tdd7D":23.806904761904768,"tddLast24H":25.01908333333334,"tddLast4H":0.4095000000000001,"tddLast8to4H":2.4629166666666666},"output":{"temp":"absolute","bg":58,"tick":-1,"eventualBG":115,"targetBG":144,"insulinReq":0,"deliverAt":"2024-01-02T04:03:57.109Z","sensitivityRatio":1.050917100881097,"variable_sens":409.2,"predBGs":{"IOB":[58,57,56,56,56,57,59,60,62,64,67,70,73,76,78,81,83,85,87,89,91,92,94,96,97,98,99,100,101,102,103,104,105,105,106,107,107,108,108,109,109,109,110,110,110,110,111],"ZT":[58,62,66,70,74,78,82,86,91,95,100,104,109,114,119,124,129,134,139,144]},"reason":"COB: 0, Dev: -2.4, BGI: 0.2, ISF: 22.7, CR: 9, Target: 8.0, minPredBG 4.8, minGuardBG 3.1, IOBpredBG 6.2; minGuardBG 3.1<5.1","COB":0,"IOB":-0.247,"duration":30,"rate":0,"timestamp":"2024-01-02T04:03:57.133Z"}}