{"algorithm":"OpenAPSSMBDynamicISFPlugin","input":{"glucoseStatus":{"glucose":151,"noise":0,"delta":2,"short_avgdelta":2.89,"long_avgdelta":-0.94,"date":1704466335634},"currenttemp":{"temp":"absolute","duration":54,"rate":0,"minutesrunning":6},"iob_data":[{"iob":1.355,"basaliob":-0.68,"bolussnooze":0.1741,"activity":0.0159,"lastBolusTime":1704466090000,"time":"2024-01-05T14:53:57.277Z","iobWithZeroTemp":{"iob":1.355,"basaliob":-0.68,"bolussnooze":0.1741,"activity":0.0159,"lastBolusTime":1704466090000,"time":"2024-01-05T14:53:57.277Z"}},{"iob":1.276,"basaliob":-0.649,"bolussnooze":0.1481,"activity":0.0154,"lastBolusTime":1704466090000,"time":"2024-01-05T14:58:57.277Z","iobWithZeroTemp":{"iob":1.249,"basaliob":-0.676,"bolussnooze":0.1481,"activity":0.0154,"lastBolusTime":1704466090000,"time":"2024-01-05T14:58:57.277Z"}},{"iob":1.2,"basaliob":-0.618,"bolussnooze":0.1257,"activity":0.0147,"lastBolusTime":1704466090000,"time":"2024-01-05T15:03:57.277Z","iobWithZeroTemp":{"iob":1.14,"basaliob":-0.678,"bolussnooze":0.1257,"activity":0.0146,"lastBolusTime":1704466090000,"time":"2024-01-05T15:03:57.277Z"}},{"iob":1.129,"basaliob":-0.586,"bolussnooze":0.1063,"activity":0.0141,"lastBolusTime":1704466090000,"time":"2024-01-05T15:08:57.277Z","iobWithZeroTemp":{"iob":1.037,"basaliob":-0.678,"bolussnooze":0.1063,"activity":0.0139,"lastBolusTime":1704466090000,"time":"2024-01-05T15:08:57.277Z"}},{"iob":1.059,"basaliob":-0.556,"bolussnooze":0.0896,"activity":0.0136,"lastBolusTime":1704466090000,"time":"2024-01-05T15:13:57.277Z","iobWithZeroTemp":{"iob":0.934,"basaliob":-0.681,"bolussnooze":0.0896,"activity":0.0133,"lastBolusTime":1704466090000,"time":"2024-01-05T15:13:57.277Z"}},{"iob":0.993,"basaliob":-0.526,"bolussnooze":0.0754,"activity":0.0129,"lastBolusTime":1704466090000,"time":"2024-01-05T15:18:57.277Z","iobWithZeroTemp":{"iob":0.837,"basaliob":-0.682,"bolussnooze":0.0754,"activity":0.0124,"lastBolusTime":1704466090000,"time":"2024-01-05T15:18:57.277Z"}},{"iob":0.93,"basaliob":-0.497,"bolussnooze":0.0632,"activity":0.0123,"lastBolusTime":1704466090000,"time":"2024-01-05T15:23:57.277Z","iobWithZeroTemp":{"iob":0.744,"basaliob":-0.683,"bolussnooze":0.0632,"activity":0.0116,"lastBolusTime":1704466090000,"time":"2024-01-05T15:23:57.277Z"}},{"iob":0.87,"basaliob":-0.469,"bolussnooze":0.0528,"activity":0.0117,"lastBolusTime":1704466090000,"time":"2024-01-05T15:28:57.277Z","iobWithZeroTemp":{"iob":0.654,"basaliob":-0.685,"bolussnooze":0.0528,"activity":0.0108,"lastBolusTime":1704466090000,"time":"2024-01-05T15:28:57.277Z"}},{"iob":0.813,"basaliob":-0.442,"bolussnooze":0.044,"activity":0.0111,"lastBolusTime":1704466090000,"time":"2024-01-05T15:33:57.277Z","iobWithZeroTemp":{"iob":0.569,"basaliob":-0.686,"bolussnooze":0.044,"activity":0.01,"lastBolusTime":1704466090000,"time":"2024-01-05T15:33:57.277Z"}},{"iob":0.759,"basaliob":-0.416,"bolussnooze":0.0366,"activity":0.0105,"lastBolusTime":1704466090000,"time":"2024-01-05T15:38:57.277Z","iobWithZeroTemp":{"iob":0.487,"basaliob":-0.688,"bolussnooze":0.0366,"activity":0.0092,"lastBolusTime":1704466090000,"time":"2024-01-05T15:38:57.277Z"}},{"iob":0.708,"basaliob":-0.391,"bolussnooze":0.0303,"activity":0.0099,"lastBolusTime":1704466090000,"time":"2024-01-05T15:43:57.277Z","iobWithZeroTemp":{"iob":0.41,"basaliob":-0.689,"bolussnooze":0.0303,"activity":0.0084,"lastBolusTime":1704466090000,"time":"2024-01-05T15:43:57.277Z"}},{"iob":0.66,"basaliob":-0.367,"bolussnooze":0.025,"activity":0.0094,"lastBolusTime":1704466090000,"time":"2024-01-05T15:48:57.277Z","iobWithZeroTemp":{"iob":0.337,"basaliob":-0.69,"bolussnooze":0.025,"activity":0.0076,"lastBolusTime":1704466090000,"time":"2024-01-05T15:48:57.277Z"}},{"iob":0.614,"basaliob":-0.344,"bolussnooze":0.0205,"activity":0.0088,"lastBolusTime":1704466090000,"time":"2024-01-05T15:53:57.277Z","iobWithZeroTemp":{"iob":0.267,"basaliob":-0.691,"bolussnooze":0.0205,"activity":0.0068,"lastBolusTime":1704466090000,"time":"2024-01-05T15:53:57.277Z"}},{"iob":0.572,"basaliob":-0.322,"bolussnooze":0.0168,"activity":0.0083,"lastBolusTime":1704466090000,"time":"2024-01-05T15:58:57.277Z","iobWithZeroTemp":{"iob":0.202,"basaliob":-0.692,"bolussnooze":0.0168,"activity":0.0061,"lastBolusTime":1704466090000,"time":"2024-01-05T15:58:57.277Z"}},{"iob":0.532,"basaliob":-0.301,"bolussnooze":0.0137,"activity":0.0079,"lastBolusTime":1704466090000,"time":"2024-01-05T16:03:57.277Z","iobWithZeroTemp":{"iob":0.141,"basaliob":-0.692,"bolussnooze":0.0137,"activity":0.0055,"lastBolusTime":1704466090000,"time":"2024-01-05T16:03:57.277Z"}},{"iob":0.494,"basaliob":-0.281,"bolussnooze":0.0111,"activity":0.0074,"lastBolusTime":1704466090000,"time":"2024-01-05T16:08:57.277Z","iobWithZeroTemp":{"iob":0.082,"basaliob":-0.693,"bolussnooze":0.0111,"activity":0.0047,"lastBolusTime":1704466090000,"time":"2024-01-05T16:08:57.277Z"}},{"iob":0.458,"basaliob":-0.263,"bolussnooze":0.0089,"activity":0.0069,"lastBolusTime":1704466090000,"time":"2024-01-05T16:13:57.277Z","iobWithZeroTemp":{"iob":0.027,"basaliob":-0.694,"bolussnooze":0.0089,"activity":0.004,"lastBolusTime":1704466090000,"time":"2024-01-05T16:13:57.277Z"}},{"iob":0.425,"basaliob":-0.245,"bolussnooze":0.0071,"activity":0.0065,"lastBolusTime":1704466090000,"time":"2024-01-05T16:18:57.277Z","iobWithZeroTemp":{"iob":-0.025,"basaliob":-0.695,"bolussnooze":0.0071,"activity":0.0034,"lastBolusTime":1704466090000,"time":"2024-01-05T16:18:57.277Z"}},{"iob":0.394,"basaliob":-0.228,"bolussnooze":0.0057,"activity":0.0061,"lastBolusTime":1704466090000,"time":"2024-01-05T16:23:57.277Z","iobWithZeroTemp":{"iob":-0.073,"basaliob":-0.695,"bolussnooze":0.0057,"activity":0.0028,"lastBolusTime":1704466090000,"time":"2024-01-05T16:23:57.277Z"}},{"iob":0.364,"basaliob":-0.213,"bolussnooze":0.0045,"activity":0.0056,"lastBolusTime":1704466090000,"time":"2024-01-05T16:28:57.277Z","iobWithZeroTemp":{"iob":-0.12,"basaliob":-0.697,"bolussnooze":0.0045,"activity":0.0021,"lastBolusTime":1704466090000,"time":"2024-01-05T16:28:57.277Z"}},{"iob":0.337,"basaliob":-0.198,"bolussnooze":0.0035,"activity":0.0052,"lastBolusTime":1704466090000,"time":"2024-01-05T16:33:57.277Z","iobWithZeroTemp":{"iob":-0.162,"basaliob":-0.697,"bolussnooze":0.0035,"activity":0.0015,"lastBolusTime":1704466090000,"time":"2024-01-05T16:33:57.277Z"}},{"iob":0.312,"basaliob":-0.184,"bolussnooze":0.0027,"activity":0.0049,"lastBolusTime":1704466090000,"time":"2024-01-05T16:38:57.277Z","iobWithZeroTemp":{"iob":-0.202,"basaliob":-0.698,"bolussnooze":0.0027,"activity":0.001,"lastBolusTime":1704466090000,"time":"2024-01-05T16:38:57.277Z"}},{"iob":0.288,"basaliob":-0.171,"bolussnooze":0.0021,"activity":0.0046,"lastBolusTime":1704466090000,"time":"2024-01-05T16:43:57.277Z","iobWithZeroTemp":{"iob":-0.239,"basaliob":-0.698,"bolussnooze":0.0021,"activity":6.0E-4,"lastBolusTime":1704466090000,"time":"2024-01-05T16:43:57.277Z"}},{"iob":0.265,"basaliob":-0.159,"bolussnooze":0.0016,"activity":0.0042,"lastBolusTime":1704466090000,"time":"2024-01-05T16:48:57.277Z","iobWithZeroTemp":{"iob":-0.275,"basaliob":-0.699,"bolussnooze":0.0016,"activity":0,"lastBolusTime":1704466090000,"time":"2024-01-05T16:48:57.277Z"}},{"iob":0.245,"basaliob":-0.147,"bolussnooze":0.0012,"activity":0.004,"lastBolusTime":1704466090000,"time":"2024-01-05T16:53:57.277Z","iobWithZeroTemp":{"iob":-0.307,"basaliob":-0.699,"bolussnooze":0.0012,"activity":-3.0E-4,"lastBolusTime":1704466090000,"time":"2024-01-05T16:53:57.277Z"}},{"iob":0.226,"basaliob":-0.136,"bolussnooze":9.0E-4,"activity":0.0037,"lastBolusTime":1704466090000,"time":"2024-01-05T16:58:57.277Z","iobWithZeroTemp":{"iob":-0.337,"basaliob":-0.699,"bolussnooze":9.0E-4,"activity":-8.0E-4,"lastBolusTime":1704466090000,"time":"2024-01-05T16:58:57.277Z"}},{"iob":0.208,"basaliob":-0.126,"bolussnooze":6.0E-4,"activity":0.0034,"lastBolusTime":1704466090000,"time":"2024-01-05T17:03:57.277Z","iobWithZeroTemp":{"iob":-0.366,"basaliob":-0.7,"bolussnooze":6.0E-4,"activity":-0.0012,"lastBolusTime":1704466090000,"time":"2024-01-05T17:03:57.277Z"}},{"iob":0.191,"basaliob":-0.117,"bolussnooze":4.0E-4,"activity":0.0032,"lastBolusTime":1704466090000,"time":"2024-01-05T17:08:57.277Z","iobWithZeroTemp":{"iob":-0.393,"basaliob":-0.701,"bolussnooze":4.0E-4,"activity":-0.0016,"lastBolusTime":1704466090000,"time":"2024-01-05T17:08:57.277Z"}},{"iob":0.176,"basaliob":-0.108,"bolussnooze":3.0E-4,"activity":0.003,"lastBolusTime":1704466090000,"time":"2024-01-05T17:13:57.277Z","iobWithZeroTemp":{"iob":-0.417,"basaliob":-0.701,"bolussnooze":3.0E-4,"activity":-0.0019,"lastBolusTime":1704466090000,"time":"2024-01-05T17:13:57.277Z"}},{"iob":0.162,"basaliob":-0.1,"bolussnooze":2.0E-4,"activity":0.0027,"lastBolusTime":1704466090000,"time":"2024-01-05T17:18:57.277Z","iobWithZeroTemp":{"iob":-0.439,"basaliob":-0.701,"bolussnooze":2.0E-4,"activity":-0.0023,"lastBolusTime":1704466090000,"time":"2024-01-05T17:18:57.277Z"}},{"iob":0.149,"basaliob":-0.092,"bolussnooze":1.0E-4,"activity":0.0025,"lastBolusTime":1704466090000,"time":"2024-01-05T17:23:57.277Z","iobWithZeroTemp":{"iob":-0.46,"basaliob":-0.701,"bolussnooze":1.0E-4,"activity":-0.0026,"lastBolusTime":1704466090000,"time":"2024-01-05T17:23:57.277Z"}},{"iob":0.137,"basaliob":-0.085,"bolussnooze":1.0E-4,"activity":0.0023,"lastBolusTime":1704466090000,"time":"2024-01-05T17:28:57.277Z","iobWithZeroTemp":{"iob":-0.48,"basaliob":-0.702,"bolussnooze":1.0E-4,"activity":-0.0029,"lastBolusTime":1704466090000,"time":"2024-01-05T17:28:57.277Z"}},{"iob":0.126,"basaliob":-0.078,"bolussnooze":0,"activity":0.0022,"lastBolusTime":1704466090000,"time":"2024-01-05T17:33:57.277Z","iobWithZeroTemp":{"iob":-0.498,"basaliob":-0.702,"bolussnooze":0,"activity":-0.0031,"lastBolusTime":1704466090000,"time":"2024-01-05T17:33:57.277Z"}},{"iob":0.115,"basaliob":-0.072,"bolussnooze":0,"activity":0.002,"lastBolusTime":1704466090000,"time":"2024-01-05T17:38:57.277Z","iobWithZeroTemp":{"iob":-0.515,"basaliob":-0.702,"bolussnooze":0,"activity":-0.0034,"lastBolusTime":1704466090000,"time":"2024-01-05T17:38:57.277Z"}},{"iob":0.106,"basaliob":-0.066,"bolussnooze":0,"activity":0.0019,"lastBolusTime":1704466090000,"time":"2024-01-05T17:43:57.277Z","iobWithZeroTemp":{"iob":-0.53,"basaliob":-0.702,"bolussnooze":0,"activity":-0.0036,"lastBolusTime":1704466090000,"time":"2024-01-05T17:43:57.277Z"}},{"iob":0.096,"basaliob":-0.061,"bolussnooze":0,"activity":0.0017,"lastBolusTime":1704466090000,"time":"2024-01-05T17:48:57.277Z","iobWithZeroTemp":{"iob":-0.546,"basaliob":-0.703,"bolussnooze":0,"activity":-0.0039,"lastBolusTime":1704466090000,"time":"2024-01-05T17:48:57.277Z"}},{"iob":0.088,"basaliob":-0.056,"bolussnooze":0,"activity":0.0016,"lastBolusTime":1704466090000,"time":"2024-01-05T17:53:57.277Z","iobWithZeroTemp":{"iob":-0.559,"basaliob":-0.703,"bolussnooze":0,"activity":-0.0041,"lastBolusTime":1704466090000,"time":"2024-01-05T17:53:57.277Z"}},{"iob":0.08,"basaliob":-0.052,"bolussnooze":0,"activity":0.0014,"lastBolusTime":1704466090000,"time":"2024-01-05T17:58:57.277Z","iobWithZeroTemp":{"iob":-0.571,"basaliob":-0.703,"bolussnooze":0,"activity":-0.0044,"lastBolusTime":1704466090000,"time":"2024-01-05T17:58:57.277Z"}},{"iob":0.074,"basaliob":-0.047,"bolussnooze":0,"activity":0.0014,"lastBolusTime":1704466090000,"time":"2024-01-05T18:03:57.277Z","iobWithZeroTemp":{"iob":-0.582,"basaliob":-0.703,"bolussnooze":0,"activity":-0.0044,"lastBolusTime":1704466090000,"time":"2024-01-05T18:03:57.277Z"}},{"iob":0.066,"basaliob":-0.044,"bolussnooze":0,"activity":0.0012,"lastBolusTime":1704466090000,"time":"2024-01-05T18:08:57.277Z","iobWithZeroTemp":{"iob":-0.594,"basaliob":-0.704,"bolussnooze":0,"activity":-0.0047,"lastBolusTime":1704466090000,"time":"2024-01-05T18:08:57.277Z"}},{"iob":0.061,"basaliob":-0.04,"bolussnooze":0,"activity":0.0011,"lastBolusTime":1704466090000,"time":"2024-01-05T18:13:57.277Z","iobWithZeroTemp":{"iob":-0.603,"basaliob":-0.704,"bolussnooze":0,"activity":-0.0048,"lastBolusTime":1704466090000,"time":"2024-01-05T18:13:57.277Z"}},{"iob":0.055,"basaliob":-0.037,"bolussnooze":0,"activity":0.0011,"lastBolusTime":1704466090000,"time":"2024-01-05T18:18:57.277Z","iobWithZeroTemp":{"iob":-0.612,"basaliob":-0.704,"bolussnooze":0,"activity":-0.0049,"lastBolusTime":1704466090000,"time":"2024-01-05T18:18:57.277Z"}},{"iob":0.051,"basaliob":-0.033,"bolussnooze":0,"activity":0.001,"lastBolusTime":1704466090000,"time":"2024-01-05T18:23:57.277Z","iobWithZeroTemp":{"iob":-0.619,"basaliob":-0.703,"bolussnooze":0,"activity":-0.0051,"lastBolusTime":1704466090000,"time":"2024-01-05T18:23:57.277Z"}},{"iob":0.046,"basaliob":-0.031,"bolussnooze":0,"activity":9.0E-4,"lastBolusTime":1704466090000,"time":"2024-01-05T18:28:57.277Z","iobWithZeroTemp":{"iob":-0.627,"basaliob":-0.704,"bolussnooze":0,"activity":-0.0052,"lastBolusTime":1704466090000,"time":"2024-01-05T18:28:57.277Z"}},{"iob":0.042,"basaliob":-0.028,"bolussnooze":0,"activity":8.0E-4,"lastBolusTime":1704466090000,"time":"2024-01-05T18:33:57.277Z","iobWithZeroTemp":{"iob":-0.634,"basaliob":-0.704,"bolussnooze":0,"activity":-0.0053,"lastBolusTime":1704466090000,"time":"2024-01-05T18:33:57.277Z"}},{"iob":0.037,"basaliob":-0.026,"bolussnooze":0,"activity":7.0E-4,"lastBolusTime":1704466090000,"time":"2024-01-05T18:38:57.277Z","iobWithZeroTemp":{"iob":-0.641,"basaliob":-0.704,"bolussnooze":0,"activity":-0.0055,"lastBolusTime":1704466090000,"time":"2024-01-05T18:38:57.277Z"}},{"iob":0.035,"basaliob":-0.023,"bolussnooze":0,"activity":7.0E-4,"lastBolusTime":1704466090000,"time":"2024-01-05T18:43:57.277Z","iobWithZeroTemp":{"iob":-0.646,"basaliob":-0.704,"bolussnooze":0,"activity":-0.0055,"lastBolusTime":1704466090000,"time":"2024-01-05T18:43:57.277Z"}},{"iob":0.031,"basaliob":-0.021,"bolussnooze":0,"activity":6.0E-4,"lastBolusTime":1704466090000,"time":"2024-01-05T18:48:57.277Z","iobWithZeroTemp":{"iob":-0.652,"basaliob":-0.704,"bolussnooze":0,"activity":-0.0057,"lastBolusTime":1704466090000,"time":"2024-01-05T18:48:57.277Z"}}],"profile":{"max_iob":7,"type":"current","max_daily_basal":0.45,"max_basal":1.35,"min_bg":81.0000000000001,"max_bg":81.0000000000001,"target_bg":81.0000000000001,"carb_ratio":11,"sens":352.8,"max_daily_safety_multiplier":3,"current_basal_safety_multiplier":4,"lgsThreshold":65,"high_temptarget_raises_sensitivity":false,"low_temptarget_lowers_sensitivity":false,"sensitivity_raises_target":true,"resistance_lowers_target":true,"adv_target_adjustments":false,"exercise_mode":false,"half_basal_exercise_target":160,"maxCOB":120,"skip_neutral_temps":false,"remainingCarbsCap":90,"enableUAM":true,"A52_risk_enable":false,"SMBInterval":4,"enableSMB_with_COB":true,"enableSMB_with_temptarget":false,"allowSMB_with_high_temptarget":true,"enableSMB_always":true,"enableSMB_after_carbs":false,"maxSMBBasalMinutes":60,"maxUAMSMBBasalMinutes":60,"bolus_increment":0.05,"carbsReqThreshold":10,"current_basal":0.4,"temptargetSet":true,"autosens_max":1.2,"autosens_min":0.8,"out_units":"mmol\/L","variable_sens":152.8,"insulinDivisor":65,"TDD":9.810467291666672},"autosens_data":{"ratio":1.2414584066584031},"meal_data":{"carbs":60,"mealCOB":29.527394557823126,"slopeFromMaxDeviation":-1.3169090909090906,"slopeFromMinDeviation":1.1132499999999999,"lastBolusTime":1704466090000,"lastCarbTime":1704463401000},"microBolusAllowed":true,"currentTime":1704466438893,"flatBGsDetected":false,"tdd1D":28.050416666666692,"tdd7D":23.609261904761915,"tddLast24H":29.309916666666663,"tddLast4H":5.613333333333333,"tddLast8to4H":4.993333333333333},"output":{"temp":"absolute","bg":151,"tick":"+2","eventualBG":346,"targetBG":81.0000000000001,"insulinReq":0,"deliverAt":"2024-01-05T14:53:58.893Z","sensitivityRatio":1.2414584066584031,"variable_sens":152.8,"predBGs":{"IOB":[151,152,152,151,150,148,145,141,137,131,125,118,109,101,93,85,77,69,61,52,43,39],"ZT":[151,139,126,114,102,89,75,61,47,39,39,39,39,39,39,39,39,39,39,39,39,39,39,39,39,39,39,39,39,39,39,39,39,39,39,39,39,39,39,39,39,39,39,39,39,43,53,61],"COB":[151,153,155,158,161,164,167,171,176,180,185,190,196,202,208,214,220,227,234,241,249,256,264,271,279,285,292,298,304,310,315,320,325,329,333,336,339,342,344,346,347,348,348,348,348,347,347,346],"UAM":[151,152,152,151,149,146,142,137,131,125,117,108,99,90,81,73,63,54,44,39]},"reason":"COB: 29.5, Dev: 4.7, BGI: -0.7, ISF: 8.5, CR: 11, Target: 4.5, minPredBG 6.6, minGuardBG 1.3, IOBpredBG 2.2, COBpredBG 19.2, UAMpredBG 2.2; minGuardBG 1.3<3.6 54m left and 0 ~ req 0U\/hr: no temp required","COB":29.527394557823126,"IOB":1.355,"timestamp":"2024-01-05T14:53:58.926Z"}}