{"algorithm":"OpenAPSSMBDynamicISFPlugin","input":{"glucoseStatus":{"glucose":120,"noise":0,"delta":-5,"short_avgdelta":-6.5,"long_avgdelta":-7.68,"date":1704349031373},"currenttemp":{"temp":"absolute","duration":20,"rate":0,"minutesrunning":40},"iob_data":[{"iob":0.828,"basaliob":-0.234,"bolussnooze":0.2871,"activity":0.008,"lastBolusTime":1704347272000,"time":"2024-01-04T06:17:38.826Z","iobWithZeroTemp":{"iob":0.828,"basaliob":-0.234,"bolussnooze":0.2871,"activity":0.008,"lastBolusTime":1704347272000,"time":"2024-01-04T06:17:38.826Z"}},{"iob":0.789,"basaliob":-0.226,"bolussnooze":0.2561,"activity":0.0079,"lastBolusTime":1704347272000,"time":"2024-01-04T06:22:38.826Z","iobWithZeroTemp":{"iob":0.762,"basaliob":-0.253,"bolussnooze":0.2561,"activity":0.0079,"lastBolusTime":1704347272000,"time":"2024-01-04T06:22:38.826Z"}},{"iob":0.75,"basaliob":-0.218,"bolussnooze":0.2271,"activity":0.0078,"lastBolusTime":1704347272000,"time":"2024-01-04T06:27:38.826Z","iobWithZeroTemp":{"iob":0.69,"basaliob":-0.278,"bolussnooze":0.2271,"activity":0.0077,"lastBolusTime":1704347272000,"time":"2024-01-04T06:27:38.826Z"}},{"iob":0.711,"basaliob":-0.21,"bolussnooze":0.2005,"activity":0.0077,"lastBolusTime":1704347272000,"time":"2024-01-04T06:32:38.826Z","iobWithZeroTemp":{"iob":0.619,"basaliob":-0.302,"bolussnooze":0.2005,"activity":0.0075,"lastBolusTime":1704347272000,"time":"2024-01-04T06:32:38.826Z"}},{"iob":0.673,"basaliob":-0.201,"bolussnooze":0.1761,"activity":0.0075,"lastBolusTime":1704347272000,"time":"2024-01-04T06:37:38.826Z","iobWithZeroTemp":{"iob":0.548,"basaliob":-0.326,"bolussnooze":0.1761,"activity":0.0072,"lastBolusTime":1704347272000,"time":"2024-01-04T06:37:38.826Z"}},{"iob":0.637,"basaliob":-0.192,"bolussnooze":0.1541,"activity":0.0072,"lastBolusTime":1704347272000,"time":"2024-01-04T06:42:38.826Z","iobWithZeroTemp":{"iob":0.481,"basaliob":-0.348,"bolussnooze":0.1541,"activity":0.0067,"lastBolusTime":1704347272000,"time":"2024-01-04T06:42:38.826Z"}},{"iob":0.601,"basaliob":-0.183,"bolussnooze":0.1343,"activity":0.007,"lastBolusTime":1704347272000,"time":"2024-01-04T06:47:38.826Z","iobWithZeroTemp":{"iob":0.415,"basaliob":-0.369,"bolussnooze":0.1343,"activity":0.0063,"lastBolusTime":1704347272000,"time":"2024-01-04T06:47:38.826Z"}},{"iob":0.566,"basaliob":-0.175,"bolussnooze":0.1166,"activity":0.0067,"lastBolusTime":1704347272000,"time":"2024-01-04T06:52:38.826Z","iobWithZeroTemp":{"iob":0.35,"basaliob":-0.391,"bolussnooze":0.1166,"activity":0.0058,"lastBolusTime":1704347272000,"time":"2024-01-04T06:52:38.826Z"}},{"iob":0.533,"basaliob":-0.166,"bolussnooze":0.1009,"activity":0.0065,"lastBolusTime":1704347272000,"time":"2024-01-04T06:57:38.826Z","iobWithZeroTemp":{"iob":0.289,"basaliob":-0.41,"bolussnooze":0.1009,"activity":0.0054,"lastBolusTime":1704347272000,"time":"2024-01-04T06:57:38.826Z"}},{"iob":0.501,"basaliob":-0.157,"bolussnooze":0.0871,"activity":0.0062,"lastBolusTime":1704347272000,"time":"2024-01-04T07:02:38.826Z","iobWithZeroTemp":{"iob":0.229,"basaliob":-0.429,"bolussnooze":0.0871,"activity":0.0049,"lastBolusTime":1704347272000,"time":"2024-01-04T07:02:38.826Z"}},{"iob":0.47,"basaliob":-0.149,"bolussnooze":0.0749,"activity":0.0059,"lastBolusTime":1704347272000,"time":"2024-01-04T07:07:38.826Z","iobWithZeroTemp":{"iob":0.172,"basaliob":-0.447,"bolussnooze":0.0749,"activity":0.0044,"lastBolusTime":1704347272000,"time":"2024-01-04T07:07:38.826Z"}},{"iob":0.441,"basaliob":-0.141,"bolussnooze":0.0642,"activity":0.0057,"lastBolusTime":1704347272000,"time":"2024-01-04T07:12:38.826Z","iobWithZeroTemp":{"iob":0.118,"basaliob":-0.464,"bolussnooze":0.0642,"activity":0.0039,"lastBolusTime":1704347272000,"time":"2024-01-04T07:12:38.826Z"}},{"iob":0.413,"basaliob":-0.133,"bolussnooze":0.0549,"activity":0.0054,"lastBolusTime":1704347272000,"time":"2024-01-04T07:17:38.826Z","iobWithZeroTemp":{"iob":0.066,"basaliob":-0.48,"bolussnooze":0.0549,"activity":0.0034,"lastBolusTime":1704347272000,"time":"2024-01-04T07:17:38.826Z"}},{"iob":0.387,"basaliob":-0.125,"bolussnooze":0.0468,"activity":0.0052,"lastBolusTime":1704347272000,"time":"2024-01-04T07:22:38.826Z","iobWithZeroTemp":{"iob":0.017,"basaliob":-0.495,"bolussnooze":0.0468,"activity":0.003,"lastBolusTime":1704347272000,"time":"2024-01-04T07:22:38.826Z"}},{"iob":0.362,"basaliob":-0.118,"bolussnooze":0.0398,"activity":0.0049,"lastBolusTime":1704347272000,"time":"2024-01-04T07:27:38.826Z","iobWithZeroTemp":{"iob":-0.029,"basaliob":-0.509,"bolussnooze":0.0398,"activity":0.0025,"lastBolusTime":1704347272000,"time":"2024-01-04T07:27:38.826Z"}},{"iob":0.338,"basaliob":-0.111,"bolussnooze":0.0338,"activity":0.0046,"lastBolusTime":1704347272000,"time":"2024-01-04T07:32:38.826Z","iobWithZeroTemp":{"iob":-0.074,"basaliob":-0.523,"bolussnooze":0.0338,"activity":0.0019,"lastBolusTime":1704347272000,"time":"2024-01-04T07:32:38.826Z"}},{"iob":0.315,"basaliob":-0.104,"bolussnooze":0.0286,"activity":0.0044,"lastBolusTime":1704347272000,"time":"2024-01-04T07:37:38.826Z","iobWithZeroTemp":{"iob":-0.116,"basaliob":-0.535,"bolussnooze":0.0286,"activity":0.0015,"lastBolusTime":1704347272000,"time":"2024-01-04T07:37:38.826Z"}},{"iob":0.294,"basaliob":-0.098,"bolussnooze":0.0241,"activity":0.0041,"lastBolusTime":1704347272000,"time":"2024-01-04T07:42:38.826Z","iobWithZeroTemp":{"iob":-0.156,"basaliob":-0.548,"bolussnooze":0.0241,"activity":0.001,"lastBolusTime":1704347272000,"time":"2024-01-04T07:42:38.826Z"}},{"iob":0.274,"basaliob":-0.091,"bolussnooze":0.0202,"activity":0.0039,"lastBolusTime":1704347272000,"time":"2024-01-04T07:47:38.826Z","iobWithZeroTemp":{"iob":-0.193,"basaliob":-0.558,"bolussnooze":0.0202,"activity":6.0E-4,"lastBolusTime":1704347272000,"time":"2024-01-04T07:47:38.826Z"}},{"iob":0.255,"basaliob":-0.086,"bolussnooze":0.017,"activity":0.0037,"lastBolusTime":1704347272000,"time":"2024-01-04T07:52:38.826Z","iobWithZeroTemp":{"iob":-0.229,"basaliob":-0.57,"bolussnooze":0.017,"activity":2.0E-4,"lastBolusTime":1704347272000,"time":"2024-01-04T07:52:38.826Z"}},{"iob":0.237,"basaliob":-0.08,"bolussnooze":0.0142,"activity":0.0034,"lastBolusTime":1704347272000,"time":"2024-01-04T07:57:38.826Z","iobWithZeroTemp":{"iob":-0.262,"basaliob":-0.579,"bolussnooze":0.0142,"activity":-3.0E-4,"lastBolusTime":1704347272000,"time":"2024-01-04T07:57:38.826Z"}},{"iob":0.22,"basaliob":-0.075,"bolussnooze":0.0118,"activity":0.0033,"lastBolusTime":1704347272000,"time":"2024-01-04T08:02:38.826Z","iobWithZeroTemp":{"iob":-0.294,"basaliob":-0.589,"bolussnooze":0.0118,"activity":-6.0E-4,"lastBolusTime":1704347272000,"time":"2024-01-04T08:02:38.826Z"}},{"iob":0.204,"basaliob":-0.07,"bolussnooze":0.0098,"activity":0.003,"lastBolusTime":1704347272000,"time":"2024-01-04T08:07:38.826Z","iobWithZeroTemp":{"iob":-0.323,"basaliob":-0.597,"bolussnooze":0.0098,"activity":-0.001,"lastBolusTime":1704347272000,"time":"2024-01-04T08:07:38.826Z"}},{"iob":0.19,"basaliob":-0.065,"bolussnooze":0.0081,"activity":0.0029,"lastBolusTime":1704347272000,"time":"2024-01-04T08:12:38.826Z","iobWithZeroTemp":{"iob":-0.35,"basaliob":-0.605,"bolussnooze":0.0081,"activity":-0.0013,"lastBolusTime":1704347272000,"time":"2024-01-04T08:12:38.826Z"}},{"iob":0.177,"basaliob":-0.06,"bolussnooze":0.0067,"activity":0.0026,"lastBolusTime":1704347272000,"time":"2024-01-04T08:17:38.826Z","iobWithZeroTemp":{"iob":-0.375,"basaliob":-0.612,"bolussnooze":0.0067,"activity":-0.0017,"lastBolusTime":1704347272000,"time":"2024-01-04T08:17:38.826Z"}},{"iob":0.163,"basaliob":-0.056,"bolussnooze":0.0055,"activity":0.0025,"lastBolusTime":1704347272000,"time":"2024-01-04T08:22:38.826Z","iobWithZeroTemp":{"iob":-0.4,"basaliob":-0.619,"bolussnooze":0.0055,"activity":-0.002,"lastBolusTime":1704347272000,"time":"2024-01-04T08:22:38.826Z"}},{"iob":0.151,"basaliob":-0.052,"bolussnooze":0.0045,"activity":0.0023,"lastBolusTime":1704347272000,"time":"2024-01-04T08:27:38.826Z","iobWithZeroTemp":{"iob":-0.423,"basaliob":-0.626,"bolussnooze":0.0045,"activity":-0.0023,"lastBolusTime":1704347272000,"time":"2024-01-04T08:27:38.826Z"}},{"iob":0.139,"basaliob":-0.049,"bolussnooze":0.0036,"activity":0.0022,"lastBolusTime":1704347272000,"time":"2024-01-04T08:32:38.826Z","iobWithZeroTemp":{"iob":-0.445,"basaliob":-0.633,"bolussnooze":0.0036,"activity":-0.0026,"lastBolusTime":1704347272000,"time":"2024-01-04T08:32:38.826Z"}},{"iob":0.129,"basaliob":-0.045,"bolussnooze":0.0029,"activity":0.002,"lastBolusTime":1704347272000,"time":"2024-01-04T08:37:38.826Z","iobWithZeroTemp":{"iob":-0.464,"basaliob":-0.638,"bolussnooze":0.0029,"activity":-0.0029,"lastBolusTime":1704347272000,"time":"2024-01-04T08:37:38.826Z"}},{"iob":0.119,"basaliob":-0.042,"bolussnooze":0.0024,"activity":0.0019,"lastBolusTime":1704347272000,"time":"2024-01-04T08:42:38.826Z","iobWithZeroTemp":{"iob":-0.482,"basaliob":-0.643,"bolussnooze":0.0024,"activity":-0.0031,"lastBolusTime":1704347272000,"time":"2024-01-04T08:42:38.826Z"}},{"iob":0.11,"basaliob":-0.039,"bolussnooze":0.0019,"activity":0.0018,"lastBolusTime":1704347272000,"time":"2024-01-04T08:47:38.826Z","iobWithZeroTemp":{"iob":-0.499,"basaliob":-0.648,"bolussnooze":0.0019,"activity":-0.0033,"lastBolusTime":1704347272000,"time":"2024-01-04T08:47:38.826Z"}},{"iob":0.102,"basaliob":-0.036,"bolussnooze":0.0015,"activity":0.0016,"lastBolusTime":1704347272000,"time":"2024-01-04T08:52:38.826Z","iobWithZeroTemp":{"iob":-0.515,"basaliob":-0.653,"bolussnooze":0.0015,"activity":-0.0036,"lastBolusTime":1704347272000,"time":"2024-01-04T08:52:38.826Z"}},{"iob":0.094,"basaliob":-0.033,"bolussnooze":0.0012,"activity":0.0015,"lastBolusTime":1704347272000,"time":"2024-01-04T08:57:38.826Z","iobWithZeroTemp":{"iob":-0.53,"basaliob":-0.657,"bolussnooze":0.0012,"activity":-0.0038,"lastBolusTime":1704347272000,"time":"2024-01-04T08:57:38.826Z"}},{"iob":0.086,"basaliob":-0.031,"bolussnooze":9.0E-4,"activity":0.0014,"lastBolusTime":1704347272000,"time":"2024-01-04T09:02:38.826Z","iobWithZeroTemp":{"iob":-0.544,"basaliob":-0.661,"bolussnooze":9.0E-4,"activity":-0.004,"lastBolusTime":1704347272000,"time":"2024-01-04T09:02:38.826Z"}},{"iob":0.08,"basaliob":-0.028,"bolussnooze":7.0E-4,"activity":0.0014,"lastBolusTime":1704347272000,"time":"2024-01-04T09:07:38.826Z","iobWithZeroTemp":{"iob":-0.556,"basaliob":-0.664,"bolussnooze":7.0E-4,"activity":-0.0041,"lastBolusTime":1704347272000,"time":"2024-01-04T09:07:38.826Z"}},{"iob":0.073,"basaliob":-0.026,"bolussnooze":5.0E-4,"activity":0.0012,"lastBolusTime":1704347272000,"time":"2024-01-04T09:12:38.826Z","iobWithZeroTemp":{"iob":-0.569,"basaliob":-0.668,"bolussnooze":5.0E-4,"activity":-0.0044,"lastBolusTime":1704347272000,"time":"2024-01-04T09:12:38.826Z"}},{"iob":0.067,"basaliob":-0.024,"bolussnooze":4.0E-4,"activity":0.0011,"lastBolusTime":1704347272000,"time":"2024-01-04T09:17:38.826Z","iobWithZeroTemp":{"iob":-0.58,"basaliob":-0.671,"bolussnooze":4.0E-4,"activity":-0.0046,"lastBolusTime":1704347272000,"time":"2024-01-04T09:17:38.826Z"}},{"iob":0.062,"basaliob":-0.022,"bolussnooze":3.0E-4,"activity":0.001,"lastBolusTime":1704347272000,"time":"2024-01-04T09:22:38.826Z","iobWithZeroTemp":{"iob":-0.589,"basaliob":-0.673,"bolussnooze":3.0E-4,"activity":-0.0048,"lastBolusTime":1704347272000,"time":"2024-01-04T09:22:38.826Z"}},{"iob":0.056,"basaliob":-0.021,"bolussnooze":2.0E-4,"activity":0.001,"lastBolusTime":1704347272000,"time":"2024-01-04T09:27:38.826Z","iobWithZeroTemp":{"iob":-0.6,"basaliob":-0.677,"bolussnooze":2.0E-4,"activity":-0.0048,"lastBolusTime":1704347272000,"time":"2024-01-04T09:27:38.826Z"}},{"iob":0.052,"basaliob":-0.019,"bolussnooze":1.0E-4,"activity":9.0E-4,"lastBolusTime":1704347272000,"time":"2024-01-04T09:32:38.826Z","iobWithZeroTemp":{"iob":-0.608,"basaliob":-0.679,"bolussnooze":1.0E-4,"activity":-0.005,"lastBolusTime":1704347272000,"time":"2024-01-04T09:32:38.826Z"}},{"iob":0.048,"basaliob":-0.017,"bolussnooze":1.0E-4,"activity":8.0E-4,"lastBolusTime":1704347272000,"time":"2024-01-04T09:37:38.826Z","iobWithZeroTemp":{"iob":-0.616,"basaliob":-0.681,"bolussnooze":1.0E-4,"activity":-0.0051,"lastBolusTime":1704347272000,"time":"2024-01-04T09:37:38.826Z"}},{"iob":0.044,"basaliob":-0.016,"bolussnooze":1.0E-4,"activity":7.0E-4,"lastBolusTime":1704347272000,"time":"2024-01-04T09:42:38.826Z","iobWithZeroTemp":{"iob":-0.623,"basaliob":-0.683,"bolussnooze":1.0E-4,"activity":-0.0053,"lastBolusTime":1704347272000,"time":"2024-01-04T09:42:38.826Z"}},{"iob":0.04,"basaliob":-0.015,"bolussnooze":0,"activity":7.0E-4,"lastBolusTime":1704347272000,"time":"2024-01-04T09:47:38.826Z","iobWithZeroTemp":{"iob":-0.63,"basaliob":-0.685,"bolussnooze":0,"activity":-0.0054,"lastBolusTime":1704347272000,"time":"2024-01-04T09:47:38.826Z"}},{"iob":0.036,"basaliob":-0.014,"bolussnooze":0,"activity":7.0E-4,"lastBolusTime":1704347272000,"time":"2024-01-04T09:52:38.826Z","iobWithZeroTemp":{"iob":-0.637,"basaliob":-0.687,"bolussnooze":0,"activity":-0.0054,"lastBolusTime":1704347272000,"time":"2024-01-04T09:52:38.826Z"}},{"iob":0.034,"basaliob":-0.012,"bolussnooze":0,"activity":6.0E-4,"lastBolusTime":1704347272000,"time":"2024-01-04T09:57:38.826Z","iobWithZeroTemp":{"iob":-0.642,"basaliob":-0.688,"bolussnooze":0,"activity":-0.0055,"lastBolusTime":1704347272000,"time":"2024-01-04T09:57:38.826Z"}},{"iob":0.031,"basaliob":-0.011,"bolussnooze":0,"activity":6.0E-4,"lastBolusTime":1704347272000,"time":"2024-01-04T10:02:38.826Z","iobWithZeroTemp":{"iob":-0.648,"basaliob":-0.69,"bolussnooze":0,"activity":-0.0056,"lastBolusTime":1704347272000,"time":"2024-01-04T10:02:38.826Z"}},{"iob":0.028,"basaliob":-0.01,"bolussnooze":0,"activity":5.0E-4,"lastBolusTime":1704347272000,"time":"2024-01-04T10:07:38.826Z","iobWithZeroTemp":{"iob":-0.653,"basaliob":-0.691,"bolussnooze":0,"activity":-0.0057,"lastBolusTime":1704347272000,"time":"2024-01-04T10:07:38.826Z"}},{"iob":0.025,"basaliob":-0.01,"bolussnooze":0,"activity":4.0E-4,"lastBolusTime":1704347272000,"time":"2024-01-04T10:12:38.826Z","iobWithZeroTemp":{"iob":-0.658,"basaliob":-0.693,"bolussnooze":0,"activity":-0.0059,"lastBolusTime":1704347272000,"time":"2024-01-04T10:12:38.826Z"}}],"profile":{"max_iob":7,"type":"current","max_daily_basal":0.45,"max_basal":1.35,"min_bg":106.2,"max_bg":106.2,"target_bg":106.2,"carb_ratio":9,"sens":352.8,"max_daily_safety_multiplier":3,"current_basal_safety_multiplier":4,"lgsThreshold":65,"high_temptarget_raises_sensitivity":false,"low_temptarget_lowers_sensitivity":false,"sensitivity_raises_target":true,"resistance_lowers_target":true,"adv_target_adjustments":false,"exercise_mode":false,"half_basal_exercise_target":160,"maxCOB":120,"skip_neutral_temps":false,"remainingCarbsCap":90,"enableUAM":true,"A52_risk_enable":false,"SMBInterval":4,"enableSMB_with_COB":true,"enableSMB_with_temptarget":false,"allowSMB_with_high_temptarget":true,"enableSMB_always":true,"enableSMB_after_carbs":false,"maxSMBBasalMinutes":60,"maxUAMSMBBasalMinutes":60,"bolus_increment":0.05,"carbsReqThreshold":10,"current_basal":0.4,"temptargetSet":false,"autosens_max":1.2,"autosens_min":0.8,"out_units":"mmol\/L","variable_sens":248,"insulinDivisor":65,"TDD":6.9389422833333345},"autosens_data":{"ratio":1.0228736653014905},"meal_data":{"carbs":10,"mealCOB":7.9353775510204105,"slopeFromMaxDeviation":-1.8436,"slopeFromMinDeviation":0.35199999999999987,"lastBolusTime":1704347272000,"lastCarbTime":1704345985000},"microBolusAllowed":true,"currentTime":1704349061206,"flatBGsDetected":false,"tdd1D":20.64108333333334,"tdd7D":22.492595238095245,"tddLast24H":23.007083333333334,"tddLast4H":2.8780833333333335,"tddLast8to4H":2.3190000000000004},"output":{"temp":"absolute","bg":120,"tick":-5,"eventualBG":133,"targetBG":105,"insulinReq":0,"deliverAt":"2024-01-04T06:17:41.206Z","sensitivityRatio":1.0228736653014905,"variable_sens":248,"predBGs":{"IOB":[120,113,106,98,89,80,70,59,47,39,39,39,39],"ZT":[120,110,100,89,78,66,53,40,39,39,39,39,39,39,39,39,39,39,39,39,39,39,39,39,39,39,39,39,39,39,39,39,39,39,39,39,47,58,68,76,85,93,100],"COB":[120,114,108,102,96,91,86,82,78,75,72,70,68,66,65,65,64,65,66,67,69,71,73,76,79,83,87,90,94,97,101,104,107,110,113,115,118,120,122,124,126,127,129,130,131,132,132,133],"UAM":[120,112,101,91,79,67,54,39,39,39,39,39,39]},"reason":"COB: 7.9, Dev: 1.2, BGI: -0.6, ISF: 13.8, CR: 9, Target: 5.8, minPredBG 2.8, minGuardBG -0.3, IOBpredBG 2.2, COBpredBG 7.4, UAMpredBG 2.2; minGuardBG -0.3<4.0","COB":7.9353775510204105,"IOB":0.828,"duration":60,"rate":0,"timestamp":"2024-01-04T06:17:41.231Z"}}