{"algorithm":"OpenAPSSMBDynamicISFPlugin","input":{"glucoseStatus":{"glucose":82,"noise":0,"delta":-1,"short_avgdelta":-3.94,"long_avgdelta":-11.2,"date":1704214330601},"currenttemp":{"temp":"absolute","duration":74,"rate":0,"minutesrunning":46},"iob_data":[{"iob":1.638,"basaliob":-0.65,"bolussnooze":0.3839,"activity":0.0201,"lastBolusTime":1704211140000,"time":"2024-01-02T16:53:26.048Z","iobWithZeroTemp":{"iob":1.638,"basaliob":-0.65,"bolussnooze":0.3839,"activity":0.0201,"lastBolusTime":1704211140000,"time":"2024-01-02T16:53:26.048Z"}},{"iob":1.54,"basaliob":-0.62,"bolussnooze":0.3337,"activity":0.0192,"lastBolusTime":1704211140000,"time":"2024-01-02T16:58:26.048Z","iobWithZeroTemp":{"iob":1.513,"basaliob":-0.647,"bolussnooze":0.3337,"activity":0.0192,"lastBolusTime":1704211140000,"time":"2024-01-02T16:58:26.048Z"}},{"iob":1.446,"basaliob":-0.591,"bolussnooze":0.289,"activity":0.0184,"lastBolusTime":1704211140000,"time":"2024-01-02T17:03:26.048Z","iobWithZeroTemp":{"iob":1.386,"basaliob":-0.651,"bolussnooze":0.289,"activity":0.0183,"lastBolusTime":1704211140000,"time":"2024-01-02T17:03:26.048Z"}},{"iob":1.356,"basaliob":-0.562,"bolussnooze":0.2495,"activity":0.0175,"lastBolusTime":1704211140000,"time":"2024-01-02T17:08:26.048Z","iobWithZeroTemp":{"iob":1.264,"basaliob":-0.654,"bolussnooze":0.2495,"activity":0.0173,"lastBolusTime":1704211140000,"time":"2024-01-02T17:08:26.048Z"}},{"iob":1.271,"basaliob":-0.533,"bolussnooze":0.2147,"activity":0.0167,"lastBolusTime":1704211140000,"time":"2024-01-02T17:13:26.048Z","iobWithZeroTemp":{"iob":1.146,"basaliob":-0.658,"bolussnooze":0.2147,"activity":0.0164,"lastBolusTime":1704211140000,"time":"2024-01-02T17:13:26.048Z"}},{"iob":1.189,"basaliob":-0.505,"bolussnooze":0.1842,"activity":0.0158,"lastBolusTime":1704211140000,"time":"2024-01-02T17:18:26.048Z","iobWithZeroTemp":{"iob":1.033,"basaliob":-0.661,"bolussnooze":0.1842,"activity":0.0153,"lastBolusTime":1704211140000,"time":"2024-01-02T17:18:26.048Z"}},{"iob":1.111,"basaliob":-0.478,"bolussnooze":0.1576,"activity":0.0151,"lastBolusTime":1704211140000,"time":"2024-01-02T17:23:26.048Z","iobWithZeroTemp":{"iob":0.925,"basaliob":-0.664,"bolussnooze":0.1576,"activity":0.0144,"lastBolusTime":1704211140000,"time":"2024-01-02T17:23:26.048Z"}},{"iob":1.038,"basaliob":-0.451,"bolussnooze":0.1344,"activity":0.0143,"lastBolusTime":1704211140000,"time":"2024-01-02T17:28:26.048Z","iobWithZeroTemp":{"iob":0.822,"basaliob":-0.667,"bolussnooze":0.1344,"activity":0.0134,"lastBolusTime":1704211140000,"time":"2024-01-02T17:28:26.048Z"}},{"iob":0.969,"basaliob":-0.425,"bolussnooze":0.1143,"activity":0.0134,"lastBolusTime":1704211140000,"time":"2024-01-02T17:33:26.048Z","iobWithZeroTemp":{"iob":0.725,"basaliob":-0.669,"bolussnooze":0.1143,"activity":0.0123,"lastBolusTime":1704211140000,"time":"2024-01-02T17:33:26.048Z"}},{"iob":0.903,"basaliob":-0.401,"bolussnooze":0.097,"activity":0.0127,"lastBolusTime":1704211140000,"time":"2024-01-02T17:38:26.048Z","iobWithZeroTemp":{"iob":0.631,"basaliob":-0.673,"bolussnooze":0.097,"activity":0.0114,"lastBolusTime":1704211140000,"time":"2024-01-02T17:38:26.048Z"}},{"iob":0.841,"basaliob":-0.377,"bolussnooze":0.082,"activity":0.012,"lastBolusTime":1704211140000,"time":"2024-01-02T17:43:26.048Z","iobWithZeroTemp":{"iob":0.543,"basaliob":-0.675,"bolussnooze":0.082,"activity":0.0105,"lastBolusTime":1704211140000,"time":"2024-01-02T17:43:26.048Z"}},{"iob":0.783,"basaliob":-0.354,"bolussnooze":0.0691,"activity":0.0113,"lastBolusTime":1704211140000,"time":"2024-01-02T17:48:26.048Z","iobWithZeroTemp":{"iob":0.46,"basaliob":-0.677,"bolussnooze":0.0691,"activity":0.0095,"lastBolusTime":1704211140000,"time":"2024-01-02T17:48:26.048Z"}},{"iob":0.728,"basaliob":-0.332,"bolussnooze":0.0581,"activity":0.0106,"lastBolusTime":1704211140000,"time":"2024-01-02T17:53:26.048Z","iobWithZeroTemp":{"iob":0.381,"basaliob":-0.679,"bolussnooze":0.0581,"activity":0.0086,"lastBolusTime":1704211140000,"time":"2024-01-02T17:53:26.048Z"}},{"iob":0.677,"basaliob":-0.311,"bolussnooze":0.0487,"activity":0.01,"lastBolusTime":1704211140000,"time":"2024-01-02T17:58:26.048Z","iobWithZeroTemp":{"iob":0.307,"basaliob":-0.681,"bolussnooze":0.0487,"activity":0.0078,"lastBolusTime":1704211140000,"time":"2024-01-02T17:58:26.048Z"}},{"iob":0.629,"basaliob":-0.291,"bolussnooze":0.0407,"activity":0.0093,"lastBolusTime":1704211140000,"time":"2024-01-02T18:03:26.048Z","iobWithZeroTemp":{"iob":0.238,"basaliob":-0.682,"bolussnooze":0.0407,"activity":0.0069,"lastBolusTime":1704211140000,"time":"2024-01-02T18:03:26.048Z"}},{"iob":0.584,"basaliob":-0.272,"bolussnooze":0.0339,"activity":0.0088,"lastBolusTime":1704211140000,"time":"2024-01-02T18:08:26.048Z","iobWithZeroTemp":{"iob":0.172,"basaliob":-0.684,"bolussnooze":0.0339,"activity":0.0061,"lastBolusTime":1704211140000,"time":"2024-01-02T18:08:26.048Z"}},{"iob":0.541,"basaliob":-0.254,"bolussnooze":0.0281,"activity":0.0082,"lastBolusTime":1704211140000,"time":"2024-01-02T18:13:26.048Z","iobWithZeroTemp":{"iob":0.11,"basaliob":-0.685,"bolussnooze":0.0281,"activity":0.0053,"lastBolusTime":1704211140000,"time":"2024-01-02T18:13:26.048Z"}},{"iob":0.501,"basaliob":-0.237,"bolussnooze":0.0233,"activity":0.0077,"lastBolusTime":1704211140000,"time":"2024-01-02T18:18:26.048Z","iobWithZeroTemp":{"iob":0.051,"basaliob":-0.687,"bolussnooze":0.0233,"activity":0.0046,"lastBolusTime":1704211140000,"time":"2024-01-02T18:18:26.048Z"}},{"iob":0.464,"basaliob":-0.221,"bolussnooze":0.0192,"activity":0.0072,"lastBolusTime":1704211140000,"time":"2024-01-02T18:23:26.048Z","iobWithZeroTemp":{"iob":-0.003,"basaliob":-0.688,"bolussnooze":0.0192,"activity":0.0039,"lastBolusTime":1704211140000,"time":"2024-01-02T18:23:26.048Z"}},{"iob":0.429,"basaliob":-0.206,"bolussnooze":0.0157,"activity":0.0067,"lastBolusTime":1704211140000,"time":"2024-01-02T18:28:26.048Z","iobWithZeroTemp":{"iob":-0.055,"basaliob":-0.69,"bolussnooze":0.0157,"activity":0.0032,"lastBolusTime":1704211140000,"time":"2024-01-02T18:28:26.048Z"}},{"iob":0.397,"basaliob":-0.192,"bolussnooze":0.0129,"activity":0.0062,"lastBolusTime":1704211140000,"time":"2024-01-02T18:33:26.048Z","iobWithZeroTemp":{"iob":-0.102,"basaliob":-0.691,"bolussnooze":0.0129,"activity":0.0025,"lastBolusTime":1704211140000,"time":"2024-01-02T18:33:26.048Z"}},{"iob":0.366,"basaliob":-0.179,"bolussnooze":0.0105,"activity":0.0058,"lastBolusTime":1704211140000,"time":"2024-01-02T18:38:26.048Z","iobWithZeroTemp":{"iob":-0.148,"basaliob":-0.693,"bolussnooze":0.0105,"activity":0.0019,"lastBolusTime":1704211140000,"time":"2024-01-02T18:38:26.048Z"}},{"iob":0.338,"basaliob":-0.166,"bolussnooze":0.0085,"activity":0.0055,"lastBolusTime":1704211140000,"time":"2024-01-02T18:43:26.048Z","iobWithZeroTemp":{"iob":-0.189,"basaliob":-0.693,"bolussnooze":0.0085,"activity":0.0015,"lastBolusTime":1704211140000,"time":"2024-01-02T18:43:26.048Z"}},{"iob":0.312,"basaliob":-0.154,"bolussnooze":0.0068,"activity":0.0051,"lastBolusTime":1704211140000,"time":"2024-01-02T18:48:26.048Z","iobWithZeroTemp":{"iob":-0.228,"basaliob":-0.694,"bolussnooze":0.0068,"activity":9.0E-4,"lastBolusTime":1704211140000,"time":"2024-01-02T18:48:26.048Z"}},{"iob":0.288,"basaliob":-0.143,"bolussnooze":0.0054,"activity":0.0047,"lastBolusTime":1704211140000,"time":"2024-01-02T18:53:26.048Z","iobWithZeroTemp":{"iob":-0.264,"basaliob":-0.695,"bolussnooze":0.0054,"activity":4.0E-4,"lastBolusTime":1704211140000,"time":"2024-01-02T18:53:26.048Z"}},{"iob":0.265,"basaliob":-0.133,"bolussnooze":0.0043,"activity":0.0044,"lastBolusTime":1704211140000,"time":"2024-01-02T18:58:26.048Z","iobWithZeroTemp":{"iob":-0.298,"basaliob":-0.696,"bolussnooze":0.0043,"activity":-1.0E-4,"lastBolusTime":1704211140000,"time":"2024-01-02T18:58:26.048Z"}},{"iob":0.244,"basaliob":-0.123,"bolussnooze":0.0034,"activity":0.004,"lastBolusTime":1704211140000,"time":"2024-01-02T19:03:26.048Z","iobWithZeroTemp":{"iob":-0.33,"basaliob":-0.697,"bolussnooze":0.0034,"activity":-6.0E-4,"lastBolusTime":1704211140000,"time":"2024-01-02T19:03:26.048Z"}},{"iob":0.224,"basaliob":-0.114,"bolussnooze":0.0027,"activity":0.0037,"lastBolusTime":1704211140000,"time":"2024-01-02T19:08:26.048Z","iobWithZeroTemp":{"iob":-0.36,"basaliob":-0.698,"bolussnooze":0.0027,"activity":-0.0011,"lastBolusTime":1704211140000,"time":"2024-01-02T19:08:26.048Z"}},{"iob":0.207,"basaliob":-0.105,"bolussnooze":0.0021,"activity":0.0035,"lastBolusTime":1704211140000,"time":"2024-01-02T19:13:26.048Z","iobWithZeroTemp":{"iob":-0.386,"basaliob":-0.698,"bolussnooze":0.0021,"activity":-0.0014,"lastBolusTime":1704211140000,"time":"2024-01-02T19:13:26.048Z"}},{"iob":0.19,"basaliob":-0.097,"bolussnooze":0.0016,"activity":0.0033,"lastBolusTime":1704211140000,"time":"2024-01-02T19:18:26.048Z","iobWithZeroTemp":{"iob":-0.411,"basaliob":-0.698,"bolussnooze":0.0016,"activity":-0.0017,"lastBolusTime":1704211140000,"time":"2024-01-02T19:18:26.048Z"}},{"iob":0.174,"basaliob":-0.09,"bolussnooze":0.0012,"activity":0.003,"lastBolusTime":1704211140000,"time":"2024-01-02T19:23:26.048Z","iobWithZeroTemp":{"iob":-0.435,"basaliob":-0.699,"bolussnooze":0.0012,"activity":-0.0021,"lastBolusTime":1704211140000,"time":"2024-01-02T19:23:26.048Z"}},{"iob":0.16,"basaliob":-0.083,"bolussnooze":9.0E-4,"activity":0.0028,"lastBolusTime":1704211140000,"time":"2024-01-02T19:28:26.048Z","iobWithZeroTemp":{"iob":-0.457,"basaliob":-0.7,"bolussnooze":9.0E-4,"activity":-0.0024,"lastBolusTime":1704211140000,"time":"2024-01-02T19:28:26.048Z"}},{"iob":0.147,"basaliob":-0.076,"bolussnooze":7.0E-4,"activity":0.0026,"lastBolusTime":1704211140000,"time":"2024-01-02T19:33:26.048Z","iobWithZeroTemp":{"iob":-0.477,"basaliob":-0.7,"bolussnooze":7.0E-4,"activity":-0.0027,"lastBolusTime":1704211140000,"time":"2024-01-02T19:33:26.048Z"}},{"iob":0.135,"basaliob":-0.07,"bolussnooze":5.0E-4,"activity":0.0023,"lastBolusTime":1704211140000,"time":"2024-01-02T19:38:26.048Z","iobWithZeroTemp":{"iob":-0.495,"basaliob":-0.7,"bolussnooze":5.0E-4,"activity":-0.0031,"lastBolusTime":1704211140000,"time":"2024-01-02T19:38:26.048Z"}},{"iob":0.123,"basaliob":-0.065,"bolussnooze":3.0E-4,"activity":0.0022,"lastBolusTime":1704211140000,"time":"2024-01-02T19:43:26.048Z","iobWithZeroTemp":{"iob":-0.513,"basaliob":-0.701,"bolussnooze":3.0E-4,"activity":-0.0033,"lastBolusTime":1704211140000,"time":"2024-01-02T19:43:26.048Z"}},{"iob":0.112,"basaliob":-0.06,"bolussnooze":2.0E-4,"activity":0.002,"lastBolusTime":1704211140000,"time":"2024-01-02T19:48:26.048Z","iobWithZeroTemp":{"iob":-0.53,"basaliob":-0.702,"bolussnooze":2.0E-4,"activity":-0.0036,"lastBolusTime":1704211140000,"time":"2024-01-02T19:48:26.048Z"}},{"iob":0.103,"basaliob":-0.055,"bolussnooze":2.0E-4,"activity":0.0019,"lastBolusTime":1704211140000,"time":"2024-01-02T19:53:26.048Z","iobWithZeroTemp":{"iob":-0.544,"basaliob":-0.702,"bolussnooze":2.0E-4,"activity":-0.0038,"lastBolusTime":1704211140000,"time":"2024-01-02T19:53:26.048Z"}},{"iob":0.093,"basaliob":-0.051,"bolussnooze":1.0E-4,"activity":0.0017,"lastBolusTime":1704211140000,"time":"2024-01-02T19:58:26.048Z","iobWithZeroTemp":{"iob":-0.558,"basaliob":-0.702,"bolussnooze":1.0E-4,"activity":-0.0041,"lastBolusTime":1704211140000,"time":"2024-01-02T19:58:26.048Z"}},{"iob":0.086,"basaliob":-0.046,"bolussnooze":1.0E-4,"activity":0.0016,"lastBolusTime":1704211140000,"time":"2024-01-02T20:03:26.048Z","iobWithZeroTemp":{"iob":-0.57,"basaliob":-0.702,"bolussnooze":1.0E-4,"activity":-0.0042,"lastBolusTime":1704211140000,"time":"2024-01-02T20:03:26.048Z"}},{"iob":0.078,"basaliob":-0.043,"bolussnooze":0,"activity":0.0015,"lastBolusTime":1704211140000,"time":"2024-01-02T20:08:26.048Z","iobWithZeroTemp":{"iob":-0.582,"basaliob":-0.703,"bolussnooze":0,"activity":-0.0044,"lastBolusTime":1704211140000,"time":"2024-01-02T20:08:26.048Z"}},{"iob":0.071,"basaliob":-0.039,"bolussnooze":0,"activity":0.0013,"lastBolusTime":1704211140000,"time":"2024-01-02T20:13:26.048Z","iobWithZeroTemp":{"iob":-0.593,"basaliob":-0.703,"bolussnooze":0,"activity":-0.0046,"lastBolusTime":1704211140000,"time":"2024-01-02T20:13:26.048Z"}},{"iob":0.064,"basaliob":-0.036,"bolussnooze":0,"activity":0.0013,"lastBolusTime":1704211140000,"time":"2024-01-02T20:18:26.048Z","iobWithZeroTemp":{"iob":-0.603,"basaliob":-0.703,"bolussnooze":0,"activity":-0.0047,"lastBolusTime":1704211140000,"time":"2024-01-02T20:18:26.048Z"}},{"iob":0.059,"basaliob":-0.033,"bolussnooze":0,"activity":0.0011,"lastBolusTime":1704211140000,"time":"2024-01-02T20:23:26.048Z","iobWithZeroTemp":{"iob":-0.611,"basaliob":-0.703,"bolussnooze":0,"activity":-0.005,"lastBolusTime":1704211140000,"time":"2024-01-02T20:23:26.048Z"}},{"iob":0.053,"basaliob":-0.03,"bolussnooze":0,"activity":0.0011,"lastBolusTime":1704211140000,"time":"2024-01-02T20:28:26.048Z","iobWithZeroTemp":{"iob":-0.62,"basaliob":-0.703,"bolussnooze":0,"activity":-0.005,"lastBolusTime":1704211140000,"time":"2024-01-02T20:28:26.048Z"}},{"iob":0.049,"basaliob":-0.027,"bolussnooze":0,"activity":9.0E-4,"lastBolusTime":1704211140000,"time":"2024-01-02T20:33:26.048Z","iobWithZeroTemp":{"iob":-0.627,"basaliob":-0.703,"bolussnooze":0,"activity":-0.0052,"lastBolusTime":1704211140000,"time":"2024-01-02T20:33:26.048Z"}},{"iob":0.044,"basaliob":-0.025,"bolussnooze":0,"activity":8.0E-4,"lastBolusTime":1704211140000,"time":"2024-01-02T20:38:26.048Z","iobWithZeroTemp":{"iob":-0.634,"basaliob":-0.703,"bolussnooze":0,"activity":-0.0054,"lastBolusTime":1704211140000,"time":"2024-01-02T20:38:26.048Z"}},{"iob":0.04,"basaliob":-0.023,"bolussnooze":0,"activity":8.0E-4,"lastBolusTime":1704211140000,"time":"2024-01-02T20:43:26.048Z","iobWithZeroTemp":{"iob":-0.641,"basaliob":-0.704,"bolussnooze":0,"activity":-0.0054,"lastBolusTime":1704211140000,"time":"2024-01-02T20:43:26.048Z"}},{"iob":0.036,"basaliob":-0.021,"bolussnooze":0,"activity":7.0E-4,"lastBolusTime":1704211140000,"time":"2024-01-02T20:48:26.048Z","iobWithZeroTemp":{"iob":-0.647,"basaliob":-0.704,"bolussnooze":0,"activity":-0.0056,"lastBolusTime":1704211140000,"time":"2024-01-02T20:48:26.048Z"}}],"profile":{"max_iob":7,"type":"current","max_daily_basal":0.45,"max_basal":1.35,"min_bg":81.0000000000001,"max_bg":81.0000000000001,"target_bg":81.0000000000001,"carb_ratio":11,"sens":352.8,"max_daily_safety_multiplier":3,"current_basal_safety_multiplier":4,"lgsThreshold":65,"high_temptarget_raises_sensitivity":false,"low_temptarget_lowers_sensitivity":false,"sensitivity_raises_target":true,"resistance_lowers_target":true,"adv_target_adjustments":false,"exercise_mode":false,"half_basal_exercise_target":160,"maxCOB":120,"skip_neutral_temps":false,"remainingCarbsCap":90,"enableUAM":true,"A52_risk_enable":false,"SMBInterval":4,"enableSMB_with_COB":true,"enableSMB_with_temptarget":false,"allowSMB_with_high_temptarget":true,"enableSMB_always":true,"enableSMB_after_carbs":false,"maxSMBBasalMinutes":60,"maxUAMSMBBasalMinutes":60,"bolus_increment":0.05,"carbsReqThreshold":10,"current_basal":0.4,"temptargetSet":true,"autosens_max":1.2,"autosens_min":0.8,"out_units":"mmol\/L","variable_sens":234.5,"insulinDivisor":65,"TDD":9.406049666666664},"autosens_data":{"ratio":0.6940178419626157},"meal_data":{"carbs":47,"mealCOB":23.030887755102057,"slopeFromMaxDeviation":-1.3088750000000005,"slopeFromMinDeviation":3.2749999999999986,"lastBolusTime":1704211140000,"lastCarbTime":1704209892000},"microBolusAllowed":true,"currentTime":1704214407665,"flatBGsDetected":false,"tdd1D":29.029333333333327,"tdd7D":23.806904761904768,"tddLast24H":16.52241666666667,"tddLast4H":5.5266666666666655,"tddLast8to4H":2.5933333333333333},"output":{"temp":"absolute","bg":82,"tick":-1,"eventualBG":175,"targetBG":81.0000000000001,"insulinReq":0,"deliverAt":"2024-01-02T16:53:27.665Z","sensitivityRatio":0.6940178419626157,"variable_sens":234.5,"predBGs":{"IOB":[82,76,69,59,47,39,39,39,39,39,39,39,39],"ZT":[82,58,39,39,39,39,39,39,39,39,39,39,39,39,39,39,39,39,39,39,39,39,39,39,39,39,39,39,39,39,39,39,39,39,39,39,39,39,39,39,39,39,39,39,39,39,39,39],"COB":[82,78,74,71,68,66,65,64,64,64,65,66,68,70,72,75,78,82,85,89,93,97,101,105,110,114,118,122,127,131,135,139,143,146,150,153,156,159,162,165,167,169,170,172,173,174,175],"UAM":[82,77,70,62,51,39,39,39,39,39,39,39,39]},"reason":"COB: 23, Dev: 6.6, BGI: -1.3, ISF: 13.0, CR: 11, Target: 4.5, minPredBG -6.3, minGuardBG -9.3, IOBpredBG 2.2, COBpredBG 9.7, UAMpredBG 2.2; minGuardBG -9.3<3.6","COB":23.030887755102057,"IOB":1.638,"duration":120,"rate":0,"timestamp":"2024-01-02T16:53:27.689Z"}}