{"algorithm":"OpenAPSSMBDynamicISFPlugin","input":{"glucoseStatus":{"glucose":157,"noise":0,"delta":-1,"short_avgdelta":-2.72,"long_avgdelta":-2.67,"date":1704074222130},"currenttemp":{"temp":"absolute","duration":35,"rate":0,"minutesrunning":25},"iob_data":[{"iob":0.434,"basaliob":-0.307,"bolussnooze":0.001,"activity":0.0053,"lastBolusTime":1704072458000,"time":"2024-01-01T01:57:28.638Z","iobWithZeroTemp":{"iob":0.434,"basaliob":-0.307,"bolussnooze":0.001,"activity":0.0053,"lastBolusTime":1704072458000,"time":"2024-01-01T01:57:28.638Z"}},{"iob":0.409,"basaliob":-0.289,"bolussnooze":7.0E-4,"activity":0.005,"lastBolusTime":1704072458000,"time":"2024-01-01T02:02:28.638Z","iobWithZeroTemp":{"iob":0.391,"basaliob":-0.307,"bolussnooze":7.0E-4,"activity":0.005,"lastBolusTime":1704072458000,"time":"2024-01-01T02:02:28.638Z"}},{"iob":0.384,"basaliob":-0.272,"bolussnooze":5.0E-4,"activity":0.0049,"lastBolusTime":1704072458000,"time":"2024-01-01T02:07:28.638Z","iobWithZeroTemp":{"iob":0.344,"basaliob":-0.312,"bolussnooze":5.0E-4,"activity":0.0048,"lastBolusTime":1704072458000,"time":"2024-01-01T02:07:28.638Z"}},{"iob":0.36,"basaliob":-0.256,"bolussnooze":3.0E-4,"activity":0.0046,"lastBolusTime":1704072458000,"time":"2024-01-01T02:12:28.638Z","iobWithZeroTemp":{"iob":0.298,"basaliob":-0.318,"bolussnooze":3.0E-4,"activity":0.0045,"lastBolusTime":1704072458000,"time":"2024-01-01T02:12:28.638Z"}},{"iob":0.337,"basaliob":-0.24,"bolussnooze":2.0E-4,"activity":0.0044,"lastBolusTime":1704072458000,"time":"2024-01-01T02:17:28.638Z","iobWithZeroTemp":{"iob":0.253,"basaliob":-0.324,"bolussnooze":2.0E-4,"activity":0.0042,"lastBolusTime":1704072458000,"time":"2024-01-01T02:17:28.638Z"}},{"iob":0.316,"basaliob":-0.225,"bolussnooze":1.0E-4,"activity":0.0042,"lastBolusTime":1704072458000,"time":"2024-01-01T02:22:28.638Z","iobWithZeroTemp":{"iob":0.211,"basaliob":-0.33,"bolussnooze":1.0E-4,"activity":0.0039,"lastBolusTime":1704072458000,"time":"2024-01-01T02:22:28.638Z"}},{"iob":0.295,"basaliob":-0.211,"bolussnooze":1.0E-4,"activity":0.004,"lastBolusTime":1704072458000,"time":"2024-01-01T02:27:28.638Z","iobWithZeroTemp":{"iob":0.169,"basaliob":-0.337,"bolussnooze":1.0E-4,"activity":0.0035,"lastBolusTime":1704072458000,"time":"2024-01-01T02:27:28.638Z"}},{"iob":0.276,"basaliob":-0.197,"bolussnooze":0,"activity":0.0038,"lastBolusTime":1704072458000,"time":"2024-01-01T02:32:28.638Z","iobWithZeroTemp":{"iob":0.13,"basaliob":-0.343,"bolussnooze":0,"activity":0.0032,"lastBolusTime":1704072458000,"time":"2024-01-01T02:32:28.638Z"}},{"iob":0.258,"basaliob":-0.184,"bolussnooze":0,"activity":0.0036,"lastBolusTime":1704072458000,"time":"2024-01-01T02:37:28.638Z","iobWithZeroTemp":{"iob":0.093,"basaliob":-0.349,"bolussnooze":0,"activity":0.0029,"lastBolusTime":1704072458000,"time":"2024-01-01T02:37:28.638Z"}},{"iob":0.24,"basaliob":-0.172,"bolussnooze":0,"activity":0.0034,"lastBolusTime":1704072458000,"time":"2024-01-01T02:42:28.638Z","iobWithZeroTemp":{"iob":0.057,"basaliob":-0.355,"bolussnooze":0,"activity":0.0025,"lastBolusTime":1704072458000,"time":"2024-01-01T02:42:28.638Z"}},{"iob":0.224,"basaliob":-0.16,"bolussnooze":0,"activity":0.0032,"lastBolusTime":1704072458000,"time":"2024-01-01T02:47:28.638Z","iobWithZeroTemp":{"iob":0.023,"basaliob":-0.361,"bolussnooze":0,"activity":0.0022,"lastBolusTime":1704072458000,"time":"2024-01-01T02:47:28.638Z"}},{"iob":0.209,"basaliob":-0.149,"bolussnooze":0,"activity":0.003,"lastBolusTime":1704072458000,"time":"2024-01-01T02:52:28.638Z","iobWithZeroTemp":{"iob":-0.009,"basaliob":-0.367,"bolussnooze":0,"activity":0.0018,"lastBolusTime":1704072458000,"time":"2024-01-01T02:52:28.638Z"}},{"iob":0.194,"basaliob":-0.139,"bolussnooze":0,"activity":0.0028,"lastBolusTime":1704072458000,"time":"2024-01-01T02:57:28.638Z","iobWithZeroTemp":{"iob":-0.04,"basaliob":-0.373,"bolussnooze":0,"activity":0.0015,"lastBolusTime":1704072458000,"time":"2024-01-01T02:57:28.638Z"}},{"iob":0.18,"basaliob":-0.129,"bolussnooze":0,"activity":0.0026,"lastBolusTime":1704072458000,"time":"2024-01-01T03:02:28.638Z","iobWithZeroTemp":{"iob":-0.072,"basaliob":-0.381,"bolussnooze":0,"activity":0.0011,"lastBolusTime":1704072458000,"time":"2024-01-01T03:02:28.638Z"}},{"iob":0.167,"basaliob":-0.12,"bolussnooze":0,"activity":0.0025,"lastBolusTime":1704072458000,"time":"2024-01-01T03:07:28.638Z","iobWithZeroTemp":{"iob":-0.102,"basaliob":-0.389,"bolussnooze":0,"activity":8.0E-4,"lastBolusTime":1704072458000,"time":"2024-01-01T03:07:28.638Z"}},{"iob":0.155,"basaliob":-0.112,"bolussnooze":0,"activity":0.0023,"lastBolusTime":1704072458000,"time":"2024-01-01T03:12:28.638Z","iobWithZeroTemp":{"iob":-0.13,"basaliob":-0.397,"bolussnooze":0,"activity":5.0E-4,"lastBolusTime":1704072458000,"time":"2024-01-01T03:12:28.638Z"}},{"iob":0.143,"basaliob":-0.104,"bolussnooze":0,"activity":0.0021,"lastBolusTime":1704072458000,"time":"2024-01-01T03:17:28.638Z","iobWithZeroTemp":{"iob":-0.158,"basaliob":-0.405,"bolussnooze":0,"activity":1.0E-4,"lastBolusTime":1704072458000,"time":"2024-01-01T03:17:28.638Z"}},{"iob":0.133,"basaliob":-0.096,"bolussnooze":0,"activity":0.002,"lastBolusTime":1704072458000,"time":"2024-01-01T03:22:28.638Z","iobWithZeroTemp":{"iob":-0.183,"basaliob":-0.412,"bolussnooze":0,"activity":-1.0E-4,"lastBolusTime":1704072458000,"time":"2024-01-01T03:22:28.638Z"}},{"iob":0.123,"basaliob":-0.089,"bolussnooze":0,"activity":0.0019,"lastBolusTime":1704072458000,"time":"2024-01-01T03:27:28.638Z","iobWithZeroTemp":{"iob":-0.207,"basaliob":-0.419,"bolussnooze":0,"activity":-4.0E-4,"lastBolusTime":1704072458000,"time":"2024-01-01T03:27:28.638Z"}},{"iob":0.114,"basaliob":-0.082,"bolussnooze":0,"activity":0.0018,"lastBolusTime":1704072458000,"time":"2024-01-01T03:32:28.638Z","iobWithZeroTemp":{"iob":-0.229,"basaliob":-0.425,"bolussnooze":0,"activity":-6.0E-4,"lastBolusTime":1704072458000,"time":"2024-01-01T03:32:28.638Z"}},{"iob":0.105,"basaliob":-0.076,"bolussnooze":0,"activity":0.0017,"lastBolusTime":1704072458000,"time":"2024-01-01T03:37:28.638Z","iobWithZeroTemp":{"iob":-0.25,"basaliob":-0.431,"bolussnooze":0,"activity":-9.0E-4,"lastBolusTime":1704072458000,"time":"2024-01-01T03:37:28.638Z"}},{"iob":0.098,"basaliob":-0.07,"bolussnooze":0,"activity":0.0016,"lastBolusTime":1704072458000,"time":"2024-01-01T03:42:28.638Z","iobWithZeroTemp":{"iob":-0.269,"basaliob":-0.437,"bolussnooze":0,"activity":-0.0011,"lastBolusTime":1704072458000,"time":"2024-01-01T03:42:28.638Z"}},{"iob":0.09,"basaliob":-0.065,"bolussnooze":0,"activity":0.0015,"lastBolusTime":1704072458000,"time":"2024-01-01T03:47:28.638Z","iobWithZeroTemp":{"iob":-0.288,"basaliob":-0.443,"bolussnooze":0,"activity":-0.0013,"lastBolusTime":1704072458000,"time":"2024-01-01T03:47:28.638Z"}},{"iob":0.083,"basaliob":-0.06,"bolussnooze":0,"activity":0.0013,"lastBolusTime":1704072458000,"time":"2024-01-01T03:52:28.638Z","iobWithZeroTemp":{"iob":-0.306,"basaliob":-0.449,"bolussnooze":0,"activity":-0.0017,"lastBolusTime":1704072458000,"time":"2024-01-01T03:52:28.638Z"}},{"iob":0.077,"basaliob":-0.055,"bolussnooze":0,"activity":0.0012,"lastBolusTime":1704072458000,"time":"2024-01-01T03:57:28.638Z","iobWithZeroTemp":{"iob":-0.322,"basaliob":-0.454,"bolussnooze":0,"activity":-0.0019,"lastBolusTime":1704072458000,"time":"2024-01-01T03:57:28.638Z"}},{"iob":0.07,"basaliob":-0.051,"bolussnooze":0,"activity":0.0012,"lastBolusTime":1704072458000,"time":"2024-01-01T04:02:28.638Z","iobWithZeroTemp":{"iob":-0.346,"basaliob":-0.467,"bolussnooze":0,"activity":-0.002,"lastBolusTime":1704072458000,"time":"2024-01-01T04:02:28.638Z"}},{"iob":0.065,"basaliob":-0.047,"bolussnooze":0,"activity":0.0011,"lastBolusTime":1704072458000,"time":"2024-01-01T04:07:28.638Z","iobWithZeroTemp":{"iob":-0.368,"basaliob":-0.48,"bolussnooze":0,"activity":-0.0022,"lastBolusTime":1704072458000,"time":"2024-01-01T04:07:28.638Z"}},{"iob":0.06,"basaliob":-0.043,"bolussnooze":0,"activity":0.001,"lastBolusTime":1704072458000,"time":"2024-01-01T04:12:28.638Z","iobWithZeroTemp":{"iob":-0.39,"basaliob":-0.493,"bolussnooze":0,"activity":-0.0025,"lastBolusTime":1704072458000,"time":"2024-01-01T04:12:28.638Z"}},{"iob":0.054,"basaliob":-0.04,"bolussnooze":0,"activity":9.0E-4,"lastBolusTime":1704072458000,"time":"2024-01-01T04:17:28.638Z","iobWithZeroTemp":{"iob":-0.411,"basaliob":-0.505,"bolussnooze":0,"activity":-0.0027,"lastBolusTime":1704072458000,"time":"2024-01-01T04:17:28.638Z"}},{"iob":0.05,"basaliob":-0.037,"bolussnooze":0,"activity":9.0E-4,"lastBolusTime":1704072458000,"time":"2024-01-01T04:22:28.638Z","iobWithZeroTemp":{"iob":-0.43,"basaliob":-0.517,"bolussnooze":0,"activity":-0.0029,"lastBolusTime":1704072458000,"time":"2024-01-01T04:22:28.638Z"}},{"iob":0.046,"basaliob":-0.034,"bolussnooze":0,"activity":8.0E-4,"lastBolusTime":1704072458000,"time":"2024-01-01T04:27:28.638Z","iobWithZeroTemp":{"iob":-0.448,"basaliob":-0.528,"bolussnooze":0,"activity":-0.0031,"lastBolusTime":1704072458000,"time":"2024-01-01T04:27:28.638Z"}},{"iob":0.042,"basaliob":-0.031,"bolussnooze":0,"activity":8.0E-4,"lastBolusTime":1704072458000,"time":"2024-01-01T04:32:28.638Z","iobWithZeroTemp":{"iob":-0.466,"basaliob":-0.539,"bolussnooze":0,"activity":-0.0032,"lastBolusTime":1704072458000,"time":"2024-01-01T04:32:28.638Z"}},{"iob":0.039,"basaliob":-0.028,"bolussnooze":0,"activity":7.0E-4,"lastBolusTime":1704072458000,"time":"2024-01-01T04:37:28.638Z","iobWithZeroTemp":{"iob":-0.482,"basaliob":-0.549,"bolussnooze":0,"activity":-0.0035,"lastBolusTime":1704072458000,"time":"2024-01-01T04:37:28.638Z"}},{"iob":0.035,"basaliob":-0.026,"bolussnooze":0,"activity":6.0E-4,"lastBolusTime":1704072458000,"time":"2024-01-01T04:42:28.638Z","iobWithZeroTemp":{"iob":-0.498,"basaliob":-0.559,"bolussnooze":0,"activity":-0.0037,"lastBolusTime":1704072458000,"time":"2024-01-01T04:42:28.638Z"}},{"iob":0.032,"basaliob":-0.024,"bolussnooze":0,"activity":6.0E-4,"lastBolusTime":1704072458000,"time":"2024-01-01T04:47:28.638Z","iobWithZeroTemp":{"iob":-0.512,"basaliob":-0.568,"bolussnooze":0,"activity":-0.0038,"lastBolusTime":1704072458000,"time":"2024-01-01T04:47:28.638Z"}},{"iob":0.029,"basaliob":-0.022,"bolussnooze":0,"activity":5.0E-4,"lastBolusTime":1704072458000,"time":"2024-01-01T04:52:28.638Z","iobWithZeroTemp":{"iob":-0.526,"basaliob":-0.577,"bolussnooze":0,"activity":-0.004,"lastBolusTime":1704072458000,"time":"2024-01-01T04:52:28.638Z"}},{"iob":0.027,"basaliob":-0.02,"bolussnooze":0,"activity":4.0E-4,"lastBolusTime":1704072458000,"time":"2024-01-01T04:57:28.638Z","iobWithZeroTemp":{"iob":-0.538,"basaliob":-0.585,"bolussnooze":0,"activity":-0.0043,"lastBolusTime":1704072458000,"time":"2024-01-01T04:57:28.638Z"}},{"iob":0.025,"basaliob":-0.018,"bolussnooze":0,"activity":5.0E-4,"lastBolusTime":1704072458000,"time":"2024-01-01T05:02:28.638Z","iobWithZeroTemp":{"iob":-0.55,"basaliob":-0.593,"bolussnooze":0,"activity":-0.0043,"lastBolusTime":1704072458000,"time":"2024-01-01T05:02:28.638Z"}},{"iob":0.022,"basaliob":-0.017,"bolussnooze":0,"activity":4.0E-4,"lastBolusTime":1704072458000,"time":"2024-01-01T05:07:28.638Z","iobWithZeroTemp":{"iob":-0.562,"basaliob":-0.601,"bolussnooze":0,"activity":-0.0045,"lastBolusTime":1704072458000,"time":"2024-01-01T05:07:28.638Z"}},{"iob":0.021,"basaliob":-0.015,"bolussnooze":0,"activity":4.0E-4,"lastBolusTime":1704072458000,"time":"2024-01-01T05:12:28.638Z","iobWithZeroTemp":{"iob":-0.572,"basaliob":-0.608,"bolussnooze":0,"activity":-0.0046,"lastBolusTime":1704072458000,"time":"2024-01-01T05:12:28.638Z"}},{"iob":0.019,"basaliob":-0.014,"bolussnooze":0,"activity":3.0E-4,"lastBolusTime":1704072458000,"time":"2024-01-01T05:17:28.638Z","iobWithZeroTemp":{"iob":-0.582,"basaliob":-0.615,"bolussnooze":0,"activity":-0.0048,"lastBolusTime":1704072458000,"time":"2024-01-01T05:17:28.638Z"}},{"iob":0.017,"basaliob":-0.013,"bolussnooze":0,"activity":4.0E-4,"lastBolusTime":1704072458000,"time":"2024-01-01T05:22:28.638Z","iobWithZeroTemp":{"iob":-0.591,"basaliob":-0.621,"bolussnooze":0,"activity":-0.0048,"lastBolusTime":1704072458000,"time":"2024-01-01T05:22:28.638Z"}},{"iob":0.016,"basaliob":-0.011,"bolussnooze":0,"activity":3.0E-4,"lastBolusTime":1704072458000,"time":"2024-01-01T05:27:28.638Z","iobWithZeroTemp":{"iob":-0.599,"basaliob":-0.626,"bolussnooze":0,"activity":-0.005,"lastBolusTime":1704072458000,"time":"2024-01-01T05:27:28.638Z"}},{"iob":0.015,"basaliob":-0.01,"bolussnooze":0,"activity":3.0E-4,"lastBolusTime":1704072458000,"time":"2024-01-01T05:32:28.638Z","iobWithZeroTemp":{"iob":-0.607,"basaliob":-0.632,"bolussnooze":0,"activity":-0.0051,"lastBolusTime":1704072458000,"time":"2024-01-01T05:32:28.638Z"}},{"iob":0.013,"basaliob":-0.009,"bolussnooze":0,"activity":2.0E-4,"lastBolusTime":1704072458000,"time":"2024-01-01T05:37:28.638Z","iobWithZeroTemp":{"iob":-0.615,"basaliob":-0.637,"bolussnooze":0,"activity":-0.0053,"lastBolusTime":1704072458000,"time":"2024-01-01T05:37:28.638Z"}},{"iob":0.011,"basaliob":-0.009,"bolussnooze":0,"activity":2.0E-4,"lastBolusTime":1704072458000,"time":"2024-01-01T05:42:28.638Z","iobWithZeroTemp":{"iob":-0.623,"basaliob":-0.643,"bolussnooze":0,"activity":-0.0054,"lastBolusTime":1704072458000,"time":"2024-01-01T05:42:28.638Z"}},{"iob":0.01,"basaliob":-0.008,"bolussnooze":0,"activity":2.0E-4,"lastBolusTime":1704072458000,"time":"2024-01-01T05:47:28.638Z","iobWithZeroTemp":{"iob":-0.629,"basaliob":-0.647,"bolussnooze":0,"activity":-0.0054,"lastBolusTime":1704072458000,"time":"2024-01-01T05:47:28.638Z"}},{"iob":0.01,"basaliob":-0.007,"bolussnooze":0,"activity":2.0E-4,"lastBolusTime":1704072458000,"time":"2024-01-01T05:52:28.638Z","iobWithZeroTemp":{"iob":-0.634,"basaliob":-0.651,"bolussnooze":0,"activity":-0.0055,"lastBolusTime":1704072458000,"time":"2024-01-01T05:52:28.638Z"}}],"profile":{"max_iob":7,"type":"current","max_daily_basal":0.45,"max_basal":1.08,"min_bg":81,"max_bg":81,"target_bg":81,"carb_ratio":11,"sens":369,"max_daily_safety_multiplier":3,"current_basal_safety_multiplier":4,"lgsThreshold":65,"high_temptarget_raises_sensitivity":false,"low_temptarget_lowers_sensitivity":false,"sensitivity_raises_target":true,"resistance_lowers_target":true,"adv_target_adjustments":false,"exercise_mode":false,"half_basal_exercise_target":160,"maxCOB":120,"skip_neutral_temps":false,"remainingCarbsCap":90,"enableUAM":true,"A52_risk_enable":false,"SMBInterval":4,"enableSMB_with_COB":true,"enableSMB_with_temptarget":false,"allowSMB_with_high_temptarget":true,"enableSMB_always":true,"enableSMB_after_carbs":false,"maxSMBBasalMinutes":60,"maxUAMSMBBasalMinutes":60,"bolus_increment":0.05,"carbsReqThreshold":10,"current_basal":0.27,"temptargetSet":true,"autosens_max":1.2,"autosens_min":0.8,"out_units":"mmol\/L","variable_sens":168.7,"insulinDivisor":65,"TDD":8.688967891666666},"autosens_data":{"ratio":0.9009792131769018},"meal_data":{"carbs":0,"mealCOB":0,"slopeFromMaxDeviation":-2.0964,"slopeFromMinDeviation":0,"lastBolusTime":1704072458000,"lastCarbTime":0},"microBolusAllowed":true,"currentTime":1704074251752,"flatBGsDetected":false,"tdd1D":21.848083333333335,"tdd7D":24.48151190476191,"tddLast24H":22.05733333333334,"tddLast4H":3.3785,"tddLast8to4H":7.760000000000002},"output":{"temp":"absolute","bg":157,"tick":-1,"eventualBG":94,"targetBG":81,"insulinReq":0.05,"deliverAt":"2024-01-01T01:57:31.752Z","sensitivityRatio":0.9009792131769018,"variable_sens":168.7,"predBGs":{"IOB":[157,154,151,148,145,143,140,137,134,131,128,125,122,119,117,114,112,110,108,106,104,102,100,99,97,96,94,93,92,91,90,89,88,87,86,86,85,84,84,83,83,82,82,82,81,81,81,80],"ZT":[157,153,148,144,140,136,133,129,126,124,121,119,117,116,115,114,113,113,113,114,114],"UAM":[157,153,148,144,140,136,132,128,125,121,118,115,112,109,106,103,101,98,96,94,92,90,88,86,85,83,82,80,79,78,77,76,75,74,73,72,71,71,70,69,69,68,68,67,67,67,66]},"reason":"COB: 0, Dev: 0.6, BGI: -0.2, ISF: 9.4, CR: 11, Target: 4.5, minPredBG 5.0, minGuardBG 3.7, IOBpredBG 4.4, UAMpredBG 3.7; Eventual BG 5.2 >= 4.5,  insulinReq 0.05. temp 0.00 < 0.34U\/hr. ","COB":0,"IOB":0.434,"duration":30,"rate":0.3432643875577635,"timestamp":"2024-01-01T01:57:31.777Z"}}