{"algorithm":"OpenAPSSMBDynamicISFPlugin","input":{"glucoseStatus":{"glucose":108,"noise":0,"delta":4,"short_avgdelta":-0.61,"long_avgdelta":4.56,"date":1704139931363},"currenttemp":{"temp":"absolute","duration":50,"rate":0,"minutesrunning":10},"iob_data":[{"iob":1.257,"basaliob":-0.391,"bolussnooze":0.9658,"activity":0.0064,"lastBolusTime":1704139447000,"time":"2024-01-01T20:12:28.084Z","iobWithZeroTemp":{"iob":1.257,"basaliob":-0.391,"bolussnooze":0.9658,"activity":0.0064,"lastBolusTime":1704139447000,"time":"2024-01-01T20:12:28.084Z"}},{"iob":1.223,"basaliob":-0.368,"bolussnooze":0.9157,"activity":0.0074,"lastBolusTime":1704139447000,"time":"2024-01-01T20:17:28.084Z","iobWithZeroTemp":{"iob":1.196,"basaliob":-0.395,"bolussnooze":0.9157,"activity":0.0074,"lastBolusTime":1704139447000,"time":"2024-01-01T20:17:28.084Z"}},{"iob":1.185,"basaliob":-0.346,"bolussnooze":0.8548,"activity":0.008,"lastBolusTime":1704139447000,"time":"2024-01-01T20:22:28.084Z","iobWithZeroTemp":{"iob":1.125,"basaliob":-0.406,"bolussnooze":0.8548,"activity":0.0079,"lastBolusTime":1704139447000,"time":"2024-01-01T20:22:28.084Z"}},{"iob":1.144,"basaliob":-0.325,"bolussnooze":0.7881,"activity":0.0085,"lastBolusTime":1704139447000,"time":"2024-01-01T20:27:28.084Z","iobWithZeroTemp":{"iob":1.052,"basaliob":-0.417,"bolussnooze":0.7881,"activity":0.0083,"lastBolusTime":1704139447000,"time":"2024-01-01T20:27:28.084Z"}},{"iob":1.099,"basaliob":-0.306,"bolussnooze":0.7192,"activity":0.0088,"lastBolusTime":1704139447000,"time":"2024-01-01T20:32:28.084Z","iobWithZeroTemp":{"iob":0.974,"basaliob":-0.431,"bolussnooze":0.7192,"activity":0.0085,"lastBolusTime":1704139447000,"time":"2024-01-01T20:32:28.084Z"}},{"iob":1.056,"basaliob":-0.286,"bolussnooze":0.6507,"activity":0.0091,"lastBolusTime":1704139447000,"time":"2024-01-01T20:37:28.084Z","iobWithZeroTemp":{"iob":0.9,"basaliob":-0.442,"bolussnooze":0.6507,"activity":0.0086,"lastBolusTime":1704139447000,"time":"2024-01-01T20:37:28.084Z"}},{"iob":1.01,"basaliob":-0.268,"bolussnooze":0.5844,"activity":0.0092,"lastBolusTime":1704139447000,"time":"2024-01-01T20:42:28.084Z","iobWithZeroTemp":{"iob":0.824,"basaliob":-0.454,"bolussnooze":0.5844,"activity":0.0085,"lastBolusTime":1704139447000,"time":"2024-01-01T20:42:28.084Z"}},{"iob":0.963,"basaliob":-0.251,"bolussnooze":0.5216,"activity":0.0092,"lastBolusTime":1704139447000,"time":"2024-01-01T20:47:28.084Z","iobWithZeroTemp":{"iob":0.747,"basaliob":-0.467,"bolussnooze":0.5216,"activity":0.0083,"lastBolusTime":1704139447000,"time":"2024-01-01T20:47:28.084Z"}},{"iob":0.917,"basaliob":-0.235,"bolussnooze":0.4628,"activity":0.0092,"lastBolusTime":1704139447000,"time":"2024-01-01T20:52:28.084Z","iobWithZeroTemp":{"iob":0.673,"basaliob":-0.479,"bolussnooze":0.4628,"activity":0.0081,"lastBolusTime":1704139447000,"time":"2024-01-01T20:52:28.084Z"}},{"iob":0.872,"basaliob":-0.219,"bolussnooze":0.4086,"activity":0.0091,"lastBolusTime":1704139447000,"time":"2024-01-01T20:57:28.084Z","iobWithZeroTemp":{"iob":0.6,"basaliob":-0.491,"bolussnooze":0.4086,"activity":0.0078,"lastBolusTime":1704139447000,"time":"2024-01-01T20:57:28.084Z"}},{"iob":0.827,"basaliob":-0.204,"bolussnooze":0.3592,"activity":0.0088,"lastBolusTime":1704139447000,"time":"2024-01-01T21:02:28.084Z","iobWithZeroTemp":{"iob":0.529,"basaliob":-0.502,"bolussnooze":0.3592,"activity":0.0073,"lastBolusTime":1704139447000,"time":"2024-01-01T21:02:28.084Z"}},{"iob":0.783,"basaliob":-0.19,"bolussnooze":0.3143,"activity":0.0087,"lastBolusTime":1704139447000,"time":"2024-01-01T21:07:28.084Z","iobWithZeroTemp":{"iob":0.46,"basaliob":-0.513,"bolussnooze":0.3143,"activity":0.0069,"lastBolusTime":1704139447000,"time":"2024-01-01T21:07:28.084Z"}},{"iob":0.741,"basaliob":-0.177,"bolussnooze":0.2741,"activity":0.0085,"lastBolusTime":1704139447000,"time":"2024-01-01T21:12:28.084Z","iobWithZeroTemp":{"iob":0.394,"basaliob":-0.524,"bolussnooze":0.2741,"activity":0.0065,"lastBolusTime":1704139447000,"time":"2024-01-01T21:12:28.084Z"}},{"iob":0.699,"basaliob":-0.165,"bolussnooze":0.2381,"activity":0.0082,"lastBolusTime":1704139447000,"time":"2024-01-01T21:17:28.084Z","iobWithZeroTemp":{"iob":0.329,"basaliob":-0.535,"bolussnooze":0.2381,"activity":0.006,"lastBolusTime":1704139447000,"time":"2024-01-01T21:17:28.084Z"}},{"iob":0.659,"basaliob":-0.153,"bolussnooze":0.2062,"activity":0.0078,"lastBolusTime":1704139447000,"time":"2024-01-01T21:22:28.084Z","iobWithZeroTemp":{"iob":0.268,"basaliob":-0.544,"bolussnooze":0.2062,"activity":0.0054,"lastBolusTime":1704139447000,"time":"2024-01-01T21:22:28.084Z"}},{"iob":0.62,"basaliob":-0.142,"bolussnooze":0.1779,"activity":0.0076,"lastBolusTime":1704139447000,"time":"2024-01-01T21:27:28.084Z","iobWithZeroTemp":{"iob":0.208,"basaliob":-0.554,"bolussnooze":0.1779,"activity":0.0049,"lastBolusTime":1704139447000,"time":"2024-01-01T21:27:28.084Z"}},{"iob":0.583,"basaliob":-0.132,"bolussnooze":0.1531,"activity":0.0073,"lastBolusTime":1704139447000,"time":"2024-01-01T21:32:28.084Z","iobWithZeroTemp":{"iob":0.152,"basaliob":-0.563,"bolussnooze":0.1531,"activity":0.0044,"lastBolusTime":1704139447000,"time":"2024-01-01T21:32:28.084Z"}},{"iob":0.547,"basaliob":-0.123,"bolussnooze":0.1313,"activity":0.0069,"lastBolusTime":1704139447000,"time":"2024-01-01T21:37:28.084Z","iobWithZeroTemp":{"iob":0.097,"basaliob":-0.573,"bolussnooze":0.1313,"activity":0.0038,"lastBolusTime":1704139447000,"time":"2024-01-01T21:37:28.084Z"}},{"iob":0.512,"basaliob":-0.114,"bolussnooze":0.1123,"activity":0.0067,"lastBolusTime":1704139447000,"time":"2024-01-01T21:42:28.084Z","iobWithZeroTemp":{"iob":0.045,"basaliob":-0.581,"bolussnooze":0.1123,"activity":0.0034,"lastBolusTime":1704139447000,"time":"2024-01-01T21:42:28.084Z"}},{"iob":0.481,"basaliob":-0.105,"bolussnooze":0.0958,"activity":0.0064,"lastBolusTime":1704139447000,"time":"2024-01-01T21:47:28.084Z","iobWithZeroTemp":{"iob":-0.003,"basaliob":-0.589,"bolussnooze":0.0958,"activity":0.0029,"lastBolusTime":1704139447000,"time":"2024-01-01T21:47:28.084Z"}},{"iob":0.45,"basaliob":-0.097,"bolussnooze":0.0815,"activity":0.006,"lastBolusTime":1704139447000,"time":"2024-01-01T21:52:28.084Z","iobWithZeroTemp":{"iob":-0.049,"basaliob":-0.596,"bolussnooze":0.0815,"activity":0.0023,"lastBolusTime":1704139447000,"time":"2024-01-01T21:52:28.084Z"}},{"iob":0.42,"basaliob":-0.09,"bolussnooze":0.0691,"activity":0.0057,"lastBolusTime":1704139447000,"time":"2024-01-01T21:57:28.084Z","iobWithZeroTemp":{"iob":-0.094,"basaliob":-0.604,"bolussnooze":0.0691,"activity":0.0018,"lastBolusTime":1704139447000,"time":"2024-01-01T21:57:28.084Z"}},{"iob":0.392,"basaliob":-0.083,"bolussnooze":0.0585,"activity":0.0054,"lastBolusTime":1704139447000,"time":"2024-01-01T22:02:28.084Z","iobWithZeroTemp":{"iob":-0.139,"basaliob":-0.614,"bolussnooze":0.0585,"activity":0.0014,"lastBolusTime":1704139447000,"time":"2024-01-01T22:02:28.084Z"}},{"iob":0.366,"basaliob":-0.077,"bolussnooze":0.0493,"activity":0.0051,"lastBolusTime":1704139447000,"time":"2024-01-01T22:07:28.084Z","iobWithZeroTemp":{"iob":-0.182,"basaliob":-0.625,"bolussnooze":0.0493,"activity":9.0E-4,"lastBolusTime":1704139447000,"time":"2024-01-01T22:07:28.084Z"}},{"iob":0.341,"basaliob":-0.071,"bolussnooze":0.0415,"activity":0.0049,"lastBolusTime":1704139447000,"time":"2024-01-01T22:12:28.084Z","iobWithZeroTemp":{"iob":-0.223,"basaliob":-0.635,"bolussnooze":0.0415,"activity":5.0E-4,"lastBolusTime":1704139447000,"time":"2024-01-01T22:12:28.084Z"}},{"iob":0.318,"basaliob":-0.065,"bolussnooze":0.0348,"activity":0.0045,"lastBolusTime":1704139447000,"time":"2024-01-01T22:17:28.084Z","iobWithZeroTemp":{"iob":-0.262,"basaliob":-0.645,"bolussnooze":0.0348,"activity":0,"lastBolusTime":1704139447000,"time":"2024-01-01T22:17:28.084Z"}},{"iob":0.296,"basaliob":-0.06,"bolussnooze":0.0291,"activity":0.0043,"lastBolusTime":1704139447000,"time":"2024-01-01T22:22:28.084Z","iobWithZeroTemp":{"iob":-0.298,"basaliob":-0.654,"bolussnooze":0.0291,"activity":-4.0E-4,"lastBolusTime":1704139447000,"time":"2024-01-01T22:22:28.084Z"}},{"iob":0.275,"basaliob":-0.055,"bolussnooze":0.0242,"activity":0.0041,"lastBolusTime":1704139447000,"time":"2024-01-01T22:27:28.084Z","iobWithZeroTemp":{"iob":-0.333,"basaliob":-0.663,"bolussnooze":0.0242,"activity":-8.0E-4,"lastBolusTime":1704139447000,"time":"2024-01-01T22:27:28.084Z"}},{"iob":0.255,"basaliob":-0.051,"bolussnooze":0.0201,"activity":0.0037,"lastBolusTime":1704139447000,"time":"2024-01-01T22:32:28.084Z","iobWithZeroTemp":{"iob":-0.365,"basaliob":-0.671,"bolussnooze":0.0201,"activity":-0.0013,"lastBolusTime":1704139447000,"time":"2024-01-01T22:32:28.084Z"}},{"iob":0.237,"basaliob":-0.047,"bolussnooze":0.0166,"activity":0.0035,"lastBolusTime":1704139447000,"time":"2024-01-01T22:37:28.084Z","iobWithZeroTemp":{"iob":-0.395,"basaliob":-0.679,"bolussnooze":0.0166,"activity":-0.0017,"lastBolusTime":1704139447000,"time":"2024-01-01T22:37:28.084Z"}},{"iob":0.22,"basaliob":-0.043,"bolussnooze":0.0137,"activity":0.0034,"lastBolusTime":1704139447000,"time":"2024-01-01T22:42:28.084Z","iobWithZeroTemp":{"iob":-0.424,"basaliob":-0.687,"bolussnooze":0.0137,"activity":-0.0019,"lastBolusTime":1704139447000,"time":"2024-01-01T22:42:28.084Z"}},{"iob":0.204,"basaliob":-0.039,"bolussnooze":0.0113,"activity":0.0031,"lastBolusTime":1704139447000,"time":"2024-01-01T22:47:28.084Z","iobWithZeroTemp":{"iob":-0.45,"basaliob":-0.693,"bolussnooze":0.0113,"activity":-0.0023,"lastBolusTime":1704139447000,"time":"2024-01-01T22:47:28.084Z"}},{"iob":0.189,"basaliob":-0.036,"bolussnooze":0.0092,"activity":0.0029,"lastBolusTime":1704139447000,"time":"2024-01-01T22:52:28.084Z","iobWithZeroTemp":{"iob":-0.475,"basaliob":-0.7,"bolussnooze":0.0092,"activity":-0.0027,"lastBolusTime":1704139447000,"time":"2024-01-01T22:52:28.084Z"}},{"iob":0.175,"basaliob":-0.033,"bolussnooze":0.0075,"activity":0.0027,"lastBolusTime":1704139447000,"time":"2024-01-01T22:57:28.084Z","iobWithZeroTemp":{"iob":-0.499,"basaliob":-0.707,"bolussnooze":0.0075,"activity":-0.003,"lastBolusTime":1704139447000,"time":"2024-01-01T22:57:28.084Z"}},{"iob":0.162,"basaliob":-0.03,"bolussnooze":0.0061,"activity":0.0026,"lastBolusTime":1704139447000,"time":"2024-01-01T23:02:28.084Z","iobWithZeroTemp":{"iob":-0.521,"basaliob":-0.713,"bolussnooze":0.0061,"activity":-0.0032,"lastBolusTime":1704139447000,"time":"2024-01-01T23:02:28.084Z"}},{"iob":0.149,"basaliob":-0.028,"bolussnooze":0.0049,"activity":0.0024,"lastBolusTime":1704139447000,"time":"2024-01-01T23:07:28.084Z","iobWithZeroTemp":{"iob":-0.542,"basaliob":-0.719,"bolussnooze":0.0049,"activity":-0.0035,"lastBolusTime":1704139447000,"time":"2024-01-01T23:07:28.084Z"}},{"iob":0.138,"basaliob":-0.025,"bolussnooze":0.0039,"activity":0.0022,"lastBolusTime":1704139447000,"time":"2024-01-01T23:12:28.084Z","iobWithZeroTemp":{"iob":-0.56,"basaliob":-0.723,"bolussnooze":0.0039,"activity":-0.0038,"lastBolusTime":1704139447000,"time":"2024-01-01T23:12:28.084Z"}},{"iob":0.127,"basaliob":-0.023,"bolussnooze":0.0031,"activity":0.0021,"lastBolusTime":1704139447000,"time":"2024-01-01T23:17:28.084Z","iobWithZeroTemp":{"iob":-0.579,"basaliob":-0.729,"bolussnooze":0.0031,"activity":-0.004,"lastBolusTime":1704139447000,"time":"2024-01-01T23:17:28.084Z"}},{"iob":0.117,"basaliob":-0.021,"bolussnooze":0.0024,"activity":0.0019,"lastBolusTime":1704139447000,"time":"2024-01-01T23:22:28.084Z","iobWithZeroTemp":{"iob":-0.595,"basaliob":-0.733,"bolussnooze":0.0024,"activity":-0.0043,"lastBolusTime":1704139447000,"time":"2024-01-01T23:22:28.084Z"}},{"iob":0.108,"basaliob":-0.019,"bolussnooze":0.0019,"activity":0.0017,"lastBolusTime":1704139447000,"time":"2024-01-01T23:27:28.084Z","iobWithZeroTemp":{"iob":-0.61,"basaliob":-0.737,"bolussnooze":0.0019,"activity":-0.0046,"lastBolusTime":1704139447000,"time":"2024-01-01T23:27:28.084Z"}},{"iob":0.099,"basaliob":-0.018,"bolussnooze":0.0015,"activity":0.0017,"lastBolusTime":1704139447000,"time":"2024-01-01T23:32:28.084Z","iobWithZeroTemp":{"iob":-0.625,"basaliob":-0.742,"bolussnooze":0.0015,"activity":-0.0047,"lastBolusTime":1704139447000,"time":"2024-01-01T23:32:28.084Z"}},{"iob":0.092,"basaliob":-0.016,"bolussnooze":0.0011,"activity":0.0015,"lastBolusTime":1704139447000,"time":"2024-01-01T23:37:28.084Z","iobWithZeroTemp":{"iob":-0.638,"basaliob":-0.746,"bolussnooze":0.0011,"activity":-0.005,"lastBolusTime":1704139447000,"time":"2024-01-01T23:37:28.084Z"}},{"iob":0.084,"basaliob":-0.015,"bolussnooze":8.0E-4,"activity":0.0014,"lastBolusTime":1704139447000,"time":"2024-01-01T23:42:28.084Z","iobWithZeroTemp":{"iob":-0.651,"basaliob":-0.75,"bolussnooze":8.0E-4,"activity":-0.0051,"lastBolusTime":1704139447000,"time":"2024-01-01T23:42:28.084Z"}},{"iob":0.078,"basaliob":-0.013,"bolussnooze":6.0E-4,"activity":0.0013,"lastBolusTime":1704139447000,"time":"2024-01-01T23:47:28.084Z","iobWithZeroTemp":{"iob":-0.661,"basaliob":-0.752,"bolussnooze":6.0E-4,"activity":-0.0053,"lastBolusTime":1704139447000,"time":"2024-01-01T23:47:28.084Z"}},{"iob":0.071,"basaliob":-0.012,"bolussnooze":4.0E-4,"activity":0.0012,"lastBolusTime":1704139447000,"time":"2024-01-01T23:52:28.084Z","iobWithZeroTemp":{"iob":-0.673,"basaliob":-0.756,"bolussnooze":4.0E-4,"activity":-0.0055,"lastBolusTime":1704139447000,"time":"2024-01-01T23:52:28.084Z"}},{"iob":0.065,"basaliob":-0.011,"bolussnooze":3.0E-4,"activity":0.0011,"lastBolusTime":1704139447000,"time":"2024-01-01T23:57:28.084Z","iobWithZeroTemp":{"iob":-0.683,"basaliob":-0.759,"bolussnooze":3.0E-4,"activity":-0.0056,"lastBolusTime":1704139447000,"time":"2024-01-01T23:57:28.084Z"}},{"iob":0.06,"basaliob":-0.01,"bolussnooze":2.0E-4,"activity":0.001,"lastBolusTime":1704139447000,"time":"2024-01-02T00:02:28.084Z","iobWithZeroTemp":{"iob":-0.691,"basaliob":-0.761,"bolussnooze":2.0E-4,"activity":-0.0058,"lastBolusTime":1704139447000,"time":"2024-01-02T00:02:28.084Z"}},{"iob":0.055,"basaliob":-0.009,"bolussnooze":1.0E-4,"activity":9.0E-4,"lastBolusTime":1704139447000,"time":"2024-01-02T00:07:28.084Z","iobWithZeroTemp":{"iob":-0.683,"basaliob":-0.747,"bolussnooze":1.0E-4,"activity":-0.0059,"lastBolusTime":1704139447000,"time":"2024-01-02T00:07:28.084Z"}}],"profile":{"max_iob":7,"type":"current","max_daily_basal":0.45,"max_basal":1.35,"min_bg":143.99999999999991,"max_bg":143.99999999999991,"target_bg":143.99999999999991,"carb_ratio":11,"sens":352.8,"max_daily_safety_multiplier":3,"current_basal_safety_multiplier":4,"lgsThreshold":65,"high_temptarget_raises_sensitivity":false,"low_temptarget_lowers_sensitivity":false,"sensitivity_raises_target":true,"resistance_lowers_target":true,"adv_target_adjustments":false,"exercise_mode":false,"half_basal_exercise_target":160,"maxCOB":120,"skip_neutral_temps":false,"remainingCarbsCap":90,"enableUAM":true,"A52_risk_enable":false,"SMBInterval":4,"enableSMB_with_COB":true,"enableSMB_with_temptarget":false,"allowSMB_with_high_temptarget":true,"enableSMB_always":true,"enableSMB_after_carbs":false,"maxSMBBasalMinutes":60,"maxUAMSMBBasalMinutes":60,"bolus_increment":0.05,"carbsReqThreshold":10,"current_basal":0.4,"temptargetSet":true,"autosens_max":1.2,"autosens_min":0.8,"out_units":"mmol\/L","variable_sens":201.2,"insulinDivisor":65,"TDD":9.137373541666667},"autosens_data":{"ratio":1.302043767721706},"meal_data":{"carbs":38,"mealCOB":4.683901360544227,"slopeFromMaxDeviation":-5.542333333333333,"slopeFromMinDeviation":0.8182857142857142,"lastBolusTime":1704139447000,"lastCarbTime":1704139782000},"microBolusAllowed":true,"currentTime":1704139950328,"flatBGsDetected":false,"tdd1D":21.848083333333335,"tdd7D":24.48151190476191,"tddLast24H":31.875999999999998,"tddLast4H":5.1000000000000005,"tddLast8to4H":5.899999999999999},"output":{"temp":"absolute","bg":108,"tick":"+4","eventualBG":39,"targetBG":143.99999999999991,"insulinReq":0,"deliverAt":"2024-01-01T20:12:30.328Z","sensitivityRatio":1.302043767721706,"variable_sens":201.2,"predBGs":{"IOB":[108,107,104,100,95,89,82,73,63,51,39,39,39],"ZT":[108,102,94,85,75,64,52,39,39,39,39,39,39,39,39,39,39,39,39,39,39,39,39,39,39,39,39,39,39,39,39,39,39,39,39,39,39,39,39,39,39,39,39,39,39,39,39,39],"COB":[108,107,105,102,99,95,90,86,81,75,70,65,60,54,49,44,39],"UAM":[108,102,94,85,75,64,51,39,39,39,39,39,39]},"reason":"COB: 4.7, Dev: 1.9, BGI: -0.4, ISF: 11.2, CR: 11, Target: 8.0, minPredBG -7.5, minGuardBG -17.7, IOBpredBG 2.2, COBpredBG 2.2, UAMpredBG 2.2; 20 add'l carbs req w\/in 30m; minGuardBG -17.7<5.1","COB":4.683901360544227,"IOB":1.257,"carbsReq":20,"carbsReqWithin":30,"duration":120,"rate":0,"timestamp":"2024-01-01T20:12:30.354Z"}}