{"algorithm":"OpenAPSSMBDynamicISFPlugin","input":{"glucoseStatus":{"glucose":98,"noise":0,"delta":7,"short_avgdelta":3.11,"long_avgdelta":-6.26,"date":1704183723725},"currenttemp":{"temp":"absolute","duration":5,"rate":0,"minutesrunning":55},"iob_data":[{"iob":1.067,"basaliob":-0.614,"bolussnooze":0.0996,"activity":0.0145,"lastBolusTime":1704180158000,"time":"2024-01-02T08:22:28.584Z","iobWithZeroTemp":{"iob":1.067,"basaliob":-0.614,"bolussnooze":0.0996,"activity":0.0145,"lastBolusTime":1704180158000,"time":"2024-01-02T08:22:28.584Z"}},{"iob":0.996,"basaliob":-0.587,"bolussnooze":0.0842,"activity":0.0137,"lastBolusTime":1704180158000,"time":"2024-01-02T08:27:28.584Z","iobWithZeroTemp":{"iob":0.969,"basaliob":-0.614,"bolussnooze":0.0842,"activity":0.0137,"lastBolusTime":1704180158000,"time":"2024-01-02T08:27:28.584Z"}},{"iob":0.929,"basaliob":-0.56,"bolussnooze":0.0709,"activity":0.0129,"lastBolusTime":1704180158000,"time":"2024-01-02T08:32:28.584Z","iobWithZeroTemp":{"iob":0.869,"basaliob":-0.62,"bolussnooze":0.0709,"activity":0.0128,"lastBolusTime":1704180158000,"time":"2024-01-02T08:32:28.584Z"}},{"iob":0.866,"basaliob":-0.533,"bolussnooze":0.0596,"activity":0.0122,"lastBolusTime":1704180158000,"time":"2024-01-02T08:37:28.584Z","iobWithZeroTemp":{"iob":0.774,"basaliob":-0.625,"bolussnooze":0.0596,"activity":0.012,"lastBolusTime":1704180158000,"time":"2024-01-02T08:37:28.584Z"}},{"iob":0.807,"basaliob":-0.506,"bolussnooze":0.0499,"activity":0.0116,"lastBolusTime":1704180158000,"time":"2024-01-02T08:42:28.584Z","iobWithZeroTemp":{"iob":0.682,"basaliob":-0.631,"bolussnooze":0.0499,"activity":0.0113,"lastBolusTime":1704180158000,"time":"2024-01-02T08:42:28.584Z"}},{"iob":0.75,"basaliob":-0.48,"bolussnooze":0.0417,"activity":0.0109,"lastBolusTime":1704180158000,"time":"2024-01-02T08:47:28.584Z","iobWithZeroTemp":{"iob":0.594,"basaliob":-0.636,"bolussnooze":0.0417,"activity":0.0104,"lastBolusTime":1704180158000,"time":"2024-01-02T08:47:28.584Z"}},{"iob":0.698,"basaliob":-0.454,"bolussnooze":0.0347,"activity":0.0102,"lastBolusTime":1704180158000,"time":"2024-01-02T08:52:28.584Z","iobWithZeroTemp":{"iob":0.512,"basaliob":-0.64,"bolussnooze":0.0347,"activity":0.0095,"lastBolusTime":1704180158000,"time":"2024-01-02T08:52:28.584Z"}},{"iob":0.648,"basaliob":-0.429,"bolussnooze":0.0288,"activity":0.0096,"lastBolusTime":1704180158000,"time":"2024-01-02T08:57:28.584Z","iobWithZeroTemp":{"iob":0.432,"basaliob":-0.645,"bolussnooze":0.0288,"activity":0.0087,"lastBolusTime":1704180158000,"time":"2024-01-02T08:57:28.584Z"}},{"iob":0.603,"basaliob":-0.404,"bolussnooze":0.0238,"activity":0.009,"lastBolusTime":1704180158000,"time":"2024-01-02T09:02:28.584Z","iobWithZeroTemp":{"iob":0.359,"basaliob":-0.648,"bolussnooze":0.0238,"activity":0.0079,"lastBolusTime":1704180158000,"time":"2024-01-02T09:02:28.584Z"}},{"iob":0.559,"basaliob":-0.381,"bolussnooze":0.0196,"activity":0.0084,"lastBolusTime":1704180158000,"time":"2024-01-02T09:07:28.584Z","iobWithZeroTemp":{"iob":0.287,"basaliob":-0.653,"bolussnooze":0.0196,"activity":0.0071,"lastBolusTime":1704180158000,"time":"2024-01-02T09:07:28.584Z"}},{"iob":0.519,"basaliob":-0.358,"bolussnooze":0.0161,"activity":0.0079,"lastBolusTime":1704180158000,"time":"2024-01-02T09:12:28.584Z","iobWithZeroTemp":{"iob":0.221,"basaliob":-0.656,"bolussnooze":0.0161,"activity":0.0064,"lastBolusTime":1704180158000,"time":"2024-01-02T09:12:28.584Z"}},{"iob":0.48,"basaliob":-0.337,"bolussnooze":0.0131,"activity":0.0074,"lastBolusTime":1704180158000,"time":"2024-01-02T09:17:28.584Z","iobWithZeroTemp":{"iob":0.157,"basaliob":-0.66,"bolussnooze":0.0131,"activity":0.0056,"lastBolusTime":1704180158000,"time":"2024-01-02T09:17:28.584Z"}},{"iob":0.445,"basaliob":-0.316,"bolussnooze":0.0107,"activity":0.0069,"lastBolusTime":1704180158000,"time":"2024-01-02T09:22:28.584Z","iobWithZeroTemp":{"iob":0.098,"basaliob":-0.663,"bolussnooze":0.0107,"activity":0.0049,"lastBolusTime":1704180158000,"time":"2024-01-02T09:22:28.584Z"}},{"iob":0.412,"basaliob":-0.296,"bolussnooze":0.0086,"activity":0.0064,"lastBolusTime":1704180158000,"time":"2024-01-02T09:27:28.584Z","iobWithZeroTemp":{"iob":0.042,"basaliob":-0.666,"bolussnooze":0.0086,"activity":0.0042,"lastBolusTime":1704180158000,"time":"2024-01-02T09:27:28.584Z"}},{"iob":0.38,"basaliob":-0.278,"bolussnooze":0.0069,"activity":0.006,"lastBolusTime":1704180158000,"time":"2024-01-02T09:32:28.584Z","iobWithZeroTemp":{"iob":-0.011,"basaliob":-0.669,"bolussnooze":0.0069,"activity":0.0036,"lastBolusTime":1704180158000,"time":"2024-01-02T09:32:28.584Z"}},{"iob":0.351,"basaliob":-0.26,"bolussnooze":0.0055,"activity":0.0056,"lastBolusTime":1704180158000,"time":"2024-01-02T09:37:28.584Z","iobWithZeroTemp":{"iob":-0.061,"basaliob":-0.672,"bolussnooze":0.0055,"activity":0.0029,"lastBolusTime":1704180158000,"time":"2024-01-02T09:37:28.584Z"}},{"iob":0.324,"basaliob":-0.243,"bolussnooze":0.0044,"activity":0.0052,"lastBolusTime":1704180158000,"time":"2024-01-02T09:42:28.584Z","iobWithZeroTemp":{"iob":-0.107,"basaliob":-0.674,"bolussnooze":0.0044,"activity":0.0023,"lastBolusTime":1704180158000,"time":"2024-01-02T09:42:28.584Z"}},{"iob":0.299,"basaliob":-0.227,"bolussnooze":0.0034,"activity":0.0049,"lastBolusTime":1704180158000,"time":"2024-01-02T09:47:28.584Z","iobWithZeroTemp":{"iob":-0.151,"basaliob":-0.677,"bolussnooze":0.0034,"activity":0.0018,"lastBolusTime":1704180158000,"time":"2024-01-02T09:47:28.584Z"}},{"iob":0.276,"basaliob":-0.211,"bolussnooze":0.0027,"activity":0.0045,"lastBolusTime":1704180158000,"time":"2024-01-02T09:52:28.584Z","iobWithZeroTemp":{"iob":-0.191,"basaliob":-0.678,"bolussnooze":0.0027,"activity":0.0012,"lastBolusTime":1704180158000,"time":"2024-01-02T09:52:28.584Z"}},{"iob":0.254,"basaliob":-0.197,"bolussnooze":0.002,"activity":0.0042,"lastBolusTime":1704180158000,"time":"2024-01-02T09:57:28.584Z","iobWithZeroTemp":{"iob":-0.23,"basaliob":-0.681,"bolussnooze":0.002,"activity":7.0E-4,"lastBolusTime":1704180158000,"time":"2024-01-02T09:57:28.584Z"}},{"iob":0.235,"basaliob":-0.183,"bolussnooze":0.0016,"activity":0.0039,"lastBolusTime":1704180158000,"time":"2024-01-02T10:02:28.584Z","iobWithZeroTemp":{"iob":-0.264,"basaliob":-0.682,"bolussnooze":0.0016,"activity":2.0E-4,"lastBolusTime":1704180158000,"time":"2024-01-02T10:02:28.584Z"}},{"iob":0.215,"basaliob":-0.171,"bolussnooze":0.0012,"activity":0.0036,"lastBolusTime":1704180158000,"time":"2024-01-02T10:07:28.584Z","iobWithZeroTemp":{"iob":-0.299,"basaliob":-0.685,"bolussnooze":0.0012,"activity":-3.0E-4,"lastBolusTime":1704180158000,"time":"2024-01-02T10:07:28.584Z"}},{"iob":0.198,"basaliob":-0.159,"bolussnooze":9.0E-4,"activity":0.0034,"lastBolusTime":1704180158000,"time":"2024-01-02T10:12:28.584Z","iobWithZeroTemp":{"iob":-0.329,"basaliob":-0.686,"bolussnooze":9.0E-4,"activity":-6.0E-4,"lastBolusTime":1704180158000,"time":"2024-01-02T10:12:28.584Z"}},{"iob":0.182,"basaliob":-0.147,"bolussnooze":6.0E-4,"activity":0.0031,"lastBolusTime":1704180158000,"time":"2024-01-02T10:17:28.584Z","iobWithZeroTemp":{"iob":-0.358,"basaliob":-0.687,"bolussnooze":6.0E-4,"activity":-0.0011,"lastBolusTime":1704180158000,"time":"2024-01-02T10:17:28.584Z"}},{"iob":0.167,"basaliob":-0.137,"bolussnooze":4.0E-4,"activity":0.0028,"lastBolusTime":1704180158000,"time":"2024-01-02T10:22:28.584Z","iobWithZeroTemp":{"iob":-0.385,"basaliob":-0.689,"bolussnooze":4.0E-4,"activity":-0.0015,"lastBolusTime":1704180158000,"time":"2024-01-02T10:22:28.584Z"}},{"iob":0.153,"basaliob":-0.127,"bolussnooze":3.0E-4,"activity":0.0027,"lastBolusTime":1704180158000,"time":"2024-01-02T10:27:28.584Z","iobWithZeroTemp":{"iob":-0.41,"basaliob":-0.69,"bolussnooze":3.0E-4,"activity":-0.0018,"lastBolusTime":1704180158000,"time":"2024-01-02T10:27:28.584Z"}},{"iob":0.141,"basaliob":-0.117,"bolussnooze":2.0E-4,"activity":0.0024,"lastBolusTime":1704180158000,"time":"2024-01-02T10:32:28.584Z","iobWithZeroTemp":{"iob":-0.433,"basaliob":-0.691,"bolussnooze":2.0E-4,"activity":-0.0022,"lastBolusTime":1704180158000,"time":"2024-01-02T10:32:28.584Z"}},{"iob":0.129,"basaliob":-0.109,"bolussnooze":1.0E-4,"activity":0.0022,"lastBolusTime":1704180158000,"time":"2024-01-02T10:37:28.584Z","iobWithZeroTemp":{"iob":-0.455,"basaliob":-0.693,"bolussnooze":1.0E-4,"activity":-0.0026,"lastBolusTime":1704180158000,"time":"2024-01-02T10:37:28.584Z"}},{"iob":0.118,"basaliob":-0.101,"bolussnooze":1.0E-4,"activity":0.0021,"lastBolusTime":1704180158000,"time":"2024-01-02T10:42:28.584Z","iobWithZeroTemp":{"iob":-0.475,"basaliob":-0.694,"bolussnooze":1.0E-4,"activity":-0.0028,"lastBolusTime":1704180158000,"time":"2024-01-02T10:42:28.584Z"}},{"iob":0.108,"basaliob":-0.093,"bolussnooze":0,"activity":0.0019,"lastBolusTime":1704180158000,"time":"2024-01-02T10:47:28.584Z","iobWithZeroTemp":{"iob":-0.493,"basaliob":-0.694,"bolussnooze":0,"activity":-0.0031,"lastBolusTime":1704180158000,"time":"2024-01-02T10:47:28.584Z"}},{"iob":0.099,"basaliob":-0.086,"bolussnooze":0,"activity":0.0017,"lastBolusTime":1704180158000,"time":"2024-01-02T10:52:28.584Z","iobWithZeroTemp":{"iob":-0.51,"basaliob":-0.695,"bolussnooze":0,"activity":-0.0034,"lastBolusTime":1704180158000,"time":"2024-01-02T10:52:28.584Z"}},{"iob":0.091,"basaliob":-0.079,"bolussnooze":0,"activity":0.0016,"lastBolusTime":1704180158000,"time":"2024-01-02T10:57:28.584Z","iobWithZeroTemp":{"iob":-0.526,"basaliob":-0.696,"bolussnooze":0,"activity":-0.0036,"lastBolusTime":1704180158000,"time":"2024-01-02T10:57:28.584Z"}},{"iob":0.083,"basaliob":-0.073,"bolussnooze":0,"activity":0.0015,"lastBolusTime":1704180158000,"time":"2024-01-02T11:02:28.584Z","iobWithZeroTemp":{"iob":-0.541,"basaliob":-0.697,"bolussnooze":0,"activity":-0.0038,"lastBolusTime":1704180158000,"time":"2024-01-02T11:02:28.584Z"}},{"iob":0.076,"basaliob":-0.067,"bolussnooze":0,"activity":0.0014,"lastBolusTime":1704180158000,"time":"2024-01-02T11:07:28.584Z","iobWithZeroTemp":{"iob":-0.554,"basaliob":-0.697,"bolussnooze":0,"activity":-0.004,"lastBolusTime":1704180158000,"time":"2024-01-02T11:07:28.584Z"}},{"iob":0.069,"basaliob":-0.062,"bolussnooze":0,"activity":0.0013,"lastBolusTime":1704180158000,"time":"2024-01-02T11:12:28.584Z","iobWithZeroTemp":{"iob":-0.567,"basaliob":-0.698,"bolussnooze":0,"activity":-0.0042,"lastBolusTime":1704180158000,"time":"2024-01-02T11:12:28.584Z"}},{"iob":0.063,"basaliob":-0.057,"bolussnooze":0,"activity":0.0011,"lastBolusTime":1704180158000,"time":"2024-01-02T11:17:28.584Z","iobWithZeroTemp":{"iob":-0.579,"basaliob":-0.699,"bolussnooze":0,"activity":-0.0045,"lastBolusTime":1704180158000,"time":"2024-01-02T11:17:28.584Z"}},{"iob":0.056,"basaliob":-0.053,"bolussnooze":0,"activity":0.0011,"lastBolusTime":1704180158000,"time":"2024-01-02T11:22:28.584Z","iobWithZeroTemp":{"iob":-0.591,"basaliob":-0.7,"bolussnooze":0,"activity":-0.0046,"lastBolusTime":1704180158000,"time":"2024-01-02T11:22:28.584Z"}},{"iob":0.052,"basaliob":-0.048,"bolussnooze":0,"activity":0.001,"lastBolusTime":1704180158000,"time":"2024-01-02T11:27:28.584Z","iobWithZeroTemp":{"iob":-0.599,"basaliob":-0.699,"bolussnooze":0,"activity":-0.0048,"lastBolusTime":1704180158000,"time":"2024-01-02T11:27:28.584Z"}},{"iob":0.047,"basaliob":-0.044,"bolussnooze":0,"activity":9.0E-4,"lastBolusTime":1704180158000,"time":"2024-01-02T11:32:28.584Z","iobWithZeroTemp":{"iob":-0.609,"basaliob":-0.7,"bolussnooze":0,"activity":-0.0049,"lastBolusTime":1704180158000,"time":"2024-01-02T11:32:28.584Z"}},{"iob":0.042,"basaliob":-0.041,"bolussnooze":0,"activity":8.0E-4,"lastBolusTime":1704180158000,"time":"2024-01-02T11:37:28.584Z","iobWithZeroTemp":{"iob":-0.618,"basaliob":-0.701,"bolussnooze":0,"activity":-0.0051,"lastBolusTime":1704180158000,"time":"2024-01-02T11:37:28.584Z"}},{"iob":0.039,"basaliob":-0.037,"bolussnooze":0,"activity":8.0E-4,"lastBolusTime":1704180158000,"time":"2024-01-02T11:42:28.584Z","iobWithZeroTemp":{"iob":-0.625,"basaliob":-0.701,"bolussnooze":0,"activity":-0.0051,"lastBolusTime":1704180158000,"time":"2024-01-02T11:42:28.584Z"}},{"iob":0.035,"basaliob":-0.034,"bolussnooze":0,"activity":7.0E-4,"lastBolusTime":1704180158000,"time":"2024-01-02T11:47:28.584Z","iobWithZeroTemp":{"iob":-0.632,"basaliob":-0.701,"bolussnooze":0,"activity":-0.0053,"lastBolusTime":1704180158000,"time":"2024-01-02T11:47:28.584Z"}},{"iob":0.032,"basaliob":-0.031,"bolussnooze":0,"activity":6.0E-4,"lastBolusTime":1704180158000,"time":"2024-01-02T11:52:28.584Z","iobWithZeroTemp":{"iob":-0.638,"basaliob":-0.701,"bolussnooze":0,"activity":-0.0055,"lastBolusTime":1704180158000,"time":"2024-01-02T11:52:28.584Z"}},{"iob":0.028,"basaliob":-0.029,"bolussnooze":0,"activity":6.0E-4,"lastBolusTime":1704180158000,"time":"2024-01-02T11:57:28.584Z","iobWithZeroTemp":{"iob":-0.645,"basaliob":-0.702,"bolussnooze":0,"activity":-0.0055,"lastBolusTime":1704180158000,"time":"2024-01-02T11:57:28.584Z"}},{"iob":0.026,"basaliob":-0.026,"bolussnooze":0,"activity":5.0E-4,"lastBolusTime":1704180158000,"time":"2024-01-02T12:02:28.584Z","iobWithZeroTemp":{"iob":-0.65,"basaliob":-0.702,"bolussnooze":0,"activity":-0.0056,"lastBolusTime":1704180158000,"time":"2024-01-02T12:02:28.584Z"}},{"iob":0.023,"basaliob":-0.024,"bolussnooze":0,"activity":5.0E-4,"lastBolusTime":1704180158000,"time":"2024-01-02T12:07:28.584Z","iobWithZeroTemp":{"iob":-0.655,"basaliob":-0.702,"bolussnooze":0,"activity":-0.0057,"lastBolusTime":1704180158000,"time":"2024-01-02T12:07:28.584Z"}},{"iob":0.021,"basaliob":-0.022,"bolussnooze":0,"activity":4.0E-4,"lastBolusTime":1704180158000,"time":"2024-01-02T12:12:28.584Z","iobWithZeroTemp":{"iob":-0.66,"basaliob":-0.703,"bolussnooze":0,"activity":-0.0058,"lastBolusTime":1704180158000,"time":"2024-01-02T12:12:28.584Z"}},{"iob":0.019,"basaliob":-0.02,"bolussnooze":0,"activity":4.0E-4,"lastBolusTime":1704180158000,"time":"2024-01-02T12:17:28.584Z","iobWithZeroTemp":{"iob":-0.664,"basaliob":-0.703,"bolussnooze":0,"activity":-0.0059,"lastBolusTime":1704180158000,"time":"2024-01-02T12:17:28.584Z"}}],"profile":{"max_iob":7,"type":"current","max_daily_basal":0.45,"max_basal":1.35,"min_bg":143.99999999999991,"max_bg":143.99999999999991,"target_bg":143.99999999999991,"carb_ratio":9,"sens":352.8,"max_daily_safety_multiplier":3,"current_basal_safety_multiplier":4,"lgsThreshold":65,"high_temptarget_raises_sensitivity":false,"low_temptarget_lowers_sensitivity":false,"sensitivity_raises_target":true,"resistance_lowers_target":true,"adv_target_adjustments":false,"exercise_mode":false,"half_basal_exercise_target":160,"maxCOB":120,"skip_neutral_temps":false,"remainingCarbsCap":90,"enableUAM":true,"A52_risk_enable":false,"SMBInterval":4,"enableSMB_with_COB":true,"enableSMB_with_temptarget":false,"allowSMB_with_high_temptarget":true,"enableSMB_always":true,"enableSMB_after_carbs":false,"maxSMBBasalMinutes":60,"maxUAMSMBBasalMinutes":60,"bolus_increment":0.05,"carbsReqThreshold":10,"current_basal":0.4,"temptargetSet":true,"autosens_max":1.2,"autosens_min":0.8,"out_units":"mmol\/L","variable_sens":239.7,"insulinDivisor":65,"TDD":8.167785716666668},"autosens_data":{"ratio":0.8942398663853026},"meal_data":{"carbs":25,"mealCOB":12.044040816326525,"slopeFromMaxDeviation":-2.351090909090909,"slopeFromMinDeviation":3.4319999999999986,"lastBolusTime":1704180158000,"lastCarbTime":1704176831000},"microBolusAllowed":true,"currentTime":1704183750807,"flatBGsDetected":false,"tdd1D":29.029333333333327,"tdd7D":23.806904761904768,"tddLast24H":21.289083333333345,"tddLast4H":3.91,"tddLast8to4H":0.4095000000000001},"output":{"temp":"absolute","bg":98,"tick":"+7","eventualBG":149,"targetBG":143.99999999999991,"insulinReq":0,"deliverAt":"2024-01-02T08:22:30.807Z","sensitivityRatio":0.8942398663853026,"variable_sens":239.7,"predBGs":{"IOB":[98,99,100,100,100,98,95,91,86,79,71,61,49,39],"ZT":[98,81,62,41,39,39,39,39,39,39,39,39,39,39,39,39,39,39,39,39,39,39,39,39,39,39,39,39,39,39,39,39,39,39,39,39,39,39,39,39,39,39,39,39,39,39,39,39],"COB":[98,100,103,106,110,113,116,120,124,128,132,135,139,143,147,150,153,156,159,162,164,166,168,170,171,171,172,172,171,170,169,167,165,163,161,160,158,157,156,155,154,153,152,151,151,150,149],"UAM":[98,99,98,96,93,87,79,69,56,40,39,39,39]},"reason":"COB: 12, Dev: 6.8, BGI: -1.0, ISF: 13.3, CR: 9, Target: 8.0, minPredBG -2.4, minGuardBG -3.7, IOBpredBG 2.2, COBpredBG 8.3, UAMpredBG 2.2; minGuardBG -3.7<5.1","COB":12.044040816326525,"IOB":1.067,"duration":120,"rate":0,"timestamp":"2024-01-02T08:22:30.831Z"}}