{"algorithm":"OpenAPSSMBDynamicISFPlugin","input":{"glucoseStatus":{"glucose":95,"noise":0,"delta":1,"short_avgdelta":-1.94,"long_avgdelta":-2.58,"date":1704178623900},"currenttemp":{"temp":"absolute","duration":35,"rate":0,"minutesrunning":25},"iob_data":[{"iob":1.708,"basaliob":-0.463,"bolussnooze":1.0517,"activity":0.0092,"lastBolusTime":1704177458000,"time":"2024-01-02T06:57:26.641Z","iobWithZeroTemp":{"iob":1.708,"basaliob":-0.463,"bolussnooze":1.0517,"activity":0.0092,"lastBolusTime":1704177458000,"time":"2024-01-02T06:57:26.641Z"}},{"iob":1.659,"basaliob":-0.44,"bolussnooze":0.9501,"activity":0.0102,"lastBolusTime":1704177458000,"time":"2024-01-02T07:02:26.641Z","iobWithZeroTemp":{"iob":1.632,"basaliob":-0.467,"bolussnooze":0.9501,"activity":0.0102,"lastBolusTime":1704177458000,"time":"2024-01-02T07:02:26.641Z"}},{"iob":1.606,"basaliob":-0.417,"bolussnooze":0.8522,"activity":0.0111,"lastBolusTime":1704177458000,"time":"2024-01-02T07:07:26.641Z","iobWithZeroTemp":{"iob":1.546,"basaliob":-0.477,"bolussnooze":0.8522,"activity":0.011,"lastBolusTime":1704177458000,"time":"2024-01-02T07:07:26.641Z"}},{"iob":1.549,"basaliob":-0.395,"bolussnooze":0.7596,"activity":0.0117,"lastBolusTime":1704177458000,"time":"2024-01-02T07:12:26.641Z","iobWithZeroTemp":{"iob":1.457,"basaliob":-0.487,"bolussnooze":0.7596,"activity":0.0115,"lastBolusTime":1704177458000,"time":"2024-01-02T07:12:26.641Z"}},{"iob":1.489,"basaliob":-0.374,"bolussnooze":0.6734,"activity":0.0122,"lastBolusTime":1704177458000,"time":"2024-01-02T07:17:26.641Z","iobWithZeroTemp":{"iob":1.364,"basaliob":-0.499,"bolussnooze":0.6734,"activity":0.0119,"lastBolusTime":1704177458000,"time":"2024-01-02T07:17:26.641Z"}},{"iob":1.427,"basaliob":-0.353,"bolussnooze":0.594,"activity":0.0124,"lastBolusTime":1704177458000,"time":"2024-01-02T07:22:26.641Z","iobWithZeroTemp":{"iob":1.271,"basaliob":-0.509,"bolussnooze":0.594,"activity":0.0119,"lastBolusTime":1704177458000,"time":"2024-01-02T07:22:26.641Z"}},{"iob":1.366,"basaliob":-0.332,"bolussnooze":0.5216,"activity":0.0125,"lastBolusTime":1704177458000,"time":"2024-01-02T07:27:26.641Z","iobWithZeroTemp":{"iob":1.18,"basaliob":-0.518,"bolussnooze":0.5216,"activity":0.0118,"lastBolusTime":1704177458000,"time":"2024-01-02T07:27:26.641Z"}},{"iob":1.303,"basaliob":-0.313,"bolussnooze":0.4562,"activity":0.0125,"lastBolusTime":1704177458000,"time":"2024-01-02T07:32:26.641Z","iobWithZeroTemp":{"iob":1.087,"basaliob":-0.529,"bolussnooze":0.4562,"activity":0.0116,"lastBolusTime":1704177458000,"time":"2024-01-02T07:32:26.641Z"}},{"iob":1.241,"basaliob":-0.294,"bolussnooze":0.3975,"activity":0.0124,"lastBolusTime":1704177458000,"time":"2024-01-02T07:37:26.641Z","iobWithZeroTemp":{"iob":0.997,"basaliob":-0.538,"bolussnooze":0.3975,"activity":0.0113,"lastBolusTime":1704177458000,"time":"2024-01-02T07:37:26.641Z"}},{"iob":1.179,"basaliob":-0.276,"bolussnooze":0.3451,"activity":0.0123,"lastBolusTime":1704177458000,"time":"2024-01-02T07:42:26.641Z","iobWithZeroTemp":{"iob":0.907,"basaliob":-0.548,"bolussnooze":0.3451,"activity":0.011,"lastBolusTime":1704177458000,"time":"2024-01-02T07:42:26.641Z"}},{"iob":1.118,"basaliob":-0.259,"bolussnooze":0.2986,"activity":0.012,"lastBolusTime":1704177458000,"time":"2024-01-02T07:47:26.641Z","iobWithZeroTemp":{"iob":0.82,"basaliob":-0.557,"bolussnooze":0.2986,"activity":0.0105,"lastBolusTime":1704177458000,"time":"2024-01-02T07:47:26.641Z"}},{"iob":1.059,"basaliob":-0.243,"bolussnooze":0.2575,"activity":0.0117,"lastBolusTime":1704177458000,"time":"2024-01-02T07:52:26.641Z","iobWithZeroTemp":{"iob":0.736,"basaliob":-0.566,"bolussnooze":0.2575,"activity":0.0099,"lastBolusTime":1704177458000,"time":"2024-01-02T07:52:26.641Z"}},{"iob":1.001,"basaliob":-0.227,"bolussnooze":0.2214,"activity":0.0114,"lastBolusTime":1704177458000,"time":"2024-01-02T07:57:26.641Z","iobWithZeroTemp":{"iob":0.654,"basaliob":-0.574,"bolussnooze":0.2214,"activity":0.0094,"lastBolusTime":1704177458000,"time":"2024-01-02T07:57:26.641Z"}},{"iob":0.945,"basaliob":-0.212,"bolussnooze":0.1898,"activity":0.011,"lastBolusTime":1704177458000,"time":"2024-01-02T08:02:26.641Z","iobWithZeroTemp":{"iob":0.575,"basaliob":-0.582,"bolussnooze":0.1898,"activity":0.0088,"lastBolusTime":1704177458000,"time":"2024-01-02T08:02:26.641Z"}},{"iob":0.891,"basaliob":-0.198,"bolussnooze":0.1623,"activity":0.0107,"lastBolusTime":1704177458000,"time":"2024-01-02T08:07:26.641Z","iobWithZeroTemp":{"iob":0.5,"basaliob":-0.589,"bolussnooze":0.1623,"activity":0.0083,"lastBolusTime":1704177458000,"time":"2024-01-02T08:07:26.641Z"}},{"iob":0.839,"basaliob":-0.185,"bolussnooze":0.1383,"activity":0.0102,"lastBolusTime":1704177458000,"time":"2024-01-02T08:12:26.641Z","iobWithZeroTemp":{"iob":0.427,"basaliob":-0.597,"bolussnooze":0.1383,"activity":0.0075,"lastBolusTime":1704177458000,"time":"2024-01-02T08:12:26.641Z"}},{"iob":0.788,"basaliob":-0.173,"bolussnooze":0.1176,"activity":0.0098,"lastBolusTime":1704177458000,"time":"2024-01-02T08:17:26.641Z","iobWithZeroTemp":{"iob":0.357,"basaliob":-0.604,"bolussnooze":0.1176,"activity":0.0069,"lastBolusTime":1704177458000,"time":"2024-01-02T08:17:26.641Z"}},{"iob":0.74,"basaliob":-0.161,"bolussnooze":0.0997,"activity":0.0094,"lastBolusTime":1704177458000,"time":"2024-01-02T08:22:26.641Z","iobWithZeroTemp":{"iob":0.29,"basaliob":-0.611,"bolussnooze":0.0997,"activity":0.0063,"lastBolusTime":1704177458000,"time":"2024-01-02T08:22:26.641Z"}},{"iob":0.694,"basaliob":-0.15,"bolussnooze":0.0843,"activity":0.0089,"lastBolusTime":1704177458000,"time":"2024-01-02T08:27:26.641Z","iobWithZeroTemp":{"iob":0.227,"basaliob":-0.617,"bolussnooze":0.0843,"activity":0.0056,"lastBolusTime":1704177458000,"time":"2024-01-02T08:27:26.641Z"}},{"iob":0.651,"basaliob":-0.139,"bolussnooze":0.071,"activity":0.0086,"lastBolusTime":1704177458000,"time":"2024-01-02T08:32:26.641Z","iobWithZeroTemp":{"iob":0.167,"basaliob":-0.623,"bolussnooze":0.071,"activity":0.0051,"lastBolusTime":1704177458000,"time":"2024-01-02T08:32:26.641Z"}},{"iob":0.61,"basaliob":-0.129,"bolussnooze":0.0597,"activity":0.0081,"lastBolusTime":1704177458000,"time":"2024-01-02T08:37:26.641Z","iobWithZeroTemp":{"iob":0.111,"basaliob":-0.628,"bolussnooze":0.0597,"activity":0.0044,"lastBolusTime":1704177458000,"time":"2024-01-02T08:37:26.641Z"}},{"iob":0.57,"basaliob":-0.12,"bolussnooze":0.05,"activity":0.0077,"lastBolusTime":1704177458000,"time":"2024-01-02T08:42:26.641Z","iobWithZeroTemp":{"iob":0.056,"basaliob":-0.634,"bolussnooze":0.05,"activity":0.0038,"lastBolusTime":1704177458000,"time":"2024-01-02T08:42:26.641Z"}},{"iob":0.533,"basaliob":-0.111,"bolussnooze":0.0418,"activity":0.0073,"lastBolusTime":1704177458000,"time":"2024-01-02T08:47:26.641Z","iobWithZeroTemp":{"iob":0.006,"basaliob":-0.638,"bolussnooze":0.0418,"activity":0.0033,"lastBolusTime":1704177458000,"time":"2024-01-02T08:47:26.641Z"}},{"iob":0.497,"basaliob":-0.103,"bolussnooze":0.0348,"activity":0.0069,"lastBolusTime":1704177458000,"time":"2024-01-02T08:52:26.641Z","iobWithZeroTemp":{"iob":-0.043,"basaliob":-0.643,"bolussnooze":0.0348,"activity":0.0027,"lastBolusTime":1704177458000,"time":"2024-01-02T08:52:26.641Z"}},{"iob":0.463,"basaliob":-0.096,"bolussnooze":0.0288,"activity":0.0065,"lastBolusTime":1704177458000,"time":"2024-01-02T08:57:26.641Z","iobWithZeroTemp":{"iob":-0.089,"basaliob":-0.648,"bolussnooze":0.0288,"activity":0.0022,"lastBolusTime":1704177458000,"time":"2024-01-02T08:57:26.641Z"}},{"iob":0.432,"basaliob":-0.088,"bolussnooze":0.0238,"activity":0.0061,"lastBolusTime":1704177458000,"time":"2024-01-02T09:02:26.641Z","iobWithZeroTemp":{"iob":-0.131,"basaliob":-0.651,"bolussnooze":0.0238,"activity":0.0016,"lastBolusTime":1704177458000,"time":"2024-01-02T09:02:26.641Z"}},{"iob":0.402,"basaliob":-0.082,"bolussnooze":0.0196,"activity":0.0058,"lastBolusTime":1704177458000,"time":"2024-01-02T09:07:26.641Z","iobWithZeroTemp":{"iob":-0.172,"basaliob":-0.656,"bolussnooze":0.0196,"activity":0.0012,"lastBolusTime":1704177458000,"time":"2024-01-02T09:07:26.641Z"}},{"iob":0.373,"basaliob":-0.076,"bolussnooze":0.0161,"activity":0.0054,"lastBolusTime":1704177458000,"time":"2024-01-02T09:12:26.641Z","iobWithZeroTemp":{"iob":-0.211,"basaliob":-0.66,"bolussnooze":0.0161,"activity":6.0E-4,"lastBolusTime":1704177458000,"time":"2024-01-02T09:12:26.641Z"}},{"iob":0.347,"basaliob":-0.07,"bolussnooze":0.0131,"activity":0.0051,"lastBolusTime":1704177458000,"time":"2024-01-02T09:17:26.641Z","iobWithZeroTemp":{"iob":-0.246,"basaliob":-0.663,"bolussnooze":0.0131,"activity":2.0E-4,"lastBolusTime":1704177458000,"time":"2024-01-02T09:17:26.641Z"}},{"iob":0.323,"basaliob":-0.064,"bolussnooze":0.0107,"activity":0.0048,"lastBolusTime":1704177458000,"time":"2024-01-02T09:22:26.641Z","iobWithZeroTemp":{"iob":-0.278,"basaliob":-0.665,"bolussnooze":0.0107,"activity":-2.0E-4,"lastBolusTime":1704177458000,"time":"2024-01-02T09:22:26.641Z"}},{"iob":0.3,"basaliob":-0.059,"bolussnooze":0.0086,"activity":0.0045,"lastBolusTime":1704177458000,"time":"2024-01-02T09:27:26.641Z","iobWithZeroTemp":{"iob":-0.309,"basaliob":-0.668,"bolussnooze":0.0086,"activity":-6.0E-4,"lastBolusTime":1704177458000,"time":"2024-01-02T09:27:26.641Z"}},{"iob":0.277,"basaliob":-0.055,"bolussnooze":0.0069,"activity":0.0042,"lastBolusTime":1704177458000,"time":"2024-01-02T09:32:26.641Z","iobWithZeroTemp":{"iob":-0.34,"basaliob":-0.672,"bolussnooze":0.0069,"activity":-0.001,"lastBolusTime":1704177458000,"time":"2024-01-02T09:32:26.641Z"}},{"iob":0.258,"basaliob":-0.05,"bolussnooze":0.0055,"activity":0.004,"lastBolusTime":1704177458000,"time":"2024-01-02T09:37:26.641Z","iobWithZeroTemp":{"iob":-0.366,"basaliob":-0.674,"bolussnooze":0.0055,"activity":-0.0013,"lastBolusTime":1704177458000,"time":"2024-01-02T09:37:26.641Z"}},{"iob":0.239,"basaliob":-0.046,"bolussnooze":0.0044,"activity":0.0037,"lastBolusTime":1704177458000,"time":"2024-01-02T09:42:26.641Z","iobWithZeroTemp":{"iob":-0.391,"basaliob":-0.676,"bolussnooze":0.0044,"activity":-0.0017,"lastBolusTime":1704177458000,"time":"2024-01-02T09:42:26.641Z"}},{"iob":0.22,"basaliob":-0.043,"bolussnooze":0.0034,"activity":0.0035,"lastBolusTime":1704177458000,"time":"2024-01-02T09:47:26.641Z","iobWithZeroTemp":{"iob":-0.416,"basaliob":-0.679,"bolussnooze":0.0034,"activity":-0.002,"lastBolusTime":1704177458000,"time":"2024-01-02T09:47:26.641Z"}},{"iob":0.204,"basaliob":-0.039,"bolussnooze":0.0027,"activity":0.0032,"lastBolusTime":1704177458000,"time":"2024-01-02T09:52:26.641Z","iobWithZeroTemp":{"iob":-0.438,"basaliob":-0.681,"bolussnooze":0.0027,"activity":-0.0024,"lastBolusTime":1704177458000,"time":"2024-01-02T09:52:26.641Z"}},{"iob":0.188,"basaliob":-0.036,"bolussnooze":0.0021,"activity":0.003,"lastBolusTime":1704177458000,"time":"2024-01-02T09:57:26.641Z","iobWithZeroTemp":{"iob":-0.459,"basaliob":-0.683,"bolussnooze":0.0021,"activity":-0.0027,"lastBolusTime":1704177458000,"time":"2024-01-02T09:57:26.641Z"}},{"iob":0.174,"basaliob":-0.033,"bolussnooze":0.0016,"activity":0.0028,"lastBolusTime":1704177458000,"time":"2024-01-02T10:02:26.641Z","iobWithZeroTemp":{"iob":-0.477,"basaliob":-0.684,"bolussnooze":0.0016,"activity":-0.003,"lastBolusTime":1704177458000,"time":"2024-01-02T10:02:26.641Z"}},{"iob":0.161,"basaliob":-0.03,"bolussnooze":0.0012,"activity":0.0026,"lastBolusTime":1704177458000,"time":"2024-01-02T10:07:26.641Z","iobWithZeroTemp":{"iob":-0.495,"basaliob":-0.686,"bolussnooze":0.0012,"activity":-0.0032,"lastBolusTime":1704177458000,"time":"2024-01-02T10:07:26.641Z"}},{"iob":0.148,"basaliob":-0.028,"bolussnooze":9.0E-4,"activity":0.0024,"lastBolusTime":1704177458000,"time":"2024-01-02T10:12:26.641Z","iobWithZeroTemp":{"iob":-0.512,"basaliob":-0.688,"bolussnooze":9.0E-4,"activity":-0.0035,"lastBolusTime":1704177458000,"time":"2024-01-02T10:12:26.641Z"}},{"iob":0.137,"basaliob":-0.025,"bolussnooze":6.0E-4,"activity":0.0022,"lastBolusTime":1704177458000,"time":"2024-01-02T10:17:26.641Z","iobWithZeroTemp":{"iob":-0.527,"basaliob":-0.689,"bolussnooze":6.0E-4,"activity":-0.0037,"lastBolusTime":1704177458000,"time":"2024-01-02T10:17:26.641Z"}},{"iob":0.126,"basaliob":-0.023,"bolussnooze":4.0E-4,"activity":0.0021,"lastBolusTime":1704177458000,"time":"2024-01-02T10:22:26.641Z","iobWithZeroTemp":{"iob":-0.541,"basaliob":-0.69,"bolussnooze":4.0E-4,"activity":-0.0039,"lastBolusTime":1704177458000,"time":"2024-01-02T10:22:26.641Z"}},{"iob":0.116,"basaliob":-0.021,"bolussnooze":3.0E-4,"activity":0.0019,"lastBolusTime":1704177458000,"time":"2024-01-02T10:27:26.641Z","iobWithZeroTemp":{"iob":-0.554,"basaliob":-0.691,"bolussnooze":3.0E-4,"activity":-0.0042,"lastBolusTime":1704177458000,"time":"2024-01-02T10:27:26.641Z"}},{"iob":0.107,"basaliob":-0.019,"bolussnooze":2.0E-4,"activity":0.0017,"lastBolusTime":1704177458000,"time":"2024-01-02T10:32:26.641Z","iobWithZeroTemp":{"iob":-0.566,"basaliob":-0.692,"bolussnooze":2.0E-4,"activity":-0.0044,"lastBolusTime":1704177458000,"time":"2024-01-02T10:32:26.641Z"}},{"iob":0.097,"basaliob":-0.018,"bolussnooze":1.0E-4,"activity":0.0017,"lastBolusTime":1704177458000,"time":"2024-01-02T10:37:26.641Z","iobWithZeroTemp":{"iob":-0.579,"basaliob":-0.694,"bolussnooze":1.0E-4,"activity":-0.0044,"lastBolusTime":1704177458000,"time":"2024-01-02T10:37:26.641Z"}},{"iob":0.09,"basaliob":-0.016,"bolussnooze":1.0E-4,"activity":0.0015,"lastBolusTime":1704177458000,"time":"2024-01-02T10:42:26.641Z","iobWithZeroTemp":{"iob":-0.589,"basaliob":-0.695,"bolussnooze":1.0E-4,"activity":-0.0047,"lastBolusTime":1704177458000,"time":"2024-01-02T10:42:26.641Z"}},{"iob":0.082,"basaliob":-0.015,"bolussnooze":0,"activity":0.0014,"lastBolusTime":1704177458000,"time":"2024-01-02T10:47:26.641Z","iobWithZeroTemp":{"iob":-0.599,"basaliob":-0.696,"bolussnooze":0,"activity":-0.0048,"lastBolusTime":1704177458000,"time":"2024-01-02T10:47:26.641Z"}},{"iob":0.076,"basaliob":-0.013,"bolussnooze":0,"activity":0.0013,"lastBolusTime":1704177458000,"time":"2024-01-02T10:52:26.641Z","iobWithZeroTemp":{"iob":-0.607,"basaliob":-0.696,"bolussnooze":0,"activity":-0.005,"lastBolusTime":1704177458000,"time":"2024-01-02T10:52:26.641Z"}}],"profile":{"max_iob":7,"type":"current","max_daily_basal":0.45,"max_basal":1.35,"min_bg":143.99999999999991,"max_bg":143.99999999999991,"target_bg":143.99999999999991,"carb_ratio":9,"sens":352.8,"max_daily_safety_multiplier":3,"current_basal_safety_multiplier":4,"lgsThreshold":65,"high_temptarget_raises_sensitivity":false,"low_temptarget_lowers_sensitivity":false,"sensitivity_raises_target":true,"resistance_lowers_target":true,"adv_target_adjustments":false,"exercise_mode":false,"half_basal_exercise_target":160,"maxCOB":120,"skip_neutral_temps":false,"remainingCarbsCap":90,"enableUAM":true,"A52_risk_enable":false,"SMBInterval":4,"enableSMB_with_COB":true,"enableSMB_with_temptarget":false,"allowSMB_with_high_temptarget":true,"enableSMB_always":true,"enableSMB_after_carbs":false,"maxSMBBasalMinutes":60,"maxUAMSMBBasalMinutes":60,"bolus_increment":0.05,"carbsReqThreshold":10,"current_basal":0.4,"temptargetSet":true,"autosens_max":1.2,"autosens_min":0.8,"out_units":"mmol\/L","variable_sens":261.6,"insulinDivisor":65,"TDD":7.638957416666666},"autosens_data":{"ratio":0.9803493384272268},"meal_data":{"carbs":25,"mealCOB":23.775510204081634,"slopeFromMaxDeviation":0,"slopeFromMinDeviation":1.8246666666666669,"lastBolusTime":1704177458000,"lastCarbTime":1704176831000},"microBolusAllowed":true,"currentTime":1704178648843,"flatBGsDetected":false,"tdd1D":29.029333333333327,"tdd7D":23.806904761904768,"tddLast24H":23.339083333333335,"tddLast4H":2.8609999999999998,"tddLast8to4H":0.3135},"output":{"temp":"absolute","bg":95,"tick":"+1","eventualBG":349,"targetBG":143.99999999999991,"insulinReq":0,"deliverAt":"2024-01-02T06:57:28.843Z","sensitivityRatio":0.9803493384272268,"variable_sens":261.6,"predBGs":{"IOB":[95,92,87,79,69,55,39,39,39,39,39,39,39],"ZT":[95,83,68,50,39,39,39,39,39,39,39,39,39,39,39,39,39,39,39,39,39,39,39,39,39,39,39,39,39,39,39,39,39,39,39,39,39,39,39,39,39,39,39,39,39,39,39,39],"COB":[95,94,92,89,87,84,82,81,80,80,80,82,85,89,94,100,107,116,125,136,149,162,177,192,207,221,235,248,261,272,283,294,303,312,320,327,334,339,344,348,351,353,354,355,354,353,351,349],"UAM":[95,92,88,81,71,59,43,39,39,39,39,39,39]},"reason":"COB: 23.8, Dev: 3.4, BGI: -0.7, ISF: 14.5, CR: 9, Target: 8.0, minPredBG 6.9, minGuardBG 2.6, IOBpredBG 2.2, COBpredBG 19.4, UAMpredBG 2.2; minGuardBG 2.6<5.1","COB":23.775510204081634,"IOB":1.708,"duration":60,"rate":0,"timestamp":"2024-01-02T06:57:28.869Z"}}