{"algorithm":"OpenAPSSMBDynamicISFPlugin","input":{"glucoseStatus":{"glucose":97,"noise":0,"delta":2,"short_avgdelta":0.83,"long_avgdelta":-1.5,"date":1704247029274},"currenttemp":{"temp":"absolute","duration":20,"rate":0.18900000000000003,"minutesrunning":10},"iob_data":[{"iob":-0.127,"basaliob":-0.179,"bolussnooze":0,"activity":-8.0E-4,"lastBolusTime":1704242867000,"time":"2024-01-03T01:57:32.749Z","iobWithZeroTemp":{"iob":-0.127,"basaliob":-0.179,"bolussnooze":0,"activity":-8.0E-4,"lastBolusTime":1704242867000,"time":"2024-01-03T01:57:32.749Z"}},{"iob":-0.122,"basaliob":-0.171,"bolussnooze":0,"activity":-8.0E-4,"lastBolusTime":1704242867000,"time":"2024-01-03T02:02:32.749Z","iobWithZeroTemp":{"iob":-0.14,"basaliob":-0.189,"bolussnooze":0,"activity":-8.0E-4,"lastBolusTime":1704242867000,"time":"2024-01-03T02:02:32.749Z"}},{"iob":-0.118,"basaliob":-0.164,"bolussnooze":0,"activity":-9.0E-4,"lastBolusTime":1704242867000,"time":"2024-01-03T02:07:32.749Z","iobWithZeroTemp":{"iob":-0.158,"basaliob":-0.204,"bolussnooze":0,"activity":-0.001,"lastBolusTime":1704242867000,"time":"2024-01-03T02:07:32.749Z"}},{"iob":-0.113,"basaliob":-0.156,"bolussnooze":0,"activity":-9.0E-4,"lastBolusTime":1704242867000,"time":"2024-01-03T02:12:32.749Z","iobWithZeroTemp":{"iob":-0.175,"basaliob":-0.218,"bolussnooze":0,"activity":-0.001,"lastBolusTime":1704242867000,"time":"2024-01-03T02:12:32.749Z"}},{"iob":-0.109,"basaliob":-0.149,"bolussnooze":0,"activity":-9.0E-4,"lastBolusTime":1704242867000,"time":"2024-01-03T02:17:32.749Z","iobWithZeroTemp":{"iob":-0.193,"basaliob":-0.233,"bolussnooze":0,"activity":-0.0011,"lastBolusTime":1704242867000,"time":"2024-01-03T02:17:32.749Z"}},{"iob":-0.104,"basaliob":-0.141,"bolussnooze":0,"activity":-0.001,"lastBolusTime":1704242867000,"time":"2024-01-03T02:22:32.749Z","iobWithZeroTemp":{"iob":-0.209,"basaliob":-0.246,"bolussnooze":0,"activity":-0.0013,"lastBolusTime":1704242867000,"time":"2024-01-03T02:22:32.749Z"}},{"iob":-0.1,"basaliob":-0.134,"bolussnooze":0,"activity":-9.0E-4,"lastBolusTime":1704242867000,"time":"2024-01-03T02:27:32.749Z","iobWithZeroTemp":{"iob":-0.226,"basaliob":-0.26,"bolussnooze":0,"activity":-0.0014,"lastBolusTime":1704242867000,"time":"2024-01-03T02:27:32.749Z"}},{"iob":-0.095,"basaliob":-0.127,"bolussnooze":0,"activity":-9.0E-4,"lastBolusTime":1704242867000,"time":"2024-01-03T02:32:32.749Z","iobWithZeroTemp":{"iob":-0.241,"basaliob":-0.273,"bolussnooze":0,"activity":-0.0015,"lastBolusTime":1704242867000,"time":"2024-01-03T02:32:32.749Z"}},{"iob":-0.09,"basaliob":-0.12,"bolussnooze":0,"activity":-0.001,"lastBolusTime":1704242867000,"time":"2024-01-03T02:37:32.749Z","iobWithZeroTemp":{"iob":-0.255,"basaliob":-0.285,"bolussnooze":0,"activity":-0.0017,"lastBolusTime":1704242867000,"time":"2024-01-03T02:37:32.749Z"}},{"iob":-0.086,"basaliob":-0.113,"bolussnooze":0,"activity":-9.0E-4,"lastBolusTime":1704242867000,"time":"2024-01-03T02:42:32.749Z","iobWithZeroTemp":{"iob":-0.269,"basaliob":-0.296,"bolussnooze":0,"activity":-0.0018,"lastBolusTime":1704242867000,"time":"2024-01-03T02:42:32.749Z"}},{"iob":-0.082,"basaliob":-0.107,"bolussnooze":0,"activity":-9.0E-4,"lastBolusTime":1704242867000,"time":"2024-01-03T02:47:32.749Z","iobWithZeroTemp":{"iob":-0.283,"basaliob":-0.308,"bolussnooze":0,"activity":-0.0019,"lastBolusTime":1704242867000,"time":"2024-01-03T02:47:32.749Z"}},{"iob":-0.076,"basaliob":-0.1,"bolussnooze":0,"activity":-8.0E-4,"lastBolusTime":1704242867000,"time":"2024-01-03T02:52:32.749Z","iobWithZeroTemp":{"iob":-0.294,"basaliob":-0.318,"bolussnooze":0,"activity":-0.002,"lastBolusTime":1704242867000,"time":"2024-01-03T02:52:32.749Z"}},{"iob":-0.072,"basaliob":-0.094,"bolussnooze":0,"activity":-9.0E-4,"lastBolusTime":1704242867000,"time":"2024-01-03T02:57:32.749Z","iobWithZeroTemp":{"iob":-0.306,"basaliob":-0.328,"bolussnooze":0,"activity":-0.0022,"lastBolusTime":1704242867000,"time":"2024-01-03T02:57:32.749Z"}},{"iob":-0.069,"basaliob":-0.089,"bolussnooze":0,"activity":-8.0E-4,"lastBolusTime":1704242867000,"time":"2024-01-03T03:02:32.749Z","iobWithZeroTemp":{"iob":-0.321,"basaliob":-0.341,"bolussnooze":0,"activity":-0.0023,"lastBolusTime":1704242867000,"time":"2024-01-03T03:02:32.749Z"}},{"iob":-0.064,"basaliob":-0.083,"bolussnooze":0,"activity":-8.0E-4,"lastBolusTime":1704242867000,"time":"2024-01-03T03:07:32.749Z","iobWithZeroTemp":{"iob":-0.333,"basaliob":-0.352,"bolussnooze":0,"activity":-0.0025,"lastBolusTime":1704242867000,"time":"2024-01-03T03:07:32.749Z"}},{"iob":-0.061,"basaliob":-0.078,"bolussnooze":0,"activity":-7.0E-4,"lastBolusTime":1704242867000,"time":"2024-01-03T03:12:32.749Z","iobWithZeroTemp":{"iob":-0.346,"basaliob":-0.363,"bolussnooze":0,"activity":-0.0025,"lastBolusTime":1704242867000,"time":"2024-01-03T03:12:32.749Z"}},{"iob":-0.057,"basaliob":-0.073,"bolussnooze":0,"activity":-7.0E-4,"lastBolusTime":1704242867000,"time":"2024-01-03T03:17:32.749Z","iobWithZeroTemp":{"iob":-0.358,"basaliob":-0.374,"bolussnooze":0,"activity":-0.0027,"lastBolusTime":1704242867000,"time":"2024-01-03T03:17:32.749Z"}},{"iob":-0.053,"basaliob":-0.068,"bolussnooze":0,"activity":-7.0E-4,"lastBolusTime":1704242867000,"time":"2024-01-03T03:22:32.749Z","iobWithZeroTemp":{"iob":-0.369,"basaliob":-0.384,"bolussnooze":0,"activity":-0.0028,"lastBolusTime":1704242867000,"time":"2024-01-03T03:22:32.749Z"}},{"iob":-0.049,"basaliob":-0.063,"bolussnooze":0,"activity":-7.0E-4,"lastBolusTime":1704242867000,"time":"2024-01-03T03:27:32.749Z","iobWithZeroTemp":{"iob":-0.379,"basaliob":-0.393,"bolussnooze":0,"activity":-0.003,"lastBolusTime":1704242867000,"time":"2024-01-03T03:27:32.749Z"}},{"iob":-0.047,"basaliob":-0.059,"bolussnooze":0,"activity":-6.0E-4,"lastBolusTime":1704242867000,"time":"2024-01-03T03:32:32.749Z","iobWithZeroTemp":{"iob":-0.39,"basaliob":-0.402,"bolussnooze":0,"activity":-0.003,"lastBolusTime":1704242867000,"time":"2024-01-03T03:32:32.749Z"}},{"iob":-0.044,"basaliob":-0.055,"bolussnooze":0,"activity":-6.0E-4,"lastBolusTime":1704242867000,"time":"2024-01-03T03:37:32.749Z","iobWithZeroTemp":{"iob":-0.399,"basaliob":-0.41,"bolussnooze":0,"activity":-0.0032,"lastBolusTime":1704242867000,"time":"2024-01-03T03:37:32.749Z"}},{"iob":-0.04,"basaliob":-0.051,"bolussnooze":0,"activity":-5.0E-4,"lastBolusTime":1704242867000,"time":"2024-01-03T03:42:32.749Z","iobWithZeroTemp":{"iob":-0.407,"basaliob":-0.418,"bolussnooze":0,"activity":-0.0032,"lastBolusTime":1704242867000,"time":"2024-01-03T03:42:32.749Z"}},{"iob":-0.038,"basaliob":-0.048,"bolussnooze":0,"activity":-5.0E-4,"lastBolusTime":1704242867000,"time":"2024-01-03T03:47:32.749Z","iobWithZeroTemp":{"iob":-0.416,"basaliob":-0.426,"bolussnooze":0,"activity":-0.0033,"lastBolusTime":1704242867000,"time":"2024-01-03T03:47:32.749Z"}},{"iob":-0.035,"basaliob":-0.044,"bolussnooze":0,"activity":-5.0E-4,"lastBolusTime":1704242867000,"time":"2024-01-03T03:52:32.749Z","iobWithZeroTemp":{"iob":-0.424,"basaliob":-0.433,"bolussnooze":0,"activity":-0.0035,"lastBolusTime":1704242867000,"time":"2024-01-03T03:52:32.749Z"}},{"iob":-0.033,"basaliob":-0.041,"bolussnooze":0,"activity":-5.0E-4,"lastBolusTime":1704242867000,"time":"2024-01-03T03:57:32.749Z","iobWithZeroTemp":{"iob":-0.432,"basaliob":-0.44,"bolussnooze":0,"activity":-0.0036,"lastBolusTime":1704242867000,"time":"2024-01-03T03:57:32.749Z"}},{"iob":-0.03,"basaliob":-0.038,"bolussnooze":0,"activity":-5.0E-4,"lastBolusTime":1704242867000,"time":"2024-01-03T04:02:32.749Z","iobWithZeroTemp":{"iob":-0.446,"basaliob":-0.454,"bolussnooze":0,"activity":-0.0037,"lastBolusTime":1704242867000,"time":"2024-01-03T04:02:32.749Z"}},{"iob":-0.029,"basaliob":-0.036,"bolussnooze":0,"activity":-4.0E-4,"lastBolusTime":1704242867000,"time":"2024-01-03T04:07:32.749Z","iobWithZeroTemp":{"iob":-0.462,"basaliob":-0.469,"bolussnooze":0,"activity":-0.0037,"lastBolusTime":1704242867000,"time":"2024-01-03T04:07:32.749Z"}},{"iob":-0.027,"basaliob":-0.033,"bolussnooze":0,"activity":-4.0E-4,"lastBolusTime":1704242867000,"time":"2024-01-03T04:12:32.749Z","iobWithZeroTemp":{"iob":-0.477,"basaliob":-0.483,"bolussnooze":0,"activity":-0.0039,"lastBolusTime":1704242867000,"time":"2024-01-03T04:12:32.749Z"}},{"iob":-0.025,"basaliob":-0.031,"bolussnooze":0,"activity":-4.0E-4,"lastBolusTime":1704242867000,"time":"2024-01-03T04:17:32.749Z","iobWithZeroTemp":{"iob":-0.49,"basaliob":-0.496,"bolussnooze":0,"activity":-0.004,"lastBolusTime":1704242867000,"time":"2024-01-03T04:17:32.749Z"}},{"iob":-0.023,"basaliob":-0.028,"bolussnooze":0,"activity":-3.0E-4,"lastBolusTime":1704242867000,"time":"2024-01-03T04:22:32.749Z","iobWithZeroTemp":{"iob":-0.503,"basaliob":-0.508,"bolussnooze":0,"activity":-0.0041,"lastBolusTime":1704242867000,"time":"2024-01-03T04:22:32.749Z"}},{"iob":-0.021,"basaliob":-0.026,"bolussnooze":0,"activity":-3.0E-4,"lastBolusTime":1704242867000,"time":"2024-01-03T04:27:32.749Z","iobWithZeroTemp":{"iob":-0.515,"basaliob":-0.52,"bolussnooze":0,"activity":-0.0042,"lastBolusTime":1704242867000,"time":"2024-01-03T04:27:32.749Z"}},{"iob":-0.019,"basaliob":-0.024,"bolussnooze":0,"activity":-3.0E-4,"lastBolusTime":1704242867000,"time":"2024-01-03T04:32:32.749Z","iobWithZeroTemp":{"iob":-0.527,"basaliob":-0.532,"bolussnooze":0,"activity":-0.0043,"lastBolusTime":1704242867000,"time":"2024-01-03T04:32:32.749Z"}},{"iob":-0.018,"basaliob":-0.022,"bolussnooze":0,"activity":-3.0E-4,"lastBolusTime":1704242867000,"time":"2024-01-03T04:37:32.749Z","iobWithZeroTemp":{"iob":-0.539,"basaliob":-0.543,"bolussnooze":0,"activity":-0.0045,"lastBolusTime":1704242867000,"time":"2024-01-03T04:37:32.749Z"}},{"iob":-0.017,"basaliob":-0.021,"bolussnooze":0,"activity":-2.0E-4,"lastBolusTime":1704242867000,"time":"2024-01-03T04:42:32.749Z","iobWithZeroTemp":{"iob":-0.55,"basaliob":-0.554,"bolussnooze":0,"activity":-0.0045,"lastBolusTime":1704242867000,"time":"2024-01-03T04:42:32.749Z"}},{"iob":-0.016,"basaliob":-0.019,"bolussnooze":0,"activity":-2.0E-4,"lastBolusTime":1704242867000,"time":"2024-01-03T04:47:32.749Z","iobWithZeroTemp":{"iob":-0.56,"basaliob":-0.563,"bolussnooze":0,"activity":-0.0046,"lastBolusTime":1704242867000,"time":"2024-01-03T04:47:32.749Z"}},{"iob":-0.014,"basaliob":-0.017,"bolussnooze":0,"activity":-2.0E-4,"lastBolusTime":1704242867000,"time":"2024-01-03T04:52:32.749Z","iobWithZeroTemp":{"iob":-0.569,"basaliob":-0.572,"bolussnooze":0,"activity":-0.0047,"lastBolusTime":1704242867000,"time":"2024-01-03T04:52:32.749Z"}},{"iob":-0.013,"basaliob":-0.016,"bolussnooze":0,"activity":-2.0E-4,"lastBolusTime":1704242867000,"time":"2024-01-03T04:57:32.749Z","iobWithZeroTemp":{"iob":-0.578,"basaliob":-0.581,"bolussnooze":0,"activity":-0.0049,"lastBolusTime":1704242867000,"time":"2024-01-03T04:57:32.749Z"}},{"iob":-0.012,"basaliob":-0.015,"bolussnooze":0,"activity":-2.0E-4,"lastBolusTime":1704242867000,"time":"2024-01-03T05:02:32.749Z","iobWithZeroTemp":{"iob":-0.587,"basaliob":-0.59,"bolussnooze":0,"activity":-0.005,"lastBolusTime":1704242867000,"time":"2024-01-03T05:02:32.749Z"}},{"iob":-0.012,"basaliob":-0.014,"bolussnooze":0,"activity":-2.0E-4,"lastBolusTime":1704242867000,"time":"2024-01-03T05:07:32.749Z","iobWithZeroTemp":{"iob":-0.596,"basaliob":-0.598,"bolussnooze":0,"activity":-0.0051,"lastBolusTime":1704242867000,"time":"2024-01-03T05:07:32.749Z"}},{"iob":-0.011,"basaliob":-0.013,"bolussnooze":0,"activity":-2.0E-4,"lastBolusTime":1704242867000,"time":"2024-01-03T05:12:32.749Z","iobWithZeroTemp":{"iob":-0.604,"basaliob":-0.606,"bolussnooze":0,"activity":-0.0052,"lastBolusTime":1704242867000,"time":"2024-01-03T05:12:32.749Z"}},{"iob":-0.01,"basaliob":-0.012,"bolussnooze":0,"activity":-2.0E-4,"lastBolusTime":1704242867000,"time":"2024-01-03T05:17:32.749Z","iobWithZeroTemp":{"iob":-0.611,"basaliob":-0.613,"bolussnooze":0,"activity":-0.0053,"lastBolusTime":1704242867000,"time":"2024-01-03T05:17:32.749Z"}},{"iob":-0.009,"basaliob":-0.011,"bolussnooze":0,"activity":-2.0E-4,"lastBolusTime":1704242867000,"time":"2024-01-03T05:22:32.749Z","iobWithZeroTemp":{"iob":-0.617,"basaliob":-0.619,"bolussnooze":0,"activity":-0.0054,"lastBolusTime":1704242867000,"time":"2024-01-03T05:22:32.749Z"}},{"iob":-0.008,"basaliob":-0.01,"bolussnooze":0,"activity":-2.0E-4,"lastBolusTime":1704242867000,"time":"2024-01-03T05:27:32.749Z","iobWithZeroTemp":{"iob":-0.623,"basaliob":-0.625,"bolussnooze":0,"activity":-0.0055,"lastBolusTime":1704242867000,"time":"2024-01-03T05:27:32.749Z"}},{"iob":-0.008,"basaliob":-0.009,"bolussnooze":0,"activity":-2.0E-4,"lastBolusTime":1704242867000,"time":"2024-01-03T05:32:32.749Z","iobWithZeroTemp":{"iob":-0.63,"basaliob":-0.631,"bolussnooze":0,"activity":-0.0056,"lastBolusTime":1704242867000,"time":"2024-01-03T05:32:32.749Z"}},{"iob":-0.007,"basaliob":-0.008,"bolussnooze":0,"activity":-1.0E-4,"lastBolusTime":1704242867000,"time":"2024-01-03T05:37:32.749Z","iobWithZeroTemp":{"iob":-0.635,"basaliob":-0.636,"bolussnooze":0,"activity":-0.0056,"lastBolusTime":1704242867000,"time":"2024-01-03T05:37:32.749Z"}},{"iob":-0.006,"basaliob":-0.007,"bolussnooze":0,"activity":-1.0E-4,"lastBolusTime":1704242867000,"time":"2024-01-03T05:42:32.749Z","iobWithZeroTemp":{"iob":-0.64,"basaliob":-0.641,"bolussnooze":0,"activity":-0.0057,"lastBolusTime":1704242867000,"time":"2024-01-03T05:42:32.749Z"}},{"iob":-0.006,"basaliob":-0.007,"bolussnooze":0,"activity":-1.0E-4,"lastBolusTime":1704242867000,"time":"2024-01-03T05:47:32.749Z","iobWithZeroTemp":{"iob":-0.645,"basaliob":-0.646,"bolussnooze":0,"activity":-0.0057,"lastBolusTime":1704242867000,"time":"2024-01-03T05:47:32.749Z"}},{"iob":-0.005,"basaliob":-0.006,"bolussnooze":0,"activity":-1.0E-4,"lastBolusTime":1704242867000,"time":"2024-01-03T05:52:32.749Z","iobWithZeroTemp":{"iob":-0.649,"basaliob":-0.65,"bolussnooze":0,"activity":-0.0058,"lastBolusTime":1704242867000,"time":"2024-01-03T05:52:32.749Z"}}],"profile":{"max_iob":7,"type":"current","max_daily_basal":0.45,"max_basal":1.08,"min_bg":106.2,"max_bg":106.2,"target_bg":106.2,"carb_ratio":11,"sens":369,"max_daily_safety_multiplier":3,"current_basal_safety_multiplier":4,"lgsThreshold":65,"high_temptarget_raises_sensitivity":false,"low_temptarget_lowers_sensitivity":false,"sensitivity_raises_target":true,"resistance_lowers_target":true,"adv_target_adjustments":false,"exercise_mode":false,"half_basal_exercise_target":160,"maxCOB":120,"skip_neutral_temps":false,"remainingCarbsCap":90,"enableUAM":true,"A52_risk_enable":false,"SMBInterval":4,"enableSMB_with_COB":true,"enableSMB_with_temptarget":false,"allowSMB_with_high_temptarget":true,"enableSMB_always":true,"enableSMB_after_carbs":false,"maxSMBBasalMinutes":60,"maxUAMSMBBasalMinutes":60,"bolus_increment":0.05,"carbsReqThreshold":10,"current_basal":0.27,"temptargetSet":false,"autosens_max":1.2,"autosens_min":0.8,"out_units":"mmol\/L","variable_sens":311.2,"insulinDivisor":65,"TDD":6.333131008333336},"autosens_data":{"ratio":0.895760609217748},"meal_data":{"carbs":0,"mealCOB":0,"slopeFromMaxDeviation":-0.34690909090909094,"slopeFromMinDeviation":0.6546666666666668,"lastBolusTime":1704242867000,"lastCarbTime":0},"microBolusAllowed":true,"currentTime":1704247054878,"flatBGsDetected":false,"tdd1D":19.209083333333343,"tdd7D":22.16738095238096,"tddLast24H":19.856666666666673,"tddLast4H":1.423833333333333,"tddLast8to4H":3.7800000000000002},"output":{"temp":"absolute","bg":97,"tick":"+2","eventualBG":121,"targetBG":112,"insulinReq":0.02,"deliverAt":"2024-01-03T01:57:34.878Z","sensitivityRatio":0.895760609217748,"variable_sens":311.2,"predBGs":{"IOB":[97,98,99,100,101,102,103,105,106,107,108,110,111,112,113,114,115,116,117,118,119,120,121,121,122,123,123,124,124,125,125,126,126,126,127,127,127,127,128,128,128,129,129,129,129,129,130],"ZT":[97,98,99,101,103,104,106,108,110]},"reason":"COB: 0, Dev: -0.9, BGI: 0.1, ISF: 17.3, CR: 11, Target: 6.2, minPredBG 6.5, minGuardBG 5.4, IOBpredBG 7.2; Eventual BG 6.7 >= 6.2,  insulinReq 0.02. temp 0.19 < 0.28U\/hr. ","COB":0,"IOB":-0.127,"duration":30,"rate":0.281855364488792,"timestamp":"2024-01-03T01:57:34.903Z"}}