{"algorithm":"OpenAPSSMBDynamicISFPlugin","input":{"glucoseStatus":{"glucose":135,"noise":0,"delta":6,"short_avgdelta":6.44,"long_avgdelta":-0.38,"date":1704219125255},"currenttemp":{"temp":"absolute","duration":110,"rate":0,"minutesrunning":10},"iob_data":[{"iob":1.435,"basaliob":-0.689,"bolussnooze":0.5901,"activity":0.0177,"lastBolusTime":1704216086000,"time":"2024-01-02T18:12:34.084Z","iobWithZeroTemp":{"iob":1.435,"basaliob":-0.689,"bolussnooze":0.5901,"activity":0.0177,"lastBolusTime":1704216086000,"time":"2024-01-02T18:12:34.084Z"}},{"iob":1.348,"basaliob":-0.657,"bolussnooze":0.5182,"activity":0.017,"lastBolusTime":1704216086000,"time":"2024-01-02T18:17:34.084Z","iobWithZeroTemp":{"iob":1.321,"basaliob":-0.684,"bolussnooze":0.5182,"activity":0.017,"lastBolusTime":1704216086000,"time":"2024-01-02T18:17:34.084Z"}},{"iob":1.265,"basaliob":-0.625,"bolussnooze":0.4532,"activity":0.0163,"lastBolusTime":1704216086000,"time":"2024-01-02T18:22:34.084Z","iobWithZeroTemp":{"iob":1.205,"basaliob":-0.685,"bolussnooze":0.4532,"activity":0.0162,"lastBolusTime":1704216086000,"time":"2024-01-02T18:22:34.084Z"}},{"iob":1.186,"basaliob":-0.594,"bolussnooze":0.3948,"activity":0.0155,"lastBolusTime":1704216086000,"time":"2024-01-02T18:27:34.084Z","iobWithZeroTemp":{"iob":1.094,"basaliob":-0.686,"bolussnooze":0.3948,"activity":0.0153,"lastBolusTime":1704216086000,"time":"2024-01-02T18:27:34.084Z"}},{"iob":1.11,"basaliob":-0.563,"bolussnooze":0.3428,"activity":0.0147,"lastBolusTime":1704216086000,"time":"2024-01-02T18:32:34.084Z","iobWithZeroTemp":{"iob":0.985,"basaliob":-0.688,"bolussnooze":0.3428,"activity":0.0144,"lastBolusTime":1704216086000,"time":"2024-01-02T18:32:34.084Z"}},{"iob":1.038,"basaliob":-0.533,"bolussnooze":0.2965,"activity":0.0139,"lastBolusTime":1704216086000,"time":"2024-01-02T18:37:34.084Z","iobWithZeroTemp":{"iob":0.882,"basaliob":-0.689,"bolussnooze":0.2965,"activity":0.0134,"lastBolusTime":1704216086000,"time":"2024-01-02T18:37:34.084Z"}},{"iob":0.971,"basaliob":-0.503,"bolussnooze":0.2557,"activity":0.0132,"lastBolusTime":1704216086000,"time":"2024-01-02T18:42:34.084Z","iobWithZeroTemp":{"iob":0.785,"basaliob":-0.689,"bolussnooze":0.2557,"activity":0.0125,"lastBolusTime":1704216086000,"time":"2024-01-02T18:42:34.084Z"}},{"iob":0.906,"basaliob":-0.475,"bolussnooze":0.2199,"activity":0.0125,"lastBolusTime":1704216086000,"time":"2024-01-02T18:47:34.084Z","iobWithZeroTemp":{"iob":0.69,"basaliob":-0.691,"bolussnooze":0.2199,"activity":0.0116,"lastBolusTime":1704216086000,"time":"2024-01-02T18:47:34.084Z"}},{"iob":0.846,"basaliob":-0.447,"bolussnooze":0.1885,"activity":0.0118,"lastBolusTime":1704216086000,"time":"2024-01-02T18:52:34.084Z","iobWithZeroTemp":{"iob":0.602,"basaliob":-0.691,"bolussnooze":0.1885,"activity":0.0107,"lastBolusTime":1704216086000,"time":"2024-01-02T18:52:34.084Z"}},{"iob":0.788,"basaliob":-0.421,"bolussnooze":0.1611,"activity":0.0112,"lastBolusTime":1704216086000,"time":"2024-01-02T18:57:34.084Z","iobWithZeroTemp":{"iob":0.516,"basaliob":-0.693,"bolussnooze":0.1611,"activity":0.0099,"lastBolusTime":1704216086000,"time":"2024-01-02T18:57:34.084Z"}},{"iob":0.734,"basaliob":-0.395,"bolussnooze":0.1373,"activity":0.0105,"lastBolusTime":1704216086000,"time":"2024-01-02T19:02:34.084Z","iobWithZeroTemp":{"iob":0.436,"basaliob":-0.693,"bolussnooze":0.1373,"activity":0.009,"lastBolusTime":1704216086000,"time":"2024-01-02T19:02:34.084Z"}},{"iob":0.683,"basaliob":-0.371,"bolussnooze":0.1167,"activity":0.0099,"lastBolusTime":1704216086000,"time":"2024-01-02T19:07:34.084Z","iobWithZeroTemp":{"iob":0.36,"basaliob":-0.694,"bolussnooze":0.1167,"activity":0.0081,"lastBolusTime":1704216086000,"time":"2024-01-02T19:07:34.084Z"}},{"iob":0.634,"basaliob":-0.348,"bolussnooze":0.0989,"activity":0.0093,"lastBolusTime":1704216086000,"time":"2024-01-02T19:12:34.084Z","iobWithZeroTemp":{"iob":0.287,"basaliob":-0.695,"bolussnooze":0.0989,"activity":0.0073,"lastBolusTime":1704216086000,"time":"2024-01-02T19:12:34.084Z"}},{"iob":0.589,"basaliob":-0.326,"bolussnooze":0.0836,"activity":0.0088,"lastBolusTime":1704216086000,"time":"2024-01-02T19:17:34.084Z","iobWithZeroTemp":{"iob":0.219,"basaliob":-0.696,"bolussnooze":0.0836,"activity":0.0066,"lastBolusTime":1704216086000,"time":"2024-01-02T19:17:34.084Z"}},{"iob":0.547,"basaliob":-0.305,"bolussnooze":0.0704,"activity":0.0082,"lastBolusTime":1704216086000,"time":"2024-01-02T19:22:34.084Z","iobWithZeroTemp":{"iob":0.156,"basaliob":-0.696,"bolussnooze":0.0704,"activity":0.0058,"lastBolusTime":1704216086000,"time":"2024-01-02T19:22:34.084Z"}},{"iob":0.507,"basaliob":-0.285,"bolussnooze":0.0592,"activity":0.0077,"lastBolusTime":1704216086000,"time":"2024-01-02T19:27:34.084Z","iobWithZeroTemp":{"iob":0.095,"basaliob":-0.697,"bolussnooze":0.0592,"activity":0.005,"lastBolusTime":1704216086000,"time":"2024-01-02T19:27:34.084Z"}},{"iob":0.47,"basaliob":-0.266,"bolussnooze":0.0496,"activity":0.0072,"lastBolusTime":1704216086000,"time":"2024-01-02T19:32:34.084Z","iobWithZeroTemp":{"iob":0.039,"basaliob":-0.697,"bolussnooze":0.0496,"activity":0.0043,"lastBolusTime":1704216086000,"time":"2024-01-02T19:32:34.084Z"}},{"iob":0.435,"basaliob":-0.248,"bolussnooze":0.0414,"activity":0.0067,"lastBolusTime":1704216086000,"time":"2024-01-02T19:37:34.084Z","iobWithZeroTemp":{"iob":-0.015,"basaliob":-0.698,"bolussnooze":0.0414,"activity":0.0036,"lastBolusTime":1704216086000,"time":"2024-01-02T19:37:34.084Z"}},{"iob":0.403,"basaliob":-0.231,"bolussnooze":0.0345,"activity":0.0063,"lastBolusTime":1704216086000,"time":"2024-01-02T19:42:34.084Z","iobWithZeroTemp":{"iob":-0.064,"basaliob":-0.698,"bolussnooze":0.0345,"activity":0.003,"lastBolusTime":1704216086000,"time":"2024-01-02T19:42:34.084Z"}},{"iob":0.373,"basaliob":-0.215,"bolussnooze":0.0287,"activity":0.0059,"lastBolusTime":1704216086000,"time":"2024-01-02T19:47:34.084Z","iobWithZeroTemp":{"iob":-0.111,"basaliob":-0.699,"bolussnooze":0.0287,"activity":0.0024,"lastBolusTime":1704216086000,"time":"2024-01-02T19:47:34.084Z"}},{"iob":0.344,"basaliob":-0.2,"bolussnooze":0.0237,"activity":0.0055,"lastBolusTime":1704216086000,"time":"2024-01-02T19:52:34.084Z","iobWithZeroTemp":{"iob":-0.155,"basaliob":-0.699,"bolussnooze":0.0237,"activity":0.0018,"lastBolusTime":1704216086000,"time":"2024-01-02T19:52:34.084Z"}},{"iob":0.318,"basaliob":-0.186,"bolussnooze":0.0196,"activity":0.0051,"lastBolusTime":1704216086000,"time":"2024-01-02T19:57:34.084Z","iobWithZeroTemp":{"iob":-0.196,"basaliob":-0.7,"bolussnooze":0.0196,"activity":0.0012,"lastBolusTime":1704216086000,"time":"2024-01-02T19:57:34.084Z"}},{"iob":0.293,"basaliob":-0.173,"bolussnooze":0.0161,"activity":0.0047,"lastBolusTime":1704216086000,"time":"2024-01-02T20:02:34.084Z","iobWithZeroTemp":{"iob":-0.234,"basaliob":-0.7,"bolussnooze":0.0161,"activity":7.0E-4,"lastBolusTime":1704216086000,"time":"2024-01-02T20:02:34.084Z"}},{"iob":0.271,"basaliob":-0.16,"bolussnooze":0.0131,"activity":0.0044,"lastBolusTime":1704216086000,"time":"2024-01-02T20:07:34.084Z","iobWithZeroTemp":{"iob":-0.269,"basaliob":-0.7,"bolussnooze":0.0131,"activity":2.0E-4,"lastBolusTime":1704216086000,"time":"2024-01-02T20:07:34.084Z"}},{"iob":0.249,"basaliob":-0.149,"bolussnooze":0.0107,"activity":0.0041,"lastBolusTime":1704216086000,"time":"2024-01-02T20:12:34.084Z","iobWithZeroTemp":{"iob":-0.303,"basaliob":-0.701,"bolussnooze":0.0107,"activity":-2.0E-4,"lastBolusTime":1704216086000,"time":"2024-01-02T20:12:34.084Z"}},{"iob":0.229,"basaliob":-0.138,"bolussnooze":0.0087,"activity":0.0038,"lastBolusTime":1704216086000,"time":"2024-01-02T20:17:34.084Z","iobWithZeroTemp":{"iob":-0.334,"basaliob":-0.701,"bolussnooze":0.0087,"activity":-7.0E-4,"lastBolusTime":1704216086000,"time":"2024-01-02T20:17:34.084Z"}},{"iob":0.211,"basaliob":-0.128,"bolussnooze":0.007,"activity":0.0035,"lastBolusTime":1704216086000,"time":"2024-01-02T20:22:34.084Z","iobWithZeroTemp":{"iob":-0.363,"basaliob":-0.702,"bolussnooze":0.007,"activity":-0.0011,"lastBolusTime":1704216086000,"time":"2024-01-02T20:22:34.084Z"}},{"iob":0.194,"basaliob":-0.118,"bolussnooze":0.0056,"activity":0.0033,"lastBolusTime":1704216086000,"time":"2024-01-02T20:27:34.084Z","iobWithZeroTemp":{"iob":-0.39,"basaliob":-0.702,"bolussnooze":0.0056,"activity":-0.0015,"lastBolusTime":1704216086000,"time":"2024-01-02T20:27:34.084Z"}},{"iob":0.178,"basaliob":-0.109,"bolussnooze":0.0044,"activity":0.0031,"lastBolusTime":1704216086000,"time":"2024-01-02T20:32:34.084Z","iobWithZeroTemp":{"iob":-0.415,"basaliob":-0.702,"bolussnooze":0.0044,"activity":-0.0018,"lastBolusTime":1704216086000,"time":"2024-01-02T20:32:34.084Z"}},{"iob":0.163,"basaliob":-0.101,"bolussnooze":0.0035,"activity":0.0028,"lastBolusTime":1704216086000,"time":"2024-01-02T20:37:34.084Z","iobWithZeroTemp":{"iob":-0.438,"basaliob":-0.702,"bolussnooze":0.0035,"activity":-0.0022,"lastBolusTime":1704216086000,"time":"2024-01-02T20:37:34.084Z"}},{"iob":0.15,"basaliob":-0.093,"bolussnooze":0.0028,"activity":0.0026,"lastBolusTime":1704216086000,"time":"2024-01-02T20:42:34.084Z","iobWithZeroTemp":{"iob":-0.459,"basaliob":-0.702,"bolussnooze":0.0028,"activity":-0.0025,"lastBolusTime":1704216086000,"time":"2024-01-02T20:42:34.084Z"}},{"iob":0.137,"basaliob":-0.086,"bolussnooze":0.0021,"activity":0.0024,"lastBolusTime":1704216086000,"time":"2024-01-02T20:47:34.084Z","iobWithZeroTemp":{"iob":-0.48,"basaliob":-0.703,"bolussnooze":0.0021,"activity":-0.0028,"lastBolusTime":1704216086000,"time":"2024-01-02T20:47:34.084Z"}},{"iob":0.126,"basaliob":-0.079,"bolussnooze":0.0016,"activity":0.0022,"lastBolusTime":1704216086000,"time":"2024-01-02T20:52:34.084Z","iobWithZeroTemp":{"iob":-0.498,"basaliob":-0.703,"bolussnooze":0.0016,"activity":-0.0031,"lastBolusTime":1704216086000,"time":"2024-01-02T20:52:34.084Z"}},{"iob":0.115,"basaliob":-0.073,"bolussnooze":0.0012,"activity":0.0021,"lastBolusTime":1704216086000,"time":"2024-01-02T20:57:34.084Z","iobWithZeroTemp":{"iob":-0.515,"basaliob":-0.703,"bolussnooze":0.0012,"activity":-0.0033,"lastBolusTime":1704216086000,"time":"2024-01-02T20:57:34.084Z"}},{"iob":0.106,"basaliob":-0.067,"bolussnooze":9.0E-4,"activity":0.0019,"lastBolusTime":1704216086000,"time":"2024-01-02T21:02:34.084Z","iobWithZeroTemp":{"iob":-0.53,"basaliob":-0.703,"bolussnooze":9.0E-4,"activity":-0.0036,"lastBolusTime":1704216086000,"time":"2024-01-02T21:02:34.084Z"}},{"iob":0.096,"basaliob":-0.062,"bolussnooze":7.0E-4,"activity":0.0018,"lastBolusTime":1704216086000,"time":"2024-01-02T21:07:34.084Z","iobWithZeroTemp":{"iob":-0.546,"basaliob":-0.704,"bolussnooze":7.0E-4,"activity":-0.0038,"lastBolusTime":1704216086000,"time":"2024-01-02T21:07:34.084Z"}},{"iob":0.088,"basaliob":-0.057,"bolussnooze":5.0E-4,"activity":0.0016,"lastBolusTime":1704216086000,"time":"2024-01-02T21:12:34.084Z","iobWithZeroTemp":{"iob":-0.559,"basaliob":-0.704,"bolussnooze":5.0E-4,"activity":-0.0041,"lastBolusTime":1704216086000,"time":"2024-01-02T21:12:34.084Z"}},{"iob":0.08,"basaliob":-0.052,"bolussnooze":3.0E-4,"activity":0.0015,"lastBolusTime":1704216086000,"time":"2024-01-02T21:17:34.084Z","iobWithZeroTemp":{"iob":-0.571,"basaliob":-0.703,"bolussnooze":3.0E-4,"activity":-0.0043,"lastBolusTime":1704216086000,"time":"2024-01-02T21:17:34.084Z"}},{"iob":0.073,"basaliob":-0.048,"bolussnooze":2.0E-4,"activity":0.0014,"lastBolusTime":1704216086000,"time":"2024-01-02T21:22:34.084Z","iobWithZeroTemp":{"iob":-0.583,"basaliob":-0.704,"bolussnooze":2.0E-4,"activity":-0.0044,"lastBolusTime":1704216086000,"time":"2024-01-02T21:22:34.084Z"}},{"iob":0.067,"basaliob":-0.044,"bolussnooze":1.0E-4,"activity":0.0012,"lastBolusTime":1704216086000,"time":"2024-01-02T21:27:34.084Z","iobWithZeroTemp":{"iob":-0.593,"basaliob":-0.704,"bolussnooze":1.0E-4,"activity":-0.0047,"lastBolusTime":1704216086000,"time":"2024-01-02T21:27:34.084Z"}},{"iob":0.061,"basaliob":-0.04,"bolussnooze":1.0E-4,"activity":0.0012,"lastBolusTime":1704216086000,"time":"2024-01-02T21:32:34.084Z","iobWithZeroTemp":{"iob":-0.603,"basaliob":-0.704,"bolussnooze":1.0E-4,"activity":-0.0047,"lastBolusTime":1704216086000,"time":"2024-01-02T21:32:34.084Z"}},{"iob":0.055,"basaliob":-0.037,"bolussnooze":0,"activity":0.001,"lastBolusTime":1704216086000,"time":"2024-01-02T21:37:34.084Z","iobWithZeroTemp":{"iob":-0.612,"basaliob":-0.704,"bolussnooze":0,"activity":-0.005,"lastBolusTime":1704216086000,"time":"2024-01-02T21:37:34.084Z"}},{"iob":0.05,"basaliob":-0.034,"bolussnooze":0,"activity":0.001,"lastBolusTime":1704216086000,"time":"2024-01-02T21:42:34.084Z","iobWithZeroTemp":{"iob":-0.62,"basaliob":-0.704,"bolussnooze":0,"activity":-0.0051,"lastBolusTime":1704216086000,"time":"2024-01-02T21:42:34.084Z"}},{"iob":0.045,"basaliob":-0.031,"bolussnooze":0,"activity":8.0E-4,"lastBolusTime":1704216086000,"time":"2024-01-02T21:47:34.084Z","iobWithZeroTemp":{"iob":-0.628,"basaliob":-0.704,"bolussnooze":0,"activity":-0.0053,"lastBolusTime":1704216086000,"time":"2024-01-02T21:47:34.084Z"}},{"iob":0.041,"basaliob":-0.028,"bolussnooze":0,"activity":8.0E-4,"lastBolusTime":1704216086000,"time":"2024-01-02T21:52:34.084Z","iobWithZeroTemp":{"iob":-0.635,"basaliob":-0.704,"bolussnooze":0,"activity":-0.0053,"lastBolusTime":1704216086000,"time":"2024-01-02T21:52:34.084Z"}},{"iob":0.037,"basaliob":-0.026,"bolussnooze":0,"activity":7.0E-4,"lastBolusTime":1704216086000,"time":"2024-01-02T21:57:34.084Z","iobWithZeroTemp":{"iob":-0.642,"basaliob":-0.705,"bolussnooze":0,"activity":-0.0055,"lastBolusTime":1704216086000,"time":"2024-01-02T21:57:34.084Z"}},{"iob":0.033,"basaliob":-0.024,"bolussnooze":0,"activity":7.0E-4,"lastBolusTime":1704216086000,"time":"2024-01-02T22:02:34.084Z","iobWithZeroTemp":{"iob":-0.652,"basaliob":-0.709,"bolussnooze":0,"activity":-0.0055,"lastBolusTime":1704216086000,"time":"2024-01-02T22:02:34.084Z"}},{"iob":0.031,"basaliob":-0.021,"bolussnooze":0,"activity":6.0E-4,"lastBolusTime":1704216086000,"time":"2024-01-02T22:07:34.084Z","iobWithZeroTemp":{"iob":-0.66,"basaliob":-0.712,"bolussnooze":0,"activity":-0.0057,"lastBolusTime":1704216086000,"time":"2024-01-02T22:07:34.084Z"}}],"profile":{"max_iob":7,"type":"current","max_daily_basal":0.45,"max_basal":1.35,"min_bg":81.0000000000001,"max_bg":81.0000000000001,"target_bg":81.0000000000001,"carb_ratio":11,"sens":352.8,"max_daily_safety_multiplier":3,"current_basal_safety_multiplier":4,"lgsThreshold":65,"high_temptarget_raises_sensitivity":false,"low_temptarget_lowers_sensitivity":false,"sensitivity_raises_target":true,"resistance_lowers_target":true,"adv_target_adjustments":false,"exercise_mode":false,"half_basal_exercise_target":160,"maxCOB":120,"skip_neutral_temps":false,"remainingCarbsCap":90,"enableUAM":true,"A52_risk_enable":false,"SMBInterval":4,"enableSMB_with_COB":true,"enableSMB_with_temptarget":false,"allowSMB_with_high_temptarget":true,"enableSMB_always":true,"enableSMB_after_carbs":false,"maxSMBBasalMinutes":60,"maxUAMSMBBasalMinutes":60,"bolus_increment":0.05,"carbsReqThreshold":10,"current_basal":0.4,"temptargetSet":true,"autosens_max":1.2,"autosens_min":0.8,"out_units":"mmol\/L","variable_sens":162.9,"insulinDivisor":65,"TDD":9.832706666666665},"autosens_data":{"ratio":0.7402229245216974},"meal_data":{"carbs":58,"mealCOB":31.09664739229027,"slopeFromMaxDeviation":-1.0612499999999994,"slopeFromMinDeviation":7.609000000000002,"lastBolusTime":1704216086000,"lastCarbTime":1704217447000},"microBolusAllowed":true,"currentTime":1704219156358,"flatBGsDetected":false,"tdd1D":29.029333333333327,"tdd7D":23.806904761904768,"tddLast24H":17.62241666666667,"tddLast4H":5.723333333333333,"tddLast8to4H":4.1866666666666665},"output":{"temp":"absolute","bg":135,"tick":"+6","eventualBG":350,"targetBG":81.0000000000001,"insulinReq":0,"deliverAt":"2024-01-02T18:12:36.358Z","sensitivityRatio":0.7402229245216974,"variable_sens":162.9,"predBGs":{"IOB":[135,139,143,145,147,147,147,145,142,138,132,125,117,108,100,92,84,76,68,60,52,44,39],"ZT":[135,121,106,90,74,57,39,39,39,39,39,39,39,39,39,39,39,39,39,39,39,39,39,39,39,39,39,39,39,39,39,39,39,39,39,39,39,39,39,39,39,39,39,39,39,39,39,39],"COB":[135,141,146,152,158,164,170,177,184,190,197,204,211,218,225,232,239,245,252,259,265,272,278,284,290,296,302,307,312,317,321,326,330,333,337,340,342,345,347,348,350,351,351,351,351,351,350],"UAM":[135,138,140,140,138,134,128,119,108,97,86,75,63,50,39]},"reason":"COB: 31.1, Dev: 6.8, BGI: -0.8, ISF: 9.1, CR: 11, Target: 4.5, minPredBG 5.9, minGuardBG -0.3, IOBpredBG 2.2, COBpredBG 19.4, UAMpredBG 2.2; minGuardBG -0.3<3.6 110m left and 0 ~ req 0U\/hr: no temp required","COB":31.09664739229027,"IOB":1.435,"timestamp":"2024-01-02T18:12:36.382Z"}}