{"algorithm":"OpenAPSSMBDynamicISFPlugin","input":{"glucoseStatus":{"glucose":82,"noise":0,"delta":3,"short_avgdelta":3,"long_avgdelta":2.65,"date":1704158229920},"currenttemp":{"temp":"absolute","duration":7,"rate":0,"minutesrunning":23},"iob_data":[{"iob":-0.443,"basaliob":-0.558,"bolussnooze":0,"activity":-0.0035,"lastBolusTime":1704149566000,"time":"2024-01-02T01:17:27.862Z","iobWithZeroTemp":{"iob":-0.443,"basaliob":-0.558,"bolussnooze":0,"activity":-0.0035,"lastBolusTime":1704149566000,"time":"2024-01-02T01:17:27.862Z"}},{"iob":-0.426,"basaliob":-0.532,"bolussnooze":0,"activity":-0.0036,"lastBolusTime":1704149566000,"time":"2024-01-02T01:22:27.862Z","iobWithZeroTemp":{"iob":-0.444,"basaliob":-0.55,"bolussnooze":0,"activity":-0.0036,"lastBolusTime":1704149566000,"time":"2024-01-02T01:22:27.862Z"}},{"iob":-0.408,"basaliob":-0.506,"bolussnooze":0,"activity":-0.0036,"lastBolusTime":1704149566000,"time":"2024-01-02T01:27:27.862Z","iobWithZeroTemp":{"iob":-0.448,"basaliob":-0.546,"bolussnooze":0,"activity":-0.0037,"lastBolusTime":1704149566000,"time":"2024-01-02T01:27:27.862Z"}},{"iob":-0.39,"basaliob":-0.48,"bolussnooze":0,"activity":-0.0036,"lastBolusTime":1704149566000,"time":"2024-01-02T01:32:27.862Z","iobWithZeroTemp":{"iob":-0.452,"basaliob":-0.542,"bolussnooze":0,"activity":-0.0037,"lastBolusTime":1704149566000,"time":"2024-01-02T01:32:27.862Z"}},{"iob":-0.372,"basaliob":-0.455,"bolussnooze":0,"activity":-0.0036,"lastBolusTime":1704149566000,"time":"2024-01-02T01:37:27.862Z","iobWithZeroTemp":{"iob":-0.456,"basaliob":-0.539,"bolussnooze":0,"activity":-0.0038,"lastBolusTime":1704149566000,"time":"2024-01-02T01:37:27.862Z"}},{"iob":-0.353,"basaliob":-0.43,"bolussnooze":0,"activity":-0.0036,"lastBolusTime":1704149566000,"time":"2024-01-02T01:42:27.862Z","iobWithZeroTemp":{"iob":-0.458,"basaliob":-0.535,"bolussnooze":0,"activity":-0.0039,"lastBolusTime":1704149566000,"time":"2024-01-02T01:42:27.862Z"}},{"iob":-0.335,"basaliob":-0.406,"bolussnooze":0,"activity":-0.0035,"lastBolusTime":1704149566000,"time":"2024-01-02T01:47:27.862Z","iobWithZeroTemp":{"iob":-0.461,"basaliob":-0.532,"bolussnooze":0,"activity":-0.004,"lastBolusTime":1704149566000,"time":"2024-01-02T01:47:27.862Z"}},{"iob":-0.318,"basaliob":-0.383,"bolussnooze":0,"activity":-0.0035,"lastBolusTime":1704149566000,"time":"2024-01-02T01:52:27.862Z","iobWithZeroTemp":{"iob":-0.464,"basaliob":-0.529,"bolussnooze":0,"activity":-0.0041,"lastBolusTime":1704149566000,"time":"2024-01-02T01:52:27.862Z"}},{"iob":-0.3,"basaliob":-0.36,"bolussnooze":0,"activity":-0.0034,"lastBolusTime":1704149566000,"time":"2024-01-02T01:57:27.862Z","iobWithZeroTemp":{"iob":-0.465,"basaliob":-0.525,"bolussnooze":0,"activity":-0.0041,"lastBolusTime":1704149566000,"time":"2024-01-02T01:57:27.862Z"}},{"iob":-0.284,"basaliob":-0.339,"bolussnooze":0,"activity":-0.0033,"lastBolusTime":1704149566000,"time":"2024-01-02T02:02:27.862Z","iobWithZeroTemp":{"iob":-0.467,"basaliob":-0.522,"bolussnooze":0,"activity":-0.0042,"lastBolusTime":1704149566000,"time":"2024-01-02T02:02:27.862Z"}},{"iob":-0.267,"basaliob":-0.318,"bolussnooze":0,"activity":-0.0031,"lastBolusTime":1704149566000,"time":"2024-01-02T02:07:27.862Z","iobWithZeroTemp":{"iob":-0.468,"basaliob":-0.519,"bolussnooze":0,"activity":-0.0041,"lastBolusTime":1704149566000,"time":"2024-01-02T02:07:27.862Z"}},{"iob":-0.253,"basaliob":-0.299,"bolussnooze":0,"activity":-0.0031,"lastBolusTime":1704149566000,"time":"2024-01-02T02:12:27.862Z","iobWithZeroTemp":{"iob":-0.471,"basaliob":-0.517,"bolussnooze":0,"activity":-0.0043,"lastBolusTime":1704149566000,"time":"2024-01-02T02:12:27.862Z"}},{"iob":-0.237,"basaliob":-0.28,"bolussnooze":0,"activity":-0.003,"lastBolusTime":1704149566000,"time":"2024-01-02T02:17:27.862Z","iobWithZeroTemp":{"iob":-0.471,"basaliob":-0.514,"bolussnooze":0,"activity":-0.0043,"lastBolusTime":1704149566000,"time":"2024-01-02T02:17:27.862Z"}},{"iob":-0.223,"basaliob":-0.262,"bolussnooze":0,"activity":-0.0028,"lastBolusTime":1704149566000,"time":"2024-01-02T02:22:27.862Z","iobWithZeroTemp":{"iob":-0.473,"basaliob":-0.512,"bolussnooze":0,"activity":-0.0043,"lastBolusTime":1704149566000,"time":"2024-01-02T02:22:27.862Z"}},{"iob":-0.209,"basaliob":-0.245,"bolussnooze":0,"activity":-0.0027,"lastBolusTime":1704149566000,"time":"2024-01-02T02:27:27.862Z","iobWithZeroTemp":{"iob":-0.473,"basaliob":-0.509,"bolussnooze":0,"activity":-0.0043,"lastBolusTime":1704149566000,"time":"2024-01-02T02:27:27.862Z"}},{"iob":-0.196,"basaliob":-0.229,"bolussnooze":0,"activity":-0.0025,"lastBolusTime":1704149566000,"time":"2024-01-02T02:32:27.862Z","iobWithZeroTemp":{"iob":-0.474,"basaliob":-0.507,"bolussnooze":0,"activity":-0.0043,"lastBolusTime":1704149566000,"time":"2024-01-02T02:32:27.862Z"}},{"iob":-0.184,"basaliob":-0.214,"bolussnooze":0,"activity":-0.0025,"lastBolusTime":1704149566000,"time":"2024-01-02T02:37:27.862Z","iobWithZeroTemp":{"iob":-0.475,"basaliob":-0.505,"bolussnooze":0,"activity":-0.0044,"lastBolusTime":1704149566000,"time":"2024-01-02T02:37:27.862Z"}},{"iob":-0.172,"basaliob":-0.199,"bolussnooze":0,"activity":-0.0023,"lastBolusTime":1704149566000,"time":"2024-01-02T02:42:27.862Z","iobWithZeroTemp":{"iob":-0.476,"basaliob":-0.503,"bolussnooze":0,"activity":-0.0044,"lastBolusTime":1704149566000,"time":"2024-01-02T02:42:27.862Z"}},{"iob":-0.161,"basaliob":-0.186,"bolussnooze":0,"activity":-0.0021,"lastBolusTime":1704149566000,"time":"2024-01-02T02:47:27.862Z","iobWithZeroTemp":{"iob":-0.476,"basaliob":-0.501,"bolussnooze":0,"activity":-0.0043,"lastBolusTime":1704149566000,"time":"2024-01-02T02:47:27.862Z"}},{"iob":-0.15,"basaliob":-0.173,"bolussnooze":0,"activity":-0.0021,"lastBolusTime":1704149566000,"time":"2024-01-02T02:52:27.862Z","iobWithZeroTemp":{"iob":-0.477,"basaliob":-0.5,"bolussnooze":0,"activity":-0.0045,"lastBolusTime":1704149566000,"time":"2024-01-02T02:52:27.862Z"}},{"iob":-0.14,"basaliob":-0.161,"bolussnooze":0,"activity":-0.0019,"lastBolusTime":1704149566000,"time":"2024-01-02T02:57:27.862Z","iobWithZeroTemp":{"iob":-0.477,"basaliob":-0.498,"bolussnooze":0,"activity":-0.0044,"lastBolusTime":1704149566000,"time":"2024-01-02T02:57:27.862Z"}},{"iob":-0.13,"basaliob":-0.149,"bolussnooze":0,"activity":-0.0018,"lastBolusTime":1704149566000,"time":"2024-01-02T03:02:27.862Z","iobWithZeroTemp":{"iob":-0.477,"basaliob":-0.496,"bolussnooze":0,"activity":-0.0044,"lastBolusTime":1704149566000,"time":"2024-01-02T03:02:27.862Z"}},{"iob":-0.122,"basaliob":-0.139,"bolussnooze":0,"activity":-0.0018,"lastBolusTime":1704149566000,"time":"2024-01-02T03:07:27.862Z","iobWithZeroTemp":{"iob":-0.483,"basaliob":-0.5,"bolussnooze":0,"activity":-0.0045,"lastBolusTime":1704149566000,"time":"2024-01-02T03:07:27.862Z"}},{"iob":-0.113,"basaliob":-0.129,"bolussnooze":0,"activity":-0.0016,"lastBolusTime":1704149566000,"time":"2024-01-02T03:12:27.862Z","iobWithZeroTemp":{"iob":-0.485,"basaliob":-0.501,"bolussnooze":0,"activity":-0.0044,"lastBolusTime":1704149566000,"time":"2024-01-02T03:12:27.862Z"}},{"iob":-0.105,"basaliob":-0.119,"bolussnooze":0,"activity":-0.0015,"lastBolusTime":1704149566000,"time":"2024-01-02T03:17:27.862Z","iobWithZeroTemp":{"iob":-0.487,"basaliob":-0.501,"bolussnooze":0,"activity":-0.0045,"lastBolusTime":1704149566000,"time":"2024-01-02T03:17:27.862Z"}},{"iob":-0.097,"basaliob":-0.11,"bolussnooze":0,"activity":-0.0014,"lastBolusTime":1704149566000,"time":"2024-01-02T03:22:27.862Z","iobWithZeroTemp":{"iob":-0.489,"basaliob":-0.502,"bolussnooze":0,"activity":-0.0045,"lastBolusTime":1704149566000,"time":"2024-01-02T03:22:27.862Z"}},{"iob":-0.09,"basaliob":-0.102,"bolussnooze":0,"activity":-0.0014,"lastBolusTime":1704149566000,"time":"2024-01-02T03:27:27.862Z","iobWithZeroTemp":{"iob":-0.492,"basaliob":-0.504,"bolussnooze":0,"activity":-0.0046,"lastBolusTime":1704149566000,"time":"2024-01-02T03:27:27.862Z"}},{"iob":-0.084,"basaliob":-0.095,"bolussnooze":0,"activity":-0.0013,"lastBolusTime":1704149566000,"time":"2024-01-02T03:32:27.862Z","iobWithZeroTemp":{"iob":-0.494,"basaliob":-0.505,"bolussnooze":0,"activity":-0.0046,"lastBolusTime":1704149566000,"time":"2024-01-02T03:32:27.862Z"}},{"iob":-0.077,"basaliob":-0.087,"bolussnooze":0,"activity":-0.0012,"lastBolusTime":1704149566000,"time":"2024-01-02T03:37:27.862Z","iobWithZeroTemp":{"iob":-0.496,"basaliob":-0.506,"bolussnooze":0,"activity":-0.0046,"lastBolusTime":1704149566000,"time":"2024-01-02T03:37:27.862Z"}},{"iob":-0.072,"basaliob":-0.081,"bolussnooze":0,"activity":-0.0011,"lastBolusTime":1704149566000,"time":"2024-01-02T03:42:27.862Z","iobWithZeroTemp":{"iob":-0.499,"basaliob":-0.508,"bolussnooze":0,"activity":-0.0046,"lastBolusTime":1704149566000,"time":"2024-01-02T03:42:27.862Z"}},{"iob":-0.066,"basaliob":-0.074,"bolussnooze":0,"activity":-0.001,"lastBolusTime":1704149566000,"time":"2024-01-02T03:47:27.862Z","iobWithZeroTemp":{"iob":-0.5,"basaliob":-0.508,"bolussnooze":0,"activity":-0.0046,"lastBolusTime":1704149566000,"time":"2024-01-02T03:47:27.862Z"}},{"iob":-0.062,"basaliob":-0.069,"bolussnooze":0,"activity":-0.001,"lastBolusTime":1704149566000,"time":"2024-01-02T03:52:27.862Z","iobWithZeroTemp":{"iob":-0.503,"basaliob":-0.51,"bolussnooze":0,"activity":-0.0047,"lastBolusTime":1704149566000,"time":"2024-01-02T03:52:27.862Z"}},{"iob":-0.057,"basaliob":-0.063,"bolussnooze":0,"activity":-9.0E-4,"lastBolusTime":1704149566000,"time":"2024-01-02T03:57:27.862Z","iobWithZeroTemp":{"iob":-0.504,"basaliob":-0.51,"bolussnooze":0,"activity":-0.0047,"lastBolusTime":1704149566000,"time":"2024-01-02T03:57:27.862Z"}},{"iob":-0.052,"basaliob":-0.058,"bolussnooze":0,"activity":-9.0E-4,"lastBolusTime":1704149566000,"time":"2024-01-02T04:02:27.862Z","iobWithZeroTemp":{"iob":-0.505,"basaliob":-0.511,"bolussnooze":0,"activity":-0.0047,"lastBolusTime":1704149566000,"time":"2024-01-02T04:02:27.862Z"}},{"iob":-0.049,"basaliob":-0.054,"bolussnooze":0,"activity":-8.0E-4,"lastBolusTime":1704149566000,"time":"2024-01-02T04:07:27.862Z","iobWithZeroTemp":{"iob":-0.524,"basaliob":-0.529,"bolussnooze":0,"activity":-0.0047,"lastBolusTime":1704149566000,"time":"2024-01-02T04:07:27.862Z"}},{"iob":-0.044,"basaliob":-0.049,"bolussnooze":0,"activity":-7.0E-4,"lastBolusTime":1704149566000,"time":"2024-01-02T04:12:27.862Z","iobWithZeroTemp":{"iob":-0.533,"basaliob":-0.538,"bolussnooze":0,"activity":-0.0047,"lastBolusTime":1704149566000,"time":"2024-01-02T04:12:27.862Z"}},{"iob":-0.041,"basaliob":-0.045,"bolussnooze":0,"activity":-7.0E-4,"lastBolusTime":1704149566000,"time":"2024-01-02T04:17:27.862Z","iobWithZeroTemp":{"iob":-0.543,"basaliob":-0.547,"bolussnooze":0,"activity":-0.0048,"lastBolusTime":1704149566000,"time":"2024-01-02T04:17:27.862Z"}},{"iob":-0.038,"basaliob":-0.042,"bolussnooze":0,"activity":-6.0E-4,"lastBolusTime":1704149566000,"time":"2024-01-02T04:22:27.862Z","iobWithZeroTemp":{"iob":-0.552,"basaliob":-0.556,"bolussnooze":0,"activity":-0.0048,"lastBolusTime":1704149566000,"time":"2024-01-02T04:22:27.862Z"}},{"iob":-0.035,"basaliob":-0.038,"bolussnooze":0,"activity":-6.0E-4,"lastBolusTime":1704149566000,"time":"2024-01-02T04:27:27.862Z","iobWithZeroTemp":{"iob":-0.561,"basaliob":-0.564,"bolussnooze":0,"activity":-0.005,"lastBolusTime":1704149566000,"time":"2024-01-02T04:27:27.862Z"}},{"iob":-0.032,"basaliob":-0.035,"bolussnooze":0,"activity":-5.0E-4,"lastBolusTime":1704149566000,"time":"2024-01-02T04:32:27.862Z","iobWithZeroTemp":{"iob":-0.569,"basaliob":-0.572,"bolussnooze":0,"activity":-0.005,"lastBolusTime":1704149566000,"time":"2024-01-02T04:32:27.862Z"}},{"iob":-0.029,"basaliob":-0.032,"bolussnooze":0,"activity":-5.0E-4,"lastBolusTime":1704149566000,"time":"2024-01-02T04:37:27.862Z","iobWithZeroTemp":{"iob":-0.577,"basaliob":-0.58,"bolussnooze":0,"activity":-0.0051,"lastBolusTime":1704149566000,"time":"2024-01-02T04:37:27.862Z"}},{"iob":-0.027,"basaliob":-0.029,"bolussnooze":0,"activity":-4.0E-4,"lastBolusTime":1704149566000,"time":"2024-01-02T04:42:27.862Z","iobWithZeroTemp":{"iob":-0.585,"basaliob":-0.587,"bolussnooze":0,"activity":-0.0051,"lastBolusTime":1704149566000,"time":"2024-01-02T04:42:27.862Z"}},{"iob":-0.025,"basaliob":-0.027,"bolussnooze":0,"activity":-5.0E-4,"lastBolusTime":1704149566000,"time":"2024-01-02T04:47:27.862Z","iobWithZeroTemp":{"iob":-0.593,"basaliob":-0.595,"bolussnooze":0,"activity":-0.0053,"lastBolusTime":1704149566000,"time":"2024-01-02T04:47:27.862Z"}},{"iob":-0.023,"basaliob":-0.025,"bolussnooze":0,"activity":-4.0E-4,"lastBolusTime":1704149566000,"time":"2024-01-02T04:52:27.862Z","iobWithZeroTemp":{"iob":-0.6,"basaliob":-0.602,"bolussnooze":0,"activity":-0.0053,"lastBolusTime":1704149566000,"time":"2024-01-02T04:52:27.862Z"}},{"iob":-0.021,"basaliob":-0.023,"bolussnooze":0,"activity":-4.0E-4,"lastBolusTime":1704149566000,"time":"2024-01-02T04:57:27.862Z","iobWithZeroTemp":{"iob":-0.606,"basaliob":-0.608,"bolussnooze":0,"activity":-0.0054,"lastBolusTime":1704149566000,"time":"2024-01-02T04:57:27.862Z"}},{"iob":-0.02,"basaliob":-0.021,"bolussnooze":0,"activity":-4.0E-4,"lastBolusTime":1704149566000,"time":"2024-01-02T05:02:27.862Z","iobWithZeroTemp":{"iob":-0.614,"basaliob":-0.615,"bolussnooze":0,"activity":-0.0055,"lastBolusTime":1704149566000,"time":"2024-01-02T05:02:27.862Z"}},{"iob":-0.018,"basaliob":-0.019,"bolussnooze":0,"activity":-3.0E-4,"lastBolusTime":1704149566000,"time":"2024-01-02T05:07:27.862Z","iobWithZeroTemp":{"iob":-0.619,"basaliob":-0.62,"bolussnooze":0,"activity":-0.0055,"lastBolusTime":1704149566000,"time":"2024-01-02T05:07:27.862Z"}},{"iob":-0.016,"basaliob":-0.017,"bolussnooze":0,"activity":-3.0E-4,"lastBolusTime":1704149566000,"time":"2024-01-02T05:12:27.862Z","iobWithZeroTemp":{"iob":-0.625,"basaliob":-0.626,"bolussnooze":0,"activity":-0.0056,"lastBolusTime":1704149566000,"time":"2024-01-02T05:12:27.862Z"}}],"profile":{"max_iob":7,"type":"current","max_daily_basal":0.45,"max_basal":1.08,"min_bg":144,"max_bg":144,"target_bg":144,"carb_ratio":11,"sens":369,"max_daily_safety_multiplier":3,"current_basal_safety_multiplier":4,"lgsThreshold":65,"high_temptarget_raises_sensitivity":false,"low_temptarget_lowers_sensitivity":false,"sensitivity_raises_target":true,"resistance_lowers_target":true,"adv_target_adjustments":false,"exercise_mode":false,"half_basal_exercise_target":160,"maxCOB":120,"skip_neutral_temps":false,"remainingCarbsCap":90,"enableUAM":true,"A52_risk_enable":false,"SMBInterval":4,"enableSMB_with_COB":true,"enableSMB_with_temptarget":false,"allowSMB_with_high_temptarget":true,"enableSMB_always":true,"enableSMB_after_carbs":false,"maxSMBBasalMinutes":60,"maxUAMSMBBasalMinutes":60,"bolus_increment":0.05,"carbsReqThreshold":10,"current_basal":0.27,"temptargetSet":true,"autosens_max":1.2,"autosens_min":0.8,"out_units":"mmol\/L","variable_sens":312.6,"insulinDivisor":65,"TDD":7.055422541666666},"autosens_data":{"ratio":1.1436107971876908},"meal_data":{"carbs":0,"mealCOB":0,"slopeFromMaxDeviation":0,"slopeFromMinDeviation":0.27722222222222226,"lastBolusTime":1704149566000,"lastCarbTime":0},"microBolusAllowed":true,"currentTime":1704158250009,"flatBGsDetected":false,"tdd1D":29.029333333333327,"tdd7D":23.806904761904768,"tddLast24H":27.22583333333334,"tddLast4H":0.9095833333333333,"tddLast8to4H":2.06},"output":{"temp":"absolute","bg":82,"tick":"+3","eventualBG":203,"targetBG":144,"insulinReq":0,"deliverAt":"2024-01-02T01:17:30.009Z","sensitivityRatio":1.1436107971876908,"variable_sens":312.6,"predBGs":{"IOB":[82,85,89,92,96,99,103,107,110,114,118,121,125,129,132,135,138,141,143,146,148,150,152,154,155,157,158,160,161,162,164,165,166,167,167,168,169,170,170,171,171,172,172,173,173,173,174],"ZT":[82,87,93,98,103,108,113,119,124,128,133,138,143]},"reason":"COB: 0, Dev: -0.9, BGI: 0.3, ISF: 17.4, CR: 11, Target: 8.0, minPredBG 7.9, minGuardBG 4.7, IOBpredBG 9.7; minGuardBG 4.7<5.1","COB":0,"IOB":-0.443,"duration":30,"rate":0,"timestamp":"2024-01-02T01:17:30.033Z"}}