{"algorithm":"OpenAPSSMBDynamicISFPlugin","input":{"glucoseStatus":{"glucose":153,"noise":0,"delta":-8,"short_avgdelta":-7.61,"long_avgdelta":-7.92,"date":1704369430906},"currenttemp":{"temp":"absolute","duration":105,"rate":0,"minutesrunning":15},"iob_data":[{"iob":1.445,"basaliob":-0.683,"bolussnooze":0.0546,"activity":0.0194,"lastBolusTime":1704365566000,"time":"2024-01-04T11:57:33.933Z","iobWithZeroTemp":{"iob":1.445,"basaliob":-0.683,"bolussnooze":0.0546,"activity":0.0194,"lastBolusTime":1704365566000,"time":"2024-01-04T11:57:33.933Z"}},{"iob":1.35,"basaliob":-0.652,"bolussnooze":0.046,"activity":0.0184,"lastBolusTime":1704365566000,"time":"2024-01-04T12:02:33.933Z","iobWithZeroTemp":{"iob":1.323,"basaliob":-0.679,"bolussnooze":0.046,"activity":0.0184,"lastBolusTime":1704365566000,"time":"2024-01-04T12:02:33.933Z"}},{"iob":1.261,"basaliob":-0.62,"bolussnooze":0.0387,"activity":0.0173,"lastBolusTime":1704365566000,"time":"2024-01-04T12:07:33.933Z","iobWithZeroTemp":{"iob":1.201,"basaliob":-0.68,"bolussnooze":0.0387,"activity":0.0172,"lastBolusTime":1704365566000,"time":"2024-01-04T12:07:33.933Z"}},{"iob":1.177,"basaliob":-0.589,"bolussnooze":0.0324,"activity":0.0164,"lastBolusTime":1704365566000,"time":"2024-01-04T12:12:33.933Z","iobWithZeroTemp":{"iob":1.085,"basaliob":-0.681,"bolussnooze":0.0324,"activity":0.0162,"lastBolusTime":1704365566000,"time":"2024-01-04T12:12:33.933Z"}},{"iob":1.096,"basaliob":-0.559,"bolussnooze":0.027,"activity":0.0155,"lastBolusTime":1704365566000,"time":"2024-01-04T12:17:33.933Z","iobWithZeroTemp":{"iob":0.971,"basaliob":-0.684,"bolussnooze":0.027,"activity":0.0152,"lastBolusTime":1704365566000,"time":"2024-01-04T12:17:33.933Z"}},{"iob":1.021,"basaliob":-0.529,"bolussnooze":0.0225,"activity":0.0146,"lastBolusTime":1704365566000,"time":"2024-01-04T12:22:33.933Z","iobWithZeroTemp":{"iob":0.865,"basaliob":-0.685,"bolussnooze":0.0225,"activity":0.0141,"lastBolusTime":1704365566000,"time":"2024-01-04T12:22:33.933Z"}},{"iob":0.95,"basaliob":-0.5,"bolussnooze":0.0186,"activity":0.0138,"lastBolusTime":1704365566000,"time":"2024-01-04T12:27:33.933Z","iobWithZeroTemp":{"iob":0.764,"basaliob":-0.686,"bolussnooze":0.0186,"activity":0.0131,"lastBolusTime":1704365566000,"time":"2024-01-04T12:27:33.933Z"}},{"iob":0.884,"basaliob":-0.471,"bolussnooze":0.0154,"activity":0.013,"lastBolusTime":1704365566000,"time":"2024-01-04T12:32:33.933Z","iobWithZeroTemp":{"iob":0.668,"basaliob":-0.687,"bolussnooze":0.0154,"activity":0.0121,"lastBolusTime":1704365566000,"time":"2024-01-04T12:32:33.933Z"}},{"iob":0.821,"basaliob":-0.444,"bolussnooze":0.0127,"activity":0.0122,"lastBolusTime":1704365566000,"time":"2024-01-04T12:37:33.933Z","iobWithZeroTemp":{"iob":0.577,"basaliob":-0.688,"bolussnooze":0.0127,"activity":0.0111,"lastBolusTime":1704365566000,"time":"2024-01-04T12:37:33.933Z"}},{"iob":0.762,"basaliob":-0.418,"bolussnooze":0.0104,"activity":0.0114,"lastBolusTime":1704365566000,"time":"2024-01-04T12:42:33.933Z","iobWithZeroTemp":{"iob":0.49,"basaliob":-0.69,"bolussnooze":0.0104,"activity":0.0101,"lastBolusTime":1704365566000,"time":"2024-01-04T12:42:33.933Z"}},{"iob":0.707,"basaliob":-0.393,"bolussnooze":0.0085,"activity":0.0107,"lastBolusTime":1704365566000,"time":"2024-01-04T12:47:33.933Z","iobWithZeroTemp":{"iob":0.409,"basaliob":-0.691,"bolussnooze":0.0085,"activity":0.0092,"lastBolusTime":1704365566000,"time":"2024-01-04T12:47:33.933Z"}},{"iob":0.655,"basaliob":-0.369,"bolussnooze":0.0069,"activity":0.01,"lastBolusTime":1704365566000,"time":"2024-01-04T12:52:33.933Z","iobWithZeroTemp":{"iob":0.332,"basaliob":-0.692,"bolussnooze":0.0069,"activity":0.0082,"lastBolusTime":1704365566000,"time":"2024-01-04T12:52:33.933Z"}},{"iob":0.607,"basaliob":-0.346,"bolussnooze":0.0055,"activity":0.0093,"lastBolusTime":1704365566000,"time":"2024-01-04T12:57:33.933Z","iobWithZeroTemp":{"iob":0.26,"basaliob":-0.693,"bolussnooze":0.0055,"activity":0.0073,"lastBolusTime":1704365566000,"time":"2024-01-04T12:57:33.933Z"}},{"iob":0.562,"basaliob":-0.324,"bolussnooze":0.0045,"activity":0.0087,"lastBolusTime":1704365566000,"time":"2024-01-04T13:02:33.933Z","iobWithZeroTemp":{"iob":0.192,"basaliob":-0.694,"bolussnooze":0.0045,"activity":0.0065,"lastBolusTime":1704365566000,"time":"2024-01-04T13:02:33.933Z"}},{"iob":0.52,"basaliob":-0.303,"bolussnooze":0.0035,"activity":0.0081,"lastBolusTime":1704365566000,"time":"2024-01-04T13:07:33.933Z","iobWithZeroTemp":{"iob":0.129,"basaliob":-0.694,"bolussnooze":0.0035,"activity":0.0057,"lastBolusTime":1704365566000,"time":"2024-01-04T13:07:33.933Z"}},{"iob":0.481,"basaliob":-0.283,"bolussnooze":0.0028,"activity":0.0075,"lastBolusTime":1704365566000,"time":"2024-01-04T13:12:33.933Z","iobWithZeroTemp":{"iob":0.069,"basaliob":-0.695,"bolussnooze":0.0028,"activity":0.0048,"lastBolusTime":1704365566000,"time":"2024-01-04T13:12:33.933Z"}},{"iob":0.445,"basaliob":-0.264,"bolussnooze":0.0022,"activity":0.007,"lastBolusTime":1704365566000,"time":"2024-01-04T13:17:33.933Z","iobWithZeroTemp":{"iob":0.014,"basaliob":-0.695,"bolussnooze":0.0022,"activity":0.0041,"lastBolusTime":1704365566000,"time":"2024-01-04T13:17:33.933Z"}},{"iob":0.41,"basaliob":-0.247,"bolussnooze":0.0017,"activity":0.0065,"lastBolusTime":1704365566000,"time":"2024-01-04T13:22:33.933Z","iobWithZeroTemp":{"iob":-0.04,"basaliob":-0.697,"bolussnooze":0.0017,"activity":0.0034,"lastBolusTime":1704365566000,"time":"2024-01-04T13:22:33.933Z"}},{"iob":0.378,"basaliob":-0.23,"bolussnooze":0.0013,"activity":0.0061,"lastBolusTime":1704365566000,"time":"2024-01-04T13:27:33.933Z","iobWithZeroTemp":{"iob":-0.089,"basaliob":-0.697,"bolussnooze":0.0013,"activity":0.0028,"lastBolusTime":1704365566000,"time":"2024-01-04T13:27:33.933Z"}},{"iob":0.349,"basaliob":-0.214,"bolussnooze":0.001,"activity":0.0057,"lastBolusTime":1704365566000,"time":"2024-01-04T13:32:33.933Z","iobWithZeroTemp":{"iob":-0.135,"basaliob":-0.698,"bolussnooze":0.001,"activity":0.0022,"lastBolusTime":1704365566000,"time":"2024-01-04T13:32:33.933Z"}},{"iob":0.321,"basaliob":-0.199,"bolussnooze":7.0E-4,"activity":0.0053,"lastBolusTime":1704365566000,"time":"2024-01-04T13:37:33.933Z","iobWithZeroTemp":{"iob":-0.178,"basaliob":-0.698,"bolussnooze":7.0E-4,"activity":0.0016,"lastBolusTime":1704365566000,"time":"2024-01-04T13:37:33.933Z"}},{"iob":0.296,"basaliob":-0.185,"bolussnooze":5.0E-4,"activity":0.0049,"lastBolusTime":1704365566000,"time":"2024-01-04T13:42:33.933Z","iobWithZeroTemp":{"iob":-0.218,"basaliob":-0.699,"bolussnooze":5.0E-4,"activity":0.001,"lastBolusTime":1704365566000,"time":"2024-01-04T13:42:33.933Z"}},{"iob":0.272,"basaliob":-0.172,"bolussnooze":4.0E-4,"activity":0.0045,"lastBolusTime":1704365566000,"time":"2024-01-04T13:47:33.933Z","iobWithZeroTemp":{"iob":-0.255,"basaliob":-0.699,"bolussnooze":4.0E-4,"activity":5.0E-4,"lastBolusTime":1704365566000,"time":"2024-01-04T13:47:33.933Z"}},{"iob":0.25,"basaliob":-0.16,"bolussnooze":3.0E-4,"activity":0.0042,"lastBolusTime":1704365566000,"time":"2024-01-04T13:52:33.933Z","iobWithZeroTemp":{"iob":-0.29,"basaliob":-0.7,"bolussnooze":3.0E-4,"activity":0,"lastBolusTime":1704365566000,"time":"2024-01-04T13:52:33.933Z"}},{"iob":0.23,"basaliob":-0.148,"bolussnooze":2.0E-4,"activity":0.004,"lastBolusTime":1704365566000,"time":"2024-01-04T13:57:33.933Z","iobWithZeroTemp":{"iob":-0.322,"basaliob":-0.7,"bolussnooze":2.0E-4,"activity":-3.0E-4,"lastBolusTime":1704365566000,"time":"2024-01-04T13:57:33.933Z"}},{"iob":0.211,"basaliob":-0.137,"bolussnooze":1.0E-4,"activity":0.0036,"lastBolusTime":1704365566000,"time":"2024-01-04T14:02:33.933Z","iobWithZeroTemp":{"iob":-0.352,"basaliob":-0.7,"bolussnooze":1.0E-4,"activity":-9.0E-4,"lastBolusTime":1704365566000,"time":"2024-01-04T14:02:33.933Z"}},{"iob":0.194,"basaliob":-0.127,"bolussnooze":1.0E-4,"activity":0.0033,"lastBolusTime":1704365566000,"time":"2024-01-04T14:07:33.933Z","iobWithZeroTemp":{"iob":-0.38,"basaliob":-0.701,"bolussnooze":1.0E-4,"activity":-0.0013,"lastBolusTime":1704365566000,"time":"2024-01-04T14:07:33.933Z"}},{"iob":0.178,"basaliob":-0.117,"bolussnooze":0,"activity":0.0031,"lastBolusTime":1704365566000,"time":"2024-01-04T14:12:33.933Z","iobWithZeroTemp":{"iob":-0.406,"basaliob":-0.701,"bolussnooze":0,"activity":-0.0017,"lastBolusTime":1704365566000,"time":"2024-01-04T14:12:33.933Z"}},{"iob":0.162,"basaliob":-0.109,"bolussnooze":0,"activity":0.0029,"lastBolusTime":1704365566000,"time":"2024-01-04T14:17:33.933Z","iobWithZeroTemp":{"iob":-0.431,"basaliob":-0.702,"bolussnooze":0,"activity":-0.002,"lastBolusTime":1704365566000,"time":"2024-01-04T14:17:33.933Z"}},{"iob":0.149,"basaliob":-0.1,"bolussnooze":0,"activity":0.0026,"lastBolusTime":1704365566000,"time":"2024-01-04T14:22:33.933Z","iobWithZeroTemp":{"iob":-0.452,"basaliob":-0.701,"bolussnooze":0,"activity":-0.0024,"lastBolusTime":1704365566000,"time":"2024-01-04T14:22:33.933Z"}},{"iob":0.136,"basaliob":-0.093,"bolussnooze":0,"activity":0.0024,"lastBolusTime":1704365566000,"time":"2024-01-04T14:27:33.933Z","iobWithZeroTemp":{"iob":-0.473,"basaliob":-0.702,"bolussnooze":0,"activity":-0.0027,"lastBolusTime":1704365566000,"time":"2024-01-04T14:27:33.933Z"}},{"iob":0.124,"basaliob":-0.086,"bolussnooze":0,"activity":0.0022,"lastBolusTime":1704365566000,"time":"2024-01-04T14:32:33.933Z","iobWithZeroTemp":{"iob":-0.493,"basaliob":-0.703,"bolussnooze":0,"activity":-0.003,"lastBolusTime":1704365566000,"time":"2024-01-04T14:32:33.933Z"}},{"iob":0.114,"basaliob":-0.079,"bolussnooze":0,"activity":0.0021,"lastBolusTime":1704365566000,"time":"2024-01-04T14:37:33.933Z","iobWithZeroTemp":{"iob":-0.51,"basaliob":-0.703,"bolussnooze":0,"activity":-0.0032,"lastBolusTime":1704365566000,"time":"2024-01-04T14:37:33.933Z"}},{"iob":0.103,"basaliob":-0.073,"bolussnooze":0,"activity":0.0019,"lastBolusTime":1704365566000,"time":"2024-01-04T14:42:33.933Z","iobWithZeroTemp":{"iob":-0.527,"basaliob":-0.703,"bolussnooze":0,"activity":-0.0035,"lastBolusTime":1704365566000,"time":"2024-01-04T14:42:33.933Z"}},{"iob":0.095,"basaliob":-0.067,"bolussnooze":0,"activity":0.0018,"lastBolusTime":1704365566000,"time":"2024-01-04T14:47:33.933Z","iobWithZeroTemp":{"iob":-0.541,"basaliob":-0.703,"bolussnooze":0,"activity":-0.0037,"lastBolusTime":1704365566000,"time":"2024-01-04T14:47:33.933Z"}},{"iob":0.086,"basaliob":-0.062,"bolussnooze":0,"activity":0.0016,"lastBolusTime":1704365566000,"time":"2024-01-04T14:52:33.933Z","iobWithZeroTemp":{"iob":-0.556,"basaliob":-0.704,"bolussnooze":0,"activity":-0.004,"lastBolusTime":1704365566000,"time":"2024-01-04T14:52:33.933Z"}},{"iob":0.078,"basaliob":-0.057,"bolussnooze":0,"activity":0.0014,"lastBolusTime":1704365566000,"time":"2024-01-04T14:57:33.933Z","iobWithZeroTemp":{"iob":-0.569,"basaliob":-0.704,"bolussnooze":0,"activity":-0.0043,"lastBolusTime":1704365566000,"time":"2024-01-04T14:57:33.933Z"}},{"iob":0.071,"basaliob":-0.052,"bolussnooze":0,"activity":0.0013,"lastBolusTime":1704365566000,"time":"2024-01-04T15:02:33.933Z","iobWithZeroTemp":{"iob":-0.58,"basaliob":-0.703,"bolussnooze":0,"activity":-0.0045,"lastBolusTime":1704365566000,"time":"2024-01-04T15:02:33.933Z"}},{"iob":0.065,"basaliob":-0.048,"bolussnooze":0,"activity":0.0013,"lastBolusTime":1704365566000,"time":"2024-01-04T15:07:33.933Z","iobWithZeroTemp":{"iob":-0.591,"basaliob":-0.704,"bolussnooze":0,"activity":-0.0045,"lastBolusTime":1704365566000,"time":"2024-01-04T15:07:33.933Z"}},{"iob":0.059,"basaliob":-0.044,"bolussnooze":0,"activity":0.0011,"lastBolusTime":1704365566000,"time":"2024-01-04T15:12:33.933Z","iobWithZeroTemp":{"iob":-0.601,"basaliob":-0.704,"bolussnooze":0,"activity":-0.0048,"lastBolusTime":1704365566000,"time":"2024-01-04T15:12:33.933Z"}},{"iob":0.054,"basaliob":-0.04,"bolussnooze":0,"activity":0.001,"lastBolusTime":1704365566000,"time":"2024-01-04T15:17:33.933Z","iobWithZeroTemp":{"iob":-0.61,"basaliob":-0.704,"bolussnooze":0,"activity":-0.0049,"lastBolusTime":1704365566000,"time":"2024-01-04T15:17:33.933Z"}},{"iob":0.048,"basaliob":-0.037,"bolussnooze":0,"activity":0.001,"lastBolusTime":1704365566000,"time":"2024-01-04T15:22:33.933Z","iobWithZeroTemp":{"iob":-0.619,"basaliob":-0.704,"bolussnooze":0,"activity":-0.005,"lastBolusTime":1704365566000,"time":"2024-01-04T15:22:33.933Z"}},{"iob":0.043,"basaliob":-0.034,"bolussnooze":0,"activity":9.0E-4,"lastBolusTime":1704365566000,"time":"2024-01-04T15:27:33.933Z","iobWithZeroTemp":{"iob":-0.627,"basaliob":-0.704,"bolussnooze":0,"activity":-0.0052,"lastBolusTime":1704365566000,"time":"2024-01-04T15:27:33.933Z"}},{"iob":0.039,"basaliob":-0.031,"bolussnooze":0,"activity":8.0E-4,"lastBolusTime":1704365566000,"time":"2024-01-04T15:32:33.933Z","iobWithZeroTemp":{"iob":-0.634,"basaliob":-0.704,"bolussnooze":0,"activity":-0.0053,"lastBolusTime":1704365566000,"time":"2024-01-04T15:32:33.933Z"}},{"iob":0.036,"basaliob":-0.028,"bolussnooze":0,"activity":7.0E-4,"lastBolusTime":1704365566000,"time":"2024-01-04T15:37:33.933Z","iobWithZeroTemp":{"iob":-0.64,"basaliob":-0.704,"bolussnooze":0,"activity":-0.0054,"lastBolusTime":1704365566000,"time":"2024-01-04T15:37:33.933Z"}},{"iob":0.032,"basaliob":-0.026,"bolussnooze":0,"activity":6.0E-4,"lastBolusTime":1704365566000,"time":"2024-01-04T15:42:33.933Z","iobWithZeroTemp":{"iob":-0.647,"basaliob":-0.705,"bolussnooze":0,"activity":-0.0056,"lastBolusTime":1704365566000,"time":"2024-01-04T15:42:33.933Z"}},{"iob":0.03,"basaliob":-0.023,"bolussnooze":0,"activity":6.0E-4,"lastBolusTime":1704365566000,"time":"2024-01-04T15:47:33.933Z","iobWithZeroTemp":{"iob":-0.651,"basaliob":-0.704,"bolussnooze":0,"activity":-0.0056,"lastBolusTime":1704365566000,"time":"2024-01-04T15:47:33.933Z"}},{"iob":0.027,"basaliob":-0.021,"bolussnooze":0,"activity":6.0E-4,"lastBolusTime":1704365566000,"time":"2024-01-04T15:52:33.933Z","iobWithZeroTemp":{"iob":-0.656,"basaliob":-0.704,"bolussnooze":0,"activity":-0.0057,"lastBolusTime":1704365566000,"time":"2024-01-04T15:52:33.933Z"}}],"profile":{"max_iob":7,"type":"current","max_daily_basal":0.45,"max_basal":1.35,"min_bg":81.0000000000001,"max_bg":81.0000000000001,"target_bg":81.0000000000001,"carb_ratio":11,"sens":352.8,"max_daily_safety_multiplier":3,"current_basal_safety_multiplier":4,"lgsThreshold":65,"high_temptarget_raises_sensitivity":false,"low_temptarget_lowers_sensitivity":false,"sensitivity_raises_target":true,"resistance_lowers_target":true,"adv_target_adjustments":false,"exercise_mode":false,"half_basal_exercise_target":160,"maxCOB":120,"skip_neutral_temps":false,"remainingCarbsCap":90,"enableUAM":true,"A52_risk_enable":false,"SMBInterval":4,"enableSMB_with_COB":true,"enableSMB_with_temptarget":false,"allowSMB_with_high_temptarget":true,"enableSMB_always":true,"enableSMB_after_carbs":false,"maxSMBBasalMinutes":60,"maxUAMSMBBasalMinutes":60,"bolus_increment":0.05,"carbsReqThreshold":10,"current_basal":0.4,"temptargetSet":true,"autosens_max":1.2,"autosens_min":0.8,"out_units":"mmol\/L","variable_sens":176.7,"insulinDivisor":65,"TDD":8.418248958333335},"autosens_data":{"ratio":1.0963793375385975},"meal_data":{"carbs":50,"mealCOB":26.20245578231292,"slopeFromMaxDeviation":-1.1959999999999997,"slopeFromMinDeviation":0.8939999999999999,"lastBolusTime":1704365566000,"lastCarbTime":1704364863000},"microBolusAllowed":true,"currentTime":1704369456317,"flatBGsDetected":false,"tdd1D":20.64108333333334,"tdd7D":22.492595238095245,"tddLast24H":24.660416666666677,"tddLast4H":5,"tddLast8to4H":4.483333333333332},"output":{"temp":"absolute","bg":153,"tick":-8,"eventualBG":296,"targetBG":81.0000000000001,"insulinReq":0,"deliverAt":"2024-01-04T11:57:36.317Z","sensitivityRatio":1.0963793375385975,"variable_sens":176.7,"predBGs":{"IOB":[153,144,135,125,115,104,92,79,65,49,39,39,39],"ZT":[153,136,118,101,82,62,40,39,39,39,39,39,39,39,39,39,39,39,39,39,39,39,39,39,39,39,39,39,39,39,39,39,39,39,39,39,39,39,39,39,39,39,39,39,39,39,39,39],"COB":[153,145,138,132,127,122,119,116,114,113,112,112,113,115,117,119,122,126,130,135,140,145,151,157,164,170,177,185,192,200,207,215,222,228,235,241,247,253,259,264,269,274,278,283,286,290,293,296],"UAM":[153,144,134,123,110,97,81,64,44,39,39,39,39]},"reason":"COB: 26.2, Dev: 3.1, BGI: -1.0, ISF: 9.8, CR: 11, Target: 4.5, minPredBG 0.0, minGuardBG -5.4, IOBpredBG 2.2, COBpredBG 16.4, UAMpredBG 2.2; minGuardBG -5.4<3.6","COB":26.20245578231292,"IOB":1.445,"duration":120,"rate":0,"timestamp":"2024-01-04T11:57:36.342Z"}}