{"algorithm":"OpenAPSSMBDynamicISFPlugin","input":{"glucoseStatus":{"glucose":66,"noise":0,"delta":-4,"short_avgdelta":-4.28,"long_avgdelta":-4.18,"date":1704167225177},"currenttemp":{"temp":"absolute","duration":34,"rate":0,"minutesrunning":26},"iob_data":[{"iob":-0.192,"basaliob":-0.305,"bolussnooze":0,"activity":-0.0018,"lastBolusTime":1704163954000,"time":"2024-01-02T03:48:41.780Z","iobWithZeroTemp":{"iob":-0.192,"basaliob":-0.305,"bolussnooze":0,"activity":-0.0018,"lastBolusTime":1704163954000,"time":"2024-01-02T03:48:41.780Z"}},{"iob":-0.183,"basaliob":-0.29,"bolussnooze":0,"activity":-0.0018,"lastBolusTime":1704163954000,"time":"2024-01-02T03:53:41.780Z","iobWithZeroTemp":{"iob":-0.203,"basaliob":-0.31,"bolussnooze":0,"activity":-0.0018,"lastBolusTime":1704163954000,"time":"2024-01-02T03:53:41.780Z"}},{"iob":-0.174,"basaliob":-0.275,"bolussnooze":0,"activity":-0.0019,"lastBolusTime":1704163954000,"time":"2024-01-02T03:58:41.780Z","iobWithZeroTemp":{"iob":-0.219,"basaliob":-0.32,"bolussnooze":0,"activity":-0.002,"lastBolusTime":1704163954000,"time":"2024-01-02T03:58:41.780Z"}},{"iob":-0.166,"basaliob":-0.261,"bolussnooze":0,"activity":-0.0018,"lastBolusTime":1704163954000,"time":"2024-01-02T04:03:41.780Z","iobWithZeroTemp":{"iob":-0.243,"basaliob":-0.338,"bolussnooze":0,"activity":-0.0019,"lastBolusTime":1704163954000,"time":"2024-01-02T04:03:41.780Z"}},{"iob":-0.157,"basaliob":-0.247,"bolussnooze":0,"activity":-0.0017,"lastBolusTime":1704163954000,"time":"2024-01-02T04:08:41.780Z","iobWithZeroTemp":{"iob":-0.266,"basaliob":-0.356,"bolussnooze":0,"activity":-0.002,"lastBolusTime":1704163954000,"time":"2024-01-02T04:08:41.780Z"}},{"iob":-0.148,"basaliob":-0.233,"bolussnooze":0,"activity":-0.0017,"lastBolusTime":1704163954000,"time":"2024-01-02T04:13:41.780Z","iobWithZeroTemp":{"iob":-0.289,"basaliob":-0.374,"bolussnooze":0,"activity":-0.0021,"lastBolusTime":1704163954000,"time":"2024-01-02T04:13:41.780Z"}},{"iob":-0.139,"basaliob":-0.219,"bolussnooze":0,"activity":-0.0016,"lastBolusTime":1704163954000,"time":"2024-01-02T04:18:41.780Z","iobWithZeroTemp":{"iob":-0.31,"basaliob":-0.39,"bolussnooze":0,"activity":-0.0022,"lastBolusTime":1704163954000,"time":"2024-01-02T04:18:41.780Z"}},{"iob":-0.132,"basaliob":-0.207,"bolussnooze":0,"activity":-0.0016,"lastBolusTime":1704163954000,"time":"2024-01-02T04:23:41.780Z","iobWithZeroTemp":{"iob":-0.333,"basaliob":-0.408,"bolussnooze":0,"activity":-0.0024,"lastBolusTime":1704163954000,"time":"2024-01-02T04:23:41.780Z"}},{"iob":-0.124,"basaliob":-0.194,"bolussnooze":0,"activity":-0.0015,"lastBolusTime":1704163954000,"time":"2024-01-02T04:28:41.780Z","iobWithZeroTemp":{"iob":-0.354,"basaliob":-0.424,"bolussnooze":0,"activity":-0.0025,"lastBolusTime":1704163954000,"time":"2024-01-02T04:28:41.780Z"}},{"iob":-0.116,"basaliob":-0.182,"bolussnooze":0,"activity":-0.0014,"lastBolusTime":1704163954000,"time":"2024-01-02T04:33:41.780Z","iobWithZeroTemp":{"iob":-0.374,"basaliob":-0.44,"bolussnooze":0,"activity":-0.0026,"lastBolusTime":1704163954000,"time":"2024-01-02T04:33:41.780Z"}},{"iob":-0.109,"basaliob":-0.171,"bolussnooze":0,"activity":-0.0014,"lastBolusTime":1704163954000,"time":"2024-01-02T04:38:41.780Z","iobWithZeroTemp":{"iob":-0.394,"basaliob":-0.456,"bolussnooze":0,"activity":-0.0028,"lastBolusTime":1704163954000,"time":"2024-01-02T04:38:41.780Z"}},{"iob":-0.102,"basaliob":-0.16,"bolussnooze":0,"activity":-0.0013,"lastBolusTime":1704163954000,"time":"2024-01-02T04:43:41.780Z","iobWithZeroTemp":{"iob":-0.412,"basaliob":-0.47,"bolussnooze":0,"activity":-0.003,"lastBolusTime":1704163954000,"time":"2024-01-02T04:43:41.780Z"}},{"iob":-0.096,"basaliob":-0.15,"bolussnooze":0,"activity":-0.0013,"lastBolusTime":1704163954000,"time":"2024-01-02T04:48:41.780Z","iobWithZeroTemp":{"iob":-0.431,"basaliob":-0.485,"bolussnooze":0,"activity":-0.0032,"lastBolusTime":1704163954000,"time":"2024-01-02T04:48:41.780Z"}},{"iob":-0.09,"basaliob":-0.14,"bolussnooze":0,"activity":-0.0012,"lastBolusTime":1704163954000,"time":"2024-01-02T04:53:41.780Z","iobWithZeroTemp":{"iob":-0.448,"basaliob":-0.498,"bolussnooze":0,"activity":-0.0033,"lastBolusTime":1704163954000,"time":"2024-01-02T04:53:41.780Z"}},{"iob":-0.084,"basaliob":-0.131,"bolussnooze":0,"activity":-0.0011,"lastBolusTime":1704163954000,"time":"2024-01-02T04:58:41.780Z","iobWithZeroTemp":{"iob":-0.464,"basaliob":-0.511,"bolussnooze":0,"activity":-0.0034,"lastBolusTime":1704163954000,"time":"2024-01-02T04:58:41.780Z"}},{"iob":-0.078,"basaliob":-0.122,"bolussnooze":0,"activity":-0.0011,"lastBolusTime":1704163954000,"time":"2024-01-02T05:03:41.780Z","iobWithZeroTemp":{"iob":-0.48,"basaliob":-0.524,"bolussnooze":0,"activity":-0.0037,"lastBolusTime":1704163954000,"time":"2024-01-02T05:03:41.780Z"}},{"iob":-0.073,"basaliob":-0.114,"bolussnooze":0,"activity":-0.001,"lastBolusTime":1704163954000,"time":"2024-01-02T05:08:41.780Z","iobWithZeroTemp":{"iob":-0.495,"basaliob":-0.536,"bolussnooze":0,"activity":-0.0038,"lastBolusTime":1704163954000,"time":"2024-01-02T05:08:41.780Z"}},{"iob":-0.068,"basaliob":-0.106,"bolussnooze":0,"activity":-9.0E-4,"lastBolusTime":1704163954000,"time":"2024-01-02T05:13:41.780Z","iobWithZeroTemp":{"iob":-0.509,"basaliob":-0.547,"bolussnooze":0,"activity":-0.0039,"lastBolusTime":1704163954000,"time":"2024-01-02T05:13:41.780Z"}},{"iob":-0.064,"basaliob":-0.099,"bolussnooze":0,"activity":-9.0E-4,"lastBolusTime":1704163954000,"time":"2024-01-02T05:18:41.780Z","iobWithZeroTemp":{"iob":-0.522,"basaliob":-0.557,"bolussnooze":0,"activity":-0.0041,"lastBolusTime":1704163954000,"time":"2024-01-02T05:18:41.780Z"}},{"iob":-0.059,"basaliob":-0.092,"bolussnooze":0,"activity":-8.0E-4,"lastBolusTime":1704163954000,"time":"2024-01-02T05:23:41.780Z","iobWithZeroTemp":{"iob":-0.534,"basaliob":-0.567,"bolussnooze":0,"activity":-0.0042,"lastBolusTime":1704163954000,"time":"2024-01-02T05:23:41.780Z"}},{"iob":-0.054,"basaliob":-0.085,"bolussnooze":0,"activity":-8.0E-4,"lastBolusTime":1704163954000,"time":"2024-01-02T05:28:41.780Z","iobWithZeroTemp":{"iob":-0.545,"basaliob":-0.576,"bolussnooze":0,"activity":-0.0044,"lastBolusTime":1704163954000,"time":"2024-01-02T05:28:41.780Z"}},{"iob":-0.051,"basaliob":-0.079,"bolussnooze":0,"activity":-8.0E-4,"lastBolusTime":1704163954000,"time":"2024-01-02T05:33:41.780Z","iobWithZeroTemp":{"iob":-0.557,"basaliob":-0.585,"bolussnooze":0,"activity":-0.0046,"lastBolusTime":1704163954000,"time":"2024-01-02T05:33:41.780Z"}},{"iob":-0.047,"basaliob":-0.073,"bolussnooze":0,"activity":-7.0E-4,"lastBolusTime":1704163954000,"time":"2024-01-02T05:38:41.780Z","iobWithZeroTemp":{"iob":-0.567,"basaliob":-0.593,"bolussnooze":0,"activity":-0.0046,"lastBolusTime":1704163954000,"time":"2024-01-02T05:38:41.780Z"}},{"iob":-0.044,"basaliob":-0.068,"bolussnooze":0,"activity":-6.0E-4,"lastBolusTime":1704163954000,"time":"2024-01-02T05:43:41.780Z","iobWithZeroTemp":{"iob":-0.578,"basaliob":-0.602,"bolussnooze":0,"activity":-0.0047,"lastBolusTime":1704163954000,"time":"2024-01-02T05:43:41.780Z"}},{"iob":-0.04,"basaliob":-0.063,"bolussnooze":0,"activity":-7.0E-4,"lastBolusTime":1704163954000,"time":"2024-01-02T05:48:41.780Z","iobWithZeroTemp":{"iob":-0.586,"basaliob":-0.609,"bolussnooze":0,"activity":-0.005,"lastBolusTime":1704163954000,"time":"2024-01-02T05:48:41.780Z"}},{"iob":-0.037,"basaliob":-0.058,"bolussnooze":0,"activity":-6.0E-4,"lastBolusTime":1704163954000,"time":"2024-01-02T05:53:41.780Z","iobWithZeroTemp":{"iob":-0.595,"basaliob":-0.616,"bolussnooze":0,"activity":-0.005,"lastBolusTime":1704163954000,"time":"2024-01-02T05:53:41.780Z"}},{"iob":-0.035,"basaliob":-0.054,"bolussnooze":0,"activity":-5.0E-4,"lastBolusTime":1704163954000,"time":"2024-01-02T05:58:41.780Z","iobWithZeroTemp":{"iob":-0.603,"basaliob":-0.622,"bolussnooze":0,"activity":-0.0051,"lastBolusTime":1704163954000,"time":"2024-01-02T05:58:41.780Z"}},{"iob":-0.032,"basaliob":-0.05,"bolussnooze":0,"activity":-5.0E-4,"lastBolusTime":1704163954000,"time":"2024-01-02T06:03:41.780Z","iobWithZeroTemp":{"iob":-0.611,"basaliob":-0.629,"bolussnooze":0,"activity":-0.0052,"lastBolusTime":1704163954000,"time":"2024-01-02T06:03:41.780Z"}},{"iob":-0.03,"basaliob":-0.046,"bolussnooze":0,"activity":-4.0E-4,"lastBolusTime":1704163954000,"time":"2024-01-02T06:08:41.780Z","iobWithZeroTemp":{"iob":-0.618,"basaliob":-0.634,"bolussnooze":0,"activity":-0.0052,"lastBolusTime":1704163954000,"time":"2024-01-02T06:08:41.780Z"}},{"iob":-0.027,"basaliob":-0.042,"bolussnooze":0,"activity":-5.0E-4,"lastBolusTime":1704163954000,"time":"2024-01-02T06:13:41.780Z","iobWithZeroTemp":{"iob":-0.624,"basaliob":-0.639,"bolussnooze":0,"activity":-0.0055,"lastBolusTime":1704163954000,"time":"2024-01-02T06:13:41.780Z"}},{"iob":-0.025,"basaliob":-0.039,"bolussnooze":0,"activity":-4.0E-4,"lastBolusTime":1704163954000,"time":"2024-01-02T06:18:41.780Z","iobWithZeroTemp":{"iob":-0.63,"basaliob":-0.644,"bolussnooze":0,"activity":-0.0055,"lastBolusTime":1704163954000,"time":"2024-01-02T06:18:41.780Z"}},{"iob":-0.023,"basaliob":-0.036,"bolussnooze":0,"activity":-4.0E-4,"lastBolusTime":1704163954000,"time":"2024-01-02T06:23:41.780Z","iobWithZeroTemp":{"iob":-0.636,"basaliob":-0.649,"bolussnooze":0,"activity":-0.0056,"lastBolusTime":1704163954000,"time":"2024-01-02T06:23:41.780Z"}},{"iob":-0.021,"basaliob":-0.033,"bolussnooze":0,"activity":-3.0E-4,"lastBolusTime":1704163954000,"time":"2024-01-02T06:28:41.780Z","iobWithZeroTemp":{"iob":-0.641,"basaliob":-0.653,"bolussnooze":0,"activity":-0.0056,"lastBolusTime":1704163954000,"time":"2024-01-02T06:28:41.780Z"}},{"iob":-0.019,"basaliob":-0.03,"bolussnooze":0,"activity":-3.0E-4,"lastBolusTime":1704163954000,"time":"2024-01-02T06:33:41.780Z","iobWithZeroTemp":{"iob":-0.646,"basaliob":-0.657,"bolussnooze":0,"activity":-0.0057,"lastBolusTime":1704163954000,"time":"2024-01-02T06:33:41.780Z"}},{"iob":-0.018,"basaliob":-0.028,"bolussnooze":0,"activity":-3.0E-4,"lastBolusTime":1704163954000,"time":"2024-01-02T06:38:41.780Z","iobWithZeroTemp":{"iob":-0.651,"basaliob":-0.661,"bolussnooze":0,"activity":-0.0058,"lastBolusTime":1704163954000,"time":"2024-01-02T06:38:41.780Z"}},{"iob":-0.017,"basaliob":-0.026,"bolussnooze":0,"activity":-2.0E-4,"lastBolusTime":1704163954000,"time":"2024-01-02T06:43:41.780Z","iobWithZeroTemp":{"iob":-0.656,"basaliob":-0.665,"bolussnooze":0,"activity":-0.0058,"lastBolusTime":1704163954000,"time":"2024-01-02T06:43:41.780Z"}},{"iob":-0.016,"basaliob":-0.024,"bolussnooze":0,"activity":-3.0E-4,"lastBolusTime":1704163954000,"time":"2024-01-02T06:48:41.780Z","iobWithZeroTemp":{"iob":-0.66,"basaliob":-0.668,"bolussnooze":0,"activity":-0.0059,"lastBolusTime":1704163954000,"time":"2024-01-02T06:48:41.780Z"}},{"iob":-0.014,"basaliob":-0.022,"bolussnooze":0,"activity":-3.0E-4,"lastBolusTime":1704163954000,"time":"2024-01-02T06:53:41.780Z","iobWithZeroTemp":{"iob":-0.663,"basaliob":-0.671,"bolussnooze":0,"activity":-0.006,"lastBolusTime":1704163954000,"time":"2024-01-02T06:53:41.780Z"}},{"iob":-0.013,"basaliob":-0.02,"bolussnooze":0,"activity":-2.0E-4,"lastBolusTime":1704163954000,"time":"2024-01-02T06:58:41.780Z","iobWithZeroTemp":{"iob":-0.667,"basaliob":-0.674,"bolussnooze":0,"activity":-0.006,"lastBolusTime":1704163954000,"time":"2024-01-02T06:58:41.780Z"}},{"iob":-0.011,"basaliob":-0.018,"bolussnooze":0,"activity":-2.0E-4,"lastBolusTime":1704163954000,"time":"2024-01-02T07:03:41.780Z","iobWithZeroTemp":{"iob":-0.669,"basaliob":-0.676,"bolussnooze":0,"activity":-0.0061,"lastBolusTime":1704163954000,"time":"2024-01-02T07:03:41.780Z"}},{"iob":-0.011,"basaliob":-0.017,"bolussnooze":0,"activity":-2.0E-4,"lastBolusTime":1704163954000,"time":"2024-01-02T07:08:41.780Z","iobWithZeroTemp":{"iob":-0.673,"basaliob":-0.679,"bolussnooze":0,"activity":-0.0061,"lastBolusTime":1704163954000,"time":"2024-01-02T07:08:41.780Z"}},{"iob":-0.01,"basaliob":-0.015,"bolussnooze":0,"activity":-2.0E-4,"lastBolusTime":1704163954000,"time":"2024-01-02T07:13:41.780Z","iobWithZeroTemp":{"iob":-0.675,"basaliob":-0.68,"bolussnooze":0,"activity":-0.0062,"lastBolusTime":1704163954000,"time":"2024-01-02T07:13:41.780Z"}},{"iob":-0.009,"basaliob":-0.014,"bolussnooze":0,"activity":-2.0E-4,"lastBolusTime":1704163954000,"time":"2024-01-02T07:18:41.780Z","iobWithZeroTemp":{"iob":-0.678,"basaliob":-0.683,"bolussnooze":0,"activity":-0.0062,"lastBolusTime":1704163954000,"time":"2024-01-02T07:18:41.780Z"}},{"iob":-0.008,"basaliob":-0.013,"bolussnooze":0,"activity":-1.0E-4,"lastBolusTime":1704163954000,"time":"2024-01-02T07:23:41.780Z","iobWithZeroTemp":{"iob":-0.68,"basaliob":-0.685,"bolussnooze":0,"activity":-0.0062,"lastBolusTime":1704163954000,"time":"2024-01-02T07:23:41.780Z"}},{"iob":-0.008,"basaliob":-0.012,"bolussnooze":0,"activity":-1.0E-4,"lastBolusTime":1704163954000,"time":"2024-01-02T07:28:41.780Z","iobWithZeroTemp":{"iob":-0.683,"basaliob":-0.687,"bolussnooze":0,"activity":-0.0062,"lastBolusTime":1704163954000,"time":"2024-01-02T07:28:41.780Z"}},{"iob":-0.007,"basaliob":-0.011,"bolussnooze":0,"activity":-1.0E-4,"lastBolusTime":1704163954000,"time":"2024-01-02T07:33:41.780Z","iobWithZeroTemp":{"iob":-0.684,"basaliob":-0.688,"bolussnooze":0,"activity":-0.0063,"lastBolusTime":1704163954000,"time":"2024-01-02T07:33:41.780Z"}},{"iob":-0.007,"basaliob":-0.01,"bolussnooze":0,"activity":-1.0E-4,"lastBolusTime":1704163954000,"time":"2024-01-02T07:38:41.780Z","iobWithZeroTemp":{"iob":-0.687,"basaliob":-0.69,"bolussnooze":0,"activity":-0.0063,"lastBolusTime":1704163954000,"time":"2024-01-02T07:38:41.780Z"}},{"iob":-0.006,"basaliob":-0.009,"bolussnooze":0,"activity":-1.0E-4,"lastBolusTime":1704163954000,"time":"2024-01-02T07:43:41.780Z","iobWithZeroTemp":{"iob":-0.688,"basaliob":-0.691,"bolussnooze":0,"activity":-0.0063,"lastBolusTime":1704163954000,"time":"2024-01-02T07:43:41.780Z"}}],"profile":{"max_iob":7,"type":"current","max_daily_basal":0.45,"max_basal":1.2,"min_bg":144,"max_bg":144,"target_bg":144,"carb_ratio":11,"sens":369,"max_daily_safety_multiplier":3,"current_basal_safety_multiplier":4,"lgsThreshold":65,"high_temptarget_raises_sensitivity":false,"low_temptarget_lowers_sensitivity":false,"sensitivity_raises_target":true,"resistance_lowers_target":true,"adv_target_adjustments":false,"exercise_mode":false,"half_basal_exercise_target":160,"maxCOB":120,"skip_neutral_temps":false,"remainingCarbsCap":90,"enableUAM":true,"A52_risk_enable":false,"SMBInterval":4,"enableSMB_with_COB":true,"enableSMB_with_temptarget":false,"allowSMB_with_high_temptarget":true,"enableSMB_always":true,"enableSMB_after_carbs":false,"maxSMBBasalMinutes":60,"maxUAMSMBBasalMinutes":60,"bolus_increment":0.05,"carbsReqThreshold":10,"current_basal":0.3,"temptargetSet":true,"autosens_max":1.2,"autosens_min":0.8,"out_units":"mmol\/L","variable_sens":368.6,"insulinDivisor":65,"TDD":6.967977491666667},"autosens_data":{"ratio":1.05301733190651},"meal_data":{"carbs":0,"mealCOB":0,"slopeFromMaxDeviation":0,"slopeFromMinDeviation":0,"lastBolusTime":1704163954000,"lastCarbTime":0},"microBolusAllowed":true,"currentTime":1704167323349,"flatBGsDetected":false,"tdd1D":29.029333333333327,"tdd7D":23.806904761904768,"tddLast24H":25.069083333333342,"tddLast4H":0.4095000000000001,"tddLast8to4H":2.8062500000000004},"output":{"temp":"absolute","bg":66,"tick":-4,"eventualBG":92,"targetBG":144,"insulinReq":0,"deliverAt":"2024-01-02T03:48:43.349Z","sensitivityRatio":1.05301733190651,"variable_sens":368.6,"predBGs":{"IOB":[66,62,59,58,56,55,55,55,56,57,59,61,64,66,68,70,72,74,75,77,78,80,81,82,83,84,85,86,87,87,88,88,89,90,90,90,91,91,92,92,92,92,93,93,93,93,94],"ZT":[66,69,73,76,79,82,86,89,93,96,100,104,108,112,116,121,125,130,134,139,144]},"reason":"COB: 0, Dev: -2.5, BGI: 0.2, ISF: 20.5, CR: 11, Target: 8.0, minPredBG 4.2, minGuardBG 3.1, IOBpredBG 5.2; minGuardBG 3.1<5.1","COB":0,"IOB":-0.192,"duration":60,"rate":0,"timestamp":"2024-01-02T03:48:43.373Z"}}