{"algorithm":"OpenAPSSMBDynamicISFPlugin","input":{"glucoseStatus":{"glucose":290,"noise":0,"delta":-7,"short_avgdelta":-4.61,"long_avgdelta":8.99,"date":1704366131537},"currenttemp":{"temp":"absolute","duration":40,"rate":0,"minutesrunning":20},"iob_data":[{"iob":3.078,"basaliob":-0.655,"bolussnooze":0.2974,"activity":0.023,"lastBolusTime":1704365566000,"time":"2024-01-04T11:02:33.877Z","iobWithZeroTemp":{"iob":3.078,"basaliob":-0.655,"bolussnooze":0.2974,"activity":0.023,"lastBolusTime":1704365566000,"time":"2024-01-04T11:02:33.877Z"}},{"iob":2.961,"basaliob":-0.625,"bolussnooze":0.259,"activity":0.0239,"lastBolusTime":1704365566000,"time":"2024-01-04T11:07:33.877Z","iobWithZeroTemp":{"iob":2.934,"basaliob":-0.652,"bolussnooze":0.259,"activity":0.0239,"lastBolusTime":1704365566000,"time":"2024-01-04T11:07:33.877Z"}},{"iob":2.84,"basaliob":-0.595,"bolussnooze":0.2247,"activity":0.0245,"lastBolusTime":1704365566000,"time":"2024-01-04T11:12:33.877Z","iobWithZeroTemp":{"iob":2.78,"basaliob":-0.655,"bolussnooze":0.2247,"activity":0.0244,"lastBolusTime":1704365566000,"time":"2024-01-04T11:12:33.877Z"}},{"iob":2.716,"basaliob":-0.566,"bolussnooze":0.1943,"activity":0.0247,"lastBolusTime":1704365566000,"time":"2024-01-04T11:17:33.877Z","iobWithZeroTemp":{"iob":2.624,"basaliob":-0.658,"bolussnooze":0.1943,"activity":0.0245,"lastBolusTime":1704365566000,"time":"2024-01-04T11:17:33.877Z"}},{"iob":2.592,"basaliob":-0.537,"bolussnooze":0.1675,"activity":0.0248,"lastBolusTime":1704365566000,"time":"2024-01-04T11:22:33.877Z","iobWithZeroTemp":{"iob":2.467,"basaliob":-0.662,"bolussnooze":0.1675,"activity":0.0245,"lastBolusTime":1704365566000,"time":"2024-01-04T11:22:33.877Z"}},{"iob":2.469,"basaliob":-0.508,"bolussnooze":0.144,"activity":0.0247,"lastBolusTime":1704365566000,"time":"2024-01-04T11:27:33.877Z","iobWithZeroTemp":{"iob":2.313,"basaliob":-0.664,"bolussnooze":0.144,"activity":0.0242,"lastBolusTime":1704365566000,"time":"2024-01-04T11:27:33.877Z"}},{"iob":2.346,"basaliob":-0.48,"bolussnooze":0.1234,"activity":0.0243,"lastBolusTime":1704365566000,"time":"2024-01-04T11:32:33.877Z","iobWithZeroTemp":{"iob":2.16,"basaliob":-0.666,"bolussnooze":0.1234,"activity":0.0236,"lastBolusTime":1704365566000,"time":"2024-01-04T11:32:33.877Z"}},{"iob":2.226,"basaliob":-0.453,"bolussnooze":0.1054,"activity":0.0239,"lastBolusTime":1704365566000,"time":"2024-01-04T11:37:33.877Z","iobWithZeroTemp":{"iob":2.01,"basaliob":-0.669,"bolussnooze":0.1054,"activity":0.023,"lastBolusTime":1704365566000,"time":"2024-01-04T11:37:33.877Z"}},{"iob":2.108,"basaliob":-0.427,"bolussnooze":0.0898,"activity":0.0233,"lastBolusTime":1704365566000,"time":"2024-01-04T11:42:33.877Z","iobWithZeroTemp":{"iob":1.864,"basaliob":-0.671,"bolussnooze":0.0898,"activity":0.0222,"lastBolusTime":1704365566000,"time":"2024-01-04T11:42:33.877Z"}},{"iob":1.993,"basaliob":-0.402,"bolussnooze":0.0763,"activity":0.0227,"lastBolusTime":1704365566000,"time":"2024-01-04T11:47:33.877Z","iobWithZeroTemp":{"iob":1.721,"basaliob":-0.674,"bolussnooze":0.0763,"activity":0.0214,"lastBolusTime":1704365566000,"time":"2024-01-04T11:47:33.877Z"}},{"iob":1.881,"basaliob":-0.378,"bolussnooze":0.0647,"activity":0.022,"lastBolusTime":1704365566000,"time":"2024-01-04T11:52:33.877Z","iobWithZeroTemp":{"iob":1.583,"basaliob":-0.676,"bolussnooze":0.0647,"activity":0.0205,"lastBolusTime":1704365566000,"time":"2024-01-04T11:52:33.877Z"}},{"iob":1.773,"basaliob":-0.355,"bolussnooze":0.0546,"activity":0.0212,"lastBolusTime":1704365566000,"time":"2024-01-04T11:57:33.877Z","iobWithZeroTemp":{"iob":1.45,"basaliob":-0.678,"bolussnooze":0.0546,"activity":0.0194,"lastBolusTime":1704365566000,"time":"2024-01-04T11:57:33.877Z"}},{"iob":1.669,"basaliob":-0.333,"bolussnooze":0.046,"activity":0.0204,"lastBolusTime":1704365566000,"time":"2024-01-04T12:02:33.877Z","iobWithZeroTemp":{"iob":1.322,"basaliob":-0.68,"bolussnooze":0.046,"activity":0.0184,"lastBolusTime":1704365566000,"time":"2024-01-04T12:02:33.877Z"}},{"iob":1.569,"basaliob":-0.312,"bolussnooze":0.0387,"activity":0.0195,"lastBolusTime":1704365566000,"time":"2024-01-04T12:07:33.877Z","iobWithZeroTemp":{"iob":1.199,"basaliob":-0.682,"bolussnooze":0.0387,"activity":0.0173,"lastBolusTime":1704365566000,"time":"2024-01-04T12:07:33.877Z"}},{"iob":1.474,"basaliob":-0.292,"bolussnooze":0.0324,"activity":0.0187,"lastBolusTime":1704365566000,"time":"2024-01-04T12:12:33.877Z","iobWithZeroTemp":{"iob":1.083,"basaliob":-0.683,"bolussnooze":0.0324,"activity":0.0163,"lastBolusTime":1704365566000,"time":"2024-01-04T12:12:33.877Z"}},{"iob":1.382,"basaliob":-0.273,"bolussnooze":0.027,"activity":0.0179,"lastBolusTime":1704365566000,"time":"2024-01-04T12:17:33.877Z","iobWithZeroTemp":{"iob":0.97,"basaliob":-0.685,"bolussnooze":0.027,"activity":0.0152,"lastBolusTime":1704365566000,"time":"2024-01-04T12:17:33.877Z"}},{"iob":1.295,"basaliob":-0.255,"bolussnooze":0.0225,"activity":0.017,"lastBolusTime":1704365566000,"time":"2024-01-04T12:22:33.877Z","iobWithZeroTemp":{"iob":0.864,"basaliob":-0.686,"bolussnooze":0.0225,"activity":0.0141,"lastBolusTime":1704365566000,"time":"2024-01-04T12:22:33.877Z"}},{"iob":1.212,"basaliob":-0.238,"bolussnooze":0.0186,"activity":0.0162,"lastBolusTime":1704365566000,"time":"2024-01-04T12:27:33.877Z","iobWithZeroTemp":{"iob":0.762,"basaliob":-0.688,"bolussnooze":0.0186,"activity":0.0131,"lastBolusTime":1704365566000,"time":"2024-01-04T12:27:33.877Z"}},{"iob":1.133,"basaliob":-0.222,"bolussnooze":0.0154,"activity":0.0154,"lastBolusTime":1704365566000,"time":"2024-01-04T12:32:33.877Z","iobWithZeroTemp":{"iob":0.666,"basaliob":-0.689,"bolussnooze":0.0154,"activity":0.0121,"lastBolusTime":1704365566000,"time":"2024-01-04T12:32:33.877Z"}},{"iob":1.058,"basaliob":-0.207,"bolussnooze":0.0127,"activity":0.0145,"lastBolusTime":1704365566000,"time":"2024-01-04T12:37:33.877Z","iobWithZeroTemp":{"iob":0.574,"basaliob":-0.691,"bolussnooze":0.0127,"activity":0.011,"lastBolusTime":1704365566000,"time":"2024-01-04T12:37:33.877Z"}},{"iob":0.988,"basaliob":-0.192,"bolussnooze":0.0104,"activity":0.0137,"lastBolusTime":1704365566000,"time":"2024-01-04T12:42:33.877Z","iobWithZeroTemp":{"iob":0.489,"basaliob":-0.691,"bolussnooze":0.0104,"activity":0.01,"lastBolusTime":1704365566000,"time":"2024-01-04T12:42:33.877Z"}},{"iob":0.921,"basaliob":-0.179,"bolussnooze":0.0085,"activity":0.013,"lastBolusTime":1704365566000,"time":"2024-01-04T12:47:33.877Z","iobWithZeroTemp":{"iob":0.407,"basaliob":-0.693,"bolussnooze":0.0085,"activity":0.0091,"lastBolusTime":1704365566000,"time":"2024-01-04T12:47:33.877Z"}},{"iob":0.858,"basaliob":-0.166,"bolussnooze":0.0069,"activity":0.0122,"lastBolusTime":1704365566000,"time":"2024-01-04T12:52:33.877Z","iobWithZeroTemp":{"iob":0.331,"basaliob":-0.693,"bolussnooze":0.0069,"activity":0.0082,"lastBolusTime":1704365566000,"time":"2024-01-04T12:52:33.877Z"}},{"iob":0.799,"basaliob":-0.154,"bolussnooze":0.0055,"activity":0.0115,"lastBolusTime":1704365566000,"time":"2024-01-04T12:57:33.877Z","iobWithZeroTemp":{"iob":0.259,"basaliob":-0.694,"bolussnooze":0.0055,"activity":0.0073,"lastBolusTime":1704365566000,"time":"2024-01-04T12:57:33.877Z"}},{"iob":0.743,"basaliob":-0.143,"bolussnooze":0.0045,"activity":0.0108,"lastBolusTime":1704365566000,"time":"2024-01-04T13:02:33.877Z","iobWithZeroTemp":{"iob":0.191,"basaliob":-0.695,"bolussnooze":0.0045,"activity":0.0065,"lastBolusTime":1704365566000,"time":"2024-01-04T13:02:33.877Z"}},{"iob":0.69,"basaliob":-0.133,"bolussnooze":0.0035,"activity":0.0102,"lastBolusTime":1704365566000,"time":"2024-01-04T13:07:33.877Z","iobWithZeroTemp":{"iob":0.127,"basaliob":-0.696,"bolussnooze":0.0035,"activity":0.0057,"lastBolusTime":1704365566000,"time":"2024-01-04T13:07:33.877Z"}},{"iob":0.641,"basaliob":-0.123,"bolussnooze":0.0028,"activity":0.0095,"lastBolusTime":1704365566000,"time":"2024-01-04T13:12:33.877Z","iobWithZeroTemp":{"iob":0.067,"basaliob":-0.697,"bolussnooze":0.0028,"activity":0.0049,"lastBolusTime":1704365566000,"time":"2024-01-04T13:12:33.877Z"}},{"iob":0.595,"basaliob":-0.114,"bolussnooze":0.0022,"activity":0.0089,"lastBolusTime":1704365566000,"time":"2024-01-04T13:17:33.877Z","iobWithZeroTemp":{"iob":0.011,"basaliob":-0.698,"bolussnooze":0.0022,"activity":0.0041,"lastBolusTime":1704365566000,"time":"2024-01-04T13:17:33.877Z"}},{"iob":0.552,"basaliob":-0.105,"bolussnooze":0.0017,"activity":0.0083,"lastBolusTime":1704365566000,"time":"2024-01-04T13:22:33.877Z","iobWithZeroTemp":{"iob":-0.041,"basaliob":-0.698,"bolussnooze":0.0017,"activity":0.0034,"lastBolusTime":1704365566000,"time":"2024-01-04T13:22:33.877Z"}},{"iob":0.511,"basaliob":-0.097,"bolussnooze":0.0013,"activity":0.0079,"lastBolusTime":1704365566000,"time":"2024-01-04T13:27:33.877Z","iobWithZeroTemp":{"iob":-0.09,"basaliob":-0.698,"bolussnooze":0.0013,"activity":0.0029,"lastBolusTime":1704365566000,"time":"2024-01-04T13:27:33.877Z"}},{"iob":0.473,"basaliob":-0.09,"bolussnooze":0.001,"activity":0.0074,"lastBolusTime":1704365566000,"time":"2024-01-04T13:32:33.877Z","iobWithZeroTemp":{"iob":-0.136,"basaliob":-0.699,"bolussnooze":0.001,"activity":0.0023,"lastBolusTime":1704365566000,"time":"2024-01-04T13:32:33.877Z"}},{"iob":0.437,"basaliob":-0.083,"bolussnooze":7.0E-4,"activity":0.0069,"lastBolusTime":1704365566000,"time":"2024-01-04T13:37:33.877Z","iobWithZeroTemp":{"iob":-0.18,"basaliob":-0.7,"bolussnooze":7.0E-4,"activity":0.0017,"lastBolusTime":1704365566000,"time":"2024-01-04T13:37:33.877Z"}},{"iob":0.405,"basaliob":-0.076,"bolussnooze":5.0E-4,"activity":0.0064,"lastBolusTime":1704365566000,"time":"2024-01-04T13:42:33.877Z","iobWithZeroTemp":{"iob":-0.219,"basaliob":-0.7,"bolussnooze":5.0E-4,"activity":0.0011,"lastBolusTime":1704365566000,"time":"2024-01-04T13:42:33.877Z"}},{"iob":0.374,"basaliob":-0.07,"bolussnooze":4.0E-4,"activity":0.0059,"lastBolusTime":1704365566000,"time":"2024-01-04T13:47:33.877Z","iobWithZeroTemp":{"iob":-0.256,"basaliob":-0.7,"bolussnooze":4.0E-4,"activity":5.0E-4,"lastBolusTime":1704365566000,"time":"2024-01-04T13:47:33.877Z"}},{"iob":0.345,"basaliob":-0.065,"bolussnooze":3.0E-4,"activity":0.0055,"lastBolusTime":1704365566000,"time":"2024-01-04T13:52:33.877Z","iobWithZeroTemp":{"iob":-0.291,"basaliob":-0.701,"bolussnooze":3.0E-4,"activity":0,"lastBolusTime":1704365566000,"time":"2024-01-04T13:52:33.877Z"}},{"iob":0.318,"basaliob":-0.06,"bolussnooze":2.0E-4,"activity":0.0052,"lastBolusTime":1704365566000,"time":"2024-01-04T13:57:33.877Z","iobWithZeroTemp":{"iob":-0.324,"basaliob":-0.702,"bolussnooze":2.0E-4,"activity":-4.0E-4,"lastBolusTime":1704365566000,"time":"2024-01-04T13:57:33.877Z"}},{"iob":0.293,"basaliob":-0.055,"bolussnooze":1.0E-4,"activity":0.0048,"lastBolusTime":1704365566000,"time":"2024-01-04T14:02:33.877Z","iobWithZeroTemp":{"iob":-0.354,"basaliob":-0.702,"bolussnooze":1.0E-4,"activity":-9.0E-4,"lastBolusTime":1704365566000,"time":"2024-01-04T14:02:33.877Z"}},{"iob":0.271,"basaliob":-0.05,"bolussnooze":1.0E-4,"activity":0.0044,"lastBolusTime":1704365566000,"time":"2024-01-04T14:07:33.877Z","iobWithZeroTemp":{"iob":-0.38,"basaliob":-0.701,"bolussnooze":1.0E-4,"activity":-0.0014,"lastBolusTime":1704365566000,"time":"2024-01-04T14:07:33.877Z"}},{"iob":0.249,"basaliob":-0.046,"bolussnooze":0,"activity":0.0041,"lastBolusTime":1704365566000,"time":"2024-01-04T14:12:33.877Z","iobWithZeroTemp":{"iob":-0.407,"basaliob":-0.702,"bolussnooze":0,"activity":-0.0017,"lastBolusTime":1704365566000,"time":"2024-01-04T14:12:33.877Z"}},{"iob":0.229,"basaliob":-0.042,"bolussnooze":0,"activity":0.0039,"lastBolusTime":1704365566000,"time":"2024-01-04T14:17:33.877Z","iobWithZeroTemp":{"iob":-0.431,"basaliob":-0.702,"bolussnooze":0,"activity":-0.002,"lastBolusTime":1704365566000,"time":"2024-01-04T14:17:33.877Z"}},{"iob":0.21,"basaliob":-0.039,"bolussnooze":0,"activity":0.0035,"lastBolusTime":1704365566000,"time":"2024-01-04T14:22:33.877Z","iobWithZeroTemp":{"iob":-0.454,"basaliob":-0.703,"bolussnooze":0,"activity":-0.0024,"lastBolusTime":1704365566000,"time":"2024-01-04T14:22:33.877Z"}},{"iob":0.193,"basaliob":-0.036,"bolussnooze":0,"activity":0.0033,"lastBolusTime":1704365566000,"time":"2024-01-04T14:27:33.877Z","iobWithZeroTemp":{"iob":-0.474,"basaliob":-0.703,"bolussnooze":0,"activity":-0.0027,"lastBolusTime":1704365566000,"time":"2024-01-04T14:27:33.877Z"}},{"iob":0.177,"basaliob":-0.033,"bolussnooze":0,"activity":0.003,"lastBolusTime":1704365566000,"time":"2024-01-04T14:32:33.877Z","iobWithZeroTemp":{"iob":-0.493,"basaliob":-0.703,"bolussnooze":0,"activity":-0.0031,"lastBolusTime":1704365566000,"time":"2024-01-04T14:32:33.877Z"}},{"iob":0.163,"basaliob":-0.03,"bolussnooze":0,"activity":0.0029,"lastBolusTime":1704365566000,"time":"2024-01-04T14:37:33.877Z","iobWithZeroTemp":{"iob":-0.51,"basaliob":-0.703,"bolussnooze":0,"activity":-0.0032,"lastBolusTime":1704365566000,"time":"2024-01-04T14:37:33.877Z"}},{"iob":0.149,"basaliob":-0.027,"bolussnooze":0,"activity":0.0026,"lastBolusTime":1704365566000,"time":"2024-01-04T14:42:33.877Z","iobWithZeroTemp":{"iob":-0.527,"basaliob":-0.703,"bolussnooze":0,"activity":-0.0035,"lastBolusTime":1704365566000,"time":"2024-01-04T14:42:33.877Z"}},{"iob":0.137,"basaliob":-0.025,"bolussnooze":0,"activity":0.0024,"lastBolusTime":1704365566000,"time":"2024-01-04T14:47:33.877Z","iobWithZeroTemp":{"iob":-0.541,"basaliob":-0.703,"bolussnooze":0,"activity":-0.0038,"lastBolusTime":1704365566000,"time":"2024-01-04T14:47:33.877Z"}},{"iob":0.125,"basaliob":-0.023,"bolussnooze":0,"activity":0.0022,"lastBolusTime":1704365566000,"time":"2024-01-04T14:52:33.877Z","iobWithZeroTemp":{"iob":-0.556,"basaliob":-0.704,"bolussnooze":0,"activity":-0.004,"lastBolusTime":1704365566000,"time":"2024-01-04T14:52:33.877Z"}},{"iob":0.114,"basaliob":-0.021,"bolussnooze":0,"activity":0.002,"lastBolusTime":1704365566000,"time":"2024-01-04T14:57:33.877Z","iobWithZeroTemp":{"iob":-0.569,"basaliob":-0.704,"bolussnooze":0,"activity":-0.0043,"lastBolusTime":1704365566000,"time":"2024-01-04T14:57:33.877Z"}}],"profile":{"max_iob":7,"type":"current","max_daily_basal":0.45,"max_basal":1.35,"min_bg":81.0000000000001,"max_bg":81.0000000000001,"target_bg":81.0000000000001,"carb_ratio":11,"sens":352.8,"max_daily_safety_multiplier":3,"current_basal_safety_multiplier":4,"lgsThreshold":65,"high_temptarget_raises_sensitivity":false,"low_temptarget_lowers_sensitivity":false,"sensitivity_raises_target":true,"resistance_lowers_target":true,"adv_target_adjustments":false,"exercise_mode":false,"half_basal_exercise_target":160,"maxCOB":120,"skip_neutral_temps":false,"remainingCarbsCap":90,"enableUAM":true,"A52_risk_enable":false,"SMBInterval":4,"enableSMB_with_COB":true,"enableSMB_with_temptarget":false,"allowSMB_with_high_temptarget":true,"enableSMB_always":true,"enableSMB_after_carbs":false,"maxSMBBasalMinutes":60,"maxUAMSMBBasalMinutes":60,"bolus_increment":0.05,"carbsReqThreshold":10,"current_basal":0.4,"temptargetSet":true,"autosens_max":1.2,"autosens_min":0.8,"out_units":"mmol\/L","variable_sens":122,"insulinDivisor":65,"TDD":8.687479458333334},"autosens_data":{"ratio":1.098157700576592},"meal_data":{"carbs":50,"mealCOB":35.98159297052154,"slopeFromMaxDeviation":-4.44725,"slopeFromMinDeviation":2.9099999999999997,"lastBolusTime":1704365566000,"lastCarbTime":1704364863000},"microBolusAllowed":true,"currentTime":1704366156235,"flatBGsDetected":false,"tdd1D":20.64108333333334,"tdd7D":22.492595238095245,"tddLast24H":24.700416666666676,"tddLast4H":5.8999999999999995,"tddLast8to4H":3.678333333333332},"output":{"temp":"absolute","bg":290,"tick":-7,"eventualBG":318,"targetBG":81.0000000000001,"insulinReq":0,"deliverAt":"2024-01-04T11:02:36.235Z","sensitivityRatio":1.098157700576592,"variable_sens":122,"predBGs":{"IOB":[290,282,273,263,252,240,227,213,198,183,167,149,131,112,91,69,44,39],"ZT":[290,276,261,245,229,212,195,177,159,141,121,101,80,56,39,39,39,39,39,39,39,39,39,39,39,39,39,39,39,39,39,39,39,39,39,39,39,39,39,39,39,39,39,39,39,39,39,39],"COB":[290,283,277,270,264,259,253,249,245,243,241,239,239,240,242,245,249,254,260,267,274,282,289,295,301,307,312,317,321,325,328,331,333,335,336,336,336,336,334,332,330,328,326,324,322,321,319,318],"UAM":[290,279,264,248,232,215,197,179,161,141,121,99,75,48,39]},"reason":"COB: 36, Dev: 2.3, BGI: -0.8, ISF: 6.8, CR: 11, Target: 4.5, minPredBG 3.2, minGuardBG 0.1, IOBpredBG 2.2, COBpredBG 17.7, UAMpredBG 2.2; minGuardBG 0.1<3.6","COB":35.98159297052154,"IOB":3.078,"duration":90,"rate":0,"timestamp":"2024-01-04T11:02:36.258Z"}}