{"algorithm":"OpenAPSSMBDynamicISFPlugin","input":{"glucoseStatus":{"glucose":89,"noise":0,"delta":3,"short_avgdelta":2.11,"long_avgdelta":-6.82,"date":1704187925210},"currenttemp":{"temp":"absolute","duration":75,"rate":0,"minutesrunning":45},"iob_data":[{"iob":0.291,"basaliob":-0.663,"bolussnooze":0.0069,"activity":0.0063,"lastBolusTime":1704184969000,"time":"2024-01-02T09:32:27.097Z","iobWithZeroTemp":{"iob":0.291,"basaliob":-0.663,"bolussnooze":0.0069,"activity":0.0063,"lastBolusTime":1704184969000,"time":"2024-01-02T09:32:27.097Z"}},{"iob":0.26,"basaliob":-0.633,"bolussnooze":0.0055,"activity":0.0057,"lastBolusTime":1704184969000,"time":"2024-01-02T09:37:27.097Z","iobWithZeroTemp":{"iob":0.233,"basaliob":-0.66,"bolussnooze":0.0055,"activity":0.0057,"lastBolusTime":1704184969000,"time":"2024-01-02T09:37:27.097Z"}},{"iob":0.234,"basaliob":-0.602,"bolussnooze":0.0044,"activity":0.0052,"lastBolusTime":1704184969000,"time":"2024-01-02T09:42:27.097Z","iobWithZeroTemp":{"iob":0.174,"basaliob":-0.662,"bolussnooze":0.0044,"activity":0.0051,"lastBolusTime":1704184969000,"time":"2024-01-02T09:42:27.097Z"}},{"iob":0.209,"basaliob":-0.572,"bolussnooze":0.0034,"activity":0.0046,"lastBolusTime":1704184969000,"time":"2024-01-02T09:47:27.097Z","iobWithZeroTemp":{"iob":0.117,"basaliob":-0.664,"bolussnooze":0.0034,"activity":0.0044,"lastBolusTime":1704184969000,"time":"2024-01-02T09:47:27.097Z"}},{"iob":0.186,"basaliob":-0.543,"bolussnooze":0.0027,"activity":0.0043,"lastBolusTime":1704184969000,"time":"2024-01-02T09:52:27.097Z","iobWithZeroTemp":{"iob":0.061,"basaliob":-0.668,"bolussnooze":0.0027,"activity":0.004,"lastBolusTime":1704184969000,"time":"2024-01-02T09:52:27.097Z"}},{"iob":0.166,"basaliob":-0.514,"bolussnooze":0.0021,"activity":0.0038,"lastBolusTime":1704184969000,"time":"2024-01-02T09:57:27.097Z","iobWithZeroTemp":{"iob":0.01,"basaliob":-0.67,"bolussnooze":0.0021,"activity":0.0033,"lastBolusTime":1704184969000,"time":"2024-01-02T09:57:27.097Z"}},{"iob":0.148,"basaliob":-0.486,"bolussnooze":0.0016,"activity":0.0035,"lastBolusTime":1704184969000,"time":"2024-01-02T10:02:27.097Z","iobWithZeroTemp":{"iob":-0.038,"basaliob":-0.672,"bolussnooze":0.0016,"activity":0.0028,"lastBolusTime":1704184969000,"time":"2024-01-02T10:02:27.097Z"}},{"iob":0.131,"basaliob":-0.459,"bolussnooze":0.0012,"activity":0.0031,"lastBolusTime":1704184969000,"time":"2024-01-02T10:07:27.097Z","iobWithZeroTemp":{"iob":-0.085,"basaliob":-0.675,"bolussnooze":0.0012,"activity":0.0022,"lastBolusTime":1704184969000,"time":"2024-01-02T10:07:27.097Z"}},{"iob":0.117,"basaliob":-0.432,"bolussnooze":9.0E-4,"activity":0.0028,"lastBolusTime":1704184969000,"time":"2024-01-02T10:12:27.097Z","iobWithZeroTemp":{"iob":-0.127,"basaliob":-0.676,"bolussnooze":9.0E-4,"activity":0.0017,"lastBolusTime":1704184969000,"time":"2024-01-02T10:12:27.097Z"}},{"iob":0.104,"basaliob":-0.407,"bolussnooze":6.0E-4,"activity":0.0025,"lastBolusTime":1704184969000,"time":"2024-01-02T10:17:27.097Z","iobWithZeroTemp":{"iob":-0.168,"basaliob":-0.679,"bolussnooze":6.0E-4,"activity":0.0012,"lastBolusTime":1704184969000,"time":"2024-01-02T10:17:27.097Z"}},{"iob":0.092,"basaliob":-0.382,"bolussnooze":4.0E-4,"activity":0.0022,"lastBolusTime":1704184969000,"time":"2024-01-02T10:22:27.097Z","iobWithZeroTemp":{"iob":-0.206,"basaliob":-0.68,"bolussnooze":4.0E-4,"activity":7.0E-4,"lastBolusTime":1704184969000,"time":"2024-01-02T10:22:27.097Z"}},{"iob":0.081,"basaliob":-0.359,"bolussnooze":3.0E-4,"activity":0.002,"lastBolusTime":1704184969000,"time":"2024-01-02T10:27:27.097Z","iobWithZeroTemp":{"iob":-0.242,"basaliob":-0.682,"bolussnooze":3.0E-4,"activity":2.0E-4,"lastBolusTime":1704184969000,"time":"2024-01-02T10:27:27.097Z"}},{"iob":0.071,"basaliob":-0.337,"bolussnooze":2.0E-4,"activity":0.0018,"lastBolusTime":1704184969000,"time":"2024-01-02T10:32:27.097Z","iobWithZeroTemp":{"iob":-0.276,"basaliob":-0.684,"bolussnooze":2.0E-4,"activity":-2.0E-4,"lastBolusTime":1704184969000,"time":"2024-01-02T10:32:27.097Z"}},{"iob":0.063,"basaliob":-0.315,"bolussnooze":1.0E-4,"activity":0.0016,"lastBolusTime":1704184969000,"time":"2024-01-02T10:37:27.097Z","iobWithZeroTemp":{"iob":-0.307,"basaliob":-0.685,"bolussnooze":1.0E-4,"activity":-6.0E-4,"lastBolusTime":1704184969000,"time":"2024-01-02T10:37:27.097Z"}},{"iob":0.055,"basaliob":-0.295,"bolussnooze":1.0E-4,"activity":0.0015,"lastBolusTime":1704184969000,"time":"2024-01-02T10:42:27.097Z","iobWithZeroTemp":{"iob":-0.336,"basaliob":-0.686,"bolussnooze":1.0E-4,"activity":-9.0E-4,"lastBolusTime":1704184969000,"time":"2024-01-02T10:42:27.097Z"}},{"iob":0.048,"basaliob":-0.276,"bolussnooze":0,"activity":0.0014,"lastBolusTime":1704184969000,"time":"2024-01-02T10:47:27.097Z","iobWithZeroTemp":{"iob":-0.364,"basaliob":-0.688,"bolussnooze":0,"activity":-0.0013,"lastBolusTime":1704184969000,"time":"2024-01-02T10:47:27.097Z"}},{"iob":0.042,"basaliob":-0.258,"bolussnooze":0,"activity":0.0012,"lastBolusTime":1704184969000,"time":"2024-01-02T10:52:27.097Z","iobWithZeroTemp":{"iob":-0.389,"basaliob":-0.689,"bolussnooze":0,"activity":-0.0017,"lastBolusTime":1704184969000,"time":"2024-01-02T10:52:27.097Z"}},{"iob":0.037,"basaliob":-0.24,"bolussnooze":0,"activity":0.001,"lastBolusTime":1704184969000,"time":"2024-01-02T10:57:27.097Z","iobWithZeroTemp":{"iob":-0.413,"basaliob":-0.69,"bolussnooze":0,"activity":-0.0021,"lastBolusTime":1704184969000,"time":"2024-01-02T10:57:27.097Z"}},{"iob":0.032,"basaliob":-0.224,"bolussnooze":0,"activity":9.0E-4,"lastBolusTime":1704184969000,"time":"2024-01-02T11:02:27.097Z","iobWithZeroTemp":{"iob":-0.435,"basaliob":-0.691,"bolussnooze":0,"activity":-0.0024,"lastBolusTime":1704184969000,"time":"2024-01-02T11:02:27.097Z"}},{"iob":0.027,"basaliob":-0.209,"bolussnooze":0,"activity":8.0E-4,"lastBolusTime":1704184969000,"time":"2024-01-02T11:07:27.097Z","iobWithZeroTemp":{"iob":-0.457,"basaliob":-0.693,"bolussnooze":0,"activity":-0.0027,"lastBolusTime":1704184969000,"time":"2024-01-02T11:07:27.097Z"}},{"iob":0.023,"basaliob":-0.194,"bolussnooze":0,"activity":8.0E-4,"lastBolusTime":1704184969000,"time":"2024-01-02T11:12:27.097Z","iobWithZeroTemp":{"iob":-0.476,"basaliob":-0.693,"bolussnooze":0,"activity":-0.0029,"lastBolusTime":1704184969000,"time":"2024-01-02T11:12:27.097Z"}},{"iob":0.019,"basaliob":-0.181,"bolussnooze":0,"activity":7.0E-4,"lastBolusTime":1704184969000,"time":"2024-01-02T11:17:27.097Z","iobWithZeroTemp":{"iob":-0.495,"basaliob":-0.695,"bolussnooze":0,"activity":-0.0032,"lastBolusTime":1704184969000,"time":"2024-01-02T11:17:27.097Z"}},{"iob":0.016,"basaliob":-0.168,"bolussnooze":0,"activity":6.0E-4,"lastBolusTime":1704184969000,"time":"2024-01-02T11:22:27.097Z","iobWithZeroTemp":{"iob":-0.511,"basaliob":-0.695,"bolussnooze":0,"activity":-0.0034,"lastBolusTime":1704184969000,"time":"2024-01-02T11:22:27.097Z"}},{"iob":0.013,"basaliob":-0.156,"bolussnooze":0,"activity":5.0E-4,"lastBolusTime":1704184969000,"time":"2024-01-02T11:27:27.097Z","iobWithZeroTemp":{"iob":-0.527,"basaliob":-0.696,"bolussnooze":0,"activity":-0.0037,"lastBolusTime":1704184969000,"time":"2024-01-02T11:27:27.097Z"}},{"iob":0.012,"basaliob":-0.144,"bolussnooze":0,"activity":4.0E-4,"lastBolusTime":1704184969000,"time":"2024-01-02T11:32:27.097Z","iobWithZeroTemp":{"iob":-0.54,"basaliob":-0.696,"bolussnooze":0,"activity":-0.0039,"lastBolusTime":1704184969000,"time":"2024-01-02T11:32:27.097Z"}},{"iob":0.009,"basaliob":-0.134,"bolussnooze":0,"activity":4.0E-4,"lastBolusTime":1704184969000,"time":"2024-01-02T11:37:27.097Z","iobWithZeroTemp":{"iob":-0.554,"basaliob":-0.697,"bolussnooze":0,"activity":-0.0041,"lastBolusTime":1704184969000,"time":"2024-01-02T11:37:27.097Z"}},{"iob":0.007,"basaliob":-0.124,"bolussnooze":0,"activity":4.0E-4,"lastBolusTime":1704184969000,"time":"2024-01-02T11:42:27.097Z","iobWithZeroTemp":{"iob":-0.567,"basaliob":-0.698,"bolussnooze":0,"activity":-0.0042,"lastBolusTime":1704184969000,"time":"2024-01-02T11:42:27.097Z"}},{"iob":0.005,"basaliob":-0.115,"bolussnooze":0,"activity":3.0E-4,"lastBolusTime":1704184969000,"time":"2024-01-02T11:47:27.097Z","iobWithZeroTemp":{"iob":-0.579,"basaliob":-0.699,"bolussnooze":0,"activity":-0.0045,"lastBolusTime":1704184969000,"time":"2024-01-02T11:47:27.097Z"}},{"iob":0.004,"basaliob":-0.106,"bolussnooze":0,"activity":2.0E-4,"lastBolusTime":1704184969000,"time":"2024-01-02T11:52:27.097Z","iobWithZeroTemp":{"iob":-0.589,"basaliob":-0.699,"bolussnooze":0,"activity":-0.0047,"lastBolusTime":1704184969000,"time":"2024-01-02T11:52:27.097Z"}},{"iob":0.003,"basaliob":-0.098,"bolussnooze":0,"activity":2.0E-4,"lastBolusTime":1704184969000,"time":"2024-01-02T11:57:27.097Z","iobWithZeroTemp":{"iob":-0.598,"basaliob":-0.699,"bolussnooze":0,"activity":-0.0048,"lastBolusTime":1704184969000,"time":"2024-01-02T11:57:27.097Z"}},{"iob":0.001,"basaliob":-0.091,"bolussnooze":0,"activity":3.0E-4,"lastBolusTime":1704184969000,"time":"2024-01-02T12:02:27.097Z","iobWithZeroTemp":{"iob":-0.608,"basaliob":-0.7,"bolussnooze":0,"activity":-0.0048,"lastBolusTime":1704184969000,"time":"2024-01-02T12:02:27.097Z"}},{"iob":0.001,"basaliob":-0.084,"bolussnooze":0,"activity":2.0E-4,"lastBolusTime":1704184969000,"time":"2024-01-02T12:07:27.097Z","iobWithZeroTemp":{"iob":-0.616,"basaliob":-0.701,"bolussnooze":0,"activity":-0.005,"lastBolusTime":1704184969000,"time":"2024-01-02T12:07:27.097Z"}},{"iob":0,"basaliob":-0.077,"bolussnooze":0,"activity":1.0E-4,"lastBolusTime":1704184969000,"time":"2024-01-02T12:12:27.097Z","iobWithZeroTemp":{"iob":-0.624,"basaliob":-0.701,"bolussnooze":0,"activity":-0.0052,"lastBolusTime":1704184969000,"time":"2024-01-02T12:12:27.097Z"}},{"iob":0,"basaliob":-0.071,"bolussnooze":0,"activity":1.0E-4,"lastBolusTime":1704184969000,"time":"2024-01-02T12:17:27.097Z","iobWithZeroTemp":{"iob":-0.63,"basaliob":-0.701,"bolussnooze":0,"activity":-0.0053,"lastBolusTime":1704184969000,"time":"2024-01-02T12:17:27.097Z"}},{"iob":-0.001,"basaliob":-0.065,"bolussnooze":0,"activity":1.0E-4,"lastBolusTime":1704184969000,"time":"2024-01-02T12:22:27.097Z","iobWithZeroTemp":{"iob":-0.637,"basaliob":-0.701,"bolussnooze":0,"activity":-0.0054,"lastBolusTime":1704184969000,"time":"2024-01-02T12:22:27.097Z"}},{"iob":-0.001,"basaliob":-0.06,"bolussnooze":0,"activity":1.0E-4,"lastBolusTime":1704184969000,"time":"2024-01-02T12:27:27.097Z","iobWithZeroTemp":{"iob":-0.643,"basaliob":-0.702,"bolussnooze":0,"activity":-0.0055,"lastBolusTime":1704184969000,"time":"2024-01-02T12:27:27.097Z"}},{"iob":-0.002,"basaliob":-0.055,"bolussnooze":0,"activity":1.0E-4,"lastBolusTime":1704184969000,"time":"2024-01-02T12:32:27.097Z","iobWithZeroTemp":{"iob":-0.649,"basaliob":-0.702,"bolussnooze":0,"activity":-0.0056,"lastBolusTime":1704184969000,"time":"2024-01-02T12:32:27.097Z"}},{"iob":-0.002,"basaliob":-0.051,"bolussnooze":0,"activity":0,"lastBolusTime":1704184969000,"time":"2024-01-02T12:37:27.097Z","iobWithZeroTemp":{"iob":-0.653,"basaliob":-0.702,"bolussnooze":0,"activity":-0.0058,"lastBolusTime":1704184969000,"time":"2024-01-02T12:37:27.097Z"}},{"iob":-0.003,"basaliob":-0.047,"bolussnooze":0,"activity":0,"lastBolusTime":1704184969000,"time":"2024-01-02T12:42:27.097Z","iobWithZeroTemp":{"iob":-0.659,"basaliob":-0.703,"bolussnooze":0,"activity":-0.0058,"lastBolusTime":1704184969000,"time":"2024-01-02T12:42:27.097Z"}},{"iob":-0.003,"basaliob":-0.043,"bolussnooze":0,"activity":1.0E-4,"lastBolusTime":1704184969000,"time":"2024-01-02T12:47:27.097Z","iobWithZeroTemp":{"iob":-0.663,"basaliob":-0.703,"bolussnooze":0,"activity":-0.0058,"lastBolusTime":1704184969000,"time":"2024-01-02T12:47:27.097Z"}},{"iob":-0.003,"basaliob":-0.039,"bolussnooze":0,"activity":0,"lastBolusTime":1704184969000,"time":"2024-01-02T12:52:27.097Z","iobWithZeroTemp":{"iob":-0.667,"basaliob":-0.703,"bolussnooze":0,"activity":-0.0059,"lastBolusTime":1704184969000,"time":"2024-01-02T12:52:27.097Z"}},{"iob":-0.003,"basaliob":-0.036,"bolussnooze":0,"activity":1.0E-4,"lastBolusTime":1704184969000,"time":"2024-01-02T12:57:27.097Z","iobWithZeroTemp":{"iob":-0.67,"basaliob":-0.703,"bolussnooze":0,"activity":-0.0059,"lastBolusTime":1704184969000,"time":"2024-01-02T12:57:27.097Z"}},{"iob":-0.003,"basaliob":-0.033,"bolussnooze":0,"activity":0,"lastBolusTime":1704184969000,"time":"2024-01-02T13:02:27.097Z","iobWithZeroTemp":{"iob":-0.673,"basaliob":-0.703,"bolussnooze":0,"activity":-0.0061,"lastBolusTime":1704184969000,"time":"2024-01-02T13:02:27.097Z"}},{"iob":-0.003,"basaliob":-0.03,"bolussnooze":0,"activity":0,"lastBolusTime":1704184969000,"time":"2024-01-02T13:07:27.097Z","iobWithZeroTemp":{"iob":-0.676,"basaliob":-0.703,"bolussnooze":0,"activity":-0.0061,"lastBolusTime":1704184969000,"time":"2024-01-02T13:07:27.097Z"}},{"iob":-0.004,"basaliob":-0.028,"bolussnooze":0,"activity":0,"lastBolusTime":1704184969000,"time":"2024-01-02T13:12:27.097Z","iobWithZeroTemp":{"iob":-0.68,"basaliob":-0.704,"bolussnooze":0,"activity":-0.0061,"lastBolusTime":1704184969000,"time":"2024-01-02T13:12:27.097Z"}},{"iob":-0.003,"basaliob":-0.025,"bolussnooze":0,"activity":0,"lastBolusTime":1704184969000,"time":"2024-01-02T13:17:27.097Z","iobWithZeroTemp":{"iob":-0.681,"basaliob":-0.703,"bolussnooze":0,"activity":-0.0062,"lastBolusTime":1704184969000,"time":"2024-01-02T13:17:27.097Z"}},{"iob":-0.003,"basaliob":-0.023,"bolussnooze":0,"activity":0,"lastBolusTime":1704184969000,"time":"2024-01-02T13:22:27.097Z","iobWithZeroTemp":{"iob":-0.684,"basaliob":-0.704,"bolussnooze":0,"activity":-0.0062,"lastBolusTime":1704184969000,"time":"2024-01-02T13:22:27.097Z"}},{"iob":-0.003,"basaliob":-0.021,"bolussnooze":0,"activity":0,"lastBolusTime":1704184969000,"time":"2024-01-02T13:27:27.097Z","iobWithZeroTemp":{"iob":-0.686,"basaliob":-0.704,"bolussnooze":0,"activity":-0.0063,"lastBolusTime":1704184969000,"time":"2024-01-02T13:27:27.097Z"}}],"profile":{"max_iob":7,"type":"current","max_daily_basal":0.45,"max_basal":1.35,"min_bg":144,"max_bg":144,"target_bg":144,"carb_ratio":11,"sens":352.8,"max_daily_safety_multiplier":3,"current_basal_safety_multiplier":4,"lgsThreshold":65,"high_temptarget_raises_sensitivity":false,"low_temptarget_lowers_sensitivity":false,"sensitivity_raises_target":true,"resistance_lowers_target":true,"adv_target_adjustments":false,"exercise_mode":false,"half_basal_exercise_target":160,"maxCOB":120,"skip_neutral_temps":false,"remainingCarbsCap":90,"enableUAM":true,"A52_risk_enable":false,"SMBInterval":4,"enableSMB_with_COB":true,"enableSMB_with_temptarget":false,"allowSMB_with_high_temptarget":true,"enableSMB_always":true,"enableSMB_after_carbs":false,"maxSMBBasalMinutes":60,"maxUAMSMBBasalMinutes":60,"bolus_increment":0.05,"carbsReqThreshold":10,"current_basal":0.4,"temptargetSet":true,"autosens_max":1.2,"autosens_min":0.8,"out_units":"mmol\/L","variable_sens":249.6,"insulinDivisor":65,"TDD":8.359053716666665},"autosens_data":{"ratio":0.8002895318485034},"meal_data":{"carbs":25,"mealCOB":4.165952380952376,"slopeFromMaxDeviation":-3.383,"slopeFromMinDeviation":4.549666666666667,"lastBolusTime":1704184969000,"lastCarbTime":1704176831000},"microBolusAllowed":true,"currentTime":1704187949203,"flatBGsDetected":false,"tdd1D":29.029333333333327,"tdd7D":23.806904761904768,"tddLast24H":19.052416666666673,"tddLast4H":4.29,"tddLast8to4H":0.4428333333333334},"output":{"temp":"absolute","bg":89,"tick":"+3","eventualBG":101,"targetBG":144,"insulinReq":0,"deliverAt":"2024-01-02T09:32:29.203Z","sensitivityRatio":0.8002895318485034,"variable_sens":249.6,"predBGs":{"IOB":[89,90,92,93,94,94,95,95,94,94,92,90,88,86,84,82,80,78,77,76,75,73,72,72,71,70,70,69,69,68,68,68,67,67,67,67,67,66],"ZT":[89,81,74,66,60,53,47,41,39,39,39,39,39,39,39,39,39,39,44,49,54,59,64,70,75,81,86,91,97,102,108,113,119,124,129,135,140],"COB":[89,91,92,94,97,98,101,103,104,106,108,109,110,111,112,112,112,111,111,109,108,107,107,106,105,105,104,104,103,103,103,102,102,102,102,102,102,102,102,102,101],"UAM":[89,88,84,77,71,64,59,53,47,41,39,39,39]},"reason":"COB: 4.2, Dev: 3.3, BGI: -0.4, ISF: 13.9, CR: 11, Target: 8.0, minPredBG 1.6, minGuardBG 0.4, IOBpredBG 3.7, COBpredBG 5.6, UAMpredBG 2.2; minGuardBG 0.4<5.1","COB":4.165952380952376,"IOB":0.291,"duration":90,"rate":0,"timestamp":"2024-01-02T09:32:29.239Z"}}