{"algorithm":"OpenAPSSMBDynamicISFPlugin","input":{"glucoseStatus":{"glucose":195,"noise":0,"delta":3,"short_avgdelta":5.72,"long_avgdelta":10.68,"date":1704291426726},"currenttemp":{"temp":"absolute","duration":59,"rate":0,"minutesrunning":1},"iob_data":[{"iob":1.293,"basaliob":-0.437,"bolussnooze":0.3484,"activity":0.0112,"lastBolusTime":1704290863000,"time":"2024-01-03T14:18:10.402Z","iobWithZeroTemp":{"iob":1.293,"basaliob":-0.437,"bolussnooze":0.3484,"activity":0.0112,"lastBolusTime":1704290863000,"time":"2024-01-03T14:18:10.402Z"}},{"iob":1.236,"basaliob":-0.418,"bolussnooze":0.3047,"activity":0.0113,"lastBolusTime":1704290863000,"time":"2024-01-03T14:23:10.402Z","iobWithZeroTemp":{"iob":1.209,"basaliob":-0.445,"bolussnooze":0.3047,"activity":0.0113,"lastBolusTime":1704290863000,"time":"2024-01-03T14:23:10.402Z"}},{"iob":1.18,"basaliob":-0.398,"bolussnooze":0.2655,"activity":0.0113,"lastBolusTime":1704290863000,"time":"2024-01-03T14:28:10.402Z","iobWithZeroTemp":{"iob":1.12,"basaliob":-0.458,"bolussnooze":0.2655,"activity":0.0112,"lastBolusTime":1704290863000,"time":"2024-01-03T14:28:10.402Z"}},{"iob":1.123,"basaliob":-0.379,"bolussnooze":0.2305,"activity":0.0112,"lastBolusTime":1704290863000,"time":"2024-01-03T14:33:10.402Z","iobWithZeroTemp":{"iob":1.031,"basaliob":-0.471,"bolussnooze":0.2305,"activity":0.011,"lastBolusTime":1704290863000,"time":"2024-01-03T14:33:10.402Z"}},{"iob":1.067,"basaliob":-0.36,"bolussnooze":0.1995,"activity":0.0111,"lastBolusTime":1704290863000,"time":"2024-01-03T14:38:10.402Z","iobWithZeroTemp":{"iob":0.942,"basaliob":-0.485,"bolussnooze":0.1995,"activity":0.0108,"lastBolusTime":1704290863000,"time":"2024-01-03T14:38:10.402Z"}},{"iob":1.012,"basaliob":-0.341,"bolussnooze":0.172,"activity":0.0109,"lastBolusTime":1704290863000,"time":"2024-01-03T14:43:10.402Z","iobWithZeroTemp":{"iob":0.856,"basaliob":-0.497,"bolussnooze":0.172,"activity":0.0104,"lastBolusTime":1704290863000,"time":"2024-01-03T14:43:10.402Z"}},{"iob":0.959,"basaliob":-0.322,"bolussnooze":0.1479,"activity":0.0106,"lastBolusTime":1704290863000,"time":"2024-01-03T14:48:10.402Z","iobWithZeroTemp":{"iob":0.773,"basaliob":-0.508,"bolussnooze":0.1479,"activity":0.0099,"lastBolusTime":1704290863000,"time":"2024-01-03T14:48:10.402Z"}},{"iob":0.906,"basaliob":-0.305,"bolussnooze":0.1268,"activity":0.0103,"lastBolusTime":1704290863000,"time":"2024-01-03T14:53:10.402Z","iobWithZeroTemp":{"iob":0.69,"basaliob":-0.521,"bolussnooze":0.1268,"activity":0.0094,"lastBolusTime":1704290863000,"time":"2024-01-03T14:53:10.402Z"}},{"iob":0.856,"basaliob":-0.287,"bolussnooze":0.1084,"activity":0.01,"lastBolusTime":1704290863000,"time":"2024-01-03T14:58:10.402Z","iobWithZeroTemp":{"iob":0.612,"basaliob":-0.531,"bolussnooze":0.1084,"activity":0.0089,"lastBolusTime":1704290863000,"time":"2024-01-03T14:58:10.402Z"}},{"iob":0.806,"basaliob":-0.271,"bolussnooze":0.0924,"activity":0.0096,"lastBolusTime":1704290863000,"time":"2024-01-03T15:03:10.402Z","iobWithZeroTemp":{"iob":0.534,"basaliob":-0.543,"bolussnooze":0.0924,"activity":0.0083,"lastBolusTime":1704290863000,"time":"2024-01-03T15:03:10.402Z"}},{"iob":0.758,"basaliob":-0.255,"bolussnooze":0.0786,"activity":0.0093,"lastBolusTime":1704290863000,"time":"2024-01-03T15:08:10.402Z","iobWithZeroTemp":{"iob":0.46,"basaliob":-0.553,"bolussnooze":0.0786,"activity":0.0078,"lastBolusTime":1704290863000,"time":"2024-01-03T15:08:10.402Z"}},{"iob":0.714,"basaliob":-0.239,"bolussnooze":0.0666,"activity":0.0089,"lastBolusTime":1704290863000,"time":"2024-01-03T15:13:10.402Z","iobWithZeroTemp":{"iob":0.391,"basaliob":-0.562,"bolussnooze":0.0666,"activity":0.0071,"lastBolusTime":1704290863000,"time":"2024-01-03T15:13:10.402Z"}},{"iob":0.669,"basaliob":-0.225,"bolussnooze":0.0563,"activity":0.0085,"lastBolusTime":1704290863000,"time":"2024-01-03T15:18:10.402Z","iobWithZeroTemp":{"iob":0.322,"basaliob":-0.572,"bolussnooze":0.0563,"activity":0.0065,"lastBolusTime":1704290863000,"time":"2024-01-03T15:18:10.402Z"}},{"iob":0.629,"basaliob":-0.21,"bolussnooze":0.0475,"activity":0.0082,"lastBolusTime":1704290863000,"time":"2024-01-03T15:23:10.402Z","iobWithZeroTemp":{"iob":0.259,"basaliob":-0.58,"bolussnooze":0.0475,"activity":0.006,"lastBolusTime":1704290863000,"time":"2024-01-03T15:23:10.402Z"}},{"iob":0.589,"basaliob":-0.197,"bolussnooze":0.0399,"activity":0.0078,"lastBolusTime":1704290863000,"time":"2024-01-03T15:28:10.402Z","iobWithZeroTemp":{"iob":0.198,"basaliob":-0.588,"bolussnooze":0.0399,"activity":0.0054,"lastBolusTime":1704290863000,"time":"2024-01-03T15:28:10.402Z"}},{"iob":0.551,"basaliob":-0.184,"bolussnooze":0.0334,"activity":0.0073,"lastBolusTime":1704290863000,"time":"2024-01-03T15:33:10.402Z","iobWithZeroTemp":{"iob":0.139,"basaliob":-0.596,"bolussnooze":0.0334,"activity":0.0046,"lastBolusTime":1704290863000,"time":"2024-01-03T15:33:10.402Z"}},{"iob":0.515,"basaliob":-0.172,"bolussnooze":0.0279,"activity":0.0069,"lastBolusTime":1704290863000,"time":"2024-01-03T15:38:10.402Z","iobWithZeroTemp":{"iob":0.084,"basaliob":-0.603,"bolussnooze":0.0279,"activity":0.004,"lastBolusTime":1704290863000,"time":"2024-01-03T15:38:10.402Z"}},{"iob":0.481,"basaliob":-0.161,"bolussnooze":0.0232,"activity":0.0066,"lastBolusTime":1704290863000,"time":"2024-01-03T15:43:10.402Z","iobWithZeroTemp":{"iob":0.031,"basaliob":-0.611,"bolussnooze":0.0232,"activity":0.0035,"lastBolusTime":1704290863000,"time":"2024-01-03T15:43:10.402Z"}},{"iob":0.449,"basaliob":-0.15,"bolussnooze":0.0193,"activity":0.0063,"lastBolusTime":1704290863000,"time":"2024-01-03T15:48:10.402Z","iobWithZeroTemp":{"iob":-0.018,"basaliob":-0.617,"bolussnooze":0.0193,"activity":0.003,"lastBolusTime":1704290863000,"time":"2024-01-03T15:48:10.402Z"}},{"iob":0.418,"basaliob":-0.14,"bolussnooze":0.0159,"activity":0.0059,"lastBolusTime":1704290863000,"time":"2024-01-03T15:53:10.402Z","iobWithZeroTemp":{"iob":-0.066,"basaliob":-0.624,"bolussnooze":0.0159,"activity":0.0024,"lastBolusTime":1704290863000,"time":"2024-01-03T15:53:10.402Z"}},{"iob":0.39,"basaliob":-0.13,"bolussnooze":0.0131,"activity":0.0055,"lastBolusTime":1704290863000,"time":"2024-01-03T15:58:10.402Z","iobWithZeroTemp":{"iob":-0.109,"basaliob":-0.629,"bolussnooze":0.0131,"activity":0.0018,"lastBolusTime":1704290863000,"time":"2024-01-03T15:58:10.402Z"}},{"iob":0.363,"basaliob":-0.121,"bolussnooze":0.0108,"activity":0.0052,"lastBolusTime":1704290863000,"time":"2024-01-03T16:03:10.402Z","iobWithZeroTemp":{"iob":-0.151,"basaliob":-0.635,"bolussnooze":0.0108,"activity":0.0013,"lastBolusTime":1704290863000,"time":"2024-01-03T16:03:10.402Z"}},{"iob":0.338,"basaliob":-0.112,"bolussnooze":0.0088,"activity":0.0049,"lastBolusTime":1704290863000,"time":"2024-01-03T16:08:10.402Z","iobWithZeroTemp":{"iob":-0.189,"basaliob":-0.639,"bolussnooze":0.0088,"activity":9.0E-4,"lastBolusTime":1704290863000,"time":"2024-01-03T16:08:10.402Z"}},{"iob":0.314,"basaliob":-0.104,"bolussnooze":0.0071,"activity":0.0046,"lastBolusTime":1704290863000,"time":"2024-01-03T16:13:10.402Z","iobWithZeroTemp":{"iob":-0.226,"basaliob":-0.644,"bolussnooze":0.0071,"activity":4.0E-4,"lastBolusTime":1704290863000,"time":"2024-01-03T16:13:10.402Z"}},{"iob":0.291,"basaliob":-0.097,"bolussnooze":0.0058,"activity":0.0043,"lastBolusTime":1704290863000,"time":"2024-01-03T16:18:10.402Z","iobWithZeroTemp":{"iob":-0.261,"basaliob":-0.649,"bolussnooze":0.0058,"activity":0,"lastBolusTime":1704290863000,"time":"2024-01-03T16:18:10.402Z"}},{"iob":0.27,"basaliob":-0.09,"bolussnooze":0.0046,"activity":0.004,"lastBolusTime":1704290863000,"time":"2024-01-03T16:23:10.402Z","iobWithZeroTemp":{"iob":-0.293,"basaliob":-0.653,"bolussnooze":0.0046,"activity":-5.0E-4,"lastBolusTime":1704290863000,"time":"2024-01-03T16:23:10.402Z"}},{"iob":0.251,"basaliob":-0.083,"bolussnooze":0.0037,"activity":0.0038,"lastBolusTime":1704290863000,"time":"2024-01-03T16:28:10.402Z","iobWithZeroTemp":{"iob":-0.323,"basaliob":-0.657,"bolussnooze":0.0037,"activity":-8.0E-4,"lastBolusTime":1704290863000,"time":"2024-01-03T16:28:10.402Z"}},{"iob":0.232,"basaliob":-0.077,"bolussnooze":0.0029,"activity":0.0036,"lastBolusTime":1704290863000,"time":"2024-01-03T16:33:10.402Z","iobWithZeroTemp":{"iob":-0.352,"basaliob":-0.661,"bolussnooze":0.0029,"activity":-0.0012,"lastBolusTime":1704290863000,"time":"2024-01-03T16:33:10.402Z"}},{"iob":0.215,"basaliob":-0.071,"bolussnooze":0.0023,"activity":0.0033,"lastBolusTime":1704290863000,"time":"2024-01-03T16:38:10.402Z","iobWithZeroTemp":{"iob":-0.378,"basaliob":-0.664,"bolussnooze":0.0023,"activity":-0.0016,"lastBolusTime":1704290863000,"time":"2024-01-03T16:38:10.402Z"}},{"iob":0.199,"basaliob":-0.066,"bolussnooze":0.0018,"activity":0.0032,"lastBolusTime":1704290863000,"time":"2024-01-03T16:43:10.402Z","iobWithZeroTemp":{"iob":-0.402,"basaliob":-0.667,"bolussnooze":0.0018,"activity":-0.0018,"lastBolusTime":1704290863000,"time":"2024-01-03T16:43:10.402Z"}},{"iob":0.184,"basaliob":-0.061,"bolussnooze":0.0014,"activity":0.0029,"lastBolusTime":1704290863000,"time":"2024-01-03T16:48:10.402Z","iobWithZeroTemp":{"iob":-0.425,"basaliob":-0.67,"bolussnooze":0.0014,"activity":-0.0022,"lastBolusTime":1704290863000,"time":"2024-01-03T16:48:10.402Z"}},{"iob":0.17,"basaliob":-0.056,"bolussnooze":0.001,"activity":0.0027,"lastBolusTime":1704290863000,"time":"2024-01-03T16:53:10.402Z","iobWithZeroTemp":{"iob":-0.447,"basaliob":-0.673,"bolussnooze":0.001,"activity":-0.0025,"lastBolusTime":1704290863000,"time":"2024-01-03T16:53:10.402Z"}},{"iob":0.156,"basaliob":-0.052,"bolussnooze":8.0E-4,"activity":0.0026,"lastBolusTime":1704290863000,"time":"2024-01-03T16:58:10.402Z","iobWithZeroTemp":{"iob":-0.468,"basaliob":-0.676,"bolussnooze":8.0E-4,"activity":-0.0027,"lastBolusTime":1704290863000,"time":"2024-01-03T16:58:10.402Z"}},{"iob":0.144,"basaliob":-0.048,"bolussnooze":6.0E-4,"activity":0.0023,"lastBolusTime":1704290863000,"time":"2024-01-03T17:03:10.402Z","iobWithZeroTemp":{"iob":-0.486,"basaliob":-0.678,"bolussnooze":6.0E-4,"activity":-0.0031,"lastBolusTime":1704290863000,"time":"2024-01-03T17:03:10.402Z"}},{"iob":0.133,"basaliob":-0.044,"bolussnooze":4.0E-4,"activity":0.0022,"lastBolusTime":1704290863000,"time":"2024-01-03T17:08:10.402Z","iobWithZeroTemp":{"iob":-0.503,"basaliob":-0.68,"bolussnooze":4.0E-4,"activity":-0.0033,"lastBolusTime":1704290863000,"time":"2024-01-03T17:08:10.402Z"}},{"iob":0.122,"basaliob":-0.041,"bolussnooze":3.0E-4,"activity":0.002,"lastBolusTime":1704290863000,"time":"2024-01-03T17:13:10.402Z","iobWithZeroTemp":{"iob":-0.52,"basaliob":-0.683,"bolussnooze":3.0E-4,"activity":-0.0036,"lastBolusTime":1704290863000,"time":"2024-01-03T17:13:10.402Z"}},{"iob":0.113,"basaliob":-0.037,"bolussnooze":2.0E-4,"activity":0.0019,"lastBolusTime":1704290863000,"time":"2024-01-03T17:18:10.402Z","iobWithZeroTemp":{"iob":-0.534,"basaliob":-0.684,"bolussnooze":2.0E-4,"activity":-0.0038,"lastBolusTime":1704290863000,"time":"2024-01-03T17:18:10.402Z"}},{"iob":0.104,"basaliob":-0.034,"bolussnooze":1.0E-4,"activity":0.0017,"lastBolusTime":1704290863000,"time":"2024-01-03T17:23:10.402Z","iobWithZeroTemp":{"iob":-0.547,"basaliob":-0.685,"bolussnooze":1.0E-4,"activity":-0.0041,"lastBolusTime":1704290863000,"time":"2024-01-03T17:23:10.402Z"}},{"iob":0.095,"basaliob":-0.032,"bolussnooze":1.0E-4,"activity":0.0017,"lastBolusTime":1704290863000,"time":"2024-01-03T17:28:10.402Z","iobWithZeroTemp":{"iob":-0.561,"basaliob":-0.688,"bolussnooze":1.0E-4,"activity":-0.0041,"lastBolusTime":1704290863000,"time":"2024-01-03T17:28:10.402Z"}},{"iob":0.088,"basaliob":-0.029,"bolussnooze":0,"activity":0.0015,"lastBolusTime":1704290863000,"time":"2024-01-03T17:33:10.402Z","iobWithZeroTemp":{"iob":-0.572,"basaliob":-0.689,"bolussnooze":0,"activity":-0.0044,"lastBolusTime":1704290863000,"time":"2024-01-03T17:33:10.402Z"}},{"iob":0.08,"basaliob":-0.027,"bolussnooze":0,"activity":0.0013,"lastBolusTime":1704290863000,"time":"2024-01-03T17:38:10.402Z","iobWithZeroTemp":{"iob":-0.584,"basaliob":-0.691,"bolussnooze":0,"activity":-0.0046,"lastBolusTime":1704290863000,"time":"2024-01-03T17:38:10.402Z"}},{"iob":0.074,"basaliob":-0.024,"bolussnooze":0,"activity":0.0013,"lastBolusTime":1704290863000,"time":"2024-01-03T17:43:10.402Z","iobWithZeroTemp":{"iob":-0.593,"basaliob":-0.691,"bolussnooze":0,"activity":-0.0047,"lastBolusTime":1704290863000,"time":"2024-01-03T17:43:10.402Z"}},{"iob":0.068,"basaliob":-0.022,"bolussnooze":0,"activity":0.0012,"lastBolusTime":1704290863000,"time":"2024-01-03T17:48:10.402Z","iobWithZeroTemp":{"iob":-0.602,"basaliob":-0.692,"bolussnooze":0,"activity":-0.0049,"lastBolusTime":1704290863000,"time":"2024-01-03T17:48:10.402Z"}},{"iob":0.062,"basaliob":-0.02,"bolussnooze":0,"activity":0.0011,"lastBolusTime":1704290863000,"time":"2024-01-03T17:53:10.402Z","iobWithZeroTemp":{"iob":-0.611,"basaliob":-0.693,"bolussnooze":0,"activity":-0.005,"lastBolusTime":1704290863000,"time":"2024-01-03T17:53:10.402Z"}},{"iob":0.056,"basaliob":-0.019,"bolussnooze":0,"activity":0.001,"lastBolusTime":1704290863000,"time":"2024-01-03T17:58:10.402Z","iobWithZeroTemp":{"iob":-0.62,"basaliob":-0.695,"bolussnooze":0,"activity":-0.0051,"lastBolusTime":1704290863000,"time":"2024-01-03T17:58:10.402Z"}},{"iob":0.052,"basaliob":-0.017,"bolussnooze":0,"activity":9.0E-4,"lastBolusTime":1704290863000,"time":"2024-01-03T18:03:10.402Z","iobWithZeroTemp":{"iob":-0.626,"basaliob":-0.695,"bolussnooze":0,"activity":-0.0053,"lastBolusTime":1704290863000,"time":"2024-01-03T18:03:10.402Z"}},{"iob":0.047,"basaliob":-0.016,"bolussnooze":0,"activity":8.0E-4,"lastBolusTime":1704290863000,"time":"2024-01-03T18:08:10.402Z","iobWithZeroTemp":{"iob":-0.634,"basaliob":-0.697,"bolussnooze":0,"activity":-0.0054,"lastBolusTime":1704290863000,"time":"2024-01-03T18:08:10.402Z"}},{"iob":0.043,"basaliob":-0.014,"bolussnooze":0,"activity":8.0E-4,"lastBolusTime":1704290863000,"time":"2024-01-03T18:13:10.402Z","iobWithZeroTemp":{"iob":-0.64,"basaliob":-0.697,"bolussnooze":0,"activity":-0.0055,"lastBolusTime":1704290863000,"time":"2024-01-03T18:13:10.402Z"}}],"profile":{"max_iob":7,"type":"current","max_daily_basal":0.45,"max_basal":1.35,"min_bg":81,"max_bg":81,"target_bg":81,"carb_ratio":11,"sens":352.8,"max_daily_safety_multiplier":3,"current_basal_safety_multiplier":4,"lgsThreshold":65,"high_temptarget_raises_sensitivity":false,"low_temptarget_lowers_sensitivity":false,"sensitivity_raises_target":true,"resistance_lowers_target":true,"adv_target_adjustments":false,"exercise_mode":false,"half_basal_exercise_target":160,"maxCOB":120,"skip_neutral_temps":false,"remainingCarbsCap":90,"enableUAM":true,"A52_risk_enable":false,"SMBInterval":4,"enableSMB_with_COB":true,"enableSMB_with_temptarget":false,"allowSMB_with_high_temptarget":true,"enableSMB_always":true,"enableSMB_after_carbs":false,"maxSMBBasalMinutes":60,"maxUAMSMBBasalMinutes":60,"bolus_increment":0.05,"carbsReqThreshold":10,"current_basal":0.4,"temptargetSet":true,"autosens_max":1.2,"autosens_min":0.8,"out_units":"mmol\/L","variable_sens":170.5,"insulinDivisor":65,"TDD":7.614014458333335},"autosens_data":{"ratio":0.9415222925147416},"meal_data":{"carbs":15,"mealCOB":9.202478458049882,"slopeFromMaxDeviation":-2.0495,"slopeFromMinDeviation":2.199272727272727,"lastBolusTime":1704290863000,"lastCarbTime":1704287595000},"microBolusAllowed":true,"currentTime":1704291492047,"flatBGsDetected":false,"tdd1D":19.209083333333343,"tdd7D":22.16738095238096,"tddLast24H":20.87108333333334,"tddLast4H":3.5599999999999996,"tddLast8to4H":4.956666666666666},"output":{"temp":"absolute","bg":195,"tick":"+3","eventualBG":114,"targetBG":81,"insulinReq":0,"deliverAt":"2024-01-03T14:18:12.047Z","sensitivityRatio":0.9415222925147416,"variable_sens":170.5,"predBGs":{"IOB":[195,197,198,198,197,195,192,188,183,177,171,163,155,147,139,130,123,115,107,100,92,85,77,70,63,55,47,39],"ZT":[195,185,176,165,155,145,134,124,113,103,93,82,72,62,51,40,39,39,39,39,39,39,39,39,39,39,39,39,39,39,39,39,39,39,39,39,44,52,61,68,75],"COB":[195,197,199,201,201,202,202,201,201,200,199,197,196,194,192,189,187,184,181,178,174,170,166,162,158,154,151,148,145,142,139,137,134,132,130,128,127,125,123,122,121,120,119,118,117,116,115,114],"UAM":[195,196,195,192,186,179,170,160,150,140,130,120,110,100,90,79,68,57,45,39]},"reason":"COB: 9.2, Dev: 4.2, BGI: -0.5, ISF: 9.5, CR: 11, Target: 4.5, minPredBG 0.3, minGuardBG 0.3, IOBpredBG 2.2, COBpredBG 6.3, UAMpredBG 2.2; minGuardBG 0.3<3.6 59m left and 0 ~ req 0U\/hr: no temp required","COB":9.202478458049882,"IOB":1.293,"timestamp":"2024-01-03T14:18:12.073Z"}}