{"algorithm":"OpenAPSSMBDynamicISFPlugin","input":{"glucoseStatus":{"glucose":191,"noise":0,"delta":25,"short_avgdelta":20.94,"long_avgdelta":7.81,"date":1704376631694},"currenttemp":{"temp":"absolute","duration":59,"rate":0,"minutesrunning":1},"iob_data":[{"iob":1.954,"basaliob":-0.398,"bolussnooze":0.9518,"activity":0.0159,"lastBolusTime":1704376671000,"time":"2024-01-04T13:58:16.029Z","iobWithZeroTemp":{"iob":1.954,"basaliob":-0.398,"bolussnooze":0.9518,"activity":0.0159,"lastBolusTime":1704376671000,"time":"2024-01-04T13:58:16.029Z"}},{"iob":1.874,"basaliob":-0.376,"bolussnooze":0.8537,"activity":0.0163,"lastBolusTime":1704376671000,"time":"2024-01-04T14:03:16.029Z","iobWithZeroTemp":{"iob":1.847,"basaliob":-0.403,"bolussnooze":0.8537,"activity":0.0163,"lastBolusTime":1704376671000,"time":"2024-01-04T14:03:16.029Z"}},{"iob":1.792,"basaliob":-0.355,"bolussnooze":0.761,"activity":0.0165,"lastBolusTime":1704376671000,"time":"2024-01-04T14:08:16.029Z","iobWithZeroTemp":{"iob":1.732,"basaliob":-0.415,"bolussnooze":0.761,"activity":0.0164,"lastBolusTime":1704376671000,"time":"2024-01-04T14:08:16.029Z"}},{"iob":1.71,"basaliob":-0.335,"bolussnooze":0.6747,"activity":0.0165,"lastBolusTime":1704376671000,"time":"2024-01-04T14:13:16.029Z","iobWithZeroTemp":{"iob":1.618,"basaliob":-0.427,"bolussnooze":0.6747,"activity":0.0163,"lastBolusTime":1704376671000,"time":"2024-01-04T14:13:16.029Z"}},{"iob":1.627,"basaliob":-0.316,"bolussnooze":0.5952,"activity":0.0164,"lastBolusTime":1704376671000,"time":"2024-01-04T14:18:16.029Z","iobWithZeroTemp":{"iob":1.502,"basaliob":-0.441,"bolussnooze":0.5952,"activity":0.0161,"lastBolusTime":1704376671000,"time":"2024-01-04T14:18:16.029Z"}},{"iob":1.546,"basaliob":-0.297,"bolussnooze":0.5227,"activity":0.0161,"lastBolusTime":1704376671000,"time":"2024-01-04T14:23:16.029Z","iobWithZeroTemp":{"iob":1.39,"basaliob":-0.453,"bolussnooze":0.5227,"activity":0.0156,"lastBolusTime":1704376671000,"time":"2024-01-04T14:23:16.029Z"}},{"iob":1.466,"basaliob":-0.279,"bolussnooze":0.4571,"activity":0.0158,"lastBolusTime":1704376671000,"time":"2024-01-04T14:28:16.029Z","iobWithZeroTemp":{"iob":1.28,"basaliob":-0.465,"bolussnooze":0.4571,"activity":0.0151,"lastBolusTime":1704376671000,"time":"2024-01-04T14:28:16.029Z"}},{"iob":1.388,"basaliob":-0.262,"bolussnooze":0.3983,"activity":0.0154,"lastBolusTime":1704376671000,"time":"2024-01-04T14:33:16.029Z","iobWithZeroTemp":{"iob":1.172,"basaliob":-0.478,"bolussnooze":0.3983,"activity":0.0145,"lastBolusTime":1704376671000,"time":"2024-01-04T14:33:16.029Z"}},{"iob":1.312,"basaliob":-0.245,"bolussnooze":0.3458,"activity":0.015,"lastBolusTime":1704376671000,"time":"2024-01-04T14:38:16.029Z","iobWithZeroTemp":{"iob":1.068,"basaliob":-0.489,"bolussnooze":0.3458,"activity":0.0139,"lastBolusTime":1704376671000,"time":"2024-01-04T14:38:16.029Z"}},{"iob":1.239,"basaliob":-0.229,"bolussnooze":0.2992,"activity":0.0145,"lastBolusTime":1704376671000,"time":"2024-01-04T14:43:16.029Z","iobWithZeroTemp":{"iob":0.967,"basaliob":-0.501,"bolussnooze":0.2992,"activity":0.0132,"lastBolusTime":1704376671000,"time":"2024-01-04T14:43:16.029Z"}},{"iob":1.166,"basaliob":-0.215,"bolussnooze":0.2581,"activity":0.014,"lastBolusTime":1704376671000,"time":"2024-01-04T14:48:16.029Z","iobWithZeroTemp":{"iob":0.868,"basaliob":-0.513,"bolussnooze":0.2581,"activity":0.0125,"lastBolusTime":1704376671000,"time":"2024-01-04T14:48:16.029Z"}},{"iob":1.099,"basaliob":-0.2,"bolussnooze":0.2219,"activity":0.0135,"lastBolusTime":1704376671000,"time":"2024-01-04T14:53:16.029Z","iobWithZeroTemp":{"iob":0.776,"basaliob":-0.523,"bolussnooze":0.2219,"activity":0.0117,"lastBolusTime":1704376671000,"time":"2024-01-04T14:53:16.029Z"}},{"iob":1.032,"basaliob":-0.187,"bolussnooze":0.1903,"activity":0.0129,"lastBolusTime":1704376671000,"time":"2024-01-04T14:58:16.029Z","iobWithZeroTemp":{"iob":0.685,"basaliob":-0.534,"bolussnooze":0.1903,"activity":0.0109,"lastBolusTime":1704376671000,"time":"2024-01-04T14:58:16.029Z"}},{"iob":0.97,"basaliob":-0.174,"bolussnooze":0.1627,"activity":0.0123,"lastBolusTime":1704376671000,"time":"2024-01-04T15:03:16.029Z","iobWithZeroTemp":{"iob":0.6,"basaliob":-0.544,"bolussnooze":0.1627,"activity":0.0101,"lastBolusTime":1704376671000,"time":"2024-01-04T15:03:16.029Z"}},{"iob":0.909,"basaliob":-0.162,"bolussnooze":0.1387,"activity":0.0118,"lastBolusTime":1704376671000,"time":"2024-01-04T15:08:16.029Z","iobWithZeroTemp":{"iob":0.518,"basaliob":-0.553,"bolussnooze":0.1387,"activity":0.0094,"lastBolusTime":1704376671000,"time":"2024-01-04T15:08:16.029Z"}},{"iob":0.852,"basaliob":-0.151,"bolussnooze":0.1179,"activity":0.0112,"lastBolusTime":1704376671000,"time":"2024-01-04T15:13:16.029Z","iobWithZeroTemp":{"iob":0.44,"basaliob":-0.563,"bolussnooze":0.1179,"activity":0.0085,"lastBolusTime":1704376671000,"time":"2024-01-04T15:13:16.029Z"}},{"iob":0.796,"basaliob":-0.141,"bolussnooze":0.0999,"activity":0.0106,"lastBolusTime":1704376671000,"time":"2024-01-04T15:18:16.029Z","iobWithZeroTemp":{"iob":0.365,"basaliob":-0.572,"bolussnooze":0.0999,"activity":0.0077,"lastBolusTime":1704376671000,"time":"2024-01-04T15:18:16.029Z"}},{"iob":0.744,"basaliob":-0.131,"bolussnooze":0.0845,"activity":0.0101,"lastBolusTime":1704376671000,"time":"2024-01-04T15:23:16.029Z","iobWithZeroTemp":{"iob":0.294,"basaliob":-0.581,"bolussnooze":0.0845,"activity":0.007,"lastBolusTime":1704376671000,"time":"2024-01-04T15:23:16.029Z"}},{"iob":0.696,"basaliob":-0.121,"bolussnooze":0.0712,"activity":0.0096,"lastBolusTime":1704376671000,"time":"2024-01-04T15:28:16.029Z","iobWithZeroTemp":{"iob":0.229,"basaliob":-0.588,"bolussnooze":0.0712,"activity":0.0063,"lastBolusTime":1704376671000,"time":"2024-01-04T15:28:16.029Z"}},{"iob":0.648,"basaliob":-0.113,"bolussnooze":0.0598,"activity":0.0091,"lastBolusTime":1704376671000,"time":"2024-01-04T15:33:16.029Z","iobWithZeroTemp":{"iob":0.164,"basaliob":-0.597,"bolussnooze":0.0598,"activity":0.0056,"lastBolusTime":1704376671000,"time":"2024-01-04T15:33:16.029Z"}},{"iob":0.605,"basaliob":-0.104,"bolussnooze":0.0501,"activity":0.0085,"lastBolusTime":1704376671000,"time":"2024-01-04T15:38:16.029Z","iobWithZeroTemp":{"iob":0.106,"basaliob":-0.603,"bolussnooze":0.0501,"activity":0.0048,"lastBolusTime":1704376671000,"time":"2024-01-04T15:38:16.029Z"}},{"iob":0.563,"basaliob":-0.097,"bolussnooze":0.0419,"activity":0.008,"lastBolusTime":1704376671000,"time":"2024-01-04T15:43:16.029Z","iobWithZeroTemp":{"iob":0.049,"basaliob":-0.611,"bolussnooze":0.0419,"activity":0.0041,"lastBolusTime":1704376671000,"time":"2024-01-04T15:43:16.029Z"}},{"iob":0.525,"basaliob":-0.089,"bolussnooze":0.0349,"activity":0.0076,"lastBolusTime":1704376671000,"time":"2024-01-04T15:48:16.029Z","iobWithZeroTemp":{"iob":-0.002,"basaliob":-0.616,"bolussnooze":0.0349,"activity":0.0036,"lastBolusTime":1704376671000,"time":"2024-01-04T15:48:16.029Z"}},{"iob":0.487,"basaliob":-0.083,"bolussnooze":0.0289,"activity":0.0071,"lastBolusTime":1704376671000,"time":"2024-01-04T15:53:16.029Z","iobWithZeroTemp":{"iob":-0.053,"basaliob":-0.623,"bolussnooze":0.0289,"activity":0.0029,"lastBolusTime":1704376671000,"time":"2024-01-04T15:53:16.029Z"}},{"iob":0.453,"basaliob":-0.076,"bolussnooze":0.0239,"activity":0.0067,"lastBolusTime":1704376671000,"time":"2024-01-04T15:58:16.029Z","iobWithZeroTemp":{"iob":-0.099,"basaliob":-0.628,"bolussnooze":0.0239,"activity":0.0024,"lastBolusTime":1704376671000,"time":"2024-01-04T15:58:16.029Z"}},{"iob":0.42,"basaliob":-0.071,"bolussnooze":0.0197,"activity":0.0063,"lastBolusTime":1704376671000,"time":"2024-01-04T16:03:16.029Z","iobWithZeroTemp":{"iob":-0.143,"basaliob":-0.634,"bolussnooze":0.0197,"activity":0.0018,"lastBolusTime":1704376671000,"time":"2024-01-04T16:03:16.029Z"}},{"iob":0.39,"basaliob":-0.065,"bolussnooze":0.0161,"activity":0.0058,"lastBolusTime":1704376671000,"time":"2024-01-04T16:08:16.029Z","iobWithZeroTemp":{"iob":-0.184,"basaliob":-0.639,"bolussnooze":0.0161,"activity":0.0012,"lastBolusTime":1704376671000,"time":"2024-01-04T16:08:16.029Z"}},{"iob":0.362,"basaliob":-0.06,"bolussnooze":0.0132,"activity":0.0055,"lastBolusTime":1704376671000,"time":"2024-01-04T16:13:16.029Z","iobWithZeroTemp":{"iob":-0.222,"basaliob":-0.644,"bolussnooze":0.0132,"activity":7.0E-4,"lastBolusTime":1704376671000,"time":"2024-01-04T16:13:16.029Z"}},{"iob":0.335,"basaliob":-0.055,"bolussnooze":0.0107,"activity":0.0052,"lastBolusTime":1704376671000,"time":"2024-01-04T16:18:16.029Z","iobWithZeroTemp":{"iob":-0.258,"basaliob":-0.648,"bolussnooze":0.0107,"activity":3.0E-4,"lastBolusTime":1704376671000,"time":"2024-01-04T16:18:16.029Z"}},{"iob":0.31,"basaliob":-0.051,"bolussnooze":0.0087,"activity":0.0049,"lastBolusTime":1704376671000,"time":"2024-01-04T16:23:16.029Z","iobWithZeroTemp":{"iob":-0.291,"basaliob":-0.652,"bolussnooze":0.0087,"activity":-1.0E-4,"lastBolusTime":1704376671000,"time":"2024-01-04T16:23:16.029Z"}},{"iob":0.287,"basaliob":-0.047,"bolussnooze":0.0069,"activity":0.0045,"lastBolusTime":1704376671000,"time":"2024-01-04T16:28:16.029Z","iobWithZeroTemp":{"iob":-0.322,"basaliob":-0.656,"bolussnooze":0.0069,"activity":-6.0E-4,"lastBolusTime":1704376671000,"time":"2024-01-04T16:28:16.029Z"}},{"iob":0.265,"basaliob":-0.043,"bolussnooze":0.0055,"activity":0.0042,"lastBolusTime":1704376671000,"time":"2024-01-04T16:33:16.029Z","iobWithZeroTemp":{"iob":-0.352,"basaliob":-0.66,"bolussnooze":0.0055,"activity":-0.001,"lastBolusTime":1704376671000,"time":"2024-01-04T16:33:16.029Z"}},{"iob":0.244,"basaliob":-0.04,"bolussnooze":0.0044,"activity":0.0039,"lastBolusTime":1704376671000,"time":"2024-01-04T16:38:16.029Z","iobWithZeroTemp":{"iob":-0.38,"basaliob":-0.664,"bolussnooze":0.0044,"activity":-0.0014,"lastBolusTime":1704376671000,"time":"2024-01-04T16:38:16.029Z"}},{"iob":0.226,"basaliob":-0.036,"bolussnooze":0.0034,"activity":0.0037,"lastBolusTime":1704376671000,"time":"2024-01-04T16:43:16.029Z","iobWithZeroTemp":{"iob":-0.404,"basaliob":-0.666,"bolussnooze":0.0034,"activity":-0.0017,"lastBolusTime":1704376671000,"time":"2024-01-04T16:43:16.029Z"}},{"iob":0.209,"basaliob":-0.033,"bolussnooze":0.0027,"activity":0.0034,"lastBolusTime":1704376671000,"time":"2024-01-04T16:48:16.029Z","iobWithZeroTemp":{"iob":-0.427,"basaliob":-0.669,"bolussnooze":0.0027,"activity":-0.0021,"lastBolusTime":1704376671000,"time":"2024-01-04T16:48:16.029Z"}},{"iob":0.192,"basaliob":-0.031,"bolussnooze":0.0021,"activity":0.0032,"lastBolusTime":1704376671000,"time":"2024-01-04T16:53:16.029Z","iobWithZeroTemp":{"iob":-0.45,"basaliob":-0.673,"bolussnooze":0.0021,"activity":-0.0024,"lastBolusTime":1704376671000,"time":"2024-01-04T16:53:16.029Z"}},{"iob":0.177,"basaliob":-0.028,"bolussnooze":0.0016,"activity":0.0029,"lastBolusTime":1704376671000,"time":"2024-01-04T16:58:16.029Z","iobWithZeroTemp":{"iob":-0.47,"basaliob":-0.675,"bolussnooze":0.0016,"activity":-0.0028,"lastBolusTime":1704376671000,"time":"2024-01-04T16:58:16.029Z"}},{"iob":0.162,"basaliob":-0.026,"bolussnooze":0.0012,"activity":0.0027,"lastBolusTime":1704376671000,"time":"2024-01-04T17:03:16.029Z","iobWithZeroTemp":{"iob":-0.489,"basaliob":-0.677,"bolussnooze":0.0012,"activity":-0.0031,"lastBolusTime":1704376671000,"time":"2024-01-04T17:03:16.029Z"}},{"iob":0.15,"basaliob":-0.023,"bolussnooze":9.0E-4,"activity":0.0025,"lastBolusTime":1704376671000,"time":"2024-01-04T17:08:16.029Z","iobWithZeroTemp":{"iob":-0.506,"basaliob":-0.679,"bolussnooze":9.0E-4,"activity":-0.0033,"lastBolusTime":1704376671000,"time":"2024-01-04T17:08:16.029Z"}},{"iob":0.138,"basaliob":-0.021,"bolussnooze":6.0E-4,"activity":0.0023,"lastBolusTime":1704376671000,"time":"2024-01-04T17:13:16.029Z","iobWithZeroTemp":{"iob":-0.522,"basaliob":-0.681,"bolussnooze":6.0E-4,"activity":-0.0036,"lastBolusTime":1704376671000,"time":"2024-01-04T17:13:16.029Z"}},{"iob":0.126,"basaliob":-0.02,"bolussnooze":4.0E-4,"activity":0.0021,"lastBolusTime":1704376671000,"time":"2024-01-04T17:18:16.029Z","iobWithZeroTemp":{"iob":-0.538,"basaliob":-0.684,"bolussnooze":4.0E-4,"activity":-0.0038,"lastBolusTime":1704376671000,"time":"2024-01-04T17:18:16.029Z"}},{"iob":0.116,"basaliob":-0.018,"bolussnooze":3.0E-4,"activity":0.002,"lastBolusTime":1704376671000,"time":"2024-01-04T17:23:16.029Z","iobWithZeroTemp":{"iob":-0.551,"basaliob":-0.685,"bolussnooze":3.0E-4,"activity":-0.004,"lastBolusTime":1704376671000,"time":"2024-01-04T17:23:16.029Z"}},{"iob":0.107,"basaliob":-0.016,"bolussnooze":2.0E-4,"activity":0.0018,"lastBolusTime":1704376671000,"time":"2024-01-04T17:28:16.029Z","iobWithZeroTemp":{"iob":-0.563,"basaliob":-0.686,"bolussnooze":2.0E-4,"activity":-0.0043,"lastBolusTime":1704376671000,"time":"2024-01-04T17:28:16.029Z"}},{"iob":0.097,"basaliob":-0.015,"bolussnooze":1.0E-4,"activity":0.0017,"lastBolusTime":1704376671000,"time":"2024-01-04T17:33:16.029Z","iobWithZeroTemp":{"iob":-0.576,"basaliob":-0.688,"bolussnooze":1.0E-4,"activity":-0.0044,"lastBolusTime":1704376671000,"time":"2024-01-04T17:33:16.029Z"}},{"iob":0.089,"basaliob":-0.014,"bolussnooze":1.0E-4,"activity":0.0015,"lastBolusTime":1704376671000,"time":"2024-01-04T17:38:16.029Z","iobWithZeroTemp":{"iob":-0.587,"basaliob":-0.69,"bolussnooze":1.0E-4,"activity":-0.0046,"lastBolusTime":1704376671000,"time":"2024-01-04T17:38:16.029Z"}},{"iob":0.082,"basaliob":-0.012,"bolussnooze":0,"activity":0.0015,"lastBolusTime":1704376671000,"time":"2024-01-04T17:43:16.029Z","iobWithZeroTemp":{"iob":-0.596,"basaliob":-0.69,"bolussnooze":0,"activity":-0.0047,"lastBolusTime":1704376671000,"time":"2024-01-04T17:43:16.029Z"}},{"iob":0.075,"basaliob":-0.011,"bolussnooze":0,"activity":0.0014,"lastBolusTime":1704376671000,"time":"2024-01-04T17:48:16.029Z","iobWithZeroTemp":{"iob":-0.606,"basaliob":-0.692,"bolussnooze":0,"activity":-0.0048,"lastBolusTime":1704376671000,"time":"2024-01-04T17:48:16.029Z"}},{"iob":0.068,"basaliob":-0.01,"bolussnooze":0,"activity":0.0012,"lastBolusTime":1704376671000,"time":"2024-01-04T17:53:16.029Z","iobWithZeroTemp":{"iob":-0.615,"basaliob":-0.693,"bolussnooze":0,"activity":-0.0051,"lastBolusTime":1704376671000,"time":"2024-01-04T17:53:16.029Z"}}],"profile":{"max_iob":7,"type":"current","max_daily_basal":0.45,"max_basal":1.35,"min_bg":81.0000000000001,"max_bg":81.0000000000001,"target_bg":81.0000000000001,"carb_ratio":11,"sens":352.8,"max_daily_safety_multiplier":3,"current_basal_safety_multiplier":4,"lgsThreshold":65,"high_temptarget_raises_sensitivity":false,"low_temptarget_lowers_sensitivity":false,"sensitivity_raises_target":true,"resistance_lowers_target":true,"adv_target_adjustments":false,"exercise_mode":false,"half_basal_exercise_target":160,"maxCOB":120,"skip_neutral_temps":false,"remainingCarbsCap":90,"enableUAM":true,"A52_risk_enable":false,"SMBInterval":4,"enableSMB_with_COB":true,"enableSMB_with_temptarget":false,"allowSMB_with_high_temptarget":true,"enableSMB_always":true,"enableSMB_after_carbs":false,"maxSMBBasalMinutes":60,"maxUAMSMBBasalMinutes":60,"bolus_increment":0.05,"carbsReqThreshold":10,"current_basal":0.4,"temptargetSet":true,"autosens_max":1.2,"autosens_min":0.8,"out_units":"mmol\/L","variable_sens":151.3,"insulinDivisor":65,"TDD":8.680433958333335},"autosens_data":{"ratio":1.099195079015422},"meal_data":{"carbs":30,"mealCOB":14.416081632653073,"slopeFromMaxDeviation":0,"slopeFromMinDeviation":3.564,"lastBolusTime":1704376671000,"lastCarbTime":1704373913000},"microBolusAllowed":true,"currentTime":1704376697590,"flatBGsDetected":false,"tdd1D":20.64108333333334,"tdd7D":22.492595238095245,"tddLast24H":24.723750000000003,"tddLast4H":5.533333333333333,"tddLast8to4H":4.500000000000001},"output":{"temp":"absolute","bg":191,"tick":"+25","eventualBG":401,"targetBG":81.0000000000001,"insulinReq":0.02,"deliverAt":"2024-01-04T13:58:17.590Z","sensitivityRatio":1.099195079015422,"variable_sens":151.3,"predBGs":{"IOB":[191,209,225,238,249,258,264,267,269,267,264,257,249,240,232,224,216,209,201,194,187,181,175,169,163,157,152,147,142,138,133,129,125,121,118,114,111,108,105,102,100,97,95,93,91,89,87,86],"ZT":[191,179,166,153,139,124,109,93,76,58,39,39,39,39,39,39,39,39,39,39,39,39,39,39,39,39,39,39,39,39,39,39,39,39,39,39,39,39,39,39,39,39,39,39,39,39,39,39],"COB":[191,209,224,237,246,253,257,259,259,256,250,242,232,222,213,204,196,188,180,173,166,159,153,148,142,137,132,128,124,120,116,113,110,107,104,101,99,97,95,93,91,90,88,87,85,84,83,82],"UAM":[191,211,230,248,265,282,298,313,327,341,354,366,377,388,398,401]},"reason":"COB: 14.4, Dev: 11.0, BGI: -0.7, ISF: 8.4, CR: 11, Target: 4.5, minPredBG 4.7, minGuardBG 8.3, IOBpredBG 4.8, COBpredBG 4.6, UAMpredBG 22.3; Eventual BG 22.3 >= 4.5,  insulinReq 0.02. Waiting 4m 36s to microbolus again. temp 0.00 < 0.48U\/hr. ","COB":14.416081632653073,"IOB":1.954,"duration":30,"rate":0.4796780316061688,"timestamp":"2024-01-04T13:58:17.619Z"}}