{"algorithm":"OpenAPSSMBDynamicISFPlugin","input":{"glucoseStatus":{"glucose":148,"noise":0,"delta":-2,"short_avgdelta":-3.39,"long_avgdelta":-5.41,"date":1704104822535},"currenttemp":{"temp":"absolute","duration":27,"rate":0,"minutesrunning":93},"iob_data":[{"iob":2.188,"basaliob":-0.696,"bolussnooze":1.0762,"activity":0.025,"lastBolusTime":1704103331000,"time":"2024-01-01T10:27:24.616Z","iobWithZeroTemp":{"iob":2.188,"basaliob":-0.696,"bolussnooze":1.0762,"activity":0.025,"lastBolusTime":1704103331000,"time":"2024-01-01T10:27:24.616Z"}},{"iob":2.064,"basaliob":-0.664,"bolussnooze":0.9557,"activity":0.0243,"lastBolusTime":1704103331000,"time":"2024-01-01T10:32:24.616Z","iobWithZeroTemp":{"iob":2.037,"basaliob":-0.691,"bolussnooze":0.9557,"activity":0.0243,"lastBolusTime":1704103331000,"time":"2024-01-01T10:32:24.616Z"}},{"iob":1.946,"basaliob":-0.631,"bolussnooze":0.8443,"activity":0.0233,"lastBolusTime":1704103331000,"time":"2024-01-01T10:37:24.616Z","iobWithZeroTemp":{"iob":1.886,"basaliob":-0.691,"bolussnooze":0.8443,"activity":0.0232,"lastBolusTime":1704103331000,"time":"2024-01-01T10:37:24.616Z"}},{"iob":1.831,"basaliob":-0.599,"bolussnooze":0.7424,"activity":0.0224,"lastBolusTime":1704103331000,"time":"2024-01-01T10:42:24.616Z","iobWithZeroTemp":{"iob":1.739,"basaliob":-0.691,"bolussnooze":0.7424,"activity":0.0222,"lastBolusTime":1704103331000,"time":"2024-01-01T10:42:24.616Z"}},{"iob":1.722,"basaliob":-0.567,"bolussnooze":0.65,"activity":0.0216,"lastBolusTime":1704103331000,"time":"2024-01-01T10:47:24.616Z","iobWithZeroTemp":{"iob":1.597,"basaliob":-0.692,"bolussnooze":0.65,"activity":0.0213,"lastBolusTime":1704103331000,"time":"2024-01-01T10:47:24.616Z"}},{"iob":1.615,"basaliob":-0.537,"bolussnooze":0.5668,"activity":0.0206,"lastBolusTime":1704103331000,"time":"2024-01-01T10:52:24.616Z","iobWithZeroTemp":{"iob":1.459,"basaliob":-0.693,"bolussnooze":0.5668,"activity":0.0201,"lastBolusTime":1704103331000,"time":"2024-01-01T10:52:24.616Z"}},{"iob":1.515,"basaliob":-0.507,"bolussnooze":0.4924,"activity":0.0196,"lastBolusTime":1704103331000,"time":"2024-01-01T10:57:24.616Z","iobWithZeroTemp":{"iob":1.329,"basaliob":-0.693,"bolussnooze":0.4924,"activity":0.0189,"lastBolusTime":1704103331000,"time":"2024-01-01T10:57:24.616Z"}},{"iob":1.419,"basaliob":-0.478,"bolussnooze":0.4263,"activity":0.0187,"lastBolusTime":1704103331000,"time":"2024-01-01T11:02:24.616Z","iobWithZeroTemp":{"iob":1.203,"basaliob":-0.694,"bolussnooze":0.4263,"activity":0.0178,"lastBolusTime":1704103331000,"time":"2024-01-01T11:02:24.616Z"}},{"iob":1.328,"basaliob":-0.45,"bolussnooze":0.3679,"activity":0.0178,"lastBolusTime":1704103331000,"time":"2024-01-01T11:07:24.616Z","iobWithZeroTemp":{"iob":1.084,"basaliob":-0.694,"bolussnooze":0.3679,"activity":0.0167,"lastBolusTime":1704103331000,"time":"2024-01-01T11:07:24.616Z"}},{"iob":1.241,"basaliob":-0.423,"bolussnooze":0.3164,"activity":0.0168,"lastBolusTime":1704103331000,"time":"2024-01-01T11:12:24.616Z","iobWithZeroTemp":{"iob":0.969,"basaliob":-0.695,"bolussnooze":0.3164,"activity":0.0155,"lastBolusTime":1704103331000,"time":"2024-01-01T11:12:24.616Z"}},{"iob":1.16,"basaliob":-0.397,"bolussnooze":0.2714,"activity":0.016,"lastBolusTime":1704103331000,"time":"2024-01-01T11:17:24.616Z","iobWithZeroTemp":{"iob":0.862,"basaliob":-0.695,"bolussnooze":0.2714,"activity":0.0145,"lastBolusTime":1704103331000,"time":"2024-01-01T11:17:24.616Z"}},{"iob":1.081,"basaliob":-0.373,"bolussnooze":0.232,"activity":0.0151,"lastBolusTime":1704103331000,"time":"2024-01-01T11:22:24.616Z","iobWithZeroTemp":{"iob":0.758,"basaliob":-0.696,"bolussnooze":0.232,"activity":0.0133,"lastBolusTime":1704103331000,"time":"2024-01-01T11:22:24.616Z"}},{"iob":1.008,"basaliob":-0.349,"bolussnooze":0.1978,"activity":0.0142,"lastBolusTime":1704103331000,"time":"2024-01-01T11:27:24.616Z","iobWithZeroTemp":{"iob":0.661,"basaliob":-0.696,"bolussnooze":0.1978,"activity":0.0122,"lastBolusTime":1704103331000,"time":"2024-01-01T11:27:24.616Z"}},{"iob":0.939,"basaliob":-0.327,"bolussnooze":0.1682,"activity":0.0134,"lastBolusTime":1704103331000,"time":"2024-01-01T11:32:24.616Z","iobWithZeroTemp":{"iob":0.569,"basaliob":-0.697,"bolussnooze":0.1682,"activity":0.0112,"lastBolusTime":1704103331000,"time":"2024-01-01T11:32:24.616Z"}},{"iob":0.873,"basaliob":-0.306,"bolussnooze":0.1425,"activity":0.0127,"lastBolusTime":1704103331000,"time":"2024-01-01T11:37:24.616Z","iobWithZeroTemp":{"iob":0.482,"basaliob":-0.697,"bolussnooze":0.1425,"activity":0.0103,"lastBolusTime":1704103331000,"time":"2024-01-01T11:37:24.616Z"}},{"iob":0.812,"basaliob":-0.286,"bolussnooze":0.1205,"activity":0.0119,"lastBolusTime":1704103331000,"time":"2024-01-01T11:42:24.616Z","iobWithZeroTemp":{"iob":0.4,"basaliob":-0.698,"bolussnooze":0.1205,"activity":0.0092,"lastBolusTime":1704103331000,"time":"2024-01-01T11:42:24.616Z"}},{"iob":0.754,"basaliob":-0.267,"bolussnooze":0.1015,"activity":0.0112,"lastBolusTime":1704103331000,"time":"2024-01-01T11:47:24.616Z","iobWithZeroTemp":{"iob":0.323,"basaliob":-0.698,"bolussnooze":0.1015,"activity":0.0083,"lastBolusTime":1704103331000,"time":"2024-01-01T11:47:24.616Z"}},{"iob":0.7,"basaliob":-0.249,"bolussnooze":0.0853,"activity":0.0105,"lastBolusTime":1704103331000,"time":"2024-01-01T11:52:24.616Z","iobWithZeroTemp":{"iob":0.25,"basaliob":-0.699,"bolussnooze":0.0853,"activity":0.0074,"lastBolusTime":1704103331000,"time":"2024-01-01T11:52:24.616Z"}},{"iob":0.649,"basaliob":-0.232,"bolussnooze":0.0715,"activity":0.0098,"lastBolusTime":1704103331000,"time":"2024-01-01T11:57:24.616Z","iobWithZeroTemp":{"iob":0.182,"basaliob":-0.699,"bolussnooze":0.0715,"activity":0.0065,"lastBolusTime":1704103331000,"time":"2024-01-01T11:57:24.616Z"}},{"iob":0.602,"basaliob":-0.216,"bolussnooze":0.0597,"activity":0.0092,"lastBolusTime":1704103331000,"time":"2024-01-01T12:02:24.616Z","iobWithZeroTemp":{"iob":0.118,"basaliob":-0.7,"bolussnooze":0.0597,"activity":0.0057,"lastBolusTime":1704103331000,"time":"2024-01-01T12:02:24.616Z"}},{"iob":0.557,"basaliob":-0.201,"bolussnooze":0.0497,"activity":0.0086,"lastBolusTime":1704103331000,"time":"2024-01-01T12:07:24.616Z","iobWithZeroTemp":{"iob":0.058,"basaliob":-0.7,"bolussnooze":0.0497,"activity":0.0049,"lastBolusTime":1704103331000,"time":"2024-01-01T12:07:24.616Z"}},{"iob":0.516,"basaliob":-0.186,"bolussnooze":0.0413,"activity":0.0081,"lastBolusTime":1704103331000,"time":"2024-01-01T12:12:24.616Z","iobWithZeroTemp":{"iob":0.002,"basaliob":-0.7,"bolussnooze":0.0413,"activity":0.0042,"lastBolusTime":1704103331000,"time":"2024-01-01T12:12:24.616Z"}},{"iob":0.477,"basaliob":-0.173,"bolussnooze":0.0341,"activity":0.0075,"lastBolusTime":1704103331000,"time":"2024-01-01T12:17:24.616Z","iobWithZeroTemp":{"iob":-0.05,"basaliob":-0.7,"bolussnooze":0.0341,"activity":0.0035,"lastBolusTime":1704103331000,"time":"2024-01-01T12:17:24.616Z"}},{"iob":0.44,"basaliob":-0.161,"bolussnooze":0.0281,"activity":0.007,"lastBolusTime":1704103331000,"time":"2024-01-01T12:22:24.616Z","iobWithZeroTemp":{"iob":-0.1,"basaliob":-0.701,"bolussnooze":0.0281,"activity":0.0028,"lastBolusTime":1704103331000,"time":"2024-01-01T12:22:24.616Z"}},{"iob":0.407,"basaliob":-0.149,"bolussnooze":0.0231,"activity":0.0065,"lastBolusTime":1704103331000,"time":"2024-01-01T12:27:24.616Z","iobWithZeroTemp":{"iob":-0.145,"basaliob":-0.701,"bolussnooze":0.0231,"activity":0.0022,"lastBolusTime":1704103331000,"time":"2024-01-01T12:27:24.616Z"}},{"iob":0.376,"basaliob":-0.138,"bolussnooze":0.0189,"activity":0.0061,"lastBolusTime":1704103331000,"time":"2024-01-01T12:32:24.616Z","iobWithZeroTemp":{"iob":-0.187,"basaliob":-0.701,"bolussnooze":0.0189,"activity":0.0016,"lastBolusTime":1704103331000,"time":"2024-01-01T12:32:24.616Z"}},{"iob":0.346,"basaliob":-0.128,"bolussnooze":0.0154,"activity":0.0056,"lastBolusTime":1704103331000,"time":"2024-01-01T12:37:24.616Z","iobWithZeroTemp":{"iob":-0.228,"basaliob":-0.702,"bolussnooze":0.0154,"activity":0.001,"lastBolusTime":1704103331000,"time":"2024-01-01T12:37:24.616Z"}},{"iob":0.319,"basaliob":-0.118,"bolussnooze":0.0125,"activity":0.0053,"lastBolusTime":1704103331000,"time":"2024-01-01T12:42:24.616Z","iobWithZeroTemp":{"iob":-0.265,"basaliob":-0.702,"bolussnooze":0.0125,"activity":5.0E-4,"lastBolusTime":1704103331000,"time":"2024-01-01T12:42:24.616Z"}},{"iob":0.294,"basaliob":-0.109,"bolussnooze":0.0101,"activity":0.0049,"lastBolusTime":1704103331000,"time":"2024-01-01T12:47:24.616Z","iobWithZeroTemp":{"iob":-0.299,"basaliob":-0.702,"bolussnooze":0.0101,"activity":0,"lastBolusTime":1704103331000,"time":"2024-01-01T12:47:24.616Z"}},{"iob":0.27,"basaliob":-0.101,"bolussnooze":0.0081,"activity":0.0045,"lastBolusTime":1704103331000,"time":"2024-01-01T12:52:24.616Z","iobWithZeroTemp":{"iob":-0.331,"basaliob":-0.702,"bolussnooze":0.0081,"activity":-5.0E-4,"lastBolusTime":1704103331000,"time":"2024-01-01T12:52:24.616Z"}},{"iob":0.249,"basaliob":-0.093,"bolussnooze":0.0065,"activity":0.0042,"lastBolusTime":1704103331000,"time":"2024-01-01T12:57:24.616Z","iobWithZeroTemp":{"iob":-0.36,"basaliob":-0.702,"bolussnooze":0.0065,"activity":-9.0E-4,"lastBolusTime":1704103331000,"time":"2024-01-01T12:57:24.616Z"}},{"iob":0.228,"basaliob":-0.086,"bolussnooze":0.0051,"activity":0.0039,"lastBolusTime":1704103331000,"time":"2024-01-01T13:02:24.616Z","iobWithZeroTemp":{"iob":-0.389,"basaliob":-0.703,"bolussnooze":0.0051,"activity":-0.0013,"lastBolusTime":1704103331000,"time":"2024-01-01T13:02:24.616Z"}},{"iob":0.21,"basaliob":-0.079,"bolussnooze":0.004,"activity":0.0036,"lastBolusTime":1704103331000,"time":"2024-01-01T13:07:24.616Z","iobWithZeroTemp":{"iob":-0.414,"basaliob":-0.703,"bolussnooze":0.004,"activity":-0.0017,"lastBolusTime":1704103331000,"time":"2024-01-01T13:07:24.616Z"}},{"iob":0.192,"basaliob":-0.073,"bolussnooze":0.0031,"activity":0.0033,"lastBolusTime":1704103331000,"time":"2024-01-01T13:12:24.616Z","iobWithZeroTemp":{"iob":-0.438,"basaliob":-0.703,"bolussnooze":0.0031,"activity":-0.0021,"lastBolusTime":1704103331000,"time":"2024-01-01T13:12:24.616Z"}},{"iob":0.176,"basaliob":-0.067,"bolussnooze":0.0024,"activity":0.0031,"lastBolusTime":1704103331000,"time":"2024-01-01T13:17:24.616Z","iobWithZeroTemp":{"iob":-0.46,"basaliob":-0.703,"bolussnooze":0.0024,"activity":-0.0024,"lastBolusTime":1704103331000,"time":"2024-01-01T13:17:24.616Z"}},{"iob":0.161,"basaliob":-0.062,"bolussnooze":0.0019,"activity":0.0029,"lastBolusTime":1704103331000,"time":"2024-01-01T13:22:24.616Z","iobWithZeroTemp":{"iob":-0.481,"basaliob":-0.704,"bolussnooze":0.0019,"activity":-0.0027,"lastBolusTime":1704103331000,"time":"2024-01-01T13:22:24.616Z"}},{"iob":0.148,"basaliob":-0.057,"bolussnooze":0.0014,"activity":0.0026,"lastBolusTime":1704103331000,"time":"2024-01-01T13:27:24.616Z","iobWithZeroTemp":{"iob":-0.499,"basaliob":-0.704,"bolussnooze":0.0014,"activity":-0.0031,"lastBolusTime":1704103331000,"time":"2024-01-01T13:27:24.616Z"}},{"iob":0.135,"basaliob":-0.052,"bolussnooze":0.0011,"activity":0.0024,"lastBolusTime":1704103331000,"time":"2024-01-01T13:32:24.616Z","iobWithZeroTemp":{"iob":-0.516,"basaliob":-0.703,"bolussnooze":0.0011,"activity":-0.0034,"lastBolusTime":1704103331000,"time":"2024-01-01T13:32:24.616Z"}},{"iob":0.123,"basaliob":-0.048,"bolussnooze":8.0E-4,"activity":0.0023,"lastBolusTime":1704103331000,"time":"2024-01-01T13:37:24.616Z","iobWithZeroTemp":{"iob":-0.533,"basaliob":-0.704,"bolussnooze":8.0E-4,"activity":-0.0035,"lastBolusTime":1704103331000,"time":"2024-01-01T13:37:24.616Z"}},{"iob":0.113,"basaliob":-0.044,"bolussnooze":6.0E-4,"activity":0.002,"lastBolusTime":1704103331000,"time":"2024-01-01T13:42:24.616Z","iobWithZeroTemp":{"iob":-0.547,"basaliob":-0.704,"bolussnooze":6.0E-4,"activity":-0.0039,"lastBolusTime":1704103331000,"time":"2024-01-01T13:42:24.616Z"}},{"iob":0.103,"basaliob":-0.04,"bolussnooze":4.0E-4,"activity":0.0019,"lastBolusTime":1704103331000,"time":"2024-01-01T13:47:24.616Z","iobWithZeroTemp":{"iob":-0.561,"basaliob":-0.704,"bolussnooze":4.0E-4,"activity":-0.004,"lastBolusTime":1704103331000,"time":"2024-01-01T13:47:24.616Z"}},{"iob":0.094,"basaliob":-0.037,"bolussnooze":3.0E-4,"activity":0.0017,"lastBolusTime":1704103331000,"time":"2024-01-01T13:52:24.616Z","iobWithZeroTemp":{"iob":-0.573,"basaliob":-0.704,"bolussnooze":3.0E-4,"activity":-0.0043,"lastBolusTime":1704103331000,"time":"2024-01-01T13:52:24.616Z"}},{"iob":0.085,"basaliob":-0.034,"bolussnooze":2.0E-4,"activity":0.0016,"lastBolusTime":1704103331000,"time":"2024-01-01T13:57:24.616Z","iobWithZeroTemp":{"iob":-0.585,"basaliob":-0.704,"bolussnooze":2.0E-4,"activity":-0.0045,"lastBolusTime":1704103331000,"time":"2024-01-01T13:57:24.616Z"}},{"iob":0.078,"basaliob":-0.031,"bolussnooze":1.0E-4,"activity":0.0014,"lastBolusTime":1704103331000,"time":"2024-01-01T14:02:24.616Z","iobWithZeroTemp":{"iob":-0.595,"basaliob":-0.704,"bolussnooze":1.0E-4,"activity":-0.0047,"lastBolusTime":1704103331000,"time":"2024-01-01T14:02:24.616Z"}},{"iob":0.071,"basaliob":-0.028,"bolussnooze":1.0E-4,"activity":0.0014,"lastBolusTime":1704103331000,"time":"2024-01-01T14:07:24.616Z","iobWithZeroTemp":{"iob":-0.605,"basaliob":-0.704,"bolussnooze":1.0E-4,"activity":-0.0047,"lastBolusTime":1704103331000,"time":"2024-01-01T14:07:24.616Z"}},{"iob":0.064,"basaliob":-0.026,"bolussnooze":0,"activity":0.0012,"lastBolusTime":1704103331000,"time":"2024-01-01T14:12:24.616Z","iobWithZeroTemp":{"iob":-0.614,"basaliob":-0.704,"bolussnooze":0,"activity":-0.005,"lastBolusTime":1704103331000,"time":"2024-01-01T14:12:24.616Z"}},{"iob":0.059,"basaliob":-0.023,"bolussnooze":0,"activity":0.0012,"lastBolusTime":1704103331000,"time":"2024-01-01T14:17:24.616Z","iobWithZeroTemp":{"iob":-0.622,"basaliob":-0.704,"bolussnooze":0,"activity":-0.005,"lastBolusTime":1704103331000,"time":"2024-01-01T14:17:24.616Z"}},{"iob":0.053,"basaliob":-0.021,"bolussnooze":0,"activity":0.001,"lastBolusTime":1704103331000,"time":"2024-01-01T14:22:24.616Z","iobWithZeroTemp":{"iob":-0.63,"basaliob":-0.704,"bolussnooze":0,"activity":-0.0053,"lastBolusTime":1704103331000,"time":"2024-01-01T14:22:24.616Z"}}],"profile":{"max_iob":7,"type":"current","max_daily_basal":0.45,"max_basal":1.35,"min_bg":81.0000000000001,"max_bg":81.0000000000001,"target_bg":81.0000000000001,"carb_ratio":11,"sens":352.8,"max_daily_safety_multiplier":3,"current_basal_safety_multiplier":4,"lgsThreshold":65,"high_temptarget_raises_sensitivity":false,"low_temptarget_lowers_sensitivity":false,"sensitivity_raises_target":true,"resistance_lowers_target":true,"adv_target_adjustments":false,"exercise_mode":false,"half_basal_exercise_target":160,"maxCOB":120,"skip_neutral_temps":false,"remainingCarbsCap":90,"enableUAM":true,"A52_risk_enable":false,"SMBInterval":4,"enableSMB_with_COB":true,"enableSMB_with_temptarget":false,"allowSMB_with_high_temptarget":true,"enableSMB_always":true,"enableSMB_after_carbs":false,"maxSMBBasalMinutes":60,"maxUAMSMBBasalMinutes":60,"bolus_increment":0.05,"carbsReqThreshold":10,"current_basal":0.4,"temptargetSet":true,"autosens_max":1.2,"autosens_min":0.8,"out_units":"mmol\/L","variable_sens":149,"insulinDivisor":65,"TDD":10.176544366666667},"autosens_data":{"ratio":1.3175656848924386},"meal_data":{"carbs":60,"mealCOB":29.0027052154195,"slopeFromMaxDeviation":-2.4234000000000004,"slopeFromMinDeviation":0,"lastBolusTime":1704103331000,"lastCarbTime":1704102489000},"microBolusAllowed":true,"currentTime":1704104847607,"flatBGsDetected":false,"tdd1D":21.848083333333335,"tdd7D":24.48151190476191,"tddLast24H":32.256000000000014,"tddLast4H":7.400000000000001,"tddLast8to4H":5.531750000000001},"output":{"temp":"absolute","bg":148,"tick":-2,"eventualBG":206,"targetBG":81.0000000000001,"insulinReq":0,"deliverAt":"2024-01-01T10:27:27.607Z","sensitivityRatio":1.3175656848924386,"variable_sens":149,"predBGs":{"IOB":[148,143,138,131,123,114,103,92,78,62,42,39,39],"ZT":[148,129,110,89,66,39,39,39,39,39,39,39,39,39,39,39,39,39,39,39,39,39,39,39,39,39,39,39,39,39,39,39,39,39,39,39,39,39,39,39,39,39,39,39,39,39,39,39],"COB":[148,144,141,139,137,135,134,133,133,134,135,137,139,142,145,148,152,157,161,166,172,177,182,186,191,195,199,202,206,208,211,213,215,216,217,218,218,218,217,216,214,213,211,210,209,208,207,206],"UAM":[148,142,134,123,110,94,75,52,39,39,39,39,39]},"reason":"COB: 29, Dev: 5.1, BGI: -1.0, ISF: 8.3, CR: 11, Target: 4.5, minPredBG -8.1, minGuardBG -10.1, IOBpredBG 2.2, COBpredBG 11.4, UAMpredBG 2.2; minGuardBG -10.1<3.6","COB":29.0027052154195,"IOB":2.188,"duration":120,"rate":0,"timestamp":"2024-01-01T10:27:27.632Z"}}