{"algorithm":"OpenAPSSMBDynamicISFPlugin","input":{"glucoseStatus":{"glucose":142,"noise":0,"delta":-20,"short_avgdelta":-20.22,"long_avgdelta":-8.81,"date":1704062521827},"currenttemp":{"temp":"absolute","duration":36,"rate":0,"minutesrunning":84},"iob_data":[{"iob":2.574,"basaliob":-0.707,"bolussnooze":1.0077,"activity":0.0265,"lastBolusTime":1704061313000,"time":"2023-12-31T22:47:02.502Z","iobWithZeroTemp":{"iob":2.574,"basaliob":-0.707,"bolussnooze":1.0077,"activity":0.0265,"lastBolusTime":1704061313000,"time":"2023-12-31T22:47:02.502Z"}},{"iob":2.443,"basaliob":-0.675,"bolussnooze":0.9036,"activity":0.0261,"lastBolusTime":1704061313000,"time":"2023-12-31T22:52:02.502Z","iobWithZeroTemp":{"iob":2.413,"basaliob":-0.705,"bolussnooze":0.9036,"activity":0.0261,"lastBolusTime":1704061313000,"time":"2023-12-31T22:52:02.502Z"}},{"iob":2.314,"basaliob":-0.643,"bolussnooze":0.8052,"activity":0.0255,"lastBolusTime":1704061313000,"time":"2023-12-31T22:57:02.502Z","iobWithZeroTemp":{"iob":2.247,"basaliob":-0.71,"bolussnooze":0.8052,"activity":0.0254,"lastBolusTime":1704061313000,"time":"2023-12-31T22:57:02.502Z"}},{"iob":2.189,"basaliob":-0.611,"bolussnooze":0.7135,"activity":0.0248,"lastBolusTime":1704061313000,"time":"2023-12-31T23:02:02.502Z","iobWithZeroTemp":{"iob":2.085,"basaliob":-0.715,"bolussnooze":0.7135,"activity":0.0246,"lastBolusTime":1704061313000,"time":"2023-12-31T23:02:02.502Z"}},{"iob":2.066,"basaliob":-0.58,"bolussnooze":0.6291,"activity":0.024,"lastBolusTime":1704061313000,"time":"2023-12-31T23:07:02.502Z","iobWithZeroTemp":{"iob":1.926,"basaliob":-0.72,"bolussnooze":0.6291,"activity":0.0236,"lastBolusTime":1704061313000,"time":"2023-12-31T23:07:02.502Z"}},{"iob":1.949,"basaliob":-0.549,"bolussnooze":0.5522,"activity":0.0232,"lastBolusTime":1704061313000,"time":"2023-12-31T23:12:02.502Z","iobWithZeroTemp":{"iob":1.774,"basaliob":-0.724,"bolussnooze":0.5522,"activity":0.0226,"lastBolusTime":1704061313000,"time":"2023-12-31T23:12:02.502Z"}},{"iob":1.835,"basaliob":-0.519,"bolussnooze":0.4828,"activity":0.0223,"lastBolusTime":1704061313000,"time":"2023-12-31T23:17:02.502Z","iobWithZeroTemp":{"iob":1.625,"basaliob":-0.729,"bolussnooze":0.4828,"activity":0.0215,"lastBolusTime":1704061313000,"time":"2023-12-31T23:17:02.502Z"}},{"iob":1.725,"basaliob":-0.49,"bolussnooze":0.4204,"activity":0.0214,"lastBolusTime":1704061313000,"time":"2023-12-31T23:22:02.502Z","iobWithZeroTemp":{"iob":1.482,"basaliob":-0.733,"bolussnooze":0.4204,"activity":0.0204,"lastBolusTime":1704061313000,"time":"2023-12-31T23:22:02.502Z"}},{"iob":1.62,"basaliob":-0.462,"bolussnooze":0.3648,"activity":0.0205,"lastBolusTime":1704061313000,"time":"2023-12-31T23:27:02.502Z","iobWithZeroTemp":{"iob":1.345,"basaliob":-0.737,"bolussnooze":0.3648,"activity":0.0193,"lastBolusTime":1704061313000,"time":"2023-12-31T23:27:02.502Z"}},{"iob":1.52,"basaliob":-0.435,"bolussnooze":0.3155,"activity":0.0196,"lastBolusTime":1704061313000,"time":"2023-12-31T23:32:02.502Z","iobWithZeroTemp":{"iob":1.214,"basaliob":-0.741,"bolussnooze":0.3155,"activity":0.0181,"lastBolusTime":1704061313000,"time":"2023-12-31T23:32:02.502Z"}},{"iob":1.424,"basaliob":-0.409,"bolussnooze":0.272,"activity":0.0187,"lastBolusTime":1704061313000,"time":"2023-12-31T23:37:02.502Z","iobWithZeroTemp":{"iob":1.089,"basaliob":-0.744,"bolussnooze":0.272,"activity":0.017,"lastBolusTime":1704061313000,"time":"2023-12-31T23:37:02.502Z"}},{"iob":1.333,"basaliob":-0.384,"bolussnooze":0.2337,"activity":0.0177,"lastBolusTime":1704061313000,"time":"2023-12-31T23:42:02.502Z","iobWithZeroTemp":{"iob":0.97,"basaliob":-0.747,"bolussnooze":0.2337,"activity":0.0157,"lastBolusTime":1704061313000,"time":"2023-12-31T23:42:02.502Z"}},{"iob":1.246,"basaliob":-0.361,"bolussnooze":0.2003,"activity":0.0168,"lastBolusTime":1704061313000,"time":"2023-12-31T23:47:02.502Z","iobWithZeroTemp":{"iob":0.856,"basaliob":-0.751,"bolussnooze":0.2003,"activity":0.0146,"lastBolusTime":1704061313000,"time":"2023-12-31T23:47:02.502Z"}},{"iob":1.164,"basaliob":-0.338,"bolussnooze":0.1711,"activity":0.016,"lastBolusTime":1704061313000,"time":"2023-12-31T23:52:02.502Z","iobWithZeroTemp":{"iob":0.748,"basaliob":-0.754,"bolussnooze":0.1711,"activity":0.0135,"lastBolusTime":1704061313000,"time":"2023-12-31T23:52:02.502Z"}},{"iob":1.087,"basaliob":-0.316,"bolussnooze":0.1458,"activity":0.0151,"lastBolusTime":1704061313000,"time":"2023-12-31T23:57:02.502Z","iobWithZeroTemp":{"iob":0.647,"basaliob":-0.756,"bolussnooze":0.1458,"activity":0.0124,"lastBolusTime":1704061313000,"time":"2023-12-31T23:57:02.502Z"}},{"iob":1.013,"basaliob":-0.296,"bolussnooze":0.1238,"activity":0.0143,"lastBolusTime":1704061313000,"time":"2024-01-01T00:02:02.502Z","iobWithZeroTemp":{"iob":0.55,"basaliob":-0.759,"bolussnooze":0.1238,"activity":0.0113,"lastBolusTime":1704061313000,"time":"2024-01-01T00:02:02.502Z"}},{"iob":0.944,"basaliob":-0.276,"bolussnooze":0.1049,"activity":0.0135,"lastBolusTime":1704061313000,"time":"2024-01-01T00:07:02.502Z","iobWithZeroTemp":{"iob":0.467,"basaliob":-0.753,"bolussnooze":0.1049,"activity":0.0103,"lastBolusTime":1704061313000,"time":"2024-01-01T00:07:02.502Z"}},{"iob":0.878,"basaliob":-0.258,"bolussnooze":0.0886,"activity":0.0127,"lastBolusTime":1704061313000,"time":"2024-01-01T00:12:02.502Z","iobWithZeroTemp":{"iob":0.388,"basaliob":-0.748,"bolussnooze":0.0886,"activity":0.0093,"lastBolusTime":1704061313000,"time":"2024-01-01T00:12:02.502Z"}},{"iob":0.817,"basaliob":-0.24,"bolussnooze":0.0747,"activity":0.0119,"lastBolusTime":1704061313000,"time":"2024-01-01T00:17:02.502Z","iobWithZeroTemp":{"iob":0.316,"basaliob":-0.741,"bolussnooze":0.0747,"activity":0.0083,"lastBolusTime":1704061313000,"time":"2024-01-01T00:17:02.502Z"}},{"iob":0.759,"basaliob":-0.224,"bolussnooze":0.0627,"activity":0.0112,"lastBolusTime":1704061313000,"time":"2024-01-01T00:22:02.502Z","iobWithZeroTemp":{"iob":0.247,"basaliob":-0.736,"bolussnooze":0.0627,"activity":0.0074,"lastBolusTime":1704061313000,"time":"2024-01-01T00:22:02.502Z"}},{"iob":0.705,"basaliob":-0.208,"bolussnooze":0.0525,"activity":0.0105,"lastBolusTime":1704061313000,"time":"2024-01-01T00:27:02.502Z","iobWithZeroTemp":{"iob":0.184,"basaliob":-0.729,"bolussnooze":0.0525,"activity":0.0065,"lastBolusTime":1704061313000,"time":"2024-01-01T00:27:02.502Z"}},{"iob":0.654,"basaliob":-0.194,"bolussnooze":0.0438,"activity":0.0099,"lastBolusTime":1704061313000,"time":"2024-01-01T00:32:02.502Z","iobWithZeroTemp":{"iob":0.124,"basaliob":-0.724,"bolussnooze":0.0438,"activity":0.0057,"lastBolusTime":1704061313000,"time":"2024-01-01T00:32:02.502Z"}},{"iob":0.606,"basaliob":-0.18,"bolussnooze":0.0365,"activity":0.0092,"lastBolusTime":1704061313000,"time":"2024-01-01T00:37:02.502Z","iobWithZeroTemp":{"iob":0.068,"basaliob":-0.718,"bolussnooze":0.0365,"activity":0.0049,"lastBolusTime":1704061313000,"time":"2024-01-01T00:37:02.502Z"}},{"iob":0.562,"basaliob":-0.167,"bolussnooze":0.0303,"activity":0.0086,"lastBolusTime":1704061313000,"time":"2024-01-01T00:42:02.502Z","iobWithZeroTemp":{"iob":0.016,"basaliob":-0.713,"bolussnooze":0.0303,"activity":0.0042,"lastBolusTime":1704061313000,"time":"2024-01-01T00:42:02.502Z"}},{"iob":0.52,"basaliob":-0.155,"bolussnooze":0.025,"activity":0.0081,"lastBolusTime":1704061313000,"time":"2024-01-01T00:47:02.502Z","iobWithZeroTemp":{"iob":-0.032,"basaliob":-0.707,"bolussnooze":0.025,"activity":0.0035,"lastBolusTime":1704061313000,"time":"2024-01-01T00:47:02.502Z"}},{"iob":0.481,"basaliob":-0.144,"bolussnooze":0.0206,"activity":0.0075,"lastBolusTime":1704061313000,"time":"2024-01-01T00:52:02.502Z","iobWithZeroTemp":{"iob":-0.078,"basaliob":-0.703,"bolussnooze":0.0206,"activity":0.0028,"lastBolusTime":1704061313000,"time":"2024-01-01T00:52:02.502Z"}},{"iob":0.445,"basaliob":-0.133,"bolussnooze":0.0169,"activity":0.0071,"lastBolusTime":1704061313000,"time":"2024-01-01T00:57:02.502Z","iobWithZeroTemp":{"iob":-0.119,"basaliob":-0.697,"bolussnooze":0.0169,"activity":0.0023,"lastBolusTime":1704061313000,"time":"2024-01-01T00:57:02.502Z"}},{"iob":0.411,"basaliob":-0.123,"bolussnooze":0.0138,"activity":0.0066,"lastBolusTime":1704061313000,"time":"2024-01-01T01:02:02.502Z","iobWithZeroTemp":{"iob":-0.153,"basaliob":-0.687,"bolussnooze":0.0138,"activity":0.0018,"lastBolusTime":1704061313000,"time":"2024-01-01T01:02:02.502Z"}},{"iob":0.379,"basaliob":-0.114,"bolussnooze":0.0113,"activity":0.0061,"lastBolusTime":1704061313000,"time":"2024-01-01T01:07:02.502Z","iobWithZeroTemp":{"iob":-0.183,"basaliob":-0.676,"bolussnooze":0.0113,"activity":0.0012,"lastBolusTime":1704061313000,"time":"2024-01-01T01:07:02.502Z"}},{"iob":0.35,"basaliob":-0.105,"bolussnooze":0.0091,"activity":0.0056,"lastBolusTime":1704061313000,"time":"2024-01-01T01:12:02.502Z","iobWithZeroTemp":{"iob":-0.21,"basaliob":-0.665,"bolussnooze":0.0091,"activity":6.0E-4,"lastBolusTime":1704061313000,"time":"2024-01-01T01:12:02.502Z"}},{"iob":0.322,"basaliob":-0.097,"bolussnooze":0.0074,"activity":0.0052,"lastBolusTime":1704061313000,"time":"2024-01-01T01:17:02.502Z","iobWithZeroTemp":{"iob":-0.236,"basaliob":-0.655,"bolussnooze":0.0074,"activity":2.0E-4,"lastBolusTime":1704061313000,"time":"2024-01-01T01:17:02.502Z"}},{"iob":0.296,"basaliob":-0.09,"bolussnooze":0.0059,"activity":0.0049,"lastBolusTime":1704061313000,"time":"2024-01-01T01:22:02.502Z","iobWithZeroTemp":{"iob":-0.259,"basaliob":-0.645,"bolussnooze":0.0059,"activity":-1.0E-4,"lastBolusTime":1704061313000,"time":"2024-01-01T01:22:02.502Z"}},{"iob":0.273,"basaliob":-0.083,"bolussnooze":0.0047,"activity":0.0046,"lastBolusTime":1704061313000,"time":"2024-01-01T01:27:02.502Z","iobWithZeroTemp":{"iob":-0.279,"basaliob":-0.635,"bolussnooze":0.0047,"activity":-5.0E-4,"lastBolusTime":1704061313000,"time":"2024-01-01T01:27:02.502Z"}},{"iob":0.251,"basaliob":-0.076,"bolussnooze":0.0037,"activity":0.0042,"lastBolusTime":1704061313000,"time":"2024-01-01T01:32:02.502Z","iobWithZeroTemp":{"iob":-0.298,"basaliob":-0.625,"bolussnooze":0.0037,"activity":-9.0E-4,"lastBolusTime":1704061313000,"time":"2024-01-01T01:32:02.502Z"}},{"iob":0.231,"basaliob":-0.07,"bolussnooze":0.0029,"activity":0.0039,"lastBolusTime":1704061313000,"time":"2024-01-01T01:37:02.502Z","iobWithZeroTemp":{"iob":-0.315,"basaliob":-0.616,"bolussnooze":0.0029,"activity":-0.0012,"lastBolusTime":1704061313000,"time":"2024-01-01T01:37:02.502Z"}},{"iob":0.212,"basaliob":-0.065,"bolussnooze":0.0023,"activity":0.0036,"lastBolusTime":1704061313000,"time":"2024-01-01T01:42:02.502Z","iobWithZeroTemp":{"iob":-0.331,"basaliob":-0.608,"bolussnooze":0.0023,"activity":-0.0015,"lastBolusTime":1704061313000,"time":"2024-01-01T01:42:02.502Z"}},{"iob":0.194,"basaliob":-0.06,"bolussnooze":0.0017,"activity":0.0034,"lastBolusTime":1704061313000,"time":"2024-01-01T01:47:02.502Z","iobWithZeroTemp":{"iob":-0.346,"basaliob":-0.6,"bolussnooze":0.0017,"activity":-0.0017,"lastBolusTime":1704061313000,"time":"2024-01-01T01:47:02.502Z"}},{"iob":0.178,"basaliob":-0.055,"bolussnooze":0.0013,"activity":0.0031,"lastBolusTime":1704061313000,"time":"2024-01-01T01:52:02.502Z","iobWithZeroTemp":{"iob":-0.359,"basaliob":-0.592,"bolussnooze":0.0013,"activity":-0.002,"lastBolusTime":1704061313000,"time":"2024-01-01T01:52:02.502Z"}},{"iob":0.164,"basaliob":-0.05,"bolussnooze":0.001,"activity":0.0028,"lastBolusTime":1704061313000,"time":"2024-01-01T01:57:02.502Z","iobWithZeroTemp":{"iob":-0.37,"basaliob":-0.584,"bolussnooze":0.001,"activity":-0.0023,"lastBolusTime":1704061313000,"time":"2024-01-01T01:57:02.502Z"}},{"iob":0.15,"basaliob":-0.046,"bolussnooze":7.0E-4,"activity":0.0026,"lastBolusTime":1704061313000,"time":"2024-01-01T02:02:02.502Z","iobWithZeroTemp":{"iob":-0.381,"basaliob":-0.577,"bolussnooze":7.0E-4,"activity":-0.0025,"lastBolusTime":1704061313000,"time":"2024-01-01T02:02:02.502Z"}},{"iob":0.137,"basaliob":-0.042,"bolussnooze":5.0E-4,"activity":0.0025,"lastBolusTime":1704061313000,"time":"2024-01-01T02:07:02.502Z","iobWithZeroTemp":{"iob":-0.391,"basaliob":-0.57,"bolussnooze":5.0E-4,"activity":-0.0026,"lastBolusTime":1704061313000,"time":"2024-01-01T02:07:02.502Z"}},{"iob":0.125,"basaliob":-0.039,"bolussnooze":4.0E-4,"activity":0.0022,"lastBolusTime":1704061313000,"time":"2024-01-01T02:12:02.502Z","iobWithZeroTemp":{"iob":-0.401,"basaliob":-0.565,"bolussnooze":4.0E-4,"activity":-0.0029,"lastBolusTime":1704061313000,"time":"2024-01-01T02:12:02.502Z"}},{"iob":0.115,"basaliob":-0.035,"bolussnooze":2.0E-4,"activity":0.0021,"lastBolusTime":1704061313000,"time":"2024-01-01T02:17:02.502Z","iobWithZeroTemp":{"iob":-0.408,"basaliob":-0.558,"bolussnooze":2.0E-4,"activity":-0.0029,"lastBolusTime":1704061313000,"time":"2024-01-01T02:17:02.502Z"}},{"iob":0.105,"basaliob":-0.032,"bolussnooze":2.0E-4,"activity":0.0019,"lastBolusTime":1704061313000,"time":"2024-01-01T02:22:02.502Z","iobWithZeroTemp":{"iob":-0.415,"basaliob":-0.552,"bolussnooze":2.0E-4,"activity":-0.0031,"lastBolusTime":1704061313000,"time":"2024-01-01T02:22:02.502Z"}},{"iob":0.095,"basaliob":-0.03,"bolussnooze":1.0E-4,"activity":0.0018,"lastBolusTime":1704061313000,"time":"2024-01-01T02:27:02.502Z","iobWithZeroTemp":{"iob":-0.423,"basaliob":-0.548,"bolussnooze":1.0E-4,"activity":-0.0032,"lastBolusTime":1704061313000,"time":"2024-01-01T02:27:02.502Z"}},{"iob":0.087,"basaliob":-0.027,"bolussnooze":0,"activity":0.0016,"lastBolusTime":1704061313000,"time":"2024-01-01T02:32:02.502Z","iobWithZeroTemp":{"iob":-0.428,"basaliob":-0.542,"bolussnooze":0,"activity":-0.0034,"lastBolusTime":1704061313000,"time":"2024-01-01T02:32:02.502Z"}},{"iob":0.079,"basaliob":-0.025,"bolussnooze":0,"activity":0.0015,"lastBolusTime":1704061313000,"time":"2024-01-01T02:37:02.502Z","iobWithZeroTemp":{"iob":-0.434,"basaliob":-0.538,"bolussnooze":0,"activity":-0.0035,"lastBolusTime":1704061313000,"time":"2024-01-01T02:37:02.502Z"}},{"iob":0.073,"basaliob":-0.022,"bolussnooze":0,"activity":0.0014,"lastBolusTime":1704061313000,"time":"2024-01-01T02:42:02.502Z","iobWithZeroTemp":{"iob":-0.438,"basaliob":-0.533,"bolussnooze":0,"activity":-0.0035,"lastBolusTime":1704061313000,"time":"2024-01-01T02:42:02.502Z"}}],"profile":{"max_iob":7,"type":"current","max_daily_basal":0.45,"max_basal":1.35,"min_bg":81.0000000000001,"max_bg":81.0000000000001,"target_bg":81.0000000000001,"carb_ratio":11,"sens":369,"max_daily_safety_multiplier":3,"current_basal_safety_multiplier":4,"lgsThreshold":65,"high_temptarget_raises_sensitivity":false,"low_temptarget_lowers_sensitivity":false,"sensitivity_raises_target":true,"resistance_lowers_target":true,"adv_target_adjustments":false,"exercise_mode":false,"half_basal_exercise_target":160,"maxCOB":120,"skip_neutral_temps":false,"remainingCarbsCap":90,"enableUAM":true,"A52_risk_enable":false,"SMBInterval":4,"enableSMB_with_COB":true,"enableSMB_with_temptarget":false,"allowSMB_with_high_temptarget":true,"enableSMB_always":true,"enableSMB_after_carbs":false,"maxSMBBasalMinutes":60,"maxUAMSMBBasalMinutes":60,"bolus_increment":0.05,"carbsReqThreshold":10,"current_basal":0.45,"temptargetSet":true,"autosens_max":1.2,"autosens_min":0.8,"out_units":"mmol\/L","variable_sens":144.2,"insulinDivisor":65,"TDD":10.774239541666667},"autosens_data":{"ratio":0.8861516975638078},"meal_data":{"carbs":72,"mealCOB":39.07538172667442,"slopeFromMaxDeviation":-9.559666666666665,"slopeFromMinDeviation":0,"lastBolusTime":1704061313000,"lastCarbTime":1704061267000},"microBolusAllowed":true,"currentTime":1704062824217,"flatBGsDetected":false,"tdd1D":21.848083333333335,"tdd7D":24.48151190476191,"tddLast24H":21.694333333333336,"tddLast4H":8.76,"tddLast8to4H":5.2333333333333325},"output":{"temp":"absolute","bg":142,"tick":-20,"eventualBG":278,"targetBG":81.0000000000001,"insulinReq":0,"deliverAt":"2023-12-31T22:47:04.217Z","sensitivityRatio":0.8861516975638078,"variable_sens":144.2,"predBGs":{"IOB":[142,122,100,77,49,39,39,39,39,39,39,39,39],"ZT":[142,123,102,80,54,39,39,39,39,39,39,39,39,39,39,39,39,39,39,39,39,39,39,39,39,39,39,39,39,39,39,39,39,39,39,39,39,39,39,39,39,39,39,39,39,39,39,39],"COB":[142,123,105,88,73,60,48,39,39,39,39,39,39,39,39,39,39,39,39,39,47,59,71,85,100,115,129,142,155,168,180,191,202,212,221,230,238,245,252,258,263,268,271,274,277,278,279,278],"UAM":[142,122,100,77,49,39,39,39,39,39,39,39,39]},"reason":"COB: 39.1, Dev: 3.4, BGI: -1.1, ISF: 8.0, CR: 11, Target: 4.5, minPredBG -8.8, minGuardBG -16.9, IOBpredBG 2.2, COBpredBG 15.4, UAMpredBG 2.2; minGuardBG -16.9<3.6","COB":39.07538172667442,"IOB":2.574,"duration":120,"rate":0,"timestamp":"2023-12-31T22:47:04.241Z"}}