{"algorithm":"OpenAPSSMBDynamicISFPlugin","input":{"glucoseStatus":{"glucose":136,"noise":0,"delta":-4,"short_avgdelta":-3.61,"long_avgdelta":-4.47,"date":1704362232768},"currenttemp":{"temp":"absolute","duration":46,"rate":0,"minutesrunning":14},"iob_data":[{"iob":1.494,"basaliob":-0.589,"bolussnooze":1.0036,"activity":0.0069,"lastBolusTime":1704362232000,"time":"2024-01-04T09:57:32.790Z","iobWithZeroTemp":{"iob":1.494,"basaliob":-0.589,"bolussnooze":1.0036,"activity":0.0069,"lastBolusTime":1704362232000,"time":"2024-01-04T09:57:32.790Z"}},{"iob":1.457,"basaliob":-0.562,"bolussnooze":0.9858,"activity":0.008,"lastBolusTime":1704362232000,"time":"2024-01-04T10:02:32.790Z","iobWithZeroTemp":{"iob":1.43,"basaliob":-0.589,"bolussnooze":0.9858,"activity":0.008,"lastBolusTime":1704362232000,"time":"2024-01-04T10:02:32.790Z"}},{"iob":1.414,"basaliob":-0.535,"bolussnooze":0.9456,"activity":0.009,"lastBolusTime":1704362232000,"time":"2024-01-04T10:07:32.790Z","iobWithZeroTemp":{"iob":1.354,"basaliob":-0.595,"bolussnooze":0.9456,"activity":0.0089,"lastBolusTime":1704362232000,"time":"2024-01-04T10:07:32.790Z"}},{"iob":1.367,"basaliob":-0.509,"bolussnooze":0.8908,"activity":0.0096,"lastBolusTime":1704362232000,"time":"2024-01-04T10:12:32.790Z","iobWithZeroTemp":{"iob":1.275,"basaliob":-0.601,"bolussnooze":0.8908,"activity":0.0094,"lastBolusTime":1704362232000,"time":"2024-01-04T10:12:32.790Z"}},{"iob":1.318,"basaliob":-0.483,"bolussnooze":0.8273,"activity":0.0101,"lastBolusTime":1704362232000,"time":"2024-01-04T10:17:32.790Z","iobWithZeroTemp":{"iob":1.193,"basaliob":-0.608,"bolussnooze":0.8273,"activity":0.0098,"lastBolusTime":1704362232000,"time":"2024-01-04T10:17:32.790Z"}},{"iob":1.266,"basaliob":-0.457,"bolussnooze":0.7596,"activity":0.0104,"lastBolusTime":1704362232000,"time":"2024-01-04T10:22:32.790Z","iobWithZeroTemp":{"iob":1.11,"basaliob":-0.613,"bolussnooze":0.7596,"activity":0.0099,"lastBolusTime":1704362232000,"time":"2024-01-04T10:22:32.790Z"}},{"iob":1.213,"basaliob":-0.432,"bolussnooze":0.6908,"activity":0.0107,"lastBolusTime":1704362232000,"time":"2024-01-04T10:27:32.790Z","iobWithZeroTemp":{"iob":1.027,"basaliob":-0.618,"bolussnooze":0.6908,"activity":0.01,"lastBolusTime":1704362232000,"time":"2024-01-04T10:27:32.790Z"}},{"iob":1.159,"basaliob":-0.408,"bolussnooze":0.6232,"activity":0.0107,"lastBolusTime":1704362232000,"time":"2024-01-04T10:32:32.790Z","iobWithZeroTemp":{"iob":0.943,"basaliob":-0.624,"bolussnooze":0.6232,"activity":0.0098,"lastBolusTime":1704362232000,"time":"2024-01-04T10:32:32.790Z"}},{"iob":1.106,"basaliob":-0.384,"bolussnooze":0.5583,"activity":0.0108,"lastBolusTime":1704362232000,"time":"2024-01-04T10:37:32.790Z","iobWithZeroTemp":{"iob":0.862,"basaliob":-0.628,"bolussnooze":0.5583,"activity":0.0097,"lastBolusTime":1704362232000,"time":"2024-01-04T10:37:32.790Z"}},{"iob":1.052,"basaliob":-0.362,"bolussnooze":0.4971,"activity":0.0107,"lastBolusTime":1704362232000,"time":"2024-01-04T10:42:32.790Z","iobWithZeroTemp":{"iob":0.78,"basaliob":-0.634,"bolussnooze":0.4971,"activity":0.0094,"lastBolusTime":1704362232000,"time":"2024-01-04T10:42:32.790Z"}},{"iob":0.999,"basaliob":-0.34,"bolussnooze":0.4402,"activity":0.0106,"lastBolusTime":1704362232000,"time":"2024-01-04T10:47:32.790Z","iobWithZeroTemp":{"iob":0.701,"basaliob":-0.638,"bolussnooze":0.4402,"activity":0.0091,"lastBolusTime":1704362232000,"time":"2024-01-04T10:47:32.790Z"}},{"iob":0.946,"basaliob":-0.32,"bolussnooze":0.388,"activity":0.0103,"lastBolusTime":1704362232000,"time":"2024-01-04T10:52:32.790Z","iobWithZeroTemp":{"iob":0.623,"basaliob":-0.643,"bolussnooze":0.388,"activity":0.0085,"lastBolusTime":1704362232000,"time":"2024-01-04T10:52:32.790Z"}},{"iob":0.896,"basaliob":-0.3,"bolussnooze":0.3405,"activity":0.01,"lastBolusTime":1704362232000,"time":"2024-01-04T10:57:32.790Z","iobWithZeroTemp":{"iob":0.549,"basaliob":-0.647,"bolussnooze":0.3405,"activity":0.008,"lastBolusTime":1704362232000,"time":"2024-01-04T10:57:32.790Z"}},{"iob":0.846,"basaliob":-0.281,"bolussnooze":0.2976,"activity":0.0097,"lastBolusTime":1704362232000,"time":"2024-01-04T11:02:32.790Z","iobWithZeroTemp":{"iob":0.476,"basaliob":-0.651,"bolussnooze":0.2976,"activity":0.0075,"lastBolusTime":1704362232000,"time":"2024-01-04T11:02:32.790Z"}},{"iob":0.798,"basaliob":-0.263,"bolussnooze":0.2591,"activity":0.0094,"lastBolusTime":1704362232000,"time":"2024-01-04T11:07:32.790Z","iobWithZeroTemp":{"iob":0.407,"basaliob":-0.654,"bolussnooze":0.2591,"activity":0.007,"lastBolusTime":1704362232000,"time":"2024-01-04T11:07:32.790Z"}},{"iob":0.752,"basaliob":-0.246,"bolussnooze":0.2248,"activity":0.0091,"lastBolusTime":1704362232000,"time":"2024-01-04T11:12:32.790Z","iobWithZeroTemp":{"iob":0.34,"basaliob":-0.658,"bolussnooze":0.2248,"activity":0.0064,"lastBolusTime":1704362232000,"time":"2024-01-04T11:12:32.790Z"}},{"iob":0.708,"basaliob":-0.229,"bolussnooze":0.1944,"activity":0.0087,"lastBolusTime":1704362232000,"time":"2024-01-04T11:17:32.790Z","iobWithZeroTemp":{"iob":0.277,"basaliob":-0.66,"bolussnooze":0.1944,"activity":0.0058,"lastBolusTime":1704362232000,"time":"2024-01-04T11:17:32.790Z"}},{"iob":0.665,"basaliob":-0.214,"bolussnooze":0.1676,"activity":0.0083,"lastBolusTime":1704362232000,"time":"2024-01-04T11:22:32.790Z","iobWithZeroTemp":{"iob":0.215,"basaliob":-0.664,"bolussnooze":0.1676,"activity":0.0052,"lastBolusTime":1704362232000,"time":"2024-01-04T11:22:32.790Z"}},{"iob":0.624,"basaliob":-0.2,"bolussnooze":0.144,"activity":0.008,"lastBolusTime":1704362232000,"time":"2024-01-04T11:27:32.790Z","iobWithZeroTemp":{"iob":0.157,"basaliob":-0.667,"bolussnooze":0.144,"activity":0.0047,"lastBolusTime":1704362232000,"time":"2024-01-04T11:27:32.790Z"}},{"iob":0.585,"basaliob":-0.186,"bolussnooze":0.1234,"activity":0.0076,"lastBolusTime":1704362232000,"time":"2024-01-04T11:32:32.790Z","iobWithZeroTemp":{"iob":0.101,"basaliob":-0.67,"bolussnooze":0.1234,"activity":0.0041,"lastBolusTime":1704362232000,"time":"2024-01-04T11:32:32.790Z"}},{"iob":0.548,"basaliob":-0.173,"bolussnooze":0.1055,"activity":0.0073,"lastBolusTime":1704362232000,"time":"2024-01-04T11:37:32.790Z","iobWithZeroTemp":{"iob":0.049,"basaliob":-0.672,"bolussnooze":0.1055,"activity":0.0036,"lastBolusTime":1704362232000,"time":"2024-01-04T11:37:32.790Z"}},{"iob":0.513,"basaliob":-0.161,"bolussnooze":0.0899,"activity":0.0068,"lastBolusTime":1704362232000,"time":"2024-01-04T11:42:32.790Z","iobWithZeroTemp":{"iob":-0.001,"basaliob":-0.675,"bolussnooze":0.0899,"activity":0.0029,"lastBolusTime":1704362232000,"time":"2024-01-04T11:42:32.790Z"}},{"iob":0.48,"basaliob":-0.149,"bolussnooze":0.0764,"activity":0.0065,"lastBolusTime":1704362232000,"time":"2024-01-04T11:47:32.790Z","iobWithZeroTemp":{"iob":-0.047,"basaliob":-0.676,"bolussnooze":0.0764,"activity":0.0025,"lastBolusTime":1704362232000,"time":"2024-01-04T11:47:32.790Z"}},{"iob":0.447,"basaliob":-0.139,"bolussnooze":0.0647,"activity":0.0062,"lastBolusTime":1704362232000,"time":"2024-01-04T11:52:32.790Z","iobWithZeroTemp":{"iob":-0.093,"basaliob":-0.679,"bolussnooze":0.0647,"activity":0.002,"lastBolusTime":1704362232000,"time":"2024-01-04T11:52:32.790Z"}},{"iob":0.417,"basaliob":-0.129,"bolussnooze":0.0547,"activity":0.0059,"lastBolusTime":1704362232000,"time":"2024-01-04T11:57:32.790Z","iobWithZeroTemp":{"iob":-0.135,"basaliob":-0.681,"bolussnooze":0.0547,"activity":0.0016,"lastBolusTime":1704362232000,"time":"2024-01-04T11:57:32.790Z"}},{"iob":0.389,"basaliob":-0.119,"bolussnooze":0.046,"activity":0.0055,"lastBolusTime":1704362232000,"time":"2024-01-04T12:02:32.790Z","iobWithZeroTemp":{"iob":-0.174,"basaliob":-0.682,"bolussnooze":0.046,"activity":0.001,"lastBolusTime":1704362232000,"time":"2024-01-04T12:02:32.790Z"}},{"iob":0.363,"basaliob":-0.11,"bolussnooze":0.0387,"activity":0.0052,"lastBolusTime":1704362232000,"time":"2024-01-04T12:07:32.790Z","iobWithZeroTemp":{"iob":-0.211,"basaliob":-0.684,"bolussnooze":0.0387,"activity":6.0E-4,"lastBolusTime":1704362232000,"time":"2024-01-04T12:07:32.790Z"}},{"iob":0.337,"basaliob":-0.102,"bolussnooze":0.0324,"activity":0.0049,"lastBolusTime":1704362232000,"time":"2024-01-04T12:12:32.790Z","iobWithZeroTemp":{"iob":-0.247,"basaliob":-0.686,"bolussnooze":0.0324,"activity":1.0E-4,"lastBolusTime":1704362232000,"time":"2024-01-04T12:12:32.790Z"}},{"iob":0.313,"basaliob":-0.095,"bolussnooze":0.027,"activity":0.0046,"lastBolusTime":1704362232000,"time":"2024-01-04T12:17:32.790Z","iobWithZeroTemp":{"iob":-0.28,"basaliob":-0.688,"bolussnooze":0.027,"activity":-3.0E-4,"lastBolusTime":1704362232000,"time":"2024-01-04T12:17:32.790Z"}},{"iob":0.291,"basaliob":-0.087,"bolussnooze":0.0225,"activity":0.0043,"lastBolusTime":1704362232000,"time":"2024-01-04T12:22:32.790Z","iobWithZeroTemp":{"iob":-0.31,"basaliob":-0.688,"bolussnooze":0.0225,"activity":-7.0E-4,"lastBolusTime":1704362232000,"time":"2024-01-04T12:22:32.790Z"}},{"iob":0.27,"basaliob":-0.081,"bolussnooze":0.0187,"activity":0.004,"lastBolusTime":1704362232000,"time":"2024-01-04T12:27:32.790Z","iobWithZeroTemp":{"iob":-0.339,"basaliob":-0.69,"bolussnooze":0.0187,"activity":-0.0011,"lastBolusTime":1704362232000,"time":"2024-01-04T12:27:32.790Z"}},{"iob":0.251,"basaliob":-0.074,"bolussnooze":0.0154,"activity":0.0038,"lastBolusTime":1704362232000,"time":"2024-01-04T12:32:32.790Z","iobWithZeroTemp":{"iob":-0.366,"basaliob":-0.691,"bolussnooze":0.0154,"activity":-0.0014,"lastBolusTime":1704362232000,"time":"2024-01-04T12:32:32.790Z"}},{"iob":0.232,"basaliob":-0.069,"bolussnooze":0.0127,"activity":0.0036,"lastBolusTime":1704362232000,"time":"2024-01-04T12:37:32.790Z","iobWithZeroTemp":{"iob":-0.392,"basaliob":-0.693,"bolussnooze":0.0127,"activity":-0.0017,"lastBolusTime":1704362232000,"time":"2024-01-04T12:37:32.790Z"}},{"iob":0.215,"basaliob":-0.063,"bolussnooze":0.0104,"activity":0.0034,"lastBolusTime":1704362232000,"time":"2024-01-04T12:42:32.790Z","iobWithZeroTemp":{"iob":-0.415,"basaliob":-0.693,"bolussnooze":0.0104,"activity":-0.002,"lastBolusTime":1704362232000,"time":"2024-01-04T12:42:32.790Z"}},{"iob":0.199,"basaliob":-0.058,"bolussnooze":0.0085,"activity":0.0031,"lastBolusTime":1704362232000,"time":"2024-01-04T12:47:32.790Z","iobWithZeroTemp":{"iob":-0.437,"basaliob":-0.694,"bolussnooze":0.0085,"activity":-0.0024,"lastBolusTime":1704362232000,"time":"2024-01-04T12:47:32.790Z"}},{"iob":0.183,"basaliob":-0.054,"bolussnooze":0.0069,"activity":0.0029,"lastBolusTime":1704362232000,"time":"2024-01-04T12:52:32.790Z","iobWithZeroTemp":{"iob":-0.459,"basaliob":-0.696,"bolussnooze":0.0069,"activity":-0.0027,"lastBolusTime":1704362232000,"time":"2024-01-04T12:52:32.790Z"}},{"iob":0.17,"basaliob":-0.049,"bolussnooze":0.0056,"activity":0.0027,"lastBolusTime":1704362232000,"time":"2024-01-04T12:57:32.790Z","iobWithZeroTemp":{"iob":-0.477,"basaliob":-0.696,"bolussnooze":0.0056,"activity":-0.003,"lastBolusTime":1704362232000,"time":"2024-01-04T12:57:32.790Z"}},{"iob":0.157,"basaliob":-0.045,"bolussnooze":0.0045,"activity":0.0025,"lastBolusTime":1704362232000,"time":"2024-01-04T13:02:32.790Z","iobWithZeroTemp":{"iob":-0.494,"basaliob":-0.696,"bolussnooze":0.0045,"activity":-0.0033,"lastBolusTime":1704362232000,"time":"2024-01-04T13:02:32.790Z"}},{"iob":0.144,"basaliob":-0.042,"bolussnooze":0.0035,"activity":0.0024,"lastBolusTime":1704362232000,"time":"2024-01-04T13:07:32.790Z","iobWithZeroTemp":{"iob":-0.512,"basaliob":-0.698,"bolussnooze":0.0035,"activity":-0.0034,"lastBolusTime":1704362232000,"time":"2024-01-04T13:07:32.790Z"}},{"iob":0.133,"basaliob":-0.038,"bolussnooze":0.0028,"activity":0.0021,"lastBolusTime":1704362232000,"time":"2024-01-04T13:12:32.790Z","iobWithZeroTemp":{"iob":-0.527,"basaliob":-0.698,"bolussnooze":0.0028,"activity":-0.0038,"lastBolusTime":1704362232000,"time":"2024-01-04T13:12:32.790Z"}},{"iob":0.123,"basaliob":-0.035,"bolussnooze":0.0022,"activity":0.002,"lastBolusTime":1704362232000,"time":"2024-01-04T13:17:32.790Z","iobWithZeroTemp":{"iob":-0.541,"basaliob":-0.699,"bolussnooze":0.0022,"activity":-0.0039,"lastBolusTime":1704362232000,"time":"2024-01-04T13:17:32.790Z"}},{"iob":0.113,"basaliob":-0.032,"bolussnooze":0.0017,"activity":0.0018,"lastBolusTime":1704362232000,"time":"2024-01-04T13:22:32.790Z","iobWithZeroTemp":{"iob":-0.554,"basaliob":-0.699,"bolussnooze":0.0017,"activity":-0.0042,"lastBolusTime":1704362232000,"time":"2024-01-04T13:22:32.790Z"}},{"iob":0.104,"basaliob":-0.029,"bolussnooze":0.0013,"activity":0.0018,"lastBolusTime":1704362232000,"time":"2024-01-04T13:27:32.790Z","iobWithZeroTemp":{"iob":-0.566,"basaliob":-0.699,"bolussnooze":0.0013,"activity":-0.0043,"lastBolusTime":1704362232000,"time":"2024-01-04T13:27:32.790Z"}},{"iob":0.095,"basaliob":-0.027,"bolussnooze":0.001,"activity":0.0016,"lastBolusTime":1704362232000,"time":"2024-01-04T13:32:32.790Z","iobWithZeroTemp":{"iob":-0.578,"basaliob":-0.7,"bolussnooze":0.001,"activity":-0.0045,"lastBolusTime":1704362232000,"time":"2024-01-04T13:32:32.790Z"}},{"iob":0.087,"basaliob":-0.025,"bolussnooze":7.0E-4,"activity":0.0015,"lastBolusTime":1704362232000,"time":"2024-01-04T13:37:32.790Z","iobWithZeroTemp":{"iob":-0.589,"basaliob":-0.701,"bolussnooze":7.0E-4,"activity":-0.0046,"lastBolusTime":1704362232000,"time":"2024-01-04T13:37:32.790Z"}},{"iob":0.081,"basaliob":-0.022,"bolussnooze":5.0E-4,"activity":0.0014,"lastBolusTime":1704362232000,"time":"2024-01-04T13:42:32.790Z","iobWithZeroTemp":{"iob":-0.598,"basaliob":-0.701,"bolussnooze":5.0E-4,"activity":-0.0048,"lastBolusTime":1704362232000,"time":"2024-01-04T13:42:32.790Z"}},{"iob":0.074,"basaliob":-0.02,"bolussnooze":4.0E-4,"activity":0.0013,"lastBolusTime":1704362232000,"time":"2024-01-04T13:47:32.790Z","iobWithZeroTemp":{"iob":-0.607,"basaliob":-0.701,"bolussnooze":4.0E-4,"activity":-0.0049,"lastBolusTime":1704362232000,"time":"2024-01-04T13:47:32.790Z"}},{"iob":0.068,"basaliob":-0.019,"bolussnooze":3.0E-4,"activity":0.0012,"lastBolusTime":1704362232000,"time":"2024-01-04T13:52:32.790Z","iobWithZeroTemp":{"iob":-0.615,"basaliob":-0.702,"bolussnooze":3.0E-4,"activity":-0.0051,"lastBolusTime":1704362232000,"time":"2024-01-04T13:52:32.790Z"}}],"profile":{"max_iob":7,"type":"current","max_daily_basal":0.45,"max_basal":1.35,"min_bg":81.0000000000001,"max_bg":81.0000000000001,"target_bg":81.0000000000001,"carb_ratio":11,"sens":352.8,"max_daily_safety_multiplier":3,"current_basal_safety_multiplier":4,"lgsThreshold":65,"high_temptarget_raises_sensitivity":false,"low_temptarget_lowers_sensitivity":false,"sensitivity_raises_target":true,"resistance_lowers_target":true,"adv_target_adjustments":false,"exercise_mode":false,"half_basal_exercise_target":160,"maxCOB":120,"skip_neutral_temps":false,"remainingCarbsCap":90,"enableUAM":true,"A52_risk_enable":false,"SMBInterval":4,"enableSMB_with_COB":true,"enableSMB_with_temptarget":false,"allowSMB_with_high_temptarget":true,"enableSMB_always":true,"enableSMB_after_carbs":false,"maxSMBBasalMinutes":60,"maxUAMSMBBasalMinutes":60,"bolus_increment":0.05,"carbsReqThreshold":10,"current_basal":0.4,"temptargetSet":true,"autosens_max":1.2,"autosens_min":0.8,"out_units":"mmol\/L","variable_sens":203.3,"insulinDivisor":65,"TDD":7.8419674833333355},"autosens_data":{"ratio":1.0470297632342493},"meal_data":{"carbs":40,"mealCOB":15.199217687074828,"slopeFromMaxDeviation":-1.6290909090909091,"slopeFromMinDeviation":1.3140000000000007,"lastBolusTime":1704362232000,"lastCarbTime":1704362201000},"microBolusAllowed":true,"currentTime":1704362255129,"flatBGsDetected":false,"tdd1D":20.64108333333334,"tdd7D":22.492595238095245,"tddLast24H":23.550416666666667,"tddLast4H":4.500000000000001,"tddLast8to4H":2.8780833333333335},"output":{"temp":"absolute","bg":136,"tick":-4,"eventualBG":123,"targetBG":81.0000000000001,"insulinReq":0,"deliverAt":"2024-01-04T09:57:35.129Z","sensitivityRatio":1.0470297632342493,"variable_sens":203.3,"predBGs":{"IOB":[136,132,126,119,110,100,89,76,61,43,39,39,39],"ZT":[136,129,121,111,100,88,75,60,42,39,39,39,39,39,39,39,39,39,39,39,39,39,39,39,39,39,39,39,39,39,39,39,39,39,39,39,39,39,39,39,39,39,39,39,39,39,39,39],"COB":[136,133,129,125,121,117,113,110,107,105,104,104,104,106,108,112,116,122,128,133,138,142,146,149,152,154,156,157,158,158,158,157,155,153,150,147,144,142,139,137,134,132,131,129,127,126,124,123],"UAM":[136,130,122,112,101,89,75,59,40,39,39,39,39]},"reason":"COB: 15.2, Dev: 1.0, BGI: -0.4, ISF: 11.3, CR: 11, Target: 4.5, minPredBG -11.1, minGuardBG -14.4, IOBpredBG 2.2, COBpredBG 6.8, UAMpredBG 2.2; minGuardBG -14.4<3.6","COB":15.199217687074828,"IOB":1.494,"duration":120,"rate":0,"timestamp":"2024-01-04T09:57:35.153Z"}}