{"algorithm":"OpenAPSSMBDynamicISFPlugin","input":{"glucoseStatus":{"glucose":122,"noise":0,"delta":4,"short_avgdelta":3.33,"long_avgdelta":3.3,"date":1704249727382},"currenttemp":{"temp":"absolute","duration":10,"rate":0.29700000000000004,"minutesrunning":5},"iob_data":[{"iob":0.023,"basaliob":-0.053,"bolussnooze":0,"activity":-5.0E-4,"lastBolusTime":1704248868000,"time":"2024-01-03T02:42:33.637Z","iobWithZeroTemp":{"iob":0.023,"basaliob":-0.053,"bolussnooze":0,"activity":-5.0E-4,"lastBolusTime":1704248868000,"time":"2024-01-03T02:42:33.637Z"}},{"iob":0.026,"basaliob":-0.047,"bolussnooze":0,"activity":-4.0E-4,"lastBolusTime":1704248868000,"time":"2024-01-03T02:47:33.637Z","iobWithZeroTemp":{"iob":0.008,"basaliob":-0.065,"bolussnooze":0,"activity":-4.0E-4,"lastBolusTime":1704248868000,"time":"2024-01-03T02:47:33.637Z"}},{"iob":0.028,"basaliob":-0.042,"bolussnooze":0,"activity":-3.0E-4,"lastBolusTime":1704248868000,"time":"2024-01-03T02:52:33.637Z","iobWithZeroTemp":{"iob":-0.012,"basaliob":-0.082,"bolussnooze":0,"activity":-4.0E-4,"lastBolusTime":1704248868000,"time":"2024-01-03T02:52:33.637Z"}},{"iob":0.028,"basaliob":-0.038,"bolussnooze":0,"activity":-2.0E-4,"lastBolusTime":1704248868000,"time":"2024-01-03T02:57:33.637Z","iobWithZeroTemp":{"iob":-0.034,"basaliob":-0.1,"bolussnooze":0,"activity":-3.0E-4,"lastBolusTime":1704248868000,"time":"2024-01-03T02:57:33.637Z"}},{"iob":0.029,"basaliob":-0.034,"bolussnooze":0,"activity":-1.0E-4,"lastBolusTime":1704248868000,"time":"2024-01-03T03:02:33.637Z","iobWithZeroTemp":{"iob":-0.057,"basaliob":-0.12,"bolussnooze":0,"activity":-3.0E-4,"lastBolusTime":1704248868000,"time":"2024-01-03T03:02:33.637Z"}},{"iob":0.029,"basaliob":-0.031,"bolussnooze":0,"activity":-1.0E-4,"lastBolusTime":1704248868000,"time":"2024-01-03T03:07:33.637Z","iobWithZeroTemp":{"iob":-0.081,"basaliob":-0.141,"bolussnooze":0,"activity":-4.0E-4,"lastBolusTime":1704248868000,"time":"2024-01-03T03:07:33.637Z"}},{"iob":0.03,"basaliob":-0.027,"bolussnooze":0,"activity":0,"lastBolusTime":1704248868000,"time":"2024-01-03T03:12:33.637Z","iobWithZeroTemp":{"iob":-0.103,"basaliob":-0.16,"bolussnooze":0,"activity":-5.0E-4,"lastBolusTime":1704248868000,"time":"2024-01-03T03:12:33.637Z"}},{"iob":0.029,"basaliob":-0.025,"bolussnooze":0,"activity":0,"lastBolusTime":1704248868000,"time":"2024-01-03T03:17:33.637Z","iobWithZeroTemp":{"iob":-0.126,"basaliob":-0.18,"bolussnooze":0,"activity":-6.0E-4,"lastBolusTime":1704248868000,"time":"2024-01-03T03:17:33.637Z"}},{"iob":0.029,"basaliob":-0.022,"bolussnooze":0,"activity":1.0E-4,"lastBolusTime":1704248868000,"time":"2024-01-03T03:22:33.637Z","iobWithZeroTemp":{"iob":-0.148,"basaliob":-0.199,"bolussnooze":0,"activity":-7.0E-4,"lastBolusTime":1704248868000,"time":"2024-01-03T03:22:33.637Z"}},{"iob":0.028,"basaliob":-0.02,"bolussnooze":0,"activity":2.0E-4,"lastBolusTime":1704248868000,"time":"2024-01-03T03:27:33.637Z","iobWithZeroTemp":{"iob":-0.169,"basaliob":-0.217,"bolussnooze":0,"activity":-7.0E-4,"lastBolusTime":1704248868000,"time":"2024-01-03T03:27:33.637Z"}},{"iob":0.029,"basaliob":-0.017,"bolussnooze":0,"activity":1.0E-4,"lastBolusTime":1704248868000,"time":"2024-01-03T03:32:33.637Z","iobWithZeroTemp":{"iob":-0.188,"basaliob":-0.234,"bolussnooze":0,"activity":-0.001,"lastBolusTime":1704248868000,"time":"2024-01-03T03:32:33.637Z"}},{"iob":0.028,"basaliob":-0.015,"bolussnooze":0,"activity":1.0E-4,"lastBolusTime":1704248868000,"time":"2024-01-03T03:37:33.637Z","iobWithZeroTemp":{"iob":-0.208,"basaliob":-0.251,"bolussnooze":0,"activity":-0.0012,"lastBolusTime":1704248868000,"time":"2024-01-03T03:37:33.637Z"}},{"iob":0.026,"basaliob":-0.014,"bolussnooze":0,"activity":2.0E-4,"lastBolusTime":1704248868000,"time":"2024-01-03T03:42:33.637Z","iobWithZeroTemp":{"iob":-0.229,"basaliob":-0.269,"bolussnooze":0,"activity":-0.0012,"lastBolusTime":1704248868000,"time":"2024-01-03T03:42:33.637Z"}},{"iob":0.026,"basaliob":-0.012,"bolussnooze":0,"activity":2.0E-4,"lastBolusTime":1704248868000,"time":"2024-01-03T03:47:33.637Z","iobWithZeroTemp":{"iob":-0.246,"basaliob":-0.284,"bolussnooze":0,"activity":-0.0014,"lastBolusTime":1704248868000,"time":"2024-01-03T03:47:33.637Z"}},{"iob":0.025,"basaliob":-0.011,"bolussnooze":0,"activity":2.0E-4,"lastBolusTime":1704248868000,"time":"2024-01-03T03:52:33.637Z","iobWithZeroTemp":{"iob":-0.263,"basaliob":-0.299,"bolussnooze":0,"activity":-0.0016,"lastBolusTime":1704248868000,"time":"2024-01-03T03:52:33.637Z"}},{"iob":0.023,"basaliob":-0.01,"bolussnooze":0,"activity":2.0E-4,"lastBolusTime":1704248868000,"time":"2024-01-03T03:57:33.637Z","iobWithZeroTemp":{"iob":-0.281,"basaliob":-0.314,"bolussnooze":0,"activity":-0.0017,"lastBolusTime":1704248868000,"time":"2024-01-03T03:57:33.637Z"}},{"iob":0.023,"basaliob":-0.008,"bolussnooze":0,"activity":2.0E-4,"lastBolusTime":1704248868000,"time":"2024-01-03T04:02:33.637Z","iobWithZeroTemp":{"iob":-0.304,"basaliob":-0.335,"bolussnooze":0,"activity":-0.0019,"lastBolusTime":1704248868000,"time":"2024-01-03T04:02:33.637Z"}},{"iob":0.022,"basaliob":-0.007,"bolussnooze":0,"activity":2.0E-4,"lastBolusTime":1704248868000,"time":"2024-01-03T04:07:33.637Z","iobWithZeroTemp":{"iob":-0.327,"basaliob":-0.356,"bolussnooze":0,"activity":-0.0021,"lastBolusTime":1704248868000,"time":"2024-01-03T04:07:33.637Z"}},{"iob":0.021,"basaliob":-0.006,"bolussnooze":0,"activity":2.0E-4,"lastBolusTime":1704248868000,"time":"2024-01-03T04:12:33.637Z","iobWithZeroTemp":{"iob":-0.35,"basaliob":-0.377,"bolussnooze":0,"activity":-0.0023,"lastBolusTime":1704248868000,"time":"2024-01-03T04:12:33.637Z"}},{"iob":0.019,"basaliob":-0.006,"bolussnooze":0,"activity":2.0E-4,"lastBolusTime":1704248868000,"time":"2024-01-03T04:17:33.637Z","iobWithZeroTemp":{"iob":-0.372,"basaliob":-0.397,"bolussnooze":0,"activity":-0.0025,"lastBolusTime":1704248868000,"time":"2024-01-03T04:17:33.637Z"}},{"iob":0.019,"basaliob":-0.005,"bolussnooze":0,"activity":2.0E-4,"lastBolusTime":1704248868000,"time":"2024-01-03T04:22:33.637Z","iobWithZeroTemp":{"iob":-0.392,"basaliob":-0.416,"bolussnooze":0,"activity":-0.0026,"lastBolusTime":1704248868000,"time":"2024-01-03T04:22:33.637Z"}},{"iob":0.018,"basaliob":-0.004,"bolussnooze":0,"activity":2.0E-4,"lastBolusTime":1704248868000,"time":"2024-01-03T04:27:33.637Z","iobWithZeroTemp":{"iob":-0.411,"basaliob":-0.433,"bolussnooze":0,"activity":-0.0028,"lastBolusTime":1704248868000,"time":"2024-01-03T04:27:33.637Z"}},{"iob":0.017,"basaliob":-0.004,"bolussnooze":0,"activity":2.0E-4,"lastBolusTime":1704248868000,"time":"2024-01-03T04:32:33.637Z","iobWithZeroTemp":{"iob":-0.43,"basaliob":-0.451,"bolussnooze":0,"activity":-0.003,"lastBolusTime":1704248868000,"time":"2024-01-03T04:32:33.637Z"}},{"iob":0.016,"basaliob":-0.003,"bolussnooze":0,"activity":2.0E-4,"lastBolusTime":1704248868000,"time":"2024-01-03T04:37:33.637Z","iobWithZeroTemp":{"iob":-0.448,"basaliob":-0.467,"bolussnooze":0,"activity":-0.0032,"lastBolusTime":1704248868000,"time":"2024-01-03T04:37:33.637Z"}},{"iob":0.015,"basaliob":-0.003,"bolussnooze":0,"activity":2.0E-4,"lastBolusTime":1704248868000,"time":"2024-01-03T04:42:33.637Z","iobWithZeroTemp":{"iob":-0.465,"basaliob":-0.483,"bolussnooze":0,"activity":-0.0034,"lastBolusTime":1704248868000,"time":"2024-01-03T04:42:33.637Z"}},{"iob":0.015,"basaliob":-0.002,"bolussnooze":0,"activity":1.0E-4,"lastBolusTime":1704248868000,"time":"2024-01-03T04:47:33.637Z","iobWithZeroTemp":{"iob":-0.48,"basaliob":-0.497,"bolussnooze":0,"activity":-0.0036,"lastBolusTime":1704248868000,"time":"2024-01-03T04:47:33.637Z"}},{"iob":0.013,"basaliob":-0.002,"bolussnooze":0,"activity":1.0E-4,"lastBolusTime":1704248868000,"time":"2024-01-03T04:52:33.637Z","iobWithZeroTemp":{"iob":-0.496,"basaliob":-0.511,"bolussnooze":0,"activity":-0.0038,"lastBolusTime":1704248868000,"time":"2024-01-03T04:52:33.637Z"}},{"iob":0.012,"basaliob":-0.002,"bolussnooze":0,"activity":1.0E-4,"lastBolusTime":1704248868000,"time":"2024-01-03T04:57:33.637Z","iobWithZeroTemp":{"iob":-0.511,"basaliob":-0.525,"bolussnooze":0,"activity":-0.004,"lastBolusTime":1704248868000,"time":"2024-01-03T04:57:33.637Z"}},{"iob":0.012,"basaliob":-0.001,"bolussnooze":0,"activity":1.0E-4,"lastBolusTime":1704248868000,"time":"2024-01-03T05:02:33.637Z","iobWithZeroTemp":{"iob":-0.523,"basaliob":-0.536,"bolussnooze":0,"activity":-0.0041,"lastBolusTime":1704248868000,"time":"2024-01-03T05:02:33.637Z"}},{"iob":0.011,"basaliob":-0.001,"bolussnooze":0,"activity":2.0E-4,"lastBolusTime":1704248868000,"time":"2024-01-03T05:07:33.637Z","iobWithZeroTemp":{"iob":-0.536,"basaliob":-0.548,"bolussnooze":0,"activity":-0.0042,"lastBolusTime":1704248868000,"time":"2024-01-03T05:07:33.637Z"}},{"iob":0.01,"basaliob":-0.001,"bolussnooze":0,"activity":2.0E-4,"lastBolusTime":1704248868000,"time":"2024-01-03T05:12:33.637Z","iobWithZeroTemp":{"iob":-0.549,"basaliob":-0.56,"bolussnooze":0,"activity":-0.0043,"lastBolusTime":1704248868000,"time":"2024-01-03T05:12:33.637Z"}},{"iob":0.009,"basaliob":-0.001,"bolussnooze":0,"activity":2.0E-4,"lastBolusTime":1704248868000,"time":"2024-01-03T05:17:33.637Z","iobWithZeroTemp":{"iob":-0.56,"basaliob":-0.57,"bolussnooze":0,"activity":-0.0044,"lastBolusTime":1704248868000,"time":"2024-01-03T05:17:33.637Z"}},{"iob":0.009,"basaliob":-0.001,"bolussnooze":0,"activity":2.0E-4,"lastBolusTime":1704248868000,"time":"2024-01-03T05:22:33.637Z","iobWithZeroTemp":{"iob":-0.57,"basaliob":-0.58,"bolussnooze":0,"activity":-0.0046,"lastBolusTime":1704248868000,"time":"2024-01-03T05:22:33.637Z"}},{"iob":0.009,"basaliob":0,"bolussnooze":0,"activity":1.0E-4,"lastBolusTime":1704248868000,"time":"2024-01-03T05:27:33.637Z","iobWithZeroTemp":{"iob":-0.579,"basaliob":-0.588,"bolussnooze":0,"activity":-0.0048,"lastBolusTime":1704248868000,"time":"2024-01-03T05:27:33.637Z"}},{"iob":0.008,"basaliob":0,"bolussnooze":0,"activity":1.0E-4,"lastBolusTime":1704248868000,"time":"2024-01-03T05:32:33.637Z","iobWithZeroTemp":{"iob":-0.589,"basaliob":-0.597,"bolussnooze":0,"activity":-0.0049,"lastBolusTime":1704248868000,"time":"2024-01-03T05:32:33.637Z"}},{"iob":0.008,"basaliob":0,"bolussnooze":0,"activity":1.0E-4,"lastBolusTime":1704248868000,"time":"2024-01-03T05:37:33.637Z","iobWithZeroTemp":{"iob":-0.597,"basaliob":-0.605,"bolussnooze":0,"activity":-0.005,"lastBolusTime":1704248868000,"time":"2024-01-03T05:37:33.637Z"}},{"iob":0.007,"basaliob":0,"bolussnooze":0,"activity":1.0E-4,"lastBolusTime":1704248868000,"time":"2024-01-03T05:42:33.637Z","iobWithZeroTemp":{"iob":-0.605,"basaliob":-0.612,"bolussnooze":0,"activity":-0.0051,"lastBolusTime":1704248868000,"time":"2024-01-03T05:42:33.637Z"}},{"iob":0.006,"basaliob":0,"bolussnooze":0,"activity":1.0E-4,"lastBolusTime":1704248868000,"time":"2024-01-03T05:47:33.637Z","iobWithZeroTemp":{"iob":-0.614,"basaliob":-0.62,"bolussnooze":0,"activity":-0.0052,"lastBolusTime":1704248868000,"time":"2024-01-03T05:47:33.637Z"}},{"iob":0.006,"basaliob":0,"bolussnooze":0,"activity":1.0E-4,"lastBolusTime":1704248868000,"time":"2024-01-03T05:52:33.637Z","iobWithZeroTemp":{"iob":-0.62,"basaliob":-0.626,"bolussnooze":0,"activity":-0.0053,"lastBolusTime":1704248868000,"time":"2024-01-03T05:52:33.637Z"}},{"iob":0.005,"basaliob":0,"bolussnooze":0,"activity":1.0E-4,"lastBolusTime":1704248868000,"time":"2024-01-03T05:57:33.637Z","iobWithZeroTemp":{"iob":-0.627,"basaliob":-0.632,"bolussnooze":0,"activity":-0.0054,"lastBolusTime":1704248868000,"time":"2024-01-03T05:57:33.637Z"}},{"iob":0.005,"basaliob":0,"bolussnooze":0,"activity":1.0E-4,"lastBolusTime":1704248868000,"time":"2024-01-03T06:02:33.637Z","iobWithZeroTemp":{"iob":-0.633,"basaliob":-0.638,"bolussnooze":0,"activity":-0.0055,"lastBolusTime":1704248868000,"time":"2024-01-03T06:02:33.637Z"}},{"iob":0.005,"basaliob":0,"bolussnooze":0,"activity":1.0E-4,"lastBolusTime":1704248868000,"time":"2024-01-03T06:07:33.637Z","iobWithZeroTemp":{"iob":-0.638,"basaliob":-0.643,"bolussnooze":0,"activity":-0.0056,"lastBolusTime":1704248868000,"time":"2024-01-03T06:07:33.637Z"}},{"iob":0.004,"basaliob":0,"bolussnooze":0,"activity":1.0E-4,"lastBolusTime":1704248868000,"time":"2024-01-03T06:12:33.637Z","iobWithZeroTemp":{"iob":-0.644,"basaliob":-0.648,"bolussnooze":0,"activity":-0.0056,"lastBolusTime":1704248868000,"time":"2024-01-03T06:12:33.637Z"}},{"iob":0.004,"basaliob":0,"bolussnooze":0,"activity":1.0E-4,"lastBolusTime":1704248868000,"time":"2024-01-03T06:17:33.637Z","iobWithZeroTemp":{"iob":-0.649,"basaliob":-0.653,"bolussnooze":0,"activity":-0.0057,"lastBolusTime":1704248868000,"time":"2024-01-03T06:17:33.637Z"}},{"iob":0.004,"basaliob":0,"bolussnooze":0,"activity":1.0E-4,"lastBolusTime":1704248868000,"time":"2024-01-03T06:22:33.637Z","iobWithZeroTemp":{"iob":-0.653,"basaliob":-0.657,"bolussnooze":0,"activity":-0.0058,"lastBolusTime":1704248868000,"time":"2024-01-03T06:22:33.637Z"}},{"iob":0.003,"basaliob":0,"bolussnooze":0,"activity":1.0E-4,"lastBolusTime":1704248868000,"time":"2024-01-03T06:27:33.637Z","iobWithZeroTemp":{"iob":-0.658,"basaliob":-0.661,"bolussnooze":0,"activity":-0.0058,"lastBolusTime":1704248868000,"time":"2024-01-03T06:27:33.637Z"}},{"iob":0.003,"basaliob":0,"bolussnooze":0,"activity":1.0E-4,"lastBolusTime":1704248868000,"time":"2024-01-03T06:32:33.637Z","iobWithZeroTemp":{"iob":-0.661,"basaliob":-0.664,"bolussnooze":0,"activity":-0.0059,"lastBolusTime":1704248868000,"time":"2024-01-03T06:32:33.637Z"}},{"iob":0.003,"basaliob":0,"bolussnooze":0,"activity":0,"lastBolusTime":1704248868000,"time":"2024-01-03T06:37:33.637Z","iobWithZeroTemp":{"iob":-0.665,"basaliob":-0.668,"bolussnooze":0,"activity":-0.006,"lastBolusTime":1704248868000,"time":"2024-01-03T06:37:33.637Z"}}],"profile":{"max_iob":7,"type":"current","max_daily_basal":0.45,"max_basal":1.08,"min_bg":106.2,"max_bg":106.2,"target_bg":106.2,"carb_ratio":11,"sens":369,"max_daily_safety_multiplier":3,"current_basal_safety_multiplier":4,"lgsThreshold":65,"high_temptarget_raises_sensitivity":false,"low_temptarget_lowers_sensitivity":false,"sensitivity_raises_target":true,"resistance_lowers_target":true,"adv_target_adjustments":false,"exercise_mode":false,"half_basal_exercise_target":160,"maxCOB":120,"skip_neutral_temps":false,"remainingCarbsCap":90,"enableUAM":true,"A52_risk_enable":false,"SMBInterval":4,"enableSMB_with_COB":true,"enableSMB_with_temptarget":false,"allowSMB_with_high_temptarget":true,"enableSMB_always":true,"enableSMB_after_carbs":false,"maxSMBBasalMinutes":60,"maxUAMSMBBasalMinutes":60,"bolus_increment":0.05,"carbsReqThreshold":10,"current_basal":0.27,"temptargetSet":false,"autosens_max":1.2,"autosens_min":0.8,"out_units":"mmol\/L","variable_sens":284.9,"insulinDivisor":65,"TDD":5.979042658333334},"autosens_data":{"ratio":0.9095872313459287},"meal_data":{"carbs":0,"mealCOB":0,"slopeFromMaxDeviation":-0.2970000000000001,"slopeFromMinDeviation":0.6334000000000001,"lastBolusTime":1704248868000,"lastCarbTime":0},"microBolusAllowed":true,"currentTime":1704249755833,"flatBGsDetected":false,"tdd1D":19.209083333333343,"tdd7D":22.16738095238096,"tddLast24H":20.163166666666672,"tddLast4H":1.3415833333333333,"tddLast8to4H":2.26875},"output":{"temp":"absolute","bg":122,"tick":"+4","eventualBG":131,"targetBG":111,"insulinReq":0.06,"deliverAt":"2024-01-03T02:42:35.833Z","sensitivityRatio":0.9095872313459287,"variable_sens":284.9,"predBGs":{"IOB":[122,125,128,130,132,134,135,136,137,138,138,138,138,138,137,137,137,137,136,136,136,135,135,135,135,134,134,134,134,134,134,133,133,133,133,133,132,132,132,132,132,132,132,131],"ZT":[122,123,123,124,124,125,125],"UAM":[122,125,128,130,131,133,134,134,134,134,134,134,134,133,133,133,132,132,132,132,131,131,131,131,130,130,130,130,130,130,129,129,129,128,128,128,128,128,128,128,127,127,127,127,127,127,127,126]},"reason":"COB: 0, Dev: 0.9, BGI: 0.0, ISF: 15.8, CR: 11, Target: 6.2, minPredBG 7.2, minGuardBG 6.9, IOBpredBG 7.3, UAMpredBG 7.0; Eventual BG 7.3 >= 6.2,  insulinReq 0.06. temp 0.30 < 0.37U\/hr. ","COB":0,"IOB":0.023,"duration":30,"rate":0.3655885524634007,"timestamp":"2024-01-03T02:42:35.857Z"}}