{"algorithm":"OpenAPSSMBDynamicISFPlugin","input":{"glucoseStatus":{"glucose":60,"noise":0,"delta":2,"short_avgdelta":1.78,"long_avgdelta":-0.35,"date":1704169329160},"currenttemp":{"temp":"absolute","duration":27,"rate":0,"minutesrunning":3},"iob_data":[{"iob":-0.326,"basaliob":-0.402,"bolussnooze":0,"activity":-0.0023,"lastBolusTime":1704163954000,"time":"2024-01-02T04:22:26.766Z","iobWithZeroTemp":{"iob":-0.326,"basaliob":-0.402,"bolussnooze":0,"activity":-0.0023,"lastBolusTime":1704163954000,"time":"2024-01-02T04:22:26.766Z"}},{"iob":-0.313,"basaliob":-0.385,"bolussnooze":0,"activity":-0.0025,"lastBolusTime":1704163954000,"time":"2024-01-02T04:27:26.766Z","iobWithZeroTemp":{"iob":-0.34,"basaliob":-0.412,"bolussnooze":0,"activity":-0.0025,"lastBolusTime":1704163954000,"time":"2024-01-02T04:27:26.766Z"}},{"iob":-0.301,"basaliob":-0.368,"bolussnooze":0,"activity":-0.0025,"lastBolusTime":1704163954000,"time":"2024-01-02T04:32:26.766Z","iobWithZeroTemp":{"iob":-0.361,"basaliob":-0.428,"bolussnooze":0,"activity":-0.0026,"lastBolusTime":1704163954000,"time":"2024-01-02T04:32:26.766Z"}},{"iob":-0.288,"basaliob":-0.351,"bolussnooze":0,"activity":-0.0026,"lastBolusTime":1704163954000,"time":"2024-01-02T04:37:26.766Z","iobWithZeroTemp":{"iob":-0.38,"basaliob":-0.443,"bolussnooze":0,"activity":-0.0028,"lastBolusTime":1704163954000,"time":"2024-01-02T04:37:26.766Z"}},{"iob":-0.275,"basaliob":-0.334,"bolussnooze":0,"activity":-0.0026,"lastBolusTime":1704163954000,"time":"2024-01-02T04:42:26.766Z","iobWithZeroTemp":{"iob":-0.4,"basaliob":-0.459,"bolussnooze":0,"activity":-0.0029,"lastBolusTime":1704163954000,"time":"2024-01-02T04:42:26.766Z"}},{"iob":-0.263,"basaliob":-0.318,"bolussnooze":0,"activity":-0.0026,"lastBolusTime":1704163954000,"time":"2024-01-02T04:47:26.766Z","iobWithZeroTemp":{"iob":-0.419,"basaliob":-0.474,"bolussnooze":0,"activity":-0.0031,"lastBolusTime":1704163954000,"time":"2024-01-02T04:47:26.766Z"}},{"iob":-0.25,"basaliob":-0.301,"bolussnooze":0,"activity":-0.0026,"lastBolusTime":1704163954000,"time":"2024-01-02T04:52:26.766Z","iobWithZeroTemp":{"iob":-0.436,"basaliob":-0.487,"bolussnooze":0,"activity":-0.0033,"lastBolusTime":1704163954000,"time":"2024-01-02T04:52:26.766Z"}},{"iob":-0.237,"basaliob":-0.285,"bolussnooze":0,"activity":-0.0025,"lastBolusTime":1704163954000,"time":"2024-01-02T04:57:26.766Z","iobWithZeroTemp":{"iob":-0.453,"basaliob":-0.501,"bolussnooze":0,"activity":-0.0034,"lastBolusTime":1704163954000,"time":"2024-01-02T04:57:26.766Z"}},{"iob":-0.224,"basaliob":-0.269,"bolussnooze":0,"activity":-0.0025,"lastBolusTime":1704163954000,"time":"2024-01-02T05:02:26.766Z","iobWithZeroTemp":{"iob":-0.468,"basaliob":-0.513,"bolussnooze":0,"activity":-0.0036,"lastBolusTime":1704163954000,"time":"2024-01-02T05:02:26.766Z"}},{"iob":-0.212,"basaliob":-0.254,"bolussnooze":0,"activity":-0.0024,"lastBolusTime":1704163954000,"time":"2024-01-02T05:07:26.766Z","iobWithZeroTemp":{"iob":-0.484,"basaliob":-0.526,"bolussnooze":0,"activity":-0.0037,"lastBolusTime":1704163954000,"time":"2024-01-02T05:07:26.766Z"}},{"iob":-0.2,"basaliob":-0.239,"bolussnooze":0,"activity":-0.0023,"lastBolusTime":1704163954000,"time":"2024-01-02T05:12:26.766Z","iobWithZeroTemp":{"iob":-0.498,"basaliob":-0.537,"bolussnooze":0,"activity":-0.0038,"lastBolusTime":1704163954000,"time":"2024-01-02T05:12:26.766Z"}},{"iob":-0.189,"basaliob":-0.225,"bolussnooze":0,"activity":-0.0023,"lastBolusTime":1704163954000,"time":"2024-01-02T05:17:26.766Z","iobWithZeroTemp":{"iob":-0.512,"basaliob":-0.548,"bolussnooze":0,"activity":-0.0041,"lastBolusTime":1704163954000,"time":"2024-01-02T05:17:26.766Z"}},{"iob":-0.178,"basaliob":-0.212,"bolussnooze":0,"activity":-0.0022,"lastBolusTime":1704163954000,"time":"2024-01-02T05:22:26.766Z","iobWithZeroTemp":{"iob":-0.525,"basaliob":-0.559,"bolussnooze":0,"activity":-0.0042,"lastBolusTime":1704163954000,"time":"2024-01-02T05:22:26.766Z"}},{"iob":-0.168,"basaliob":-0.199,"bolussnooze":0,"activity":-0.002,"lastBolusTime":1704163954000,"time":"2024-01-02T05:27:26.766Z","iobWithZeroTemp":{"iob":-0.538,"basaliob":-0.569,"bolussnooze":0,"activity":-0.0042,"lastBolusTime":1704163954000,"time":"2024-01-02T05:27:26.766Z"}},{"iob":-0.157,"basaliob":-0.186,"bolussnooze":0,"activity":-0.002,"lastBolusTime":1704163954000,"time":"2024-01-02T05:32:26.766Z","iobWithZeroTemp":{"iob":-0.548,"basaliob":-0.577,"bolussnooze":0,"activity":-0.0044,"lastBolusTime":1704163954000,"time":"2024-01-02T05:32:26.766Z"}},{"iob":-0.147,"basaliob":-0.174,"bolussnooze":0,"activity":-0.0019,"lastBolusTime":1704163954000,"time":"2024-01-02T05:37:26.766Z","iobWithZeroTemp":{"iob":-0.559,"basaliob":-0.586,"bolussnooze":0,"activity":-0.0046,"lastBolusTime":1704163954000,"time":"2024-01-02T05:37:26.766Z"}},{"iob":-0.138,"basaliob":-0.163,"bolussnooze":0,"activity":-0.0018,"lastBolusTime":1704163954000,"time":"2024-01-02T05:42:26.766Z","iobWithZeroTemp":{"iob":-0.569,"basaliob":-0.594,"bolussnooze":0,"activity":-0.0047,"lastBolusTime":1704163954000,"time":"2024-01-02T05:42:26.766Z"}},{"iob":-0.13,"basaliob":-0.153,"bolussnooze":0,"activity":-0.0017,"lastBolusTime":1704163954000,"time":"2024-01-02T05:47:26.766Z","iobWithZeroTemp":{"iob":-0.58,"basaliob":-0.603,"bolussnooze":0,"activity":-0.0048,"lastBolusTime":1704163954000,"time":"2024-01-02T05:47:26.766Z"}},{"iob":-0.121,"basaliob":-0.142,"bolussnooze":0,"activity":-0.0017,"lastBolusTime":1704163954000,"time":"2024-01-02T05:52:26.766Z","iobWithZeroTemp":{"iob":-0.588,"basaliob":-0.609,"bolussnooze":0,"activity":-0.005,"lastBolusTime":1704163954000,"time":"2024-01-02T05:52:26.766Z"}},{"iob":-0.113,"basaliob":-0.133,"bolussnooze":0,"activity":-0.0016,"lastBolusTime":1704163954000,"time":"2024-01-02T05:57:26.766Z","iobWithZeroTemp":{"iob":-0.597,"basaliob":-0.617,"bolussnooze":0,"activity":-0.0051,"lastBolusTime":1704163954000,"time":"2024-01-02T05:57:26.766Z"}},{"iob":-0.106,"basaliob":-0.124,"bolussnooze":0,"activity":-0.0015,"lastBolusTime":1704163954000,"time":"2024-01-02T06:02:26.766Z","iobWithZeroTemp":{"iob":-0.605,"basaliob":-0.623,"bolussnooze":0,"activity":-0.0052,"lastBolusTime":1704163954000,"time":"2024-01-02T06:02:26.766Z"}},{"iob":-0.098,"basaliob":-0.115,"bolussnooze":0,"activity":-0.0014,"lastBolusTime":1704163954000,"time":"2024-01-02T06:07:26.766Z","iobWithZeroTemp":{"iob":-0.612,"basaliob":-0.629,"bolussnooze":0,"activity":-0.0053,"lastBolusTime":1704163954000,"time":"2024-01-02T06:07:26.766Z"}},{"iob":-0.092,"basaliob":-0.107,"bolussnooze":0,"activity":-0.0013,"lastBolusTime":1704163954000,"time":"2024-01-02T06:12:26.766Z","iobWithZeroTemp":{"iob":-0.619,"basaliob":-0.634,"bolussnooze":0,"activity":-0.0053,"lastBolusTime":1704163954000,"time":"2024-01-02T06:12:26.766Z"}},{"iob":-0.086,"basaliob":-0.1,"bolussnooze":0,"activity":-0.0013,"lastBolusTime":1704163954000,"time":"2024-01-02T06:17:26.766Z","iobWithZeroTemp":{"iob":-0.626,"basaliob":-0.64,"bolussnooze":0,"activity":-0.0055,"lastBolusTime":1704163954000,"time":"2024-01-02T06:17:26.766Z"}},{"iob":-0.08,"basaliob":-0.093,"bolussnooze":0,"activity":-0.0012,"lastBolusTime":1704163954000,"time":"2024-01-02T06:22:26.766Z","iobWithZeroTemp":{"iob":-0.632,"basaliob":-0.645,"bolussnooze":0,"activity":-0.0055,"lastBolusTime":1704163954000,"time":"2024-01-02T06:22:26.766Z"}},{"iob":-0.074,"basaliob":-0.086,"bolussnooze":0,"activity":-0.0011,"lastBolusTime":1704163954000,"time":"2024-01-02T06:27:26.766Z","iobWithZeroTemp":{"iob":-0.637,"basaliob":-0.649,"bolussnooze":0,"activity":-0.0056,"lastBolusTime":1704163954000,"time":"2024-01-02T06:27:26.766Z"}},{"iob":-0.069,"basaliob":-0.08,"bolussnooze":0,"activity":-0.001,"lastBolusTime":1704163954000,"time":"2024-01-02T06:32:26.766Z","iobWithZeroTemp":{"iob":-0.643,"basaliob":-0.654,"bolussnooze":0,"activity":-0.0056,"lastBolusTime":1704163954000,"time":"2024-01-02T06:32:26.766Z"}},{"iob":-0.064,"basaliob":-0.074,"bolussnooze":0,"activity":-9.0E-4,"lastBolusTime":1704163954000,"time":"2024-01-02T06:37:26.766Z","iobWithZeroTemp":{"iob":-0.648,"basaliob":-0.658,"bolussnooze":0,"activity":-0.0057,"lastBolusTime":1704163954000,"time":"2024-01-02T06:37:26.766Z"}},{"iob":-0.059,"basaliob":-0.068,"bolussnooze":0,"activity":-9.0E-4,"lastBolusTime":1704163954000,"time":"2024-01-02T06:42:26.766Z","iobWithZeroTemp":{"iob":-0.652,"basaliob":-0.661,"bolussnooze":0,"activity":-0.0058,"lastBolusTime":1704163954000,"time":"2024-01-02T06:42:26.766Z"}},{"iob":-0.054,"basaliob":-0.063,"bolussnooze":0,"activity":-9.0E-4,"lastBolusTime":1704163954000,"time":"2024-01-02T06:47:26.766Z","iobWithZeroTemp":{"iob":-0.655,"basaliob":-0.664,"bolussnooze":0,"activity":-0.0059,"lastBolusTime":1704163954000,"time":"2024-01-02T06:47:26.766Z"}},{"iob":-0.051,"basaliob":-0.059,"bolussnooze":0,"activity":-8.0E-4,"lastBolusTime":1704163954000,"time":"2024-01-02T06:52:26.766Z","iobWithZeroTemp":{"iob":-0.66,"basaliob":-0.668,"bolussnooze":0,"activity":-0.0059,"lastBolusTime":1704163954000,"time":"2024-01-02T06:52:26.766Z"}},{"iob":-0.047,"basaliob":-0.054,"bolussnooze":0,"activity":-8.0E-4,"lastBolusTime":1704163954000,"time":"2024-01-02T06:57:26.766Z","iobWithZeroTemp":{"iob":-0.664,"basaliob":-0.671,"bolussnooze":0,"activity":-0.006,"lastBolusTime":1704163954000,"time":"2024-01-02T06:57:26.766Z"}},{"iob":-0.043,"basaliob":-0.05,"bolussnooze":0,"activity":-7.0E-4,"lastBolusTime":1704163954000,"time":"2024-01-02T07:02:26.766Z","iobWithZeroTemp":{"iob":-0.667,"basaliob":-0.674,"bolussnooze":0,"activity":-0.006,"lastBolusTime":1704163954000,"time":"2024-01-02T07:02:26.766Z"}},{"iob":-0.04,"basaliob":-0.046,"bolussnooze":0,"activity":-6.0E-4,"lastBolusTime":1704163954000,"time":"2024-01-02T07:07:26.766Z","iobWithZeroTemp":{"iob":-0.67,"basaliob":-0.676,"bolussnooze":0,"activity":-0.006,"lastBolusTime":1704163954000,"time":"2024-01-02T07:07:26.766Z"}},{"iob":-0.036,"basaliob":-0.042,"bolussnooze":0,"activity":-6.0E-4,"lastBolusTime":1704163954000,"time":"2024-01-02T07:12:26.766Z","iobWithZeroTemp":{"iob":-0.672,"basaliob":-0.678,"bolussnooze":0,"activity":-0.0061,"lastBolusTime":1704163954000,"time":"2024-01-02T07:12:26.766Z"}},{"iob":-0.034,"basaliob":-0.039,"bolussnooze":0,"activity":-5.0E-4,"lastBolusTime":1704163954000,"time":"2024-01-02T07:17:26.766Z","iobWithZeroTemp":{"iob":-0.676,"basaliob":-0.681,"bolussnooze":0,"activity":-0.0061,"lastBolusTime":1704163954000,"time":"2024-01-02T07:17:26.766Z"}},{"iob":-0.031,"basaliob":-0.036,"bolussnooze":0,"activity":-5.0E-4,"lastBolusTime":1704163954000,"time":"2024-01-02T07:22:26.766Z","iobWithZeroTemp":{"iob":-0.678,"basaliob":-0.683,"bolussnooze":0,"activity":-0.0062,"lastBolusTime":1704163954000,"time":"2024-01-02T07:22:26.766Z"}},{"iob":-0.029,"basaliob":-0.033,"bolussnooze":0,"activity":-5.0E-4,"lastBolusTime":1704163954000,"time":"2024-01-02T07:27:26.766Z","iobWithZeroTemp":{"iob":-0.68,"basaliob":-0.684,"bolussnooze":0,"activity":-0.0063,"lastBolusTime":1704163954000,"time":"2024-01-02T07:27:26.766Z"}},{"iob":-0.026,"basaliob":-0.03,"bolussnooze":0,"activity":-4.0E-4,"lastBolusTime":1704163954000,"time":"2024-01-02T07:32:26.766Z","iobWithZeroTemp":{"iob":-0.682,"basaliob":-0.686,"bolussnooze":0,"activity":-0.0062,"lastBolusTime":1704163954000,"time":"2024-01-02T07:32:26.766Z"}},{"iob":-0.024,"basaliob":-0.028,"bolussnooze":0,"activity":-4.0E-4,"lastBolusTime":1704163954000,"time":"2024-01-02T07:37:26.766Z","iobWithZeroTemp":{"iob":-0.684,"basaliob":-0.688,"bolussnooze":0,"activity":-0.0063,"lastBolusTime":1704163954000,"time":"2024-01-02T07:37:26.766Z"}},{"iob":-0.023,"basaliob":-0.026,"bolussnooze":0,"activity":-3.0E-4,"lastBolusTime":1704163954000,"time":"2024-01-02T07:42:26.766Z","iobWithZeroTemp":{"iob":-0.687,"basaliob":-0.69,"bolussnooze":0,"activity":-0.0062,"lastBolusTime":1704163954000,"time":"2024-01-02T07:42:26.766Z"}},{"iob":-0.021,"basaliob":-0.024,"bolussnooze":0,"activity":-3.0E-4,"lastBolusTime":1704163954000,"time":"2024-01-02T07:47:26.766Z","iobWithZeroTemp":{"iob":-0.688,"basaliob":-0.691,"bolussnooze":0,"activity":-0.0063,"lastBolusTime":1704163954000,"time":"2024-01-02T07:47:26.766Z"}},{"iob":-0.019,"basaliob":-0.022,"bolussnooze":0,"activity":-3.0E-4,"lastBolusTime":1704163954000,"time":"2024-01-02T07:52:26.766Z","iobWithZeroTemp":{"iob":-0.689,"basaliob":-0.692,"bolussnooze":0,"activity":-0.0064,"lastBolusTime":1704163954000,"time":"2024-01-02T07:52:26.766Z"}},{"iob":-0.018,"basaliob":-0.02,"bolussnooze":0,"activity":-3.0E-4,"lastBolusTime":1704163954000,"time":"2024-01-02T07:57:26.766Z","iobWithZeroTemp":{"iob":-0.691,"basaliob":-0.693,"bolussnooze":0,"activity":-0.0064,"lastBolusTime":1704163954000,"time":"2024-01-02T07:57:26.766Z"}},{"iob":-0.016,"basaliob":-0.018,"bolussnooze":0,"activity":-3.0E-4,"lastBolusTime":1704163954000,"time":"2024-01-02T08:02:26.766Z","iobWithZeroTemp":{"iob":-0.692,"basaliob":-0.694,"bolussnooze":0,"activity":-0.0064,"lastBolusTime":1704163954000,"time":"2024-01-02T08:02:26.766Z"}},{"iob":-0.015,"basaliob":-0.017,"bolussnooze":0,"activity":-3.0E-4,"lastBolusTime":1704163954000,"time":"2024-01-02T08:07:26.766Z","iobWithZeroTemp":{"iob":-0.693,"basaliob":-0.695,"bolussnooze":0,"activity":-0.0065,"lastBolusTime":1704163954000,"time":"2024-01-02T08:07:26.766Z"}},{"iob":-0.013,"basaliob":-0.015,"bolussnooze":0,"activity":-3.0E-4,"lastBolusTime":1704163954000,"time":"2024-01-02T08:12:26.766Z","iobWithZeroTemp":{"iob":-0.694,"basaliob":-0.696,"bolussnooze":0,"activity":-0.0065,"lastBolusTime":1704163954000,"time":"2024-01-02T08:12:26.766Z"}},{"iob":-0.012,"basaliob":-0.014,"bolussnooze":0,"activity":-3.0E-4,"lastBolusTime":1704163954000,"time":"2024-01-02T08:17:26.766Z","iobWithZeroTemp":{"iob":-0.695,"basaliob":-0.697,"bolussnooze":0,"activity":-0.0066,"lastBolusTime":1704163954000,"time":"2024-01-02T08:17:26.766Z"}}],"profile":{"max_iob":7,"type":"current","max_daily_basal":0.45,"max_basal":1.35,"min_bg":144,"max_bg":144,"target_bg":144,"carb_ratio":9,"sens":352.8,"max_daily_safety_multiplier":3,"current_basal_safety_multiplier":4,"lgsThreshold":65,"high_temptarget_raises_sensitivity":false,"low_temptarget_lowers_sensitivity":false,"sensitivity_raises_target":true,"resistance_lowers_target":true,"adv_target_adjustments":false,"exercise_mode":false,"half_basal_exercise_target":160,"maxCOB":120,"skip_neutral_temps":false,"remainingCarbsCap":90,"enableUAM":true,"A52_risk_enable":false,"SMBInterval":4,"enableSMB_with_COB":true,"enableSMB_with_temptarget":false,"allowSMB_with_high_temptarget":true,"enableSMB_always":true,"enableSMB_after_carbs":false,"maxSMBBasalMinutes":60,"maxUAMSMBBasalMinutes":60,"bolus_increment":0.05,"carbsReqThreshold":10,"current_basal":0.4,"temptargetSet":true,"autosens_max":1.2,"autosens_min":0.8,"out_units":"mmol\/L","variable_sens":415.3,"insulinDivisor":65,"TDD":6.627714491666666},"autosens_data":{"ratio":1.007932372560982},"meal_data":{"carbs":0,"mealCOB":0,"slopeFromMaxDeviation":0,"slopeFromMinDeviation":0.39663636363636356,"lastBolusTime":1704163954000,"lastCarbTime":0},"microBolusAllowed":true,"currentTime":1704169348938,"flatBGsDetected":false,"tdd1D":29.029333333333327,"tdd7D":23.806904761904768,"tddLast24H":23.995750000000008,"tddLast4H":0.4095000000000001,"tddLast8to4H":1.1695833333333332},"output":{"temp":"absolute","bg":60,"tick":"+2","eventualBG":164,"targetBG":144,"insulinReq":0,"deliverAt":"2024-01-02T04:22:28.938Z","sensitivityRatio":1.007932372560982,"variable_sens":415.3,"predBGs":{"IOB":[60,62,65,67,70,73,76,80,83,86,90,93,97,100,103,106,108,111,113,115,118,120,121,123,125,126,128,129,130,131,132,133,134,135,136,136,137,138,138,139,139,140,140,140,141,141,141,142],"ZT":[60,65,70,75,80,84,90,95,100,105,110,116,121,126,132,137,143]},"reason":"COB: 0, Dev: -1.7, BGI: 0.3, ISF: 23.1, CR: 9, Target: 8.0, minPredBG 6.3, minGuardBG 3.4, IOBpredBG 7.9; minGuardBG 3.4<5.1 27m left and 0 ~ req 0U\/hr: no temp required","COB":0,"IOB":-0.326,"timestamp":"2024-01-02T04:22:28.970Z"}}