{"algorithm":"OpenAPSSMBDynamicISFPlugin","input":{"glucoseStatus":{"glucose":170,"noise":0,"delta":2,"short_avgdelta":2.78,"long_avgdelta":3.31,"date":1704419832930},"currenttemp":{"temp":"absolute","duration":25,"rate":0.243,"minutesrunning":5},"iob_data":[{"iob":0.835,"basaliob":-0.265,"bolussnooze":0,"activity":0.0059,"lastBolusTime":1704419581000,"time":"2024-01-05T01:57:36.852Z","iobWithZeroTemp":{"iob":0.835,"basaliob":-0.265,"bolussnooze":0,"activity":0.0059,"lastBolusTime":1704419581000,"time":"2024-01-05T01:57:36.852Z"}},{"iob":0.804,"basaliob":-0.25,"bolussnooze":0,"activity":0.0062,"lastBolusTime":1704419581000,"time":"2024-01-05T02:02:36.852Z","iobWithZeroTemp":{"iob":0.786,"basaliob":-0.268,"bolussnooze":0,"activity":0.0062,"lastBolusTime":1704419581000,"time":"2024-01-05T02:02:36.852Z"}},{"iob":0.772,"basaliob":-0.236,"bolussnooze":0,"activity":0.0064,"lastBolusTime":1704419581000,"time":"2024-01-05T02:07:36.852Z","iobWithZeroTemp":{"iob":0.732,"basaliob":-0.276,"bolussnooze":0,"activity":0.0063,"lastBolusTime":1704419581000,"time":"2024-01-05T02:07:36.852Z"}},{"iob":0.74,"basaliob":-0.222,"bolussnooze":0,"activity":0.0065,"lastBolusTime":1704419581000,"time":"2024-01-05T02:12:36.852Z","iobWithZeroTemp":{"iob":0.678,"basaliob":-0.284,"bolussnooze":0,"activity":0.0064,"lastBolusTime":1704419581000,"time":"2024-01-05T02:12:36.852Z"}},{"iob":0.707,"basaliob":-0.209,"bolussnooze":0,"activity":0.0066,"lastBolusTime":1704419581000,"time":"2024-01-05T02:17:36.852Z","iobWithZeroTemp":{"iob":0.623,"basaliob":-0.293,"bolussnooze":0,"activity":0.0064,"lastBolusTime":1704419581000,"time":"2024-01-05T02:17:36.852Z"}},{"iob":0.674,"basaliob":-0.196,"bolussnooze":0,"activity":0.0066,"lastBolusTime":1704419581000,"time":"2024-01-05T02:22:36.852Z","iobWithZeroTemp":{"iob":0.569,"basaliob":-0.301,"bolussnooze":0,"activity":0.0063,"lastBolusTime":1704419581000,"time":"2024-01-05T02:22:36.852Z"}},{"iob":0.641,"basaliob":-0.184,"bolussnooze":0,"activity":0.0065,"lastBolusTime":1704419581000,"time":"2024-01-05T02:27:36.852Z","iobWithZeroTemp":{"iob":0.515,"basaliob":-0.31,"bolussnooze":0,"activity":0.006,"lastBolusTime":1704419581000,"time":"2024-01-05T02:27:36.852Z"}},{"iob":0.609,"basaliob":-0.172,"bolussnooze":0,"activity":0.0064,"lastBolusTime":1704419581000,"time":"2024-01-05T02:32:36.852Z","iobWithZeroTemp":{"iob":0.463,"basaliob":-0.318,"bolussnooze":0,"activity":0.0058,"lastBolusTime":1704419581000,"time":"2024-01-05T02:32:36.852Z"}},{"iob":0.578,"basaliob":-0.161,"bolussnooze":0,"activity":0.0062,"lastBolusTime":1704419581000,"time":"2024-01-05T02:37:36.852Z","iobWithZeroTemp":{"iob":0.413,"basaliob":-0.326,"bolussnooze":0,"activity":0.0055,"lastBolusTime":1704419581000,"time":"2024-01-05T02:37:36.852Z"}},{"iob":0.547,"basaliob":-0.15,"bolussnooze":0,"activity":0.0062,"lastBolusTime":1704419581000,"time":"2024-01-05T02:42:36.852Z","iobWithZeroTemp":{"iob":0.364,"basaliob":-0.333,"bolussnooze":0,"activity":0.0053,"lastBolusTime":1704419581000,"time":"2024-01-05T02:42:36.852Z"}},{"iob":0.517,"basaliob":-0.14,"bolussnooze":0,"activity":0.006,"lastBolusTime":1704419581000,"time":"2024-01-05T02:47:36.852Z","iobWithZeroTemp":{"iob":0.316,"basaliob":-0.341,"bolussnooze":0,"activity":0.005,"lastBolusTime":1704419581000,"time":"2024-01-05T02:47:36.852Z"}},{"iob":0.487,"basaliob":-0.131,"bolussnooze":0,"activity":0.0058,"lastBolusTime":1704419581000,"time":"2024-01-05T02:52:36.852Z","iobWithZeroTemp":{"iob":0.269,"basaliob":-0.349,"bolussnooze":0,"activity":0.0046,"lastBolusTime":1704419581000,"time":"2024-01-05T02:52:36.852Z"}},{"iob":0.459,"basaliob":-0.122,"bolussnooze":0,"activity":0.0056,"lastBolusTime":1704419581000,"time":"2024-01-05T02:57:36.852Z","iobWithZeroTemp":{"iob":0.225,"basaliob":-0.356,"bolussnooze":0,"activity":0.0043,"lastBolusTime":1704419581000,"time":"2024-01-05T02:57:36.852Z"}},{"iob":0.432,"basaliob":-0.114,"bolussnooze":0,"activity":0.0054,"lastBolusTime":1704419581000,"time":"2024-01-05T03:02:36.852Z","iobWithZeroTemp":{"iob":0.18,"basaliob":-0.366,"bolussnooze":0,"activity":0.0039,"lastBolusTime":1704419581000,"time":"2024-01-05T03:02:36.852Z"}},{"iob":0.406,"basaliob":-0.106,"bolussnooze":0,"activity":0.0051,"lastBolusTime":1704419581000,"time":"2024-01-05T03:07:36.852Z","iobWithZeroTemp":{"iob":0.137,"basaliob":-0.375,"bolussnooze":0,"activity":0.0034,"lastBolusTime":1704419581000,"time":"2024-01-05T03:07:36.852Z"}},{"iob":0.381,"basaliob":-0.098,"bolussnooze":0,"activity":0.0049,"lastBolusTime":1704419581000,"time":"2024-01-05T03:12:36.852Z","iobWithZeroTemp":{"iob":0.096,"basaliob":-0.383,"bolussnooze":0,"activity":0.0031,"lastBolusTime":1704419581000,"time":"2024-01-05T03:12:36.852Z"}},{"iob":0.357,"basaliob":-0.091,"bolussnooze":0,"activity":0.0046,"lastBolusTime":1704419581000,"time":"2024-01-05T03:17:36.852Z","iobWithZeroTemp":{"iob":0.056,"basaliob":-0.392,"bolussnooze":0,"activity":0.0026,"lastBolusTime":1704419581000,"time":"2024-01-05T03:17:36.852Z"}},{"iob":0.334,"basaliob":-0.085,"bolussnooze":0,"activity":0.0044,"lastBolusTime":1704419581000,"time":"2024-01-05T03:22:36.852Z","iobWithZeroTemp":{"iob":0.018,"basaliob":-0.401,"bolussnooze":0,"activity":0.0023,"lastBolusTime":1704419581000,"time":"2024-01-05T03:22:36.852Z"}},{"iob":0.312,"basaliob":-0.079,"bolussnooze":0,"activity":0.0042,"lastBolusTime":1704419581000,"time":"2024-01-05T03:27:36.852Z","iobWithZeroTemp":{"iob":-0.018,"basaliob":-0.409,"bolussnooze":0,"activity":0.0019,"lastBolusTime":1704419581000,"time":"2024-01-05T03:27:36.852Z"}},{"iob":0.292,"basaliob":-0.073,"bolussnooze":0,"activity":0.004,"lastBolusTime":1704419581000,"time":"2024-01-05T03:32:36.852Z","iobWithZeroTemp":{"iob":-0.051,"basaliob":-0.416,"bolussnooze":0,"activity":0.0016,"lastBolusTime":1704419581000,"time":"2024-01-05T03:32:36.852Z"}},{"iob":0.273,"basaliob":-0.067,"bolussnooze":0,"activity":0.0038,"lastBolusTime":1704419581000,"time":"2024-01-05T03:37:36.852Z","iobWithZeroTemp":{"iob":-0.083,"basaliob":-0.423,"bolussnooze":0,"activity":0.0012,"lastBolusTime":1704419581000,"time":"2024-01-05T03:37:36.852Z"}},{"iob":0.255,"basaliob":-0.062,"bolussnooze":0,"activity":0.0035,"lastBolusTime":1704419581000,"time":"2024-01-05T03:42:36.852Z","iobWithZeroTemp":{"iob":-0.112,"basaliob":-0.429,"bolussnooze":0,"activity":8.0E-4,"lastBolusTime":1704419581000,"time":"2024-01-05T03:42:36.852Z"}},{"iob":0.237,"basaliob":-0.058,"bolussnooze":0,"activity":0.0034,"lastBolusTime":1704419581000,"time":"2024-01-05T03:47:36.852Z","iobWithZeroTemp":{"iob":-0.141,"basaliob":-0.436,"bolussnooze":0,"activity":6.0E-4,"lastBolusTime":1704419581000,"time":"2024-01-05T03:47:36.852Z"}},{"iob":0.221,"basaliob":-0.053,"bolussnooze":0,"activity":0.0032,"lastBolusTime":1704419581000,"time":"2024-01-05T03:52:36.852Z","iobWithZeroTemp":{"iob":-0.168,"basaliob":-0.442,"bolussnooze":0,"activity":2.0E-4,"lastBolusTime":1704419581000,"time":"2024-01-05T03:52:36.852Z"}},{"iob":0.206,"basaliob":-0.049,"bolussnooze":0,"activity":0.003,"lastBolusTime":1704419581000,"time":"2024-01-05T03:57:36.852Z","iobWithZeroTemp":{"iob":-0.193,"basaliob":-0.448,"bolussnooze":0,"activity":-1.0E-4,"lastBolusTime":1704419581000,"time":"2024-01-05T03:57:36.852Z"}},{"iob":0.191,"basaliob":-0.045,"bolussnooze":0,"activity":0.0028,"lastBolusTime":1704419581000,"time":"2024-01-05T04:02:36.852Z","iobWithZeroTemp":{"iob":-0.225,"basaliob":-0.461,"bolussnooze":0,"activity":-4.0E-4,"lastBolusTime":1704419581000,"time":"2024-01-05T04:02:36.852Z"}},{"iob":0.177,"basaliob":-0.042,"bolussnooze":0,"activity":0.0026,"lastBolusTime":1704419581000,"time":"2024-01-05T04:07:36.852Z","iobWithZeroTemp":{"iob":-0.256,"basaliob":-0.475,"bolussnooze":0,"activity":-7.0E-4,"lastBolusTime":1704419581000,"time":"2024-01-05T04:07:36.852Z"}},{"iob":0.164,"basaliob":-0.039,"bolussnooze":0,"activity":0.0025,"lastBolusTime":1704419581000,"time":"2024-01-05T04:12:36.852Z","iobWithZeroTemp":{"iob":-0.286,"basaliob":-0.489,"bolussnooze":0,"activity":-0.001,"lastBolusTime":1704419581000,"time":"2024-01-05T04:12:36.852Z"}},{"iob":0.153,"basaliob":-0.035,"bolussnooze":0,"activity":0.0023,"lastBolusTime":1704419581000,"time":"2024-01-05T04:17:36.852Z","iobWithZeroTemp":{"iob":-0.312,"basaliob":-0.5,"bolussnooze":0,"activity":-0.0013,"lastBolusTime":1704419581000,"time":"2024-01-05T04:17:36.852Z"}},{"iob":0.141,"basaliob":-0.033,"bolussnooze":0,"activity":0.0022,"lastBolusTime":1704419581000,"time":"2024-01-05T04:22:36.852Z","iobWithZeroTemp":{"iob":-0.339,"basaliob":-0.513,"bolussnooze":0,"activity":-0.0016,"lastBolusTime":1704419581000,"time":"2024-01-05T04:22:36.852Z"}},{"iob":0.131,"basaliob":-0.03,"bolussnooze":0,"activity":0.002,"lastBolusTime":1704419581000,"time":"2024-01-05T04:27:36.852Z","iobWithZeroTemp":{"iob":-0.363,"basaliob":-0.524,"bolussnooze":0,"activity":-0.0019,"lastBolusTime":1704419581000,"time":"2024-01-05T04:27:36.852Z"}},{"iob":0.121,"basaliob":-0.028,"bolussnooze":0,"activity":0.0019,"lastBolusTime":1704419581000,"time":"2024-01-05T04:32:36.852Z","iobWithZeroTemp":{"iob":-0.387,"basaliob":-0.536,"bolussnooze":0,"activity":-0.0021,"lastBolusTime":1704419581000,"time":"2024-01-05T04:32:36.852Z"}},{"iob":0.112,"basaliob":-0.025,"bolussnooze":0,"activity":0.0018,"lastBolusTime":1704419581000,"time":"2024-01-05T04:37:36.852Z","iobWithZeroTemp":{"iob":-0.409,"basaliob":-0.546,"bolussnooze":0,"activity":-0.0024,"lastBolusTime":1704419581000,"time":"2024-01-05T04:37:36.852Z"}},{"iob":0.104,"basaliob":-0.023,"bolussnooze":0,"activity":0.0016,"lastBolusTime":1704419581000,"time":"2024-01-05T04:42:36.852Z","iobWithZeroTemp":{"iob":-0.429,"basaliob":-0.556,"bolussnooze":0,"activity":-0.0027,"lastBolusTime":1704419581000,"time":"2024-01-05T04:42:36.852Z"}},{"iob":0.096,"basaliob":-0.021,"bolussnooze":0,"activity":0.0015,"lastBolusTime":1704419581000,"time":"2024-01-05T04:47:36.852Z","iobWithZeroTemp":{"iob":-0.448,"basaliob":-0.565,"bolussnooze":0,"activity":-0.0029,"lastBolusTime":1704419581000,"time":"2024-01-05T04:47:36.852Z"}},{"iob":0.089,"basaliob":-0.019,"bolussnooze":0,"activity":0.0015,"lastBolusTime":1704419581000,"time":"2024-01-05T04:52:36.852Z","iobWithZeroTemp":{"iob":-0.466,"basaliob":-0.574,"bolussnooze":0,"activity":-0.003,"lastBolusTime":1704419581000,"time":"2024-01-05T04:52:36.852Z"}},{"iob":0.081,"basaliob":-0.018,"bolussnooze":0,"activity":0.0013,"lastBolusTime":1704419581000,"time":"2024-01-05T04:57:36.852Z","iobWithZeroTemp":{"iob":-0.484,"basaliob":-0.583,"bolussnooze":0,"activity":-0.0034,"lastBolusTime":1704419581000,"time":"2024-01-05T04:57:36.852Z"}},{"iob":0.075,"basaliob":-0.016,"bolussnooze":0,"activity":0.0012,"lastBolusTime":1704419581000,"time":"2024-01-05T05:02:36.852Z","iobWithZeroTemp":{"iob":-0.5,"basaliob":-0.591,"bolussnooze":0,"activity":-0.0036,"lastBolusTime":1704419581000,"time":"2024-01-05T05:02:36.852Z"}},{"iob":0.069,"basaliob":-0.015,"bolussnooze":0,"activity":0.0011,"lastBolusTime":1704419581000,"time":"2024-01-05T05:07:36.852Z","iobWithZeroTemp":{"iob":-0.515,"basaliob":-0.599,"bolussnooze":0,"activity":-0.0038,"lastBolusTime":1704419581000,"time":"2024-01-05T05:07:36.852Z"}},{"iob":0.063,"basaliob":-0.014,"bolussnooze":0,"activity":0.0011,"lastBolusTime":1704419581000,"time":"2024-01-05T05:12:36.852Z","iobWithZeroTemp":{"iob":-0.53,"basaliob":-0.607,"bolussnooze":0,"activity":-0.0039,"lastBolusTime":1704419581000,"time":"2024-01-05T05:12:36.852Z"}},{"iob":0.059,"basaliob":-0.012,"bolussnooze":0,"activity":0.001,"lastBolusTime":1704419581000,"time":"2024-01-05T05:17:36.852Z","iobWithZeroTemp":{"iob":-0.542,"basaliob":-0.613,"bolussnooze":0,"activity":-0.0041,"lastBolusTime":1704419581000,"time":"2024-01-05T05:17:36.852Z"}},{"iob":0.054,"basaliob":-0.011,"bolussnooze":0,"activity":9.0E-4,"lastBolusTime":1704419581000,"time":"2024-01-05T05:22:36.852Z","iobWithZeroTemp":{"iob":-0.554,"basaliob":-0.619,"bolussnooze":0,"activity":-0.0043,"lastBolusTime":1704419581000,"time":"2024-01-05T05:22:36.852Z"}},{"iob":0.049,"basaliob":-0.01,"bolussnooze":0,"activity":8.0E-4,"lastBolusTime":1704419581000,"time":"2024-01-05T05:27:36.852Z","iobWithZeroTemp":{"iob":-0.566,"basaliob":-0.625,"bolussnooze":0,"activity":-0.0045,"lastBolusTime":1704419581000,"time":"2024-01-05T05:27:36.852Z"}},{"iob":0.045,"basaliob":-0.009,"bolussnooze":0,"activity":8.0E-4,"lastBolusTime":1704419581000,"time":"2024-01-05T05:32:36.852Z","iobWithZeroTemp":{"iob":-0.577,"basaliob":-0.631,"bolussnooze":0,"activity":-0.0046,"lastBolusTime":1704419581000,"time":"2024-01-05T05:32:36.852Z"}},{"iob":0.041,"basaliob":-0.009,"bolussnooze":0,"activity":7.0E-4,"lastBolusTime":1704419581000,"time":"2024-01-05T05:37:36.852Z","iobWithZeroTemp":{"iob":-0.587,"basaliob":-0.637,"bolussnooze":0,"activity":-0.0048,"lastBolusTime":1704419581000,"time":"2024-01-05T05:37:36.852Z"}},{"iob":0.038,"basaliob":-0.008,"bolussnooze":0,"activity":7.0E-4,"lastBolusTime":1704419581000,"time":"2024-01-05T05:42:36.852Z","iobWithZeroTemp":{"iob":-0.596,"basaliob":-0.642,"bolussnooze":0,"activity":-0.0049,"lastBolusTime":1704419581000,"time":"2024-01-05T05:42:36.852Z"}},{"iob":0.035,"basaliob":-0.007,"bolussnooze":0,"activity":7.0E-4,"lastBolusTime":1704419581000,"time":"2024-01-05T05:47:36.852Z","iobWithZeroTemp":{"iob":-0.604,"basaliob":-0.646,"bolussnooze":0,"activity":-0.0049,"lastBolusTime":1704419581000,"time":"2024-01-05T05:47:36.852Z"}},{"iob":0.032,"basaliob":-0.006,"bolussnooze":0,"activity":6.0E-4,"lastBolusTime":1704419581000,"time":"2024-01-05T05:52:36.852Z","iobWithZeroTemp":{"iob":-0.612,"basaliob":-0.65,"bolussnooze":0,"activity":-0.0051,"lastBolusTime":1704419581000,"time":"2024-01-05T05:52:36.852Z"}}],"profile":{"max_iob":7,"type":"current","max_daily_basal":0.45,"max_basal":1.08,"min_bg":81,"max_bg":81,"target_bg":81,"carb_ratio":11,"sens":369,"max_daily_safety_multiplier":3,"current_basal_safety_multiplier":4,"lgsThreshold":65,"high_temptarget_raises_sensitivity":false,"low_temptarget_lowers_sensitivity":false,"sensitivity_raises_target":true,"resistance_lowers_target":true,"adv_target_adjustments":false,"exercise_mode":false,"half_basal_exercise_target":160,"maxCOB":120,"skip_neutral_temps":false,"remainingCarbsCap":90,"enableUAM":true,"A52_risk_enable":false,"SMBInterval":4,"enableSMB_with_COB":true,"enableSMB_with_temptarget":false,"allowSMB_with_high_temptarget":true,"enableSMB_always":true,"enableSMB_after_carbs":false,"maxSMBBasalMinutes":60,"maxUAMSMBBasalMinutes":60,"bolus_increment":0.05,"carbsReqThreshold":10,"current_basal":0.27,"temptargetSet":true,"autosens_max":1.2,"autosens_min":0.8,"out_units":"mmol\/L","variable_sens":166.7,"insulinDivisor":65,"TDD":8.399346041666671},"autosens_data":{"ratio":1.1922121967871766},"meal_data":{"carbs":0,"mealCOB":0,"slopeFromMaxDeviation":0,"slopeFromMinDeviation":0.5655000000000001,"lastBolusTime":1704419581000,"lastCarbTime":0},"microBolusAllowed":true,"currentTime":1704419859142,"flatBGsDetected":false,"tdd1D":28.050416666666692,"tdd7D":23.609261904761915,"tddLast24H":28.147250000000007,"tddLast4H":2.665833333333334,"tddLast8to4H":5.083333333333334},"output":{"temp":"absolute","bg":170,"tick":"+2","eventualBG":156,"targetBG":81,"insulinReq":0.06,"deliverAt":"2024-01-05T01:57:39.142Z","sensitivityRatio":1.1922121967871766,"variable_sens":166.7,"predBGs":{"IOB":[170,171,172,172,171,170,168,165,162,158,154,149,144,139,134,129,124,120,115,111,106,102,98,94,90,87,83,80,76,73,70,67,64,62,59,57,54,52,49,47,45,43,41,40,39],"ZT":[170,165,160,154,149,143,137,132,126,120,115,110,105,100,95,91,88,84,81,79,77,75,74,73,73,73,74,75,76,78,80],"UAM":[170,172,173,174,175,176,176,176,176,176,176,176,176,176,176,176,175,175,175,175,175,174,174,174,174,173,173,172,172,171,171,170,169,168,167,166,165,164,163,162,161,160,159,159,158,157,157,156]},"reason":"COB: 0, Dev: 2.3, BGI: -0.3, ISF: 9.3, CR: 11, Target: 4.5, minPredBG 5.2, minGuardBG 8.6, IOBpredBG 2.2, UAMpredBG 8.7; Eventual BG 8.7 >= 4.5,  insulinReq 0.06. temp 0.24 < 0.44U\/hr. ","COB":0,"IOB":0.835,"duration":30,"rate":0.4418972931325377,"timestamp":"2024-01-05T01:57:39.165Z"}}