{"algorithm":"OpenAPSSMBDynamicISFPlugin","input":{"glucoseStatus":{"glucose":151,"noise":0,"delta":-2,"short_avgdelta":-0.61,"long_avgdelta":1.95,"date":1704343630530},"currenttemp":{"temp":"absolute","duration":0,"rate":0},"iob_data":[{"iob":0.264,"basaliob":-0.206,"bolussnooze":0,"activity":0.0025,"lastBolusTime":1704343063000,"time":"2024-01-04T04:47:42.959Z","iobWithZeroTemp":{"iob":0.264,"basaliob":-0.206,"bolussnooze":0,"activity":0.0025,"lastBolusTime":1704343063000,"time":"2024-01-04T04:47:42.959Z"}},{"iob":0.252,"basaliob":-0.196,"bolussnooze":0,"activity":0.0025,"lastBolusTime":1704343063000,"time":"2024-01-04T04:52:42.959Z","iobWithZeroTemp":{"iob":0.225,"basaliob":-0.223,"bolussnooze":0,"activity":0.0025,"lastBolusTime":1704343063000,"time":"2024-01-04T04:52:42.959Z"}},{"iob":0.239,"basaliob":-0.187,"bolussnooze":0,"activity":0.0025,"lastBolusTime":1704343063000,"time":"2024-01-04T04:57:42.959Z","iobWithZeroTemp":{"iob":0.179,"basaliob":-0.247,"bolussnooze":0,"activity":0.0024,"lastBolusTime":1704343063000,"time":"2024-01-04T04:57:42.959Z"}},{"iob":0.227,"basaliob":-0.177,"bolussnooze":0,"activity":0.0024,"lastBolusTime":1704343063000,"time":"2024-01-04T05:02:42.959Z","iobWithZeroTemp":{"iob":0.135,"basaliob":-0.269,"bolussnooze":0,"activity":0.0022,"lastBolusTime":1704343063000,"time":"2024-01-04T05:02:42.959Z"}},{"iob":0.215,"basaliob":-0.168,"bolussnooze":0,"activity":0.0024,"lastBolusTime":1704343063000,"time":"2024-01-04T05:07:42.959Z","iobWithZeroTemp":{"iob":0.09,"basaliob":-0.293,"bolussnooze":0,"activity":0.0021,"lastBolusTime":1704343063000,"time":"2024-01-04T05:07:42.959Z"}},{"iob":0.203,"basaliob":-0.159,"bolussnooze":0,"activity":0.0023,"lastBolusTime":1704343063000,"time":"2024-01-04T05:12:42.959Z","iobWithZeroTemp":{"iob":0.047,"basaliob":-0.315,"bolussnooze":0,"activity":0.0018,"lastBolusTime":1704343063000,"time":"2024-01-04T05:12:42.959Z"}},{"iob":0.192,"basaliob":-0.15,"bolussnooze":0,"activity":0.0023,"lastBolusTime":1704343063000,"time":"2024-01-04T05:17:42.959Z","iobWithZeroTemp":{"iob":0.006,"basaliob":-0.336,"bolussnooze":0,"activity":0.0016,"lastBolusTime":1704343063000,"time":"2024-01-04T05:17:42.959Z"}},{"iob":0.18,"basaliob":-0.142,"bolussnooze":0,"activity":0.0021,"lastBolusTime":1704343063000,"time":"2024-01-04T05:22:42.959Z","iobWithZeroTemp":{"iob":-0.036,"basaliob":-0.358,"bolussnooze":0,"activity":0.0012,"lastBolusTime":1704343063000,"time":"2024-01-04T05:22:42.959Z"}},{"iob":0.169,"basaliob":-0.134,"bolussnooze":0,"activity":0.0021,"lastBolusTime":1704343063000,"time":"2024-01-04T05:27:42.959Z","iobWithZeroTemp":{"iob":-0.075,"basaliob":-0.378,"bolussnooze":0,"activity":0.001,"lastBolusTime":1704343063000,"time":"2024-01-04T05:27:42.959Z"}},{"iob":0.159,"basaliob":-0.126,"bolussnooze":0,"activity":0.0019,"lastBolusTime":1704343063000,"time":"2024-01-04T05:32:42.959Z","iobWithZeroTemp":{"iob":-0.113,"basaliob":-0.398,"bolussnooze":0,"activity":6.0E-4,"lastBolusTime":1704343063000,"time":"2024-01-04T05:32:42.959Z"}},{"iob":0.15,"basaliob":-0.118,"bolussnooze":0,"activity":0.0019,"lastBolusTime":1704343063000,"time":"2024-01-04T05:37:42.959Z","iobWithZeroTemp":{"iob":-0.148,"basaliob":-0.416,"bolussnooze":0,"activity":4.0E-4,"lastBolusTime":1704343063000,"time":"2024-01-04T05:37:42.959Z"}},{"iob":0.14,"basaliob":-0.111,"bolussnooze":0,"activity":0.0018,"lastBolusTime":1704343063000,"time":"2024-01-04T05:42:42.959Z","iobWithZeroTemp":{"iob":-0.183,"basaliob":-0.434,"bolussnooze":0,"activity":0,"lastBolusTime":1704343063000,"time":"2024-01-04T05:42:42.959Z"}},{"iob":0.132,"basaliob":-0.104,"bolussnooze":0,"activity":0.0017,"lastBolusTime":1704343063000,"time":"2024-01-04T05:47:42.959Z","iobWithZeroTemp":{"iob":-0.215,"basaliob":-0.451,"bolussnooze":0,"activity":-3.0E-4,"lastBolusTime":1704343063000,"time":"2024-01-04T05:47:42.959Z"}},{"iob":0.124,"basaliob":-0.097,"bolussnooze":0,"activity":0.0016,"lastBolusTime":1704343063000,"time":"2024-01-04T05:52:42.959Z","iobWithZeroTemp":{"iob":-0.246,"basaliob":-0.467,"bolussnooze":0,"activity":-6.0E-4,"lastBolusTime":1704343063000,"time":"2024-01-04T05:52:42.959Z"}},{"iob":0.115,"basaliob":-0.091,"bolussnooze":0,"activity":0.0016,"lastBolusTime":1704343063000,"time":"2024-01-04T05:57:42.959Z","iobWithZeroTemp":{"iob":-0.276,"basaliob":-0.482,"bolussnooze":0,"activity":-8.0E-4,"lastBolusTime":1704343063000,"time":"2024-01-04T05:57:42.959Z"}},{"iob":0.108,"basaliob":-0.085,"bolussnooze":0,"activity":0.0014,"lastBolusTime":1704343063000,"time":"2024-01-04T06:02:42.959Z","iobWithZeroTemp":{"iob":-0.304,"basaliob":-0.497,"bolussnooze":0,"activity":-0.0013,"lastBolusTime":1704343063000,"time":"2024-01-04T06:02:42.959Z"}},{"iob":0.101,"basaliob":-0.079,"bolussnooze":0,"activity":0.0014,"lastBolusTime":1704343063000,"time":"2024-01-04T06:07:42.959Z","iobWithZeroTemp":{"iob":-0.33,"basaliob":-0.51,"bolussnooze":0,"activity":-0.0015,"lastBolusTime":1704343063000,"time":"2024-01-04T06:07:42.959Z"}},{"iob":0.094,"basaliob":-0.074,"bolussnooze":0,"activity":0.0014,"lastBolusTime":1704343063000,"time":"2024-01-04T06:12:42.959Z","iobWithZeroTemp":{"iob":-0.356,"basaliob":-0.524,"bolussnooze":0,"activity":-0.0017,"lastBolusTime":1704343063000,"time":"2024-01-04T06:12:42.959Z"}},{"iob":0.087,"basaliob":-0.069,"bolussnooze":0,"activity":0.0012,"lastBolusTime":1704343063000,"time":"2024-01-04T06:17:42.959Z","iobWithZeroTemp":{"iob":-0.38,"basaliob":-0.536,"bolussnooze":0,"activity":-0.0021,"lastBolusTime":1704343063000,"time":"2024-01-04T06:17:42.959Z"}},{"iob":0.081,"basaliob":-0.064,"bolussnooze":0,"activity":0.0012,"lastBolusTime":1704343063000,"time":"2024-01-04T06:22:42.959Z","iobWithZeroTemp":{"iob":-0.403,"basaliob":-0.548,"bolussnooze":0,"activity":-0.0023,"lastBolusTime":1704343063000,"time":"2024-01-04T06:22:42.959Z"}},{"iob":0.075,"basaliob":-0.06,"bolussnooze":0,"activity":0.0011,"lastBolusTime":1704343063000,"time":"2024-01-04T06:27:42.959Z","iobWithZeroTemp":{"iob":-0.424,"basaliob":-0.559,"bolussnooze":0,"activity":-0.0026,"lastBolusTime":1704343063000,"time":"2024-01-04T06:27:42.959Z"}},{"iob":0.071,"basaliob":-0.055,"bolussnooze":0,"activity":0.0011,"lastBolusTime":1704343063000,"time":"2024-01-04T06:32:42.959Z","iobWithZeroTemp":{"iob":-0.443,"basaliob":-0.569,"bolussnooze":0,"activity":-0.0028,"lastBolusTime":1704343063000,"time":"2024-01-04T06:32:42.959Z"}},{"iob":0.066,"basaliob":-0.051,"bolussnooze":0,"activity":9.0E-4,"lastBolusTime":1704343063000,"time":"2024-01-04T06:37:42.959Z","iobWithZeroTemp":{"iob":-0.461,"basaliob":-0.578,"bolussnooze":0,"activity":-0.0031,"lastBolusTime":1704343063000,"time":"2024-01-04T06:37:42.959Z"}},{"iob":0.06,"basaliob":-0.048,"bolussnooze":0,"activity":9.0E-4,"lastBolusTime":1704343063000,"time":"2024-01-04T06:42:42.959Z","iobWithZeroTemp":{"iob":-0.48,"basaliob":-0.588,"bolussnooze":0,"activity":-0.0033,"lastBolusTime":1704343063000,"time":"2024-01-04T06:42:42.959Z"}},{"iob":0.056,"basaliob":-0.044,"bolussnooze":0,"activity":8.0E-4,"lastBolusTime":1704343063000,"time":"2024-01-04T06:47:42.959Z","iobWithZeroTemp":{"iob":-0.496,"basaliob":-0.596,"bolussnooze":0,"activity":-0.0035,"lastBolusTime":1704343063000,"time":"2024-01-04T06:47:42.959Z"}},{"iob":0.052,"basaliob":-0.041,"bolussnooze":0,"activity":8.0E-4,"lastBolusTime":1704343063000,"time":"2024-01-04T06:52:42.959Z","iobWithZeroTemp":{"iob":-0.511,"basaliob":-0.604,"bolussnooze":0,"activity":-0.0037,"lastBolusTime":1704343063000,"time":"2024-01-04T06:52:42.959Z"}},{"iob":0.048,"basaliob":-0.038,"bolussnooze":0,"activity":7.0E-4,"lastBolusTime":1704343063000,"time":"2024-01-04T06:57:42.959Z","iobWithZeroTemp":{"iob":-0.526,"basaliob":-0.612,"bolussnooze":0,"activity":-0.0039,"lastBolusTime":1704343063000,"time":"2024-01-04T06:57:42.959Z"}},{"iob":0.045,"basaliob":-0.035,"bolussnooze":0,"activity":7.0E-4,"lastBolusTime":1704343063000,"time":"2024-01-04T07:02:42.959Z","iobWithZeroTemp":{"iob":-0.539,"basaliob":-0.619,"bolussnooze":0,"activity":-0.0041,"lastBolusTime":1704343063000,"time":"2024-01-04T07:02:42.959Z"}},{"iob":0.042,"basaliob":-0.032,"bolussnooze":0,"activity":7.0E-4,"lastBolusTime":1704343063000,"time":"2024-01-04T07:07:42.959Z","iobWithZeroTemp":{"iob":-0.551,"basaliob":-0.625,"bolussnooze":0,"activity":-0.0042,"lastBolusTime":1704343063000,"time":"2024-01-04T07:07:42.959Z"}},{"iob":0.038,"basaliob":-0.03,"bolussnooze":0,"activity":6.0E-4,"lastBolusTime":1704343063000,"time":"2024-01-04T07:12:42.959Z","iobWithZeroTemp":{"iob":-0.563,"basaliob":-0.631,"bolussnooze":0,"activity":-0.0044,"lastBolusTime":1704343063000,"time":"2024-01-04T07:12:42.959Z"}},{"iob":0.035,"basaliob":-0.028,"bolussnooze":0,"activity":6.0E-4,"lastBolusTime":1704343063000,"time":"2024-01-04T07:17:42.959Z","iobWithZeroTemp":{"iob":-0.574,"basaliob":-0.637,"bolussnooze":0,"activity":-0.0045,"lastBolusTime":1704343063000,"time":"2024-01-04T07:17:42.959Z"}},{"iob":0.032,"basaliob":-0.026,"bolussnooze":0,"activity":5.0E-4,"lastBolusTime":1704343063000,"time":"2024-01-04T07:22:42.959Z","iobWithZeroTemp":{"iob":-0.585,"basaliob":-0.643,"bolussnooze":0,"activity":-0.0047,"lastBolusTime":1704343063000,"time":"2024-01-04T07:22:42.959Z"}},{"iob":0.029,"basaliob":-0.024,"bolussnooze":0,"activity":5.0E-4,"lastBolusTime":1704343063000,"time":"2024-01-04T07:27:42.959Z","iobWithZeroTemp":{"iob":-0.595,"basaliob":-0.648,"bolussnooze":0,"activity":-0.0048,"lastBolusTime":1704343063000,"time":"2024-01-04T07:27:42.959Z"}},{"iob":0.027,"basaliob":-0.022,"bolussnooze":0,"activity":4.0E-4,"lastBolusTime":1704343063000,"time":"2024-01-04T07:32:42.959Z","iobWithZeroTemp":{"iob":-0.603,"basaliob":-0.652,"bolussnooze":0,"activity":-0.005,"lastBolusTime":1704343063000,"time":"2024-01-04T07:32:42.959Z"}},{"iob":0.025,"basaliob":-0.02,"bolussnooze":0,"activity":5.0E-4,"lastBolusTime":1704343063000,"time":"2024-01-04T07:37:42.959Z","iobWithZeroTemp":{"iob":-0.611,"basaliob":-0.656,"bolussnooze":0,"activity":-0.005,"lastBolusTime":1704343063000,"time":"2024-01-04T07:37:42.959Z"}},{"iob":0.024,"basaliob":-0.018,"bolussnooze":0,"activity":4.0E-4,"lastBolusTime":1704343063000,"time":"2024-01-04T07:42:42.959Z","iobWithZeroTemp":{"iob":-0.618,"basaliob":-0.66,"bolussnooze":0,"activity":-0.0052,"lastBolusTime":1704343063000,"time":"2024-01-04T07:42:42.959Z"}},{"iob":0.021,"basaliob":-0.017,"bolussnooze":0,"activity":3.0E-4,"lastBolusTime":1704343063000,"time":"2024-01-04T07:47:42.959Z","iobWithZeroTemp":{"iob":-0.626,"basaliob":-0.664,"bolussnooze":0,"activity":-0.0054,"lastBolusTime":1704343063000,"time":"2024-01-04T07:47:42.959Z"}},{"iob":0.019,"basaliob":-0.016,"bolussnooze":0,"activity":3.0E-4,"lastBolusTime":1704343063000,"time":"2024-01-04T07:52:42.959Z","iobWithZeroTemp":{"iob":-0.632,"basaliob":-0.667,"bolussnooze":0,"activity":-0.0055,"lastBolusTime":1704343063000,"time":"2024-01-04T07:52:42.959Z"}},{"iob":0.018,"basaliob":-0.014,"bolussnooze":0,"activity":4.0E-4,"lastBolusTime":1704343063000,"time":"2024-01-04T07:57:42.959Z","iobWithZeroTemp":{"iob":-0.638,"basaliob":-0.67,"bolussnooze":0,"activity":-0.0054,"lastBolusTime":1704343063000,"time":"2024-01-04T07:57:42.959Z"}},{"iob":0.017,"basaliob":-0.013,"bolussnooze":0,"activity":3.0E-4,"lastBolusTime":1704343063000,"time":"2024-01-04T08:02:42.959Z","iobWithZeroTemp":{"iob":-0.643,"basaliob":-0.673,"bolussnooze":0,"activity":-0.0056,"lastBolusTime":1704343063000,"time":"2024-01-04T08:02:42.959Z"}},{"iob":0.015,"basaliob":-0.012,"bolussnooze":0,"activity":3.0E-4,"lastBolusTime":1704343063000,"time":"2024-01-04T08:07:42.959Z","iobWithZeroTemp":{"iob":-0.649,"basaliob":-0.676,"bolussnooze":0,"activity":-0.0056,"lastBolusTime":1704343063000,"time":"2024-01-04T08:07:42.959Z"}},{"iob":0.014,"basaliob":-0.011,"bolussnooze":0,"activity":2.0E-4,"lastBolusTime":1704343063000,"time":"2024-01-04T08:12:42.959Z","iobWithZeroTemp":{"iob":-0.653,"basaliob":-0.678,"bolussnooze":0,"activity":-0.0058,"lastBolusTime":1704343063000,"time":"2024-01-04T08:12:42.959Z"}},{"iob":0.013,"basaliob":-0.01,"bolussnooze":0,"activity":2.0E-4,"lastBolusTime":1704343063000,"time":"2024-01-04T08:17:42.959Z","iobWithZeroTemp":{"iob":-0.657,"basaliob":-0.68,"bolussnooze":0,"activity":-0.0059,"lastBolusTime":1704343063000,"time":"2024-01-04T08:17:42.959Z"}},{"iob":0.012,"basaliob":-0.009,"bolussnooze":0,"activity":2.0E-4,"lastBolusTime":1704343063000,"time":"2024-01-04T08:22:42.959Z","iobWithZeroTemp":{"iob":-0.661,"basaliob":-0.682,"bolussnooze":0,"activity":-0.0059,"lastBolusTime":1704343063000,"time":"2024-01-04T08:22:42.959Z"}},{"iob":0.011,"basaliob":-0.008,"bolussnooze":0,"activity":1.0E-4,"lastBolusTime":1704343063000,"time":"2024-01-04T08:27:42.959Z","iobWithZeroTemp":{"iob":-0.665,"basaliob":-0.684,"bolussnooze":0,"activity":-0.006,"lastBolusTime":1704343063000,"time":"2024-01-04T08:27:42.959Z"}},{"iob":0.009,"basaliob":-0.008,"bolussnooze":0,"activity":2.0E-4,"lastBolusTime":1704343063000,"time":"2024-01-04T08:32:42.959Z","iobWithZeroTemp":{"iob":-0.67,"basaliob":-0.687,"bolussnooze":0,"activity":-0.006,"lastBolusTime":1704343063000,"time":"2024-01-04T08:32:42.959Z"}},{"iob":0.009,"basaliob":-0.007,"bolussnooze":0,"activity":2.0E-4,"lastBolusTime":1704343063000,"time":"2024-01-04T08:37:42.959Z","iobWithZeroTemp":{"iob":-0.672,"basaliob":-0.688,"bolussnooze":0,"activity":-0.006,"lastBolusTime":1704343063000,"time":"2024-01-04T08:37:42.959Z"}},{"iob":0.008,"basaliob":-0.006,"bolussnooze":0,"activity":2.0E-4,"lastBolusTime":1704343063000,"time":"2024-01-04T08:42:42.959Z","iobWithZeroTemp":{"iob":-0.675,"basaliob":-0.689,"bolussnooze":0,"activity":-0.0061,"lastBolusTime":1704343063000,"time":"2024-01-04T08:42:42.959Z"}}],"profile":{"max_iob":7,"type":"current","max_daily_basal":0.45,"max_basal":1.35,"min_bg":106.2,"max_bg":106.2,"target_bg":106.2,"carb_ratio":9,"sens":352.8,"max_daily_safety_multiplier":3,"current_basal_safety_multiplier":4,"lgsThreshold":65,"high_temptarget_raises_sensitivity":false,"low_temptarget_lowers_sensitivity":false,"sensitivity_raises_target":true,"resistance_lowers_target":true,"adv_target_adjustments":false,"exercise_mode":false,"half_basal_exercise_target":160,"maxCOB":120,"skip_neutral_temps":false,"remainingCarbsCap":90,"enableUAM":true,"A52_risk_enable":false,"SMBInterval":4,"enableSMB_with_COB":true,"enableSMB_with_temptarget":false,"allowSMB_with_high_temptarget":true,"enableSMB_always":true,"enableSMB_after_carbs":false,"maxSMBBasalMinutes":60,"maxUAMSMBBasalMinutes":60,"bolus_increment":0.05,"carbsReqThreshold":10,"current_basal":0.4,"temptargetSet":false,"autosens_max":1.2,"autosens_min":0.8,"out_units":"mmol\/L","variable_sens":230,"insulinDivisor":65,"TDD":6.5177830833333354},"autosens_data":{"ratio":0.9800447554697894},"meal_data":{"carbs":0,"mealCOB":0,"slopeFromMaxDeviation":-0.4115000000000002,"slopeFromMinDeviation":0.5379090909090909,"lastBolusTime":1704343063000,"lastCarbTime":0},"microBolusAllowed":true,"currentTime":1704343665569,"flatBGsDetected":false,"tdd1D":20.64108333333334,"tdd7D":22.492595238095245,"tddLast24H":22.043750000000003,"tddLast4H":1.7812500000000002,"tddLast8to4H":2.8525},"output":{"temp":"absolute","bg":151,"tick":-2,"eventualBG":95,"targetBG":107,"insulinReq":0,"deliverAt":"2024-01-04T04:47:45.569Z","sensitivityRatio":0.9800447554697894,"variable_sens":230,"predBGs":{"IOB":[151,149,147,145,142,140,138,135,133,131,128,126,124,122,119,117,115,114,112,110,108,107,105,104,103,101,100,99,98,97,96,95,95,94,93,92,92,91,91,90,90,89,89,89,88,88,88,87],"ZT":[151,148,145,142,140,137,135,133,132,130,130,129,129,129],"UAM":[151,149,146,143,140,137,134,132,129,126,124,121,119,117,115,112,110,109,107,105,103,102,100,99,97,96,95,94,93,92,91,90,89,88,87,87,86,85,85,84,84,83,83,83,82,82,82,81]},"reason":"COB: 0, Dev: 0.3, BGI: -0.2, ISF: 12.8, CR: 9, Target: 5.9, minPredBG 5.8, minGuardBG 4.5, IOBpredBG 4.8, UAMpredBG 4.5; Eventual BG 5.3 < 5.9, setting 0.27U\/hr. ","COB":0,"IOB":0.264,"duration":30,"rate":0.27201790218791577,"timestamp":"2024-01-04T04:47:45.629Z"}}