{"algorithm":"OpenAPSSMBDynamicISFPlugin","input":{"glucoseStatus":{"glucose":107,"noise":0,"delta":12,"short_avgdelta":6.94,"long_avgdelta":-0.65,"date":1704178923600},"currenttemp":{"temp":"absolute","duration":30,"rate":0,"minutesrunning":30},"iob_data":[{"iob":1.626,"basaliob":-0.473,"bolussnooze":0.9502,"activity":0.0102,"lastBolusTime":1704177458000,"time":"2024-01-02T07:02:26.090Z","iobWithZeroTemp":{"iob":1.626,"basaliob":-0.473,"bolussnooze":0.9502,"activity":0.0102,"lastBolusTime":1704177458000,"time":"2024-01-02T07:02:26.090Z"}},{"iob":1.573,"basaliob":-0.45,"bolussnooze":0.8523,"activity":0.0111,"lastBolusTime":1704177458000,"time":"2024-01-02T07:07:26.090Z","iobWithZeroTemp":{"iob":1.546,"basaliob":-0.477,"bolussnooze":0.8523,"activity":0.0111,"lastBolusTime":1704177458000,"time":"2024-01-02T07:07:26.090Z"}},{"iob":1.516,"basaliob":-0.428,"bolussnooze":0.7598,"activity":0.0116,"lastBolusTime":1704177458000,"time":"2024-01-02T07:12:26.090Z","iobWithZeroTemp":{"iob":1.456,"basaliob":-0.488,"bolussnooze":0.7598,"activity":0.0115,"lastBolusTime":1704177458000,"time":"2024-01-02T07:12:26.090Z"}},{"iob":1.457,"basaliob":-0.406,"bolussnooze":0.6735,"activity":0.012,"lastBolusTime":1704177458000,"time":"2024-01-02T07:17:26.090Z","iobWithZeroTemp":{"iob":1.365,"basaliob":-0.498,"bolussnooze":0.6735,"activity":0.0118,"lastBolusTime":1704177458000,"time":"2024-01-02T07:17:26.090Z"}},{"iob":1.397,"basaliob":-0.384,"bolussnooze":0.5941,"activity":0.0122,"lastBolusTime":1704177458000,"time":"2024-01-02T07:22:26.090Z","iobWithZeroTemp":{"iob":1.272,"basaliob":-0.509,"bolussnooze":0.5941,"activity":0.0119,"lastBolusTime":1704177458000,"time":"2024-01-02T07:22:26.090Z"}},{"iob":1.335,"basaliob":-0.363,"bolussnooze":0.5217,"activity":0.0123,"lastBolusTime":1704177458000,"time":"2024-01-02T07:27:26.090Z","iobWithZeroTemp":{"iob":1.179,"basaliob":-0.519,"bolussnooze":0.5217,"activity":0.0118,"lastBolusTime":1704177458000,"time":"2024-01-02T07:27:26.090Z"}},{"iob":1.274,"basaliob":-0.342,"bolussnooze":0.4563,"activity":0.0123,"lastBolusTime":1704177458000,"time":"2024-01-02T07:32:26.090Z","iobWithZeroTemp":{"iob":1.088,"basaliob":-0.528,"bolussnooze":0.4563,"activity":0.0116,"lastBolusTime":1704177458000,"time":"2024-01-02T07:32:26.090Z"}},{"iob":1.212,"basaliob":-0.323,"bolussnooze":0.3976,"activity":0.0122,"lastBolusTime":1704177458000,"time":"2024-01-02T07:37:26.090Z","iobWithZeroTemp":{"iob":0.996,"basaliob":-0.539,"bolussnooze":0.3976,"activity":0.0113,"lastBolusTime":1704177458000,"time":"2024-01-02T07:37:26.090Z"}},{"iob":1.152,"basaliob":-0.303,"bolussnooze":0.3451,"activity":0.0121,"lastBolusTime":1704177458000,"time":"2024-01-02T07:42:26.090Z","iobWithZeroTemp":{"iob":0.908,"basaliob":-0.547,"bolussnooze":0.3451,"activity":0.011,"lastBolusTime":1704177458000,"time":"2024-01-02T07:42:26.090Z"}},{"iob":1.092,"basaliob":-0.285,"bolussnooze":0.2986,"activity":0.0118,"lastBolusTime":1704177458000,"time":"2024-01-02T07:47:26.090Z","iobWithZeroTemp":{"iob":0.82,"basaliob":-0.557,"bolussnooze":0.2986,"activity":0.0105,"lastBolusTime":1704177458000,"time":"2024-01-02T07:47:26.090Z"}},{"iob":1.034,"basaliob":-0.268,"bolussnooze":0.2576,"activity":0.0115,"lastBolusTime":1704177458000,"time":"2024-01-02T07:52:26.090Z","iobWithZeroTemp":{"iob":0.736,"basaliob":-0.566,"bolussnooze":0.2576,"activity":0.01,"lastBolusTime":1704177458000,"time":"2024-01-02T07:52:26.090Z"}},{"iob":0.977,"basaliob":-0.251,"bolussnooze":0.2215,"activity":0.0111,"lastBolusTime":1704177458000,"time":"2024-01-02T07:57:26.090Z","iobWithZeroTemp":{"iob":0.654,"basaliob":-0.574,"bolussnooze":0.2215,"activity":0.0093,"lastBolusTime":1704177458000,"time":"2024-01-02T07:57:26.090Z"}},{"iob":0.922,"basaliob":-0.235,"bolussnooze":0.1899,"activity":0.0108,"lastBolusTime":1704177458000,"time":"2024-01-02T08:02:26.090Z","iobWithZeroTemp":{"iob":0.575,"basaliob":-0.582,"bolussnooze":0.1899,"activity":0.0088,"lastBolusTime":1704177458000,"time":"2024-01-02T08:02:26.090Z"}},{"iob":0.869,"basaliob":-0.22,"bolussnooze":0.1623,"activity":0.0104,"lastBolusTime":1704177458000,"time":"2024-01-02T08:07:26.090Z","iobWithZeroTemp":{"iob":0.499,"basaliob":-0.59,"bolussnooze":0.1623,"activity":0.0082,"lastBolusTime":1704177458000,"time":"2024-01-02T08:07:26.090Z"}},{"iob":0.818,"basaliob":-0.206,"bolussnooze":0.1384,"activity":0.01,"lastBolusTime":1704177458000,"time":"2024-01-02T08:12:26.090Z","iobWithZeroTemp":{"iob":0.427,"basaliob":-0.597,"bolussnooze":0.1384,"activity":0.0076,"lastBolusTime":1704177458000,"time":"2024-01-02T08:12:26.090Z"}},{"iob":0.769,"basaliob":-0.192,"bolussnooze":0.1176,"activity":0.0095,"lastBolusTime":1704177458000,"time":"2024-01-02T08:17:26.090Z","iobWithZeroTemp":{"iob":0.357,"basaliob":-0.604,"bolussnooze":0.1176,"activity":0.0068,"lastBolusTime":1704177458000,"time":"2024-01-02T08:17:26.090Z"}},{"iob":0.722,"basaliob":-0.179,"bolussnooze":0.0997,"activity":0.0092,"lastBolusTime":1704177458000,"time":"2024-01-02T08:22:26.090Z","iobWithZeroTemp":{"iob":0.291,"basaliob":-0.61,"bolussnooze":0.0997,"activity":0.0063,"lastBolusTime":1704177458000,"time":"2024-01-02T08:22:26.090Z"}},{"iob":0.677,"basaliob":-0.167,"bolussnooze":0.0843,"activity":0.0087,"lastBolusTime":1704177458000,"time":"2024-01-02T08:27:26.090Z","iobWithZeroTemp":{"iob":0.227,"basaliob":-0.617,"bolussnooze":0.0843,"activity":0.0056,"lastBolusTime":1704177458000,"time":"2024-01-02T08:27:26.090Z"}},{"iob":0.635,"basaliob":-0.155,"bolussnooze":0.071,"activity":0.0084,"lastBolusTime":1704177458000,"time":"2024-01-02T08:32:26.090Z","iobWithZeroTemp":{"iob":0.168,"basaliob":-0.622,"bolussnooze":0.071,"activity":0.0051,"lastBolusTime":1704177458000,"time":"2024-01-02T08:32:26.090Z"}},{"iob":0.594,"basaliob":-0.145,"bolussnooze":0.0597,"activity":0.0079,"lastBolusTime":1704177458000,"time":"2024-01-02T08:37:26.090Z","iobWithZeroTemp":{"iob":0.11,"basaliob":-0.629,"bolussnooze":0.0597,"activity":0.0044,"lastBolusTime":1704177458000,"time":"2024-01-02T08:37:26.090Z"}},{"iob":0.556,"basaliob":-0.134,"bolussnooze":0.05,"activity":0.0075,"lastBolusTime":1704177458000,"time":"2024-01-02T08:42:26.090Z","iobWithZeroTemp":{"iob":0.057,"basaliob":-0.633,"bolussnooze":0.05,"activity":0.0038,"lastBolusTime":1704177458000,"time":"2024-01-02T08:42:26.090Z"}},{"iob":0.519,"basaliob":-0.125,"bolussnooze":0.0418,"activity":0.0071,"lastBolusTime":1704177458000,"time":"2024-01-02T08:47:26.090Z","iobWithZeroTemp":{"iob":0.005,"basaliob":-0.639,"bolussnooze":0.0418,"activity":0.0032,"lastBolusTime":1704177458000,"time":"2024-01-02T08:47:26.090Z"}},{"iob":0.484,"basaliob":-0.116,"bolussnooze":0.0348,"activity":0.0068,"lastBolusTime":1704177458000,"time":"2024-01-02T08:52:26.090Z","iobWithZeroTemp":{"iob":-0.043,"basaliob":-0.643,"bolussnooze":0.0348,"activity":0.0028,"lastBolusTime":1704177458000,"time":"2024-01-02T08:52:26.090Z"}},{"iob":0.452,"basaliob":-0.107,"bolussnooze":0.0289,"activity":0.0064,"lastBolusTime":1704177458000,"time":"2024-01-02T08:57:26.090Z","iobWithZeroTemp":{"iob":-0.088,"basaliob":-0.647,"bolussnooze":0.0289,"activity":0.0022,"lastBolusTime":1704177458000,"time":"2024-01-02T08:57:26.090Z"}},{"iob":0.42,"basaliob":-0.1,"bolussnooze":0.0238,"activity":0.006,"lastBolusTime":1704177458000,"time":"2024-01-02T09:02:26.090Z","iobWithZeroTemp":{"iob":-0.132,"basaliob":-0.652,"bolussnooze":0.0238,"activity":0.0017,"lastBolusTime":1704177458000,"time":"2024-01-02T09:02:26.090Z"}},{"iob":0.392,"basaliob":-0.092,"bolussnooze":0.0196,"activity":0.0057,"lastBolusTime":1704177458000,"time":"2024-01-02T09:07:26.090Z","iobWithZeroTemp":{"iob":-0.171,"basaliob":-0.655,"bolussnooze":0.0196,"activity":0.0012,"lastBolusTime":1704177458000,"time":"2024-01-02T09:07:26.090Z"}},{"iob":0.364,"basaliob":-0.085,"bolussnooze":0.0161,"activity":0.0053,"lastBolusTime":1704177458000,"time":"2024-01-02T09:12:26.090Z","iobWithZeroTemp":{"iob":-0.21,"basaliob":-0.659,"bolussnooze":0.0161,"activity":7.0E-4,"lastBolusTime":1704177458000,"time":"2024-01-02T09:12:26.090Z"}},{"iob":0.338,"basaliob":-0.079,"bolussnooze":0.0131,"activity":0.005,"lastBolusTime":1704177458000,"time":"2024-01-02T09:17:26.090Z","iobWithZeroTemp":{"iob":-0.246,"basaliob":-0.663,"bolussnooze":0.0131,"activity":2.0E-4,"lastBolusTime":1704177458000,"time":"2024-01-02T09:17:26.090Z"}},{"iob":0.314,"basaliob":-0.073,"bolussnooze":0.0107,"activity":0.0046,"lastBolusTime":1704177458000,"time":"2024-01-02T09:22:26.090Z","iobWithZeroTemp":{"iob":-0.279,"basaliob":-0.666,"bolussnooze":0.0107,"activity":-3.0E-4,"lastBolusTime":1704177458000,"time":"2024-01-02T09:22:26.090Z"}},{"iob":0.292,"basaliob":-0.067,"bolussnooze":0.0086,"activity":0.0044,"lastBolusTime":1704177458000,"time":"2024-01-02T09:27:26.090Z","iobWithZeroTemp":{"iob":-0.309,"basaliob":-0.668,"bolussnooze":0.0086,"activity":-6.0E-4,"lastBolusTime":1704177458000,"time":"2024-01-02T09:27:26.090Z"}},{"iob":0.27,"basaliob":-0.062,"bolussnooze":0.0069,"activity":0.0041,"lastBolusTime":1704177458000,"time":"2024-01-02T09:32:26.090Z","iobWithZeroTemp":{"iob":-0.339,"basaliob":-0.671,"bolussnooze":0.0069,"activity":-0.001,"lastBolusTime":1704177458000,"time":"2024-01-02T09:32:26.090Z"}},{"iob":0.251,"basaliob":-0.057,"bolussnooze":0.0055,"activity":0.0039,"lastBolusTime":1704177458000,"time":"2024-01-02T09:37:26.090Z","iobWithZeroTemp":{"iob":-0.366,"basaliob":-0.674,"bolussnooze":0.0055,"activity":-0.0013,"lastBolusTime":1704177458000,"time":"2024-01-02T09:37:26.090Z"}},{"iob":0.232,"basaliob":-0.053,"bolussnooze":0.0044,"activity":0.0036,"lastBolusTime":1704177458000,"time":"2024-01-02T09:42:26.090Z","iobWithZeroTemp":{"iob":-0.392,"basaliob":-0.677,"bolussnooze":0.0044,"activity":-0.0017,"lastBolusTime":1704177458000,"time":"2024-01-02T09:42:26.090Z"}},{"iob":0.214,"basaliob":-0.049,"bolussnooze":0.0034,"activity":0.0034,"lastBolusTime":1704177458000,"time":"2024-01-02T09:47:26.090Z","iobWithZeroTemp":{"iob":-0.416,"basaliob":-0.679,"bolussnooze":0.0034,"activity":-0.002,"lastBolusTime":1704177458000,"time":"2024-01-02T09:47:26.090Z"}},{"iob":0.198,"basaliob":-0.045,"bolussnooze":0.0027,"activity":0.0032,"lastBolusTime":1704177458000,"time":"2024-01-02T09:52:26.090Z","iobWithZeroTemp":{"iob":-0.438,"basaliob":-0.681,"bolussnooze":0.0027,"activity":-0.0023,"lastBolusTime":1704177458000,"time":"2024-01-02T09:52:26.090Z"}},{"iob":0.183,"basaliob":-0.041,"bolussnooze":0.0021,"activity":0.0029,"lastBolusTime":1704177458000,"time":"2024-01-02T09:57:26.090Z","iobWithZeroTemp":{"iob":-0.459,"basaliob":-0.683,"bolussnooze":0.0021,"activity":-0.0027,"lastBolusTime":1704177458000,"time":"2024-01-02T09:57:26.090Z"}},{"iob":0.169,"basaliob":-0.038,"bolussnooze":0.0016,"activity":0.0028,"lastBolusTime":1704177458000,"time":"2024-01-02T10:02:26.090Z","iobWithZeroTemp":{"iob":-0.478,"basaliob":-0.685,"bolussnooze":0.0016,"activity":-0.0029,"lastBolusTime":1704177458000,"time":"2024-01-02T10:02:26.090Z"}},{"iob":0.156,"basaliob":-0.035,"bolussnooze":0.0012,"activity":0.0025,"lastBolusTime":1704177458000,"time":"2024-01-02T10:07:26.090Z","iobWithZeroTemp":{"iob":-0.495,"basaliob":-0.686,"bolussnooze":0.0012,"activity":-0.0033,"lastBolusTime":1704177458000,"time":"2024-01-02T10:07:26.090Z"}},{"iob":0.144,"basaliob":-0.032,"bolussnooze":9.0E-4,"activity":0.0023,"lastBolusTime":1704177458000,"time":"2024-01-02T10:12:26.090Z","iobWithZeroTemp":{"iob":-0.512,"basaliob":-0.688,"bolussnooze":9.0E-4,"activity":-0.0035,"lastBolusTime":1704177458000,"time":"2024-01-02T10:12:26.090Z"}},{"iob":0.133,"basaliob":-0.029,"bolussnooze":6.0E-4,"activity":0.0022,"lastBolusTime":1704177458000,"time":"2024-01-02T10:17:26.090Z","iobWithZeroTemp":{"iob":-0.527,"basaliob":-0.689,"bolussnooze":6.0E-4,"activity":-0.0037,"lastBolusTime":1704177458000,"time":"2024-01-02T10:17:26.090Z"}},{"iob":0.122,"basaliob":-0.027,"bolussnooze":4.0E-4,"activity":0.002,"lastBolusTime":1704177458000,"time":"2024-01-02T10:22:26.090Z","iobWithZeroTemp":{"iob":-0.542,"basaliob":-0.691,"bolussnooze":4.0E-4,"activity":-0.0039,"lastBolusTime":1704177458000,"time":"2024-01-02T10:22:26.090Z"}},{"iob":0.113,"basaliob":-0.024,"bolussnooze":3.0E-4,"activity":0.0019,"lastBolusTime":1704177458000,"time":"2024-01-02T10:27:26.090Z","iobWithZeroTemp":{"iob":-0.554,"basaliob":-0.691,"bolussnooze":3.0E-4,"activity":-0.0041,"lastBolusTime":1704177458000,"time":"2024-01-02T10:27:26.090Z"}},{"iob":0.104,"basaliob":-0.022,"bolussnooze":2.0E-4,"activity":0.0017,"lastBolusTime":1704177458000,"time":"2024-01-02T10:32:26.090Z","iobWithZeroTemp":{"iob":-0.566,"basaliob":-0.692,"bolussnooze":2.0E-4,"activity":-0.0044,"lastBolusTime":1704177458000,"time":"2024-01-02T10:32:26.090Z"}},{"iob":0.095,"basaliob":-0.02,"bolussnooze":1.0E-4,"activity":0.0016,"lastBolusTime":1704177458000,"time":"2024-01-02T10:37:26.090Z","iobWithZeroTemp":{"iob":-0.578,"basaliob":-0.693,"bolussnooze":1.0E-4,"activity":-0.0045,"lastBolusTime":1704177458000,"time":"2024-01-02T10:37:26.090Z"}},{"iob":0.087,"basaliob":-0.019,"bolussnooze":1.0E-4,"activity":0.0015,"lastBolusTime":1704177458000,"time":"2024-01-02T10:42:26.090Z","iobWithZeroTemp":{"iob":-0.589,"basaliob":-0.695,"bolussnooze":1.0E-4,"activity":-0.0046,"lastBolusTime":1704177458000,"time":"2024-01-02T10:42:26.090Z"}},{"iob":0.08,"basaliob":-0.017,"bolussnooze":0,"activity":0.0014,"lastBolusTime":1704177458000,"time":"2024-01-02T10:47:26.090Z","iobWithZeroTemp":{"iob":-0.598,"basaliob":-0.695,"bolussnooze":0,"activity":-0.0048,"lastBolusTime":1704177458000,"time":"2024-01-02T10:47:26.090Z"}},{"iob":0.074,"basaliob":-0.015,"bolussnooze":0,"activity":0.0013,"lastBolusTime":1704177458000,"time":"2024-01-02T10:52:26.090Z","iobWithZeroTemp":{"iob":-0.607,"basaliob":-0.696,"bolussnooze":0,"activity":-0.0049,"lastBolusTime":1704177458000,"time":"2024-01-02T10:52:26.090Z"}},{"iob":0.067,"basaliob":-0.014,"bolussnooze":0,"activity":0.0011,"lastBolusTime":1704177458000,"time":"2024-01-02T10:57:26.090Z","iobWithZeroTemp":{"iob":-0.616,"basaliob":-0.697,"bolussnooze":0,"activity":-0.0052,"lastBolusTime":1704177458000,"time":"2024-01-02T10:57:26.090Z"}}],"profile":{"max_iob":7,"type":"current","max_daily_basal":0.45,"max_basal":1.35,"min_bg":81.0000000000001,"max_bg":81.0000000000001,"target_bg":81.0000000000001,"carb_ratio":9,"sens":352.8,"max_daily_safety_multiplier":3,"current_basal_safety_multiplier":4,"lgsThreshold":65,"high_temptarget_raises_sensitivity":false,"low_temptarget_lowers_sensitivity":false,"sensitivity_raises_target":true,"resistance_lowers_target":true,"adv_target_adjustments":false,"exercise_mode":false,"half_basal_exercise_target":160,"maxCOB":120,"skip_neutral_temps":false,"remainingCarbsCap":90,"enableUAM":true,"A52_risk_enable":false,"SMBInterval":4,"enableSMB_with_COB":true,"enableSMB_with_temptarget":false,"allowSMB_with_high_temptarget":true,"enableSMB_always":true,"enableSMB_after_carbs":false,"maxSMBBasalMinutes":60,"maxUAMSMBBasalMinutes":60,"bolus_increment":0.05,"carbsReqThreshold":10,"current_basal":0.4,"temptargetSet":true,"autosens_max":1.2,"autosens_min":0.8,"out_units":"mmol\/L","variable_sens":242.7,"insulinDivisor":65,"TDD":7.622741216666666},"autosens_data":{"ratio":0.9803493384272268},"meal_data":{"carbs":25,"mealCOB":23.331500000000002,"slopeFromMaxDeviation":0,"slopeFromMinDeviation":2.1225,"lastBolusTime":1704177458000,"lastCarbTime":1704176831000},"microBolusAllowed":true,"currentTime":1704178948261,"flatBGsDetected":false,"tdd1D":29.029333333333327,"tdd7D":23.806904761904768,"tddLast24H":23.339083333333335,"tddLast4H":2.8024999999999998,"tddLast8to4H":0.372},"output":{"temp":"absolute","bg":107,"tick":"+12","eventualBG":343,"targetBG":81.0000000000001,"insulinReq":0.48,"deliverAt":"2024-01-02T07:02:28.261Z","sensitivityRatio":0.9803493384272268,"variable_sens":242.7,"predBGs":{"IOB":[107,112,115,116,115,113,108,101,92,81,67,49,39],"ZT":[107,95,80,63,43,39,39,39,39,39,39,39,39,39,39,39,39,39,39,39,39,39,39,39,39,39,39,39,39,39,39,39,39,39,39,39,39,39,39,39,39,39,39,39,39,39,39,39],"COB":[107,114,119,124,129,133,137,140,144,148,152,157,161,166,172,178,184,191,198,205,213,222,230,239,248,257,266,274,281,289,296,303,309,315,320,325,329,333,336,339,342,344,345,346,346,345,344,343],"UAM":[107,113,118,122,125,127,129,130,131,131,130,130,128,127,125,123,120,117,114,110,105,101,95,90,83,76,68,60,51,42,39]},"reason":"COB: 23.3, Dev: 6.4, BGI: -0.7, ISF: 13.5, CR: 9, Target: 4.5, minPredBG 11.0, minGuardBG 5.6, IOBpredBG 2.2, COBpredBG 19.1, UAMpredBG 2.2; Eventual BG 19.1 >= 4.5,  insulinReq 0.48; setting 60m low temp of 0U\/h. Microbolusing 0.2U. ","COB":23.331500000000002,"IOB":1.626,"units":0.2,"rate":0,"duration":60,"timestamp":"2024-01-02T07:02:28.286Z"}}