{"algorithm":"OpenAPSSMBDynamicISFPlugin","input":{"glucoseStatus":{"glucose":113,"noise":0,"delta":-5,"short_avgdelta":-4.11,"long_avgdelta":-3.8,"date":1704239826947},"currenttemp":{"temp":"absolute","duration":20,"rate":0.405,"minutesrunning":10},"iob_data":[{"iob":-0.065,"basaliob":-0.218,"bolussnooze":0,"activity":3.0E-4,"lastBolusTime":1704236868000,"time":"2024-01-02T23:57:31.811Z","iobWithZeroTemp":{"iob":-0.065,"basaliob":-0.218,"bolussnooze":0,"activity":3.0E-4,"lastBolusTime":1704236868000,"time":"2024-01-02T23:57:31.811Z"}},{"iob":-0.066,"basaliob":-0.208,"bolussnooze":0,"activity":1.0E-4,"lastBolusTime":1704236868000,"time":"2024-01-03T00:02:31.811Z","iobWithZeroTemp":{"iob":-0.089,"basaliob":-0.231,"bolussnooze":0,"activity":1.0E-4,"lastBolusTime":1704236868000,"time":"2024-01-03T00:02:31.811Z"}},{"iob":-0.066,"basaliob":-0.198,"bolussnooze":0,"activity":0,"lastBolusTime":1704236868000,"time":"2024-01-03T00:07:31.811Z","iobWithZeroTemp":{"iob":-0.118,"basaliob":-0.25,"bolussnooze":0,"activity":-1.0E-4,"lastBolusTime":1704236868000,"time":"2024-01-03T00:07:31.811Z"}},{"iob":-0.066,"basaliob":-0.188,"bolussnooze":0,"activity":0,"lastBolusTime":1704236868000,"time":"2024-01-03T00:12:31.811Z","iobWithZeroTemp":{"iob":-0.147,"basaliob":-0.269,"bolussnooze":0,"activity":-2.0E-4,"lastBolusTime":1704236868000,"time":"2024-01-03T00:12:31.811Z"}},{"iob":-0.065,"basaliob":-0.178,"bolussnooze":0,"activity":-2.0E-4,"lastBolusTime":1704236868000,"time":"2024-01-03T00:17:31.811Z","iobWithZeroTemp":{"iob":-0.174,"basaliob":-0.287,"bolussnooze":0,"activity":-5.0E-4,"lastBolusTime":1704236868000,"time":"2024-01-03T00:17:31.811Z"}},{"iob":-0.064,"basaliob":-0.169,"bolussnooze":0,"activity":-3.0E-4,"lastBolusTime":1704236868000,"time":"2024-01-03T00:22:31.811Z","iobWithZeroTemp":{"iob":-0.2,"basaliob":-0.305,"bolussnooze":0,"activity":-7.0E-4,"lastBolusTime":1704236868000,"time":"2024-01-03T00:22:31.811Z"}},{"iob":-0.063,"basaliob":-0.16,"bolussnooze":0,"activity":-3.0E-4,"lastBolusTime":1704236868000,"time":"2024-01-03T00:27:31.811Z","iobWithZeroTemp":{"iob":-0.226,"basaliob":-0.323,"bolussnooze":0,"activity":-9.0E-4,"lastBolusTime":1704236868000,"time":"2024-01-03T00:27:31.811Z"}},{"iob":-0.061,"basaliob":-0.151,"bolussnooze":0,"activity":-4.0E-4,"lastBolusTime":1704236868000,"time":"2024-01-03T00:32:31.811Z","iobWithZeroTemp":{"iob":-0.25,"basaliob":-0.34,"bolussnooze":0,"activity":-0.0012,"lastBolusTime":1704236868000,"time":"2024-01-03T00:32:31.811Z"}},{"iob":-0.059,"basaliob":-0.142,"bolussnooze":0,"activity":-4.0E-4,"lastBolusTime":1704236868000,"time":"2024-01-03T00:37:31.811Z","iobWithZeroTemp":{"iob":-0.273,"basaliob":-0.356,"bolussnooze":0,"activity":-0.0014,"lastBolusTime":1704236868000,"time":"2024-01-03T00:37:31.811Z"}},{"iob":-0.058,"basaliob":-0.134,"bolussnooze":0,"activity":-4.0E-4,"lastBolusTime":1704236868000,"time":"2024-01-03T00:42:31.811Z","iobWithZeroTemp":{"iob":-0.296,"basaliob":-0.372,"bolussnooze":0,"activity":-0.0015,"lastBolusTime":1704236868000,"time":"2024-01-03T00:42:31.811Z"}},{"iob":-0.056,"basaliob":-0.126,"bolussnooze":0,"activity":-5.0E-4,"lastBolusTime":1704236868000,"time":"2024-01-03T00:47:31.811Z","iobWithZeroTemp":{"iob":-0.317,"basaliob":-0.387,"bolussnooze":0,"activity":-0.0018,"lastBolusTime":1704236868000,"time":"2024-01-03T00:47:31.811Z"}},{"iob":-0.053,"basaliob":-0.118,"bolussnooze":0,"activity":-4.0E-4,"lastBolusTime":1704236868000,"time":"2024-01-03T00:52:31.811Z","iobWithZeroTemp":{"iob":-0.336,"basaliob":-0.401,"bolussnooze":0,"activity":-0.0019,"lastBolusTime":1704236868000,"time":"2024-01-03T00:52:31.811Z"}},{"iob":-0.051,"basaliob":-0.111,"bolussnooze":0,"activity":-4.0E-4,"lastBolusTime":1704236868000,"time":"2024-01-03T00:57:31.811Z","iobWithZeroTemp":{"iob":-0.355,"basaliob":-0.415,"bolussnooze":0,"activity":-0.0021,"lastBolusTime":1704236868000,"time":"2024-01-03T00:57:31.811Z"}},{"iob":-0.049,"basaliob":-0.104,"bolussnooze":0,"activity":-5.0E-4,"lastBolusTime":1704236868000,"time":"2024-01-03T01:02:31.811Z","iobWithZeroTemp":{"iob":-0.366,"basaliob":-0.421,"bolussnooze":0,"activity":-0.0024,"lastBolusTime":1704236868000,"time":"2024-01-03T01:02:31.811Z"}},{"iob":-0.046,"basaliob":-0.097,"bolussnooze":0,"activity":-4.0E-4,"lastBolusTime":1704236868000,"time":"2024-01-03T01:07:31.811Z","iobWithZeroTemp":{"iob":-0.375,"basaliob":-0.426,"bolussnooze":0,"activity":-0.0025,"lastBolusTime":1704236868000,"time":"2024-01-03T01:07:31.811Z"}},{"iob":-0.045,"basaliob":-0.091,"bolussnooze":0,"activity":-4.0E-4,"lastBolusTime":1704236868000,"time":"2024-01-03T01:12:31.811Z","iobWithZeroTemp":{"iob":-0.386,"basaliob":-0.432,"bolussnooze":0,"activity":-0.0027,"lastBolusTime":1704236868000,"time":"2024-01-03T01:12:31.811Z"}},{"iob":-0.042,"basaliob":-0.085,"bolussnooze":0,"activity":-5.0E-4,"lastBolusTime":1704236868000,"time":"2024-01-03T01:17:31.811Z","iobWithZeroTemp":{"iob":-0.394,"basaliob":-0.437,"bolussnooze":0,"activity":-0.0029,"lastBolusTime":1704236868000,"time":"2024-01-03T01:17:31.811Z"}},{"iob":-0.04,"basaliob":-0.079,"bolussnooze":0,"activity":-4.0E-4,"lastBolusTime":1704236868000,"time":"2024-01-03T01:22:31.811Z","iobWithZeroTemp":{"iob":-0.402,"basaliob":-0.441,"bolussnooze":0,"activity":-0.003,"lastBolusTime":1704236868000,"time":"2024-01-03T01:22:31.811Z"}},{"iob":-0.038,"basaliob":-0.074,"bolussnooze":0,"activity":-4.0E-4,"lastBolusTime":1704236868000,"time":"2024-01-03T01:27:31.811Z","iobWithZeroTemp":{"iob":-0.409,"basaliob":-0.445,"bolussnooze":0,"activity":-0.0031,"lastBolusTime":1704236868000,"time":"2024-01-03T01:27:31.811Z"}},{"iob":-0.036,"basaliob":-0.069,"bolussnooze":0,"activity":-4.0E-4,"lastBolusTime":1704236868000,"time":"2024-01-03T01:32:31.811Z","iobWithZeroTemp":{"iob":-0.415,"basaliob":-0.448,"bolussnooze":0,"activity":-0.0033,"lastBolusTime":1704236868000,"time":"2024-01-03T01:32:31.811Z"}},{"iob":-0.034,"basaliob":-0.064,"bolussnooze":0,"activity":-4.0E-4,"lastBolusTime":1704236868000,"time":"2024-01-03T01:37:31.811Z","iobWithZeroTemp":{"iob":-0.421,"basaliob":-0.451,"bolussnooze":0,"activity":-0.0034,"lastBolusTime":1704236868000,"time":"2024-01-03T01:37:31.811Z"}},{"iob":-0.031,"basaliob":-0.059,"bolussnooze":0,"activity":-4.0E-4,"lastBolusTime":1704236868000,"time":"2024-01-03T01:42:31.811Z","iobWithZeroTemp":{"iob":-0.426,"basaliob":-0.454,"bolussnooze":0,"activity":-0.0035,"lastBolusTime":1704236868000,"time":"2024-01-03T01:42:31.811Z"}},{"iob":-0.03,"basaliob":-0.055,"bolussnooze":0,"activity":-3.0E-4,"lastBolusTime":1704236868000,"time":"2024-01-03T01:47:31.811Z","iobWithZeroTemp":{"iob":-0.431,"basaliob":-0.456,"bolussnooze":0,"activity":-0.0035,"lastBolusTime":1704236868000,"time":"2024-01-03T01:47:31.811Z"}},{"iob":-0.028,"basaliob":-0.051,"bolussnooze":0,"activity":-4.0E-4,"lastBolusTime":1704236868000,"time":"2024-01-03T01:52:31.811Z","iobWithZeroTemp":{"iob":-0.436,"basaliob":-0.459,"bolussnooze":0,"activity":-0.0037,"lastBolusTime":1704236868000,"time":"2024-01-03T01:52:31.811Z"}},{"iob":-0.026,"basaliob":-0.047,"bolussnooze":0,"activity":-3.0E-4,"lastBolusTime":1704236868000,"time":"2024-01-03T01:57:31.811Z","iobWithZeroTemp":{"iob":-0.439,"basaliob":-0.46,"bolussnooze":0,"activity":-0.0037,"lastBolusTime":1704236868000,"time":"2024-01-03T01:57:31.811Z"}},{"iob":-0.025,"basaliob":-0.044,"bolussnooze":0,"activity":-3.0E-4,"lastBolusTime":1704236868000,"time":"2024-01-03T02:02:31.811Z","iobWithZeroTemp":{"iob":-0.444,"basaliob":-0.463,"bolussnooze":0,"activity":-0.0038,"lastBolusTime":1704236868000,"time":"2024-01-03T02:02:31.811Z"}},{"iob":-0.024,"basaliob":-0.041,"bolussnooze":0,"activity":-3.0E-4,"lastBolusTime":1704236868000,"time":"2024-01-03T02:07:31.811Z","iobWithZeroTemp":{"iob":-0.447,"basaliob":-0.464,"bolussnooze":0,"activity":-0.0039,"lastBolusTime":1704236868000,"time":"2024-01-03T02:07:31.811Z"}},{"iob":-0.022,"basaliob":-0.038,"bolussnooze":0,"activity":-3.0E-4,"lastBolusTime":1704236868000,"time":"2024-01-03T02:12:31.811Z","iobWithZeroTemp":{"iob":-0.45,"basaliob":-0.466,"bolussnooze":0,"activity":-0.0039,"lastBolusTime":1704236868000,"time":"2024-01-03T02:12:31.811Z"}},{"iob":-0.021,"basaliob":-0.035,"bolussnooze":0,"activity":-2.0E-4,"lastBolusTime":1704236868000,"time":"2024-01-03T02:17:31.811Z","iobWithZeroTemp":{"iob":-0.453,"basaliob":-0.467,"bolussnooze":0,"activity":-0.0039,"lastBolusTime":1704236868000,"time":"2024-01-03T02:17:31.811Z"}},{"iob":-0.019,"basaliob":-0.032,"bolussnooze":0,"activity":-3.0E-4,"lastBolusTime":1704236868000,"time":"2024-01-03T02:22:31.811Z","iobWithZeroTemp":{"iob":-0.455,"basaliob":-0.468,"bolussnooze":0,"activity":-0.0041,"lastBolusTime":1704236868000,"time":"2024-01-03T02:22:31.811Z"}},{"iob":-0.018,"basaliob":-0.03,"bolussnooze":0,"activity":-3.0E-4,"lastBolusTime":1704236868000,"time":"2024-01-03T02:27:31.811Z","iobWithZeroTemp":{"iob":-0.457,"basaliob":-0.469,"bolussnooze":0,"activity":-0.0041,"lastBolusTime":1704236868000,"time":"2024-01-03T02:27:31.811Z"}},{"iob":-0.016,"basaliob":-0.027,"bolussnooze":0,"activity":-2.0E-4,"lastBolusTime":1704236868000,"time":"2024-01-03T02:32:31.811Z","iobWithZeroTemp":{"iob":-0.459,"basaliob":-0.47,"bolussnooze":0,"activity":-0.0041,"lastBolusTime":1704236868000,"time":"2024-01-03T02:32:31.811Z"}},{"iob":-0.015,"basaliob":-0.025,"bolussnooze":0,"activity":-2.0E-4,"lastBolusTime":1704236868000,"time":"2024-01-03T02:37:31.811Z","iobWithZeroTemp":{"iob":-0.461,"basaliob":-0.471,"bolussnooze":0,"activity":-0.0041,"lastBolusTime":1704236868000,"time":"2024-01-03T02:37:31.811Z"}},{"iob":-0.014,"basaliob":-0.023,"bolussnooze":0,"activity":-2.0E-4,"lastBolusTime":1704236868000,"time":"2024-01-03T02:42:31.811Z","iobWithZeroTemp":{"iob":-0.462,"basaliob":-0.471,"bolussnooze":0,"activity":-0.0042,"lastBolusTime":1704236868000,"time":"2024-01-03T02:42:31.811Z"}},{"iob":-0.013,"basaliob":-0.021,"bolussnooze":0,"activity":-2.0E-4,"lastBolusTime":1704236868000,"time":"2024-01-03T02:47:31.811Z","iobWithZeroTemp":{"iob":-0.464,"basaliob":-0.472,"bolussnooze":0,"activity":-0.0042,"lastBolusTime":1704236868000,"time":"2024-01-03T02:47:31.811Z"}},{"iob":-0.013,"basaliob":-0.02,"bolussnooze":0,"activity":-2.0E-4,"lastBolusTime":1704236868000,"time":"2024-01-03T02:52:31.811Z","iobWithZeroTemp":{"iob":-0.466,"basaliob":-0.473,"bolussnooze":0,"activity":-0.0043,"lastBolusTime":1704236868000,"time":"2024-01-03T02:52:31.811Z"}},{"iob":-0.011,"basaliob":-0.018,"bolussnooze":0,"activity":-2.0E-4,"lastBolusTime":1704236868000,"time":"2024-01-03T02:57:31.811Z","iobWithZeroTemp":{"iob":-0.466,"basaliob":-0.473,"bolussnooze":0,"activity":-0.0043,"lastBolusTime":1704236868000,"time":"2024-01-03T02:57:31.811Z"}},{"iob":-0.011,"basaliob":-0.017,"bolussnooze":0,"activity":-2.0E-4,"lastBolusTime":1704236868000,"time":"2024-01-03T03:02:31.811Z","iobWithZeroTemp":{"iob":-0.471,"basaliob":-0.477,"bolussnooze":0,"activity":-0.0043,"lastBolusTime":1704236868000,"time":"2024-01-03T03:02:31.811Z"}},{"iob":-0.01,"basaliob":-0.015,"bolussnooze":0,"activity":-2.0E-4,"lastBolusTime":1704236868000,"time":"2024-01-03T03:07:31.811Z","iobWithZeroTemp":{"iob":-0.474,"basaliob":-0.479,"bolussnooze":0,"activity":-0.0044,"lastBolusTime":1704236868000,"time":"2024-01-03T03:07:31.811Z"}},{"iob":-0.009,"basaliob":-0.014,"bolussnooze":0,"activity":-1.0E-4,"lastBolusTime":1704236868000,"time":"2024-01-03T03:12:31.811Z","iobWithZeroTemp":{"iob":-0.477,"basaliob":-0.482,"bolussnooze":0,"activity":-0.0043,"lastBolusTime":1704236868000,"time":"2024-01-03T03:12:31.811Z"}},{"iob":-0.009,"basaliob":-0.013,"bolussnooze":0,"activity":-1.0E-4,"lastBolusTime":1704236868000,"time":"2024-01-03T03:17:31.811Z","iobWithZeroTemp":{"iob":-0.481,"basaliob":-0.485,"bolussnooze":0,"activity":-0.0043,"lastBolusTime":1704236868000,"time":"2024-01-03T03:17:31.811Z"}},{"iob":-0.008,"basaliob":-0.012,"bolussnooze":0,"activity":-1.0E-4,"lastBolusTime":1704236868000,"time":"2024-01-03T03:22:31.811Z","iobWithZeroTemp":{"iob":-0.483,"basaliob":-0.487,"bolussnooze":0,"activity":-0.0044,"lastBolusTime":1704236868000,"time":"2024-01-03T03:22:31.811Z"}},{"iob":-0.007,"basaliob":-0.011,"bolussnooze":0,"activity":-1.0E-4,"lastBolusTime":1704236868000,"time":"2024-01-03T03:27:31.811Z","iobWithZeroTemp":{"iob":-0.486,"basaliob":-0.49,"bolussnooze":0,"activity":-0.0044,"lastBolusTime":1704236868000,"time":"2024-01-03T03:27:31.811Z"}},{"iob":-0.007,"basaliob":-0.01,"bolussnooze":0,"activity":-1.0E-4,"lastBolusTime":1704236868000,"time":"2024-01-03T03:32:31.811Z","iobWithZeroTemp":{"iob":-0.489,"basaliob":-0.492,"bolussnooze":0,"activity":-0.0045,"lastBolusTime":1704236868000,"time":"2024-01-03T03:32:31.811Z"}},{"iob":-0.006,"basaliob":-0.009,"bolussnooze":0,"activity":-1.0E-4,"lastBolusTime":1704236868000,"time":"2024-01-03T03:37:31.811Z","iobWithZeroTemp":{"iob":-0.491,"basaliob":-0.494,"bolussnooze":0,"activity":-0.0045,"lastBolusTime":1704236868000,"time":"2024-01-03T03:37:31.811Z"}},{"iob":-0.005,"basaliob":-0.008,"bolussnooze":0,"activity":0,"lastBolusTime":1704236868000,"time":"2024-01-03T03:42:31.811Z","iobWithZeroTemp":{"iob":-0.493,"basaliob":-0.496,"bolussnooze":0,"activity":-0.0044,"lastBolusTime":1704236868000,"time":"2024-01-03T03:42:31.811Z"}},{"iob":-0.006,"basaliob":-0.008,"bolussnooze":0,"activity":0,"lastBolusTime":1704236868000,"time":"2024-01-03T03:47:31.811Z","iobWithZeroTemp":{"iob":-0.497,"basaliob":-0.499,"bolussnooze":0,"activity":-0.0045,"lastBolusTime":1704236868000,"time":"2024-01-03T03:47:31.811Z"}},{"iob":-0.005,"basaliob":-0.007,"bolussnooze":0,"activity":-1.0E-4,"lastBolusTime":1704236868000,"time":"2024-01-03T03:52:31.811Z","iobWithZeroTemp":{"iob":-0.499,"basaliob":-0.501,"bolussnooze":0,"activity":-0.0046,"lastBolusTime":1704236868000,"time":"2024-01-03T03:52:31.811Z"}}],"profile":{"max_iob":7,"type":"current","max_daily_basal":0.45,"max_basal":1.35,"min_bg":106.2,"max_bg":106.2,"target_bg":106.2,"carb_ratio":11,"sens":369,"max_daily_safety_multiplier":3,"current_basal_safety_multiplier":4,"lgsThreshold":65,"high_temptarget_raises_sensitivity":false,"low_temptarget_lowers_sensitivity":false,"sensitivity_raises_target":true,"resistance_lowers_target":true,"adv_target_adjustments":false,"exercise_mode":false,"half_basal_exercise_target":160,"maxCOB":120,"skip_neutral_temps":false,"remainingCarbsCap":90,"enableUAM":true,"A52_risk_enable":false,"SMBInterval":4,"enableSMB_with_COB":true,"enableSMB_with_temptarget":false,"allowSMB_with_high_temptarget":true,"enableSMB_always":true,"enableSMB_after_carbs":false,"maxSMBBasalMinutes":60,"maxUAMSMBBasalMinutes":60,"bolus_increment":0.05,"carbsReqThreshold":10,"current_basal":0.45,"temptargetSet":false,"autosens_max":1.2,"autosens_min":0.8,"out_units":"mmol\/L","variable_sens":258.4,"insulinDivisor":65,"TDD":6.914777458333337},"autosens_data":{"ratio":0.8721297917360341},"meal_data":{"carbs":0,"mealCOB":0,"slopeFromMaxDeviation":-0.5255000000000001,"slopeFromMinDeviation":0.5569999999999999,"lastBolusTime":1704236868000,"lastCarbTime":0},"microBolusAllowed":true,"currentTime":1704239853887,"flatBGsDetected":false,"tdd1D":19.209083333333343,"tdd7D":22.16738095238096,"tddLast24H":19.332833333333337,"tddLast4H":1.8900000000000001,"tddLast8to4H":5.489999999999999},"output":{"temp":"absolute","bg":113,"tick":-5,"eventualBG":110,"targetBG":113,"insulinReq":0,"deliverAt":"2024-01-02T23:57:33.887Z","sensitivityRatio":0.8721297917360341,"variable_sens":258.4,"predBGs":{"IOB":[113,108,104,101,98,96,94,92,91,91,90,91,91,92,93,93,94,95,95,96,96,97,98,98,99,99,99,100,100,101,101,101,102,102,102,102,103,103,103,104],"ZT":[113,113,112,113,113,114,114]},"reason":"COB: 0, Dev: -1.1, BGI: 0.0, ISF: 14.4, CR: 11, Target: 6.3, minPredBG 5.3, minGuardBG 5.0, IOBpredBG 5.8; Eventual BG 6.1 < 6.3, temp 0.405 ~< req 0.35U\/hr. ","COB":0,"IOB":-0.065,"timestamp":"2024-01-02T23:57:33.913Z"}}