{"algorithm":"OpenAPSSMBDynamicISFPlugin","input":{"glucoseStatus":{"glucose":114,"noise":0,"delta":-6,"short_avgdelta":-5.94,"long_avgdelta":-7.82,"date":1704349336142},"currenttemp":{"temp":"absolute","duration":13,"rate":0,"minutesrunning":47},"iob_data":[{"iob":0.726,"basaliob":-0.269,"bolussnooze":0.2435,"activity":0.0079,"lastBolusTime":1704347272000,"time":"2024-01-04T06:24:46.746Z","iobWithZeroTemp":{"iob":0.726,"basaliob":-0.269,"bolussnooze":0.2435,"activity":0.0079,"lastBolusTime":1704347272000,"time":"2024-01-04T06:24:46.746Z"}},{"iob":0.687,"basaliob":-0.261,"bolussnooze":0.2155,"activity":0.0076,"lastBolusTime":1704347272000,"time":"2024-01-04T06:29:46.746Z","iobWithZeroTemp":{"iob":0.66,"basaliob":-0.288,"bolussnooze":0.2155,"activity":0.0076,"lastBolusTime":1704347272000,"time":"2024-01-04T06:29:46.746Z"}},{"iob":0.65,"basaliob":-0.251,"bolussnooze":0.1898,"activity":0.0074,"lastBolusTime":1704347272000,"time":"2024-01-04T06:34:46.746Z","iobWithZeroTemp":{"iob":0.59,"basaliob":-0.311,"bolussnooze":0.1898,"activity":0.0073,"lastBolusTime":1704347272000,"time":"2024-01-04T06:34:46.746Z"}},{"iob":0.613,"basaliob":-0.242,"bolussnooze":0.1664,"activity":0.0071,"lastBolusTime":1704347272000,"time":"2024-01-04T06:39:46.746Z","iobWithZeroTemp":{"iob":0.521,"basaliob":-0.334,"bolussnooze":0.1664,"activity":0.0069,"lastBolusTime":1704347272000,"time":"2024-01-04T06:39:46.746Z"}},{"iob":0.577,"basaliob":-0.232,"bolussnooze":0.1454,"activity":0.0069,"lastBolusTime":1704347272000,"time":"2024-01-04T06:44:46.746Z","iobWithZeroTemp":{"iob":0.452,"basaliob":-0.357,"bolussnooze":0.1454,"activity":0.0066,"lastBolusTime":1704347272000,"time":"2024-01-04T06:44:46.746Z"}},{"iob":0.543,"basaliob":-0.222,"bolussnooze":0.1265,"activity":0.0067,"lastBolusTime":1704347272000,"time":"2024-01-04T06:49:46.746Z","iobWithZeroTemp":{"iob":0.387,"basaliob":-0.378,"bolussnooze":0.1265,"activity":0.0062,"lastBolusTime":1704347272000,"time":"2024-01-04T06:49:46.746Z"}},{"iob":0.511,"basaliob":-0.212,"bolussnooze":0.1097,"activity":0.0064,"lastBolusTime":1704347272000,"time":"2024-01-04T06:54:46.746Z","iobWithZeroTemp":{"iob":0.325,"basaliob":-0.398,"bolussnooze":0.1097,"activity":0.0057,"lastBolusTime":1704347272000,"time":"2024-01-04T06:54:46.746Z"}},{"iob":0.479,"basaliob":-0.202,"bolussnooze":0.0948,"activity":0.0061,"lastBolusTime":1704347272000,"time":"2024-01-04T06:59:46.746Z","iobWithZeroTemp":{"iob":0.263,"basaliob":-0.418,"bolussnooze":0.0948,"activity":0.0052,"lastBolusTime":1704347272000,"time":"2024-01-04T06:59:46.746Z"}},{"iob":0.451,"basaliob":-0.191,"bolussnooze":0.0817,"activity":0.0058,"lastBolusTime":1704347272000,"time":"2024-01-04T07:04:46.746Z","iobWithZeroTemp":{"iob":0.207,"basaliob":-0.435,"bolussnooze":0.0817,"activity":0.0047,"lastBolusTime":1704347272000,"time":"2024-01-04T07:04:46.746Z"}},{"iob":0.421,"basaliob":-0.182,"bolussnooze":0.0702,"activity":0.0055,"lastBolusTime":1704347272000,"time":"2024-01-04T07:09:46.746Z","iobWithZeroTemp":{"iob":0.149,"basaliob":-0.454,"bolussnooze":0.0702,"activity":0.0042,"lastBolusTime":1704347272000,"time":"2024-01-04T07:09:46.746Z"}},{"iob":0.395,"basaliob":-0.172,"bolussnooze":0.0601,"activity":0.0053,"lastBolusTime":1704347272000,"time":"2024-01-04T07:14:46.746Z","iobWithZeroTemp":{"iob":0.097,"basaliob":-0.47,"bolussnooze":0.0601,"activity":0.0038,"lastBolusTime":1704347272000,"time":"2024-01-04T07:14:46.746Z"}},{"iob":0.369,"basaliob":-0.163,"bolussnooze":0.0513,"activity":0.0049,"lastBolusTime":1704347272000,"time":"2024-01-04T07:19:46.746Z","iobWithZeroTemp":{"iob":0.046,"basaliob":-0.486,"bolussnooze":0.0513,"activity":0.0031,"lastBolusTime":1704347272000,"time":"2024-01-04T07:19:46.746Z"}},{"iob":0.345,"basaliob":-0.153,"bolussnooze":0.0437,"activity":0.0047,"lastBolusTime":1704347272000,"time":"2024-01-04T07:24:46.746Z","iobWithZeroTemp":{"iob":-0.002,"basaliob":-0.5,"bolussnooze":0.0437,"activity":0.0027,"lastBolusTime":1704347272000,"time":"2024-01-04T07:24:46.746Z"}},{"iob":0.321,"basaliob":-0.145,"bolussnooze":0.0371,"activity":0.0045,"lastBolusTime":1704347272000,"time":"2024-01-04T07:29:46.746Z","iobWithZeroTemp":{"iob":-0.049,"basaliob":-0.515,"bolussnooze":0.0371,"activity":0.0023,"lastBolusTime":1704347272000,"time":"2024-01-04T07:29:46.746Z"}},{"iob":0.3,"basaliob":-0.136,"bolussnooze":0.0314,"activity":0.0042,"lastBolusTime":1704347272000,"time":"2024-01-04T07:34:46.746Z","iobWithZeroTemp":{"iob":-0.091,"basaliob":-0.527,"bolussnooze":0.0314,"activity":0.0018,"lastBolusTime":1704347272000,"time":"2024-01-04T07:34:46.746Z"}},{"iob":0.279,"basaliob":-0.128,"bolussnooze":0.0266,"activity":0.004,"lastBolusTime":1704347272000,"time":"2024-01-04T07:39:46.746Z","iobWithZeroTemp":{"iob":-0.133,"basaliob":-0.54,"bolussnooze":0.0266,"activity":0.0013,"lastBolusTime":1704347272000,"time":"2024-01-04T07:39:46.746Z"}},{"iob":0.26,"basaliob":-0.12,"bolussnooze":0.0224,"activity":0.0038,"lastBolusTime":1704347272000,"time":"2024-01-04T07:44:46.746Z","iobWithZeroTemp":{"iob":-0.171,"basaliob":-0.551,"bolussnooze":0.0224,"activity":9.0E-4,"lastBolusTime":1704347272000,"time":"2024-01-04T07:44:46.746Z"}},{"iob":0.242,"basaliob":-0.113,"bolussnooze":0.0188,"activity":0.0035,"lastBolusTime":1704347272000,"time":"2024-01-04T07:49:46.746Z","iobWithZeroTemp":{"iob":-0.208,"basaliob":-0.563,"bolussnooze":0.0188,"activity":4.0E-4,"lastBolusTime":1704347272000,"time":"2024-01-04T07:49:46.746Z"}},{"iob":0.224,"basaliob":-0.106,"bolussnooze":0.0157,"activity":0.0033,"lastBolusTime":1704347272000,"time":"2024-01-04T07:54:46.746Z","iobWithZeroTemp":{"iob":-0.243,"basaliob":-0.573,"bolussnooze":0.0157,"activity":0,"lastBolusTime":1704347272000,"time":"2024-01-04T07:54:46.746Z"}},{"iob":0.209,"basaliob":-0.099,"bolussnooze":0.0131,"activity":0.0031,"lastBolusTime":1704347272000,"time":"2024-01-04T07:59:46.746Z","iobWithZeroTemp":{"iob":-0.275,"basaliob":-0.583,"bolussnooze":0.0131,"activity":-4.0E-4,"lastBolusTime":1704347272000,"time":"2024-01-04T07:59:46.746Z"}},{"iob":0.194,"basaliob":-0.092,"bolussnooze":0.0109,"activity":0.0029,"lastBolusTime":1704347272000,"time":"2024-01-04T08:04:46.746Z","iobWithZeroTemp":{"iob":-0.305,"basaliob":-0.591,"bolussnooze":0.0109,"activity":-8.0E-4,"lastBolusTime":1704347272000,"time":"2024-01-04T08:04:46.746Z"}},{"iob":0.18,"basaliob":-0.086,"bolussnooze":0.009,"activity":0.0027,"lastBolusTime":1704347272000,"time":"2024-01-04T08:09:46.746Z","iobWithZeroTemp":{"iob":-0.334,"basaliob":-0.6,"bolussnooze":0.009,"activity":-0.0012,"lastBolusTime":1704347272000,"time":"2024-01-04T08:09:46.746Z"}},{"iob":0.167,"basaliob":-0.08,"bolussnooze":0.0075,"activity":0.0026,"lastBolusTime":1704347272000,"time":"2024-01-04T08:14:46.746Z","iobWithZeroTemp":{"iob":-0.36,"basaliob":-0.607,"bolussnooze":0.0075,"activity":-0.0014,"lastBolusTime":1704347272000,"time":"2024-01-04T08:14:46.746Z"}},{"iob":0.154,"basaliob":-0.075,"bolussnooze":0.0061,"activity":0.0023,"lastBolusTime":1704347272000,"time":"2024-01-04T08:19:46.746Z","iobWithZeroTemp":{"iob":-0.386,"basaliob":-0.615,"bolussnooze":0.0061,"activity":-0.0019,"lastBolusTime":1704347272000,"time":"2024-01-04T08:19:46.746Z"}},{"iob":0.142,"basaliob":-0.07,"bolussnooze":0.005,"activity":0.0022,"lastBolusTime":1704347272000,"time":"2024-01-04T08:24:46.746Z","iobWithZeroTemp":{"iob":-0.41,"basaliob":-0.622,"bolussnooze":0.005,"activity":-0.0021,"lastBolusTime":1704347272000,"time":"2024-01-04T08:24:46.746Z"}},{"iob":0.132,"basaliob":-0.065,"bolussnooze":0.0041,"activity":0.0021,"lastBolusTime":1704347272000,"time":"2024-01-04T08:29:46.746Z","iobWithZeroTemp":{"iob":-0.431,"basaliob":-0.628,"bolussnooze":0.0041,"activity":-0.0024,"lastBolusTime":1704347272000,"time":"2024-01-04T08:29:46.746Z"}},{"iob":0.122,"basaliob":-0.06,"bolussnooze":0.0033,"activity":0.0019,"lastBolusTime":1704347272000,"time":"2024-01-04T08:34:46.746Z","iobWithZeroTemp":{"iob":-0.452,"basaliob":-0.634,"bolussnooze":0.0033,"activity":-0.0027,"lastBolusTime":1704347272000,"time":"2024-01-04T08:34:46.746Z"}},{"iob":0.113,"basaliob":-0.056,"bolussnooze":0.0027,"activity":0.0018,"lastBolusTime":1704347272000,"time":"2024-01-04T08:39:46.746Z","iobWithZeroTemp":{"iob":-0.471,"basaliob":-0.64,"bolussnooze":0.0027,"activity":-0.003,"lastBolusTime":1704347272000,"time":"2024-01-04T08:39:46.746Z"}},{"iob":0.104,"basaliob":-0.052,"bolussnooze":0.0021,"activity":0.0017,"lastBolusTime":1704347272000,"time":"2024-01-04T08:44:46.746Z","iobWithZeroTemp":{"iob":-0.489,"basaliob":-0.645,"bolussnooze":0.0021,"activity":-0.0032,"lastBolusTime":1704347272000,"time":"2024-01-04T08:44:46.746Z"}},{"iob":0.096,"basaliob":-0.048,"bolussnooze":0.0017,"activity":0.0016,"lastBolusTime":1704347272000,"time":"2024-01-04T08:49:46.746Z","iobWithZeroTemp":{"iob":-0.505,"basaliob":-0.649,"bolussnooze":0.0017,"activity":-0.0034,"lastBolusTime":1704347272000,"time":"2024-01-04T08:49:46.746Z"}},{"iob":0.088,"basaliob":-0.045,"bolussnooze":0.0013,"activity":0.0014,"lastBolusTime":1704347272000,"time":"2024-01-04T08:54:46.746Z","iobWithZeroTemp":{"iob":-0.521,"basaliob":-0.654,"bolussnooze":0.0013,"activity":-0.0037,"lastBolusTime":1704347272000,"time":"2024-01-04T08:54:46.746Z"}},{"iob":0.081,"basaliob":-0.042,"bolussnooze":0.0011,"activity":0.0014,"lastBolusTime":1704347272000,"time":"2024-01-04T08:59:46.746Z","iobWithZeroTemp":{"iob":-0.536,"basaliob":-0.659,"bolussnooze":0.0011,"activity":-0.0038,"lastBolusTime":1704347272000,"time":"2024-01-04T08:59:46.746Z"}},{"iob":0.075,"basaliob":-0.038,"bolussnooze":8.0E-4,"activity":0.0012,"lastBolusTime":1704347272000,"time":"2024-01-04T09:04:46.746Z","iobWithZeroTemp":{"iob":-0.549,"basaliob":-0.662,"bolussnooze":8.0E-4,"activity":-0.0041,"lastBolusTime":1704347272000,"time":"2024-01-04T09:04:46.746Z"}},{"iob":0.068,"basaliob":-0.036,"bolussnooze":6.0E-4,"activity":0.0011,"lastBolusTime":1704347272000,"time":"2024-01-04T09:09:46.746Z","iobWithZeroTemp":{"iob":-0.562,"basaliob":-0.666,"bolussnooze":6.0E-4,"activity":-0.0043,"lastBolusTime":1704347272000,"time":"2024-01-04T09:09:46.746Z"}},{"iob":0.063,"basaliob":-0.033,"bolussnooze":5.0E-4,"activity":0.0011,"lastBolusTime":1704347272000,"time":"2024-01-04T09:14:46.746Z","iobWithZeroTemp":{"iob":-0.573,"basaliob":-0.669,"bolussnooze":5.0E-4,"activity":-0.0044,"lastBolusTime":1704347272000,"time":"2024-01-04T09:14:46.746Z"}},{"iob":0.058,"basaliob":-0.03,"bolussnooze":4.0E-4,"activity":0.001,"lastBolusTime":1704347272000,"time":"2024-01-04T09:19:46.746Z","iobWithZeroTemp":{"iob":-0.584,"basaliob":-0.672,"bolussnooze":4.0E-4,"activity":-0.0046,"lastBolusTime":1704347272000,"time":"2024-01-04T09:19:46.746Z"}},{"iob":0.053,"basaliob":-0.028,"bolussnooze":3.0E-4,"activity":9.0E-4,"lastBolusTime":1704347272000,"time":"2024-01-04T09:24:46.746Z","iobWithZeroTemp":{"iob":-0.594,"basaliob":-0.675,"bolussnooze":3.0E-4,"activity":-0.0048,"lastBolusTime":1704347272000,"time":"2024-01-04T09:24:46.746Z"}},{"iob":0.049,"basaliob":-0.026,"bolussnooze":2.0E-4,"activity":9.0E-4,"lastBolusTime":1704347272000,"time":"2024-01-04T09:29:46.746Z","iobWithZeroTemp":{"iob":-0.602,"basaliob":-0.677,"bolussnooze":2.0E-4,"activity":-0.0049,"lastBolusTime":1704347272000,"time":"2024-01-04T09:29:46.746Z"}},{"iob":0.044,"basaliob":-0.024,"bolussnooze":1.0E-4,"activity":8.0E-4,"lastBolusTime":1704347272000,"time":"2024-01-04T09:34:46.746Z","iobWithZeroTemp":{"iob":-0.612,"basaliob":-0.68,"bolussnooze":1.0E-4,"activity":-0.005,"lastBolusTime":1704347272000,"time":"2024-01-04T09:34:46.746Z"}},{"iob":0.041,"basaliob":-0.022,"bolussnooze":1.0E-4,"activity":7.0E-4,"lastBolusTime":1704347272000,"time":"2024-01-04T09:39:46.746Z","iobWithZeroTemp":{"iob":-0.619,"basaliob":-0.682,"bolussnooze":1.0E-4,"activity":-0.0052,"lastBolusTime":1704347272000,"time":"2024-01-04T09:39:46.746Z"}},{"iob":0.038,"basaliob":-0.02,"bolussnooze":1.0E-4,"activity":7.0E-4,"lastBolusTime":1704347272000,"time":"2024-01-04T09:44:46.746Z","iobWithZeroTemp":{"iob":-0.626,"basaliob":-0.684,"bolussnooze":1.0E-4,"activity":-0.0052,"lastBolusTime":1704347272000,"time":"2024-01-04T09:44:46.746Z"}},{"iob":0.034,"basaliob":-0.019,"bolussnooze":0,"activity":6.0E-4,"lastBolusTime":1704347272000,"time":"2024-01-04T09:49:46.746Z","iobWithZeroTemp":{"iob":-0.633,"basaliob":-0.686,"bolussnooze":0,"activity":-0.0054,"lastBolusTime":1704347272000,"time":"2024-01-04T09:49:46.746Z"}},{"iob":0.031,"basaliob":-0.017,"bolussnooze":0,"activity":6.0E-4,"lastBolusTime":1704347272000,"time":"2024-01-04T09:54:46.746Z","iobWithZeroTemp":{"iob":-0.639,"basaliob":-0.687,"bolussnooze":0,"activity":-0.0055,"lastBolusTime":1704347272000,"time":"2024-01-04T09:54:46.746Z"}},{"iob":0.028,"basaliob":-0.016,"bolussnooze":0,"activity":5.0E-4,"lastBolusTime":1704347272000,"time":"2024-01-04T09:59:46.746Z","iobWithZeroTemp":{"iob":-0.645,"basaliob":-0.689,"bolussnooze":0,"activity":-0.0056,"lastBolusTime":1704347272000,"time":"2024-01-04T09:59:46.746Z"}},{"iob":0.026,"basaliob":-0.014,"bolussnooze":0,"activity":5.0E-4,"lastBolusTime":1704347272000,"time":"2024-01-04T10:04:46.746Z","iobWithZeroTemp":{"iob":-0.65,"basaliob":-0.69,"bolussnooze":0,"activity":-0.0056,"lastBolusTime":1704347272000,"time":"2024-01-04T10:04:46.746Z"}},{"iob":0.024,"basaliob":-0.013,"bolussnooze":0,"activity":5.0E-4,"lastBolusTime":1704347272000,"time":"2024-01-04T10:09:46.746Z","iobWithZeroTemp":{"iob":-0.654,"basaliob":-0.691,"bolussnooze":0,"activity":-0.0057,"lastBolusTime":1704347272000,"time":"2024-01-04T10:09:46.746Z"}},{"iob":0.022,"basaliob":-0.012,"bolussnooze":0,"activity":4.0E-4,"lastBolusTime":1704347272000,"time":"2024-01-04T10:14:46.746Z","iobWithZeroTemp":{"iob":-0.659,"basaliob":-0.693,"bolussnooze":0,"activity":-0.0058,"lastBolusTime":1704347272000,"time":"2024-01-04T10:14:46.746Z"}},{"iob":0.02,"basaliob":-0.011,"bolussnooze":0,"activity":4.0E-4,"lastBolusTime":1704347272000,"time":"2024-01-04T10:19:46.746Z","iobWithZeroTemp":{"iob":-0.663,"basaliob":-0.694,"bolussnooze":0,"activity":-0.0059,"lastBolusTime":1704347272000,"time":"2024-01-04T10:19:46.746Z"}}],"profile":{"max_iob":7,"type":"current","max_daily_basal":0.45,"max_basal":1.35,"min_bg":81.0000000000001,"max_bg":81.0000000000001,"target_bg":81.0000000000001,"carb_ratio":9,"sens":352.8,"max_daily_safety_multiplier":3,"current_basal_safety_multiplier":4,"lgsThreshold":65,"high_temptarget_raises_sensitivity":false,"low_temptarget_lowers_sensitivity":false,"sensitivity_raises_target":true,"resistance_lowers_target":true,"adv_target_adjustments":false,"exercise_mode":false,"half_basal_exercise_target":160,"maxCOB":120,"skip_neutral_temps":false,"remainingCarbsCap":90,"enableUAM":true,"A52_risk_enable":false,"SMBInterval":4,"enableSMB_with_COB":true,"enableSMB_with_temptarget":false,"allowSMB_with_high_temptarget":true,"enableSMB_always":true,"enableSMB_after_carbs":false,"maxSMBBasalMinutes":60,"maxUAMSMBBasalMinutes":60,"bolus_increment":0.05,"carbsReqThreshold":10,"current_basal":0.4,"temptargetSet":true,"autosens_max":1.2,"autosens_min":0.8,"out_units":"mmol\/L","variable_sens":256.8,"insulinDivisor":65,"TDD":6.920751033333334},"autosens_data":{"ratio":1.0216880899428276},"meal_data":{"carbs":25,"mealCOB":7.498846938775513,"slopeFromMaxDeviation":-0.7229999999999999,"slopeFromMinDeviation":1.5030000000000001,"lastBolusTime":1704347272000,"lastCarbTime":1704349467000},"microBolusAllowed":true,"currentTime":1704349488385,"flatBGsDetected":false,"tdd1D":20.64108333333334,"tdd7D":22.492595238095245,"tddLast24H":22.980416666666667,"tddLast4H":2.8780833333333335,"tddLast8to4H":2.2315000000000005},"output":{"temp":"absolute","bg":114,"tick":-6,"eventualBG":140,"targetBG":81.0000000000001,"insulinReq":0,"deliverAt":"2024-01-04T06:24:48.385Z","sensitivityRatio":1.0216880899428276,"variable_sens":256.8,"predBGs":{"IOB":[114,108,101,94,86,78,69,59,48,39,39,39,39],"ZT":[114,104,94,83,72,60,48,39,39,39,39,39,39,39,39,39,39,39,39,39,39,39,39,39,39,39,39,39,39,39,39,39,39,45,56,65,74],"COB":[114,108,103,99,95,92,90,88,87,87,88,89,91,94,97,101,106,111,116,121,126,131,135,138,142,145,147,149,151,152,153,153,153,153,152,150,149,148,147,146,145,144,143,142,142,141,140],"UAM":[114,107,100,91,82,72,60,47,39,39,39,39,39]},"reason":"COB: 7.5, Dev: 1.4, BGI: -0.6, ISF: 14.3, CR: 9, Target: 4.5, minPredBG -2.7, minGuardBG -6.9, IOBpredBG 2.2, COBpredBG 7.8, UAMpredBG 2.2; minGuardBG -6.9<3.6","COB":7.498846938775513,"IOB":0.726,"duration":120,"rate":0,"timestamp":"2024-01-04T06:24:48.424Z"}}