{"algorithm":"OpenAPSSMBDynamicISFPlugin","input":{"glucoseStatus":{"glucose":199,"noise":0,"delta":-3,"short_avgdelta":-2.89,"long_avgdelta":-2.32,"date":1704085622507},"currenttemp":{"temp":"absolute","duration":10,"rate":0.44,"minutesrunning":5},"iob_data":[{"iob":1.459,"basaliob":-0.276,"bolussnooze":0,"activity":0.0149,"lastBolusTime":1704085064000,"time":"2024-01-01T05:07:25.794Z","iobWithZeroTemp":{"iob":1.459,"basaliob":-0.276,"bolussnooze":0,"activity":0.0149,"lastBolusTime":1704085064000,"time":"2024-01-01T05:07:25.794Z"}},{"iob":1.384,"basaliob":-0.265,"bolussnooze":0,"activity":0.0146,"lastBolusTime":1704085064000,"time":"2024-01-01T05:12:25.794Z","iobWithZeroTemp":{"iob":1.357,"basaliob":-0.292,"bolussnooze":0,"activity":0.0146,"lastBolusTime":1704085064000,"time":"2024-01-01T05:12:25.794Z"}},{"iob":1.313,"basaliob":-0.253,"bolussnooze":0,"activity":0.0143,"lastBolusTime":1704085064000,"time":"2024-01-01T05:17:25.794Z","iobWithZeroTemp":{"iob":1.253,"basaliob":-0.313,"bolussnooze":0,"activity":0.0142,"lastBolusTime":1704085064000,"time":"2024-01-01T05:17:25.794Z"}},{"iob":1.242,"basaliob":-0.241,"bolussnooze":0,"activity":0.014,"lastBolusTime":1704085064000,"time":"2024-01-01T05:22:25.794Z","iobWithZeroTemp":{"iob":1.15,"basaliob":-0.333,"bolussnooze":0,"activity":0.0138,"lastBolusTime":1704085064000,"time":"2024-01-01T05:22:25.794Z"}},{"iob":1.173,"basaliob":-0.23,"bolussnooze":0,"activity":0.0135,"lastBolusTime":1704085064000,"time":"2024-01-01T05:27:25.794Z","iobWithZeroTemp":{"iob":1.048,"basaliob":-0.355,"bolussnooze":0,"activity":0.0132,"lastBolusTime":1704085064000,"time":"2024-01-01T05:27:25.794Z"}},{"iob":1.107,"basaliob":-0.218,"bolussnooze":0,"activity":0.013,"lastBolusTime":1704085064000,"time":"2024-01-01T05:32:25.794Z","iobWithZeroTemp":{"iob":0.951,"basaliob":-0.374,"bolussnooze":0,"activity":0.0125,"lastBolusTime":1704085064000,"time":"2024-01-01T05:32:25.794Z"}},{"iob":1.043,"basaliob":-0.207,"bolussnooze":0,"activity":0.0126,"lastBolusTime":1704085064000,"time":"2024-01-01T05:37:25.794Z","iobWithZeroTemp":{"iob":0.857,"basaliob":-0.393,"bolussnooze":0,"activity":0.0119,"lastBolusTime":1704085064000,"time":"2024-01-01T05:37:25.794Z"}},{"iob":0.981,"basaliob":-0.196,"bolussnooze":0,"activity":0.0121,"lastBolusTime":1704085064000,"time":"2024-01-01T05:42:25.794Z","iobWithZeroTemp":{"iob":0.765,"basaliob":-0.412,"bolussnooze":0,"activity":0.0112,"lastBolusTime":1704085064000,"time":"2024-01-01T05:42:25.794Z"}},{"iob":0.922,"basaliob":-0.185,"bolussnooze":0,"activity":0.0116,"lastBolusTime":1704085064000,"time":"2024-01-01T05:47:25.794Z","iobWithZeroTemp":{"iob":0.678,"basaliob":-0.429,"bolussnooze":0,"activity":0.0105,"lastBolusTime":1704085064000,"time":"2024-01-01T05:47:25.794Z"}},{"iob":0.865,"basaliob":-0.175,"bolussnooze":0,"activity":0.0111,"lastBolusTime":1704085064000,"time":"2024-01-01T05:52:25.794Z","iobWithZeroTemp":{"iob":0.593,"basaliob":-0.447,"bolussnooze":0,"activity":0.0098,"lastBolusTime":1704085064000,"time":"2024-01-01T05:52:25.794Z"}},{"iob":0.811,"basaliob":-0.165,"bolussnooze":0,"activity":0.0105,"lastBolusTime":1704085064000,"time":"2024-01-01T05:57:25.794Z","iobWithZeroTemp":{"iob":0.513,"basaliob":-0.463,"bolussnooze":0,"activity":0.009,"lastBolusTime":1704085064000,"time":"2024-01-01T05:57:25.794Z"}},{"iob":0.76,"basaliob":-0.155,"bolussnooze":0,"activity":0.0101,"lastBolusTime":1704085064000,"time":"2024-01-01T06:02:25.794Z","iobWithZeroTemp":{"iob":0.437,"basaliob":-0.478,"bolussnooze":0,"activity":0.0083,"lastBolusTime":1704085064000,"time":"2024-01-01T06:02:25.794Z"}},{"iob":0.71,"basaliob":-0.146,"bolussnooze":0,"activity":0.0096,"lastBolusTime":1704085064000,"time":"2024-01-01T06:07:25.794Z","iobWithZeroTemp":{"iob":0.363,"basaliob":-0.493,"bolussnooze":0,"activity":0.0076,"lastBolusTime":1704085064000,"time":"2024-01-01T06:07:25.794Z"}},{"iob":0.664,"basaliob":-0.137,"bolussnooze":0,"activity":0.0091,"lastBolusTime":1704085064000,"time":"2024-01-01T06:12:25.794Z","iobWithZeroTemp":{"iob":0.294,"basaliob":-0.507,"bolussnooze":0,"activity":0.0069,"lastBolusTime":1704085064000,"time":"2024-01-01T06:12:25.794Z"}},{"iob":0.619,"basaliob":-0.129,"bolussnooze":0,"activity":0.0085,"lastBolusTime":1704085064000,"time":"2024-01-01T06:17:25.794Z","iobWithZeroTemp":{"iob":0.228,"basaliob":-0.52,"bolussnooze":0,"activity":0.0061,"lastBolusTime":1704085064000,"time":"2024-01-01T06:17:25.794Z"}},{"iob":0.578,"basaliob":-0.12,"bolussnooze":0,"activity":0.0081,"lastBolusTime":1704085064000,"time":"2024-01-01T06:22:25.794Z","iobWithZeroTemp":{"iob":0.166,"basaliob":-0.532,"bolussnooze":0,"activity":0.0054,"lastBolusTime":1704085064000,"time":"2024-01-01T06:22:25.794Z"}},{"iob":0.539,"basaliob":-0.112,"bolussnooze":0,"activity":0.0076,"lastBolusTime":1704085064000,"time":"2024-01-01T06:27:25.794Z","iobWithZeroTemp":{"iob":0.108,"basaliob":-0.543,"bolussnooze":0,"activity":0.0047,"lastBolusTime":1704085064000,"time":"2024-01-01T06:27:25.794Z"}},{"iob":0.502,"basaliob":-0.105,"bolussnooze":0,"activity":0.0072,"lastBolusTime":1704085064000,"time":"2024-01-01T06:32:25.794Z","iobWithZeroTemp":{"iob":0.052,"basaliob":-0.555,"bolussnooze":0,"activity":0.0041,"lastBolusTime":1704085064000,"time":"2024-01-01T06:32:25.794Z"}},{"iob":0.467,"basaliob":-0.098,"bolussnooze":0,"activity":0.0068,"lastBolusTime":1704085064000,"time":"2024-01-01T06:37:25.794Z","iobWithZeroTemp":{"iob":0,"basaliob":-0.565,"bolussnooze":0,"activity":0.0035,"lastBolusTime":1704085064000,"time":"2024-01-01T06:37:25.794Z"}},{"iob":0.434,"basaliob":-0.092,"bolussnooze":0,"activity":0.0063,"lastBolusTime":1704085064000,"time":"2024-01-01T06:42:25.794Z","iobWithZeroTemp":{"iob":-0.05,"basaliob":-0.576,"bolussnooze":0,"activity":0.0028,"lastBolusTime":1704085064000,"time":"2024-01-01T06:42:25.794Z"}},{"iob":0.403,"basaliob":-0.086,"bolussnooze":0,"activity":0.006,"lastBolusTime":1704085064000,"time":"2024-01-01T06:47:25.794Z","iobWithZeroTemp":{"iob":-0.096,"basaliob":-0.585,"bolussnooze":0,"activity":0.0023,"lastBolusTime":1704085064000,"time":"2024-01-01T06:47:25.794Z"}},{"iob":0.374,"basaliob":-0.08,"bolussnooze":0,"activity":0.0056,"lastBolusTime":1704085064000,"time":"2024-01-01T06:52:25.794Z","iobWithZeroTemp":{"iob":-0.14,"basaliob":-0.594,"bolussnooze":0,"activity":0.0017,"lastBolusTime":1704085064000,"time":"2024-01-01T06:52:25.794Z"}},{"iob":0.347,"basaliob":-0.074,"bolussnooze":0,"activity":0.0052,"lastBolusTime":1704085064000,"time":"2024-01-01T06:57:25.794Z","iobWithZeroTemp":{"iob":-0.18,"basaliob":-0.601,"bolussnooze":0,"activity":0.0012,"lastBolusTime":1704085064000,"time":"2024-01-01T06:57:25.794Z"}},{"iob":0.321,"basaliob":-0.069,"bolussnooze":0,"activity":0.0049,"lastBolusTime":1704085064000,"time":"2024-01-01T07:02:25.794Z","iobWithZeroTemp":{"iob":-0.219,"basaliob":-0.609,"bolussnooze":0,"activity":7.0E-4,"lastBolusTime":1704085064000,"time":"2024-01-01T07:02:25.794Z"}},{"iob":0.298,"basaliob":-0.064,"bolussnooze":0,"activity":0.0046,"lastBolusTime":1704085064000,"time":"2024-01-01T07:07:25.794Z","iobWithZeroTemp":{"iob":-0.254,"basaliob":-0.616,"bolussnooze":0,"activity":3.0E-4,"lastBolusTime":1704085064000,"time":"2024-01-01T07:07:25.794Z"}},{"iob":0.275,"basaliob":-0.06,"bolussnooze":0,"activity":0.0043,"lastBolusTime":1704085064000,"time":"2024-01-01T07:12:25.794Z","iobWithZeroTemp":{"iob":-0.288,"basaliob":-0.623,"bolussnooze":0,"activity":-2.0E-4,"lastBolusTime":1704085064000,"time":"2024-01-01T07:12:25.794Z"}},{"iob":0.255,"basaliob":-0.055,"bolussnooze":0,"activity":0.004,"lastBolusTime":1704085064000,"time":"2024-01-01T07:17:25.794Z","iobWithZeroTemp":{"iob":-0.319,"basaliob":-0.629,"bolussnooze":0,"activity":-6.0E-4,"lastBolusTime":1704085064000,"time":"2024-01-01T07:17:25.794Z"}},{"iob":0.236,"basaliob":-0.051,"bolussnooze":0,"activity":0.0037,"lastBolusTime":1704085064000,"time":"2024-01-01T07:22:25.794Z","iobWithZeroTemp":{"iob":-0.348,"basaliob":-0.635,"bolussnooze":0,"activity":-0.0011,"lastBolusTime":1704085064000,"time":"2024-01-01T07:22:25.794Z"}},{"iob":0.218,"basaliob":-0.047,"bolussnooze":0,"activity":0.0035,"lastBolusTime":1704085064000,"time":"2024-01-01T07:27:25.794Z","iobWithZeroTemp":{"iob":-0.375,"basaliob":-0.64,"bolussnooze":0,"activity":-0.0014,"lastBolusTime":1704085064000,"time":"2024-01-01T07:27:25.794Z"}},{"iob":0.2,"basaliob":-0.044,"bolussnooze":0,"activity":0.0032,"lastBolusTime":1704085064000,"time":"2024-01-01T07:32:25.794Z","iobWithZeroTemp":{"iob":-0.401,"basaliob":-0.645,"bolussnooze":0,"activity":-0.0018,"lastBolusTime":1704085064000,"time":"2024-01-01T07:32:25.794Z"}},{"iob":0.184,"basaliob":-0.041,"bolussnooze":0,"activity":0.0031,"lastBolusTime":1704085064000,"time":"2024-01-01T07:37:25.794Z","iobWithZeroTemp":{"iob":-0.425,"basaliob":-0.65,"bolussnooze":0,"activity":-0.002,"lastBolusTime":1704085064000,"time":"2024-01-01T07:37:25.794Z"}},{"iob":0.17,"basaliob":-0.038,"bolussnooze":0,"activity":0.0028,"lastBolusTime":1704085064000,"time":"2024-01-01T07:42:25.794Z","iobWithZeroTemp":{"iob":-0.447,"basaliob":-0.655,"bolussnooze":0,"activity":-0.0024,"lastBolusTime":1704085064000,"time":"2024-01-01T07:42:25.794Z"}},{"iob":0.156,"basaliob":-0.035,"bolussnooze":0,"activity":0.0026,"lastBolusTime":1704085064000,"time":"2024-01-01T07:47:25.794Z","iobWithZeroTemp":{"iob":-0.468,"basaliob":-0.659,"bolussnooze":0,"activity":-0.0027,"lastBolusTime":1704085064000,"time":"2024-01-01T07:47:25.794Z"}},{"iob":0.144,"basaliob":-0.032,"bolussnooze":0,"activity":0.0024,"lastBolusTime":1704085064000,"time":"2024-01-01T07:52:25.794Z","iobWithZeroTemp":{"iob":-0.486,"basaliob":-0.662,"bolussnooze":0,"activity":-0.003,"lastBolusTime":1704085064000,"time":"2024-01-01T07:52:25.794Z"}},{"iob":0.132,"basaliob":-0.03,"bolussnooze":0,"activity":0.0022,"lastBolusTime":1704085064000,"time":"2024-01-01T07:57:25.794Z","iobWithZeroTemp":{"iob":-0.504,"basaliob":-0.666,"bolussnooze":0,"activity":-0.0033,"lastBolusTime":1704085064000,"time":"2024-01-01T07:57:25.794Z"}},{"iob":0.122,"basaliob":-0.027,"bolussnooze":0,"activity":0.0021,"lastBolusTime":1704085064000,"time":"2024-01-01T08:02:25.794Z","iobWithZeroTemp":{"iob":-0.52,"basaliob":-0.669,"bolussnooze":0,"activity":-0.0035,"lastBolusTime":1704085064000,"time":"2024-01-01T08:02:25.794Z"}},{"iob":0.112,"basaliob":-0.025,"bolussnooze":0,"activity":0.0019,"lastBolusTime":1704085064000,"time":"2024-01-01T08:07:25.794Z","iobWithZeroTemp":{"iob":-0.535,"basaliob":-0.672,"bolussnooze":0,"activity":-0.0038,"lastBolusTime":1704085064000,"time":"2024-01-01T08:07:25.794Z"}},{"iob":0.103,"basaliob":-0.023,"bolussnooze":0,"activity":0.0018,"lastBolusTime":1704085064000,"time":"2024-01-01T08:12:25.794Z","iobWithZeroTemp":{"iob":-0.548,"basaliob":-0.674,"bolussnooze":0,"activity":-0.004,"lastBolusTime":1704085064000,"time":"2024-01-01T08:12:25.794Z"}},{"iob":0.094,"basaliob":-0.021,"bolussnooze":0,"activity":0.0016,"lastBolusTime":1704085064000,"time":"2024-01-01T08:17:25.794Z","iobWithZeroTemp":{"iob":-0.562,"basaliob":-0.677,"bolussnooze":0,"activity":-0.0042,"lastBolusTime":1704085064000,"time":"2024-01-01T08:17:25.794Z"}},{"iob":0.086,"basaliob":-0.02,"bolussnooze":0,"activity":0.0015,"lastBolusTime":1704085064000,"time":"2024-01-01T08:22:25.794Z","iobWithZeroTemp":{"iob":-0.574,"basaliob":-0.68,"bolussnooze":0,"activity":-0.0044,"lastBolusTime":1704085064000,"time":"2024-01-01T08:22:25.794Z"}},{"iob":0.079,"basaliob":-0.018,"bolussnooze":0,"activity":0.0014,"lastBolusTime":1704085064000,"time":"2024-01-01T08:27:25.794Z","iobWithZeroTemp":{"iob":-0.585,"basaliob":-0.682,"bolussnooze":0,"activity":-0.0045,"lastBolusTime":1704085064000,"time":"2024-01-01T08:27:25.794Z"}},{"iob":0.072,"basaliob":-0.017,"bolussnooze":0,"activity":0.0013,"lastBolusTime":1704085064000,"time":"2024-01-01T08:32:25.794Z","iobWithZeroTemp":{"iob":-0.595,"basaliob":-0.684,"bolussnooze":0,"activity":-0.0047,"lastBolusTime":1704085064000,"time":"2024-01-01T08:32:25.794Z"}},{"iob":0.066,"basaliob":-0.015,"bolussnooze":0,"activity":0.0012,"lastBolusTime":1704085064000,"time":"2024-01-01T08:37:25.794Z","iobWithZeroTemp":{"iob":-0.604,"basaliob":-0.685,"bolussnooze":0,"activity":-0.0049,"lastBolusTime":1704085064000,"time":"2024-01-01T08:37:25.794Z"}},{"iob":0.06,"basaliob":-0.014,"bolussnooze":0,"activity":0.0011,"lastBolusTime":1704085064000,"time":"2024-01-01T08:42:25.794Z","iobWithZeroTemp":{"iob":-0.613,"basaliob":-0.687,"bolussnooze":0,"activity":-0.005,"lastBolusTime":1704085064000,"time":"2024-01-01T08:42:25.794Z"}},{"iob":0.055,"basaliob":-0.013,"bolussnooze":0,"activity":0.001,"lastBolusTime":1704085064000,"time":"2024-01-01T08:47:25.794Z","iobWithZeroTemp":{"iob":-0.621,"basaliob":-0.689,"bolussnooze":0,"activity":-0.0051,"lastBolusTime":1704085064000,"time":"2024-01-01T08:47:25.794Z"}},{"iob":0.05,"basaliob":-0.012,"bolussnooze":0,"activity":9.0E-4,"lastBolusTime":1704085064000,"time":"2024-01-01T08:52:25.794Z","iobWithZeroTemp":{"iob":-0.628,"basaliob":-0.69,"bolussnooze":0,"activity":-0.0053,"lastBolusTime":1704085064000,"time":"2024-01-01T08:52:25.794Z"}},{"iob":0.045,"basaliob":-0.011,"bolussnooze":0,"activity":8.0E-4,"lastBolusTime":1704085064000,"time":"2024-01-01T08:57:25.794Z","iobWithZeroTemp":{"iob":-0.636,"basaliob":-0.692,"bolussnooze":0,"activity":-0.0054,"lastBolusTime":1704085064000,"time":"2024-01-01T08:57:25.794Z"}},{"iob":0.041,"basaliob":-0.01,"bolussnooze":0,"activity":8.0E-4,"lastBolusTime":1704085064000,"time":"2024-01-01T09:02:25.794Z","iobWithZeroTemp":{"iob":-0.642,"basaliob":-0.693,"bolussnooze":0,"activity":-0.0055,"lastBolusTime":1704085064000,"time":"2024-01-01T09:02:25.794Z"}}],"profile":{"max_iob":7,"type":"current","max_daily_basal":0.45,"max_basal":1.35,"min_bg":81,"max_bg":81,"target_bg":81,"carb_ratio":9,"sens":352.8,"max_daily_safety_multiplier":3,"current_basal_safety_multiplier":4,"lgsThreshold":65,"high_temptarget_raises_sensitivity":false,"low_temptarget_lowers_sensitivity":false,"sensitivity_raises_target":true,"resistance_lowers_target":true,"adv_target_adjustments":false,"exercise_mode":false,"half_basal_exercise_target":160,"maxCOB":120,"skip_neutral_temps":false,"remainingCarbsCap":90,"enableUAM":true,"A52_risk_enable":false,"SMBInterval":4,"enableSMB_with_COB":true,"enableSMB_with_temptarget":false,"allowSMB_with_high_temptarget":true,"enableSMB_always":true,"enableSMB_after_carbs":false,"maxSMBBasalMinutes":60,"maxUAMSMBBasalMinutes":60,"bolus_increment":0.05,"carbsReqThreshold":10,"current_basal":0.4,"temptargetSet":true,"autosens_max":1.2,"autosens_min":0.8,"out_units":"mmol\/L","variable_sens":155.3,"insulinDivisor":65,"TDD":8.267265841666667},"autosens_data":{"ratio":1.0418474193597016},"meal_data":{"carbs":15,"mealCOB":8.886234693877551,"slopeFromMaxDeviation":-0.163333333333334,"slopeFromMinDeviation":0.6741999999999998,"lastBolusTime":1704085064000,"lastCarbTime":1704081944000},"microBolusAllowed":true,"currentTime":1704085648944,"flatBGsDetected":false,"tdd1D":21.848083333333335,"tdd7D":24.48151190476191,"tddLast24H":25.506000000000007,"tddLast4H":4.406583333333333,"tddLast8to4H":3.33275},"output":{"temp":"absolute","bg":199,"tick":-3,"eventualBG":123,"targetBG":81,"insulinReq":0.06,"deliverAt":"2024-01-01T05:07:28.944Z","sensitivityRatio":1.0418474193597016,"variable_sens":155.3,"predBGs":{"IOB":[199,195,191,186,181,175,168,161,153,145,136,127,116,106,96,86,75,64,53,41,39],"ZT":[199,187,176,164,152,140,128,116,104,93,80,68,56,42,39,39,39,39,39,39,39,39,39,39,39,39,39,39,39,39,39,39,39,39,39,39,39,39,39,39,40,50,59,68,75],"COB":[199,196,193,189,186,183,180,177,174,172,169,167,165,163,161,160,158,157,155,154,153,152,151,150,149,148,147,146,145,144,143,141,140,139,137,136,134,133,131,130,129,128,127,126,125,124,123],"UAM":[199,196,192,189,186,182,179,175,172,168,165,162,159,156,153,151,148,146,143,141,139,137,135,133,131,129,127,125,123,121,120,118,116,113,111,109,107,105,103,101,99,97,96,94,93,92,91,90]},"reason":"COB: 8.9, Dev: 2.8, BGI: -0.6, ISF: 8.6, CR: 9, Target: 4.5, minPredBG 6.1, minGuardBG 6.1, IOBpredBG 2.2, COBpredBG 6.8, UAMpredBG 5.0; Eventual BG 6.8 >= 4.5,  insulinReq 0.06. temp 0.44 < 0.54U\/hr. ","COB":8.886234693877551,"IOB":1.459,"duration":30,"rate":0.5367389677438806,"timestamp":"2024-01-01T05:07:28.967Z"}}