{"algorithm":"OpenAPSSMBDynamicISFPlugin","input":{"glucoseStatus":{"glucose":191,"noise":0,"delta":3,"short_avgdelta":2.17,"long_avgdelta":2.84,"date":1704323227789},"currenttemp":{"temp":"absolute","duration":10,"rate":0.54,"minutesrunning":5},"iob_data":[{"iob":0.873,"basaliob":-0.46,"bolussnooze":1.0E-4,"activity":0.0074,"lastBolusTime":1704322679000,"time":"2024-01-03T23:07:35.031Z","iobWithZeroTemp":{"iob":0.873,"basaliob":-0.46,"bolussnooze":1.0E-4,"activity":0.0074,"lastBolusTime":1704322679000,"time":"2024-01-03T23:07:35.031Z"}},{"iob":0.836,"basaliob":-0.433,"bolussnooze":1.0E-4,"activity":0.0075,"lastBolusTime":1704322679000,"time":"2024-01-03T23:12:35.031Z","iobWithZeroTemp":{"iob":0.806,"basaliob":-0.463,"bolussnooze":1.0E-4,"activity":0.0075,"lastBolusTime":1704322679000,"time":"2024-01-03T23:12:35.031Z"}},{"iob":0.798,"basaliob":-0.408,"bolussnooze":0,"activity":0.0075,"lastBolusTime":1704322679000,"time":"2024-01-03T23:17:35.031Z","iobWithZeroTemp":{"iob":0.731,"basaliob":-0.475,"bolussnooze":0,"activity":0.0074,"lastBolusTime":1704322679000,"time":"2024-01-03T23:17:35.031Z"}},{"iob":0.761,"basaliob":-0.383,"bolussnooze":0,"activity":0.0075,"lastBolusTime":1704322679000,"time":"2024-01-03T23:22:35.031Z","iobWithZeroTemp":{"iob":0.657,"basaliob":-0.487,"bolussnooze":0,"activity":0.0073,"lastBolusTime":1704322679000,"time":"2024-01-03T23:22:35.031Z"}},{"iob":0.723,"basaliob":-0.36,"bolussnooze":0,"activity":0.0074,"lastBolusTime":1704322679000,"time":"2024-01-03T23:27:35.031Z","iobWithZeroTemp":{"iob":0.583,"basaliob":-0.5,"bolussnooze":0,"activity":0.007,"lastBolusTime":1704322679000,"time":"2024-01-03T23:27:35.031Z"}},{"iob":0.686,"basaliob":-0.338,"bolussnooze":0,"activity":0.0073,"lastBolusTime":1704322679000,"time":"2024-01-03T23:32:35.031Z","iobWithZeroTemp":{"iob":0.511,"basaliob":-0.513,"bolussnooze":0,"activity":0.0067,"lastBolusTime":1704322679000,"time":"2024-01-03T23:32:35.031Z"}},{"iob":0.651,"basaliob":-0.316,"bolussnooze":0,"activity":0.0071,"lastBolusTime":1704322679000,"time":"2024-01-03T23:37:35.031Z","iobWithZeroTemp":{"iob":0.441,"basaliob":-0.526,"bolussnooze":0,"activity":0.0063,"lastBolusTime":1704322679000,"time":"2024-01-03T23:37:35.031Z"}},{"iob":0.615,"basaliob":-0.296,"bolussnooze":0,"activity":0.0069,"lastBolusTime":1704322679000,"time":"2024-01-03T23:42:35.031Z","iobWithZeroTemp":{"iob":0.372,"basaliob":-0.539,"bolussnooze":0,"activity":0.0059,"lastBolusTime":1704322679000,"time":"2024-01-03T23:42:35.031Z"}},{"iob":0.58,"basaliob":-0.277,"bolussnooze":0,"activity":0.0067,"lastBolusTime":1704322679000,"time":"2024-01-03T23:47:35.031Z","iobWithZeroTemp":{"iob":0.305,"basaliob":-0.552,"bolussnooze":0,"activity":0.0055,"lastBolusTime":1704322679000,"time":"2024-01-03T23:47:35.031Z"}},{"iob":0.548,"basaliob":-0.258,"bolussnooze":0,"activity":0.0065,"lastBolusTime":1704322679000,"time":"2024-01-03T23:52:35.031Z","iobWithZeroTemp":{"iob":0.242,"basaliob":-0.564,"bolussnooze":0,"activity":0.005,"lastBolusTime":1704322679000,"time":"2024-01-03T23:52:35.031Z"}},{"iob":0.516,"basaliob":-0.241,"bolussnooze":0,"activity":0.0062,"lastBolusTime":1704322679000,"time":"2024-01-03T23:57:35.031Z","iobWithZeroTemp":{"iob":0.181,"basaliob":-0.576,"bolussnooze":0,"activity":0.0045,"lastBolusTime":1704322679000,"time":"2024-01-03T23:57:35.031Z"}},{"iob":0.485,"basaliob":-0.225,"bolussnooze":0,"activity":0.006,"lastBolusTime":1704322679000,"time":"2024-01-04T00:02:35.031Z","iobWithZeroTemp":{"iob":0.13,"basaliob":-0.58,"bolussnooze":0,"activity":0.004,"lastBolusTime":1704322679000,"time":"2024-01-04T00:02:35.031Z"}},{"iob":0.456,"basaliob":-0.209,"bolussnooze":0,"activity":0.0058,"lastBolusTime":1704322679000,"time":"2024-01-04T00:07:35.031Z","iobWithZeroTemp":{"iob":0.082,"basaliob":-0.583,"bolussnooze":0,"activity":0.0036,"lastBolusTime":1704322679000,"time":"2024-01-04T00:07:35.031Z"}},{"iob":0.427,"basaliob":-0.195,"bolussnooze":0,"activity":0.0055,"lastBolusTime":1704322679000,"time":"2024-01-04T00:12:35.031Z","iobWithZeroTemp":{"iob":0.035,"basaliob":-0.587,"bolussnooze":0,"activity":0.0031,"lastBolusTime":1704322679000,"time":"2024-01-04T00:12:35.031Z"}},{"iob":0.401,"basaliob":-0.181,"bolussnooze":0,"activity":0.0052,"lastBolusTime":1704322679000,"time":"2024-01-04T00:17:35.031Z","iobWithZeroTemp":{"iob":-0.007,"basaliob":-0.589,"bolussnooze":0,"activity":0.0025,"lastBolusTime":1704322679000,"time":"2024-01-04T00:17:35.031Z"}},{"iob":0.375,"basaliob":-0.168,"bolussnooze":0,"activity":0.005,"lastBolusTime":1704322679000,"time":"2024-01-04T00:22:35.031Z","iobWithZeroTemp":{"iob":-0.048,"basaliob":-0.591,"bolussnooze":0,"activity":0.0021,"lastBolusTime":1704322679000,"time":"2024-01-04T00:22:35.031Z"}},{"iob":0.351,"basaliob":-0.156,"bolussnooze":0,"activity":0.0048,"lastBolusTime":1704322679000,"time":"2024-01-04T00:27:35.031Z","iobWithZeroTemp":{"iob":-0.087,"basaliob":-0.594,"bolussnooze":0,"activity":0.0017,"lastBolusTime":1704322679000,"time":"2024-01-04T00:27:35.031Z"}},{"iob":0.327,"basaliob":-0.145,"bolussnooze":0,"activity":0.0045,"lastBolusTime":1704322679000,"time":"2024-01-04T00:32:35.031Z","iobWithZeroTemp":{"iob":-0.124,"basaliob":-0.596,"bolussnooze":0,"activity":0.0013,"lastBolusTime":1704322679000,"time":"2024-01-04T00:32:35.031Z"}},{"iob":0.306,"basaliob":-0.134,"bolussnooze":0,"activity":0.0042,"lastBolusTime":1704322679000,"time":"2024-01-04T00:37:35.031Z","iobWithZeroTemp":{"iob":-0.158,"basaliob":-0.598,"bolussnooze":0,"activity":8.0E-4,"lastBolusTime":1704322679000,"time":"2024-01-04T00:37:35.031Z"}},{"iob":0.285,"basaliob":-0.124,"bolussnooze":0,"activity":0.004,"lastBolusTime":1704322679000,"time":"2024-01-04T00:42:35.031Z","iobWithZeroTemp":{"iob":-0.191,"basaliob":-0.6,"bolussnooze":0,"activity":4.0E-4,"lastBolusTime":1704322679000,"time":"2024-01-04T00:42:35.031Z"}},{"iob":0.266,"basaliob":-0.115,"bolussnooze":0,"activity":0.0038,"lastBolusTime":1704322679000,"time":"2024-01-04T00:47:35.031Z","iobWithZeroTemp":{"iob":-0.22,"basaliob":-0.601,"bolussnooze":0,"activity":1.0E-4,"lastBolusTime":1704322679000,"time":"2024-01-04T00:47:35.031Z"}},{"iob":0.247,"basaliob":-0.107,"bolussnooze":0,"activity":0.0035,"lastBolusTime":1704322679000,"time":"2024-01-04T00:52:35.031Z","iobWithZeroTemp":{"iob":-0.25,"basaliob":-0.604,"bolussnooze":0,"activity":-4.0E-4,"lastBolusTime":1704322679000,"time":"2024-01-04T00:52:35.031Z"}},{"iob":0.23,"basaliob":-0.098,"bolussnooze":0,"activity":0.0033,"lastBolusTime":1704322679000,"time":"2024-01-04T00:57:35.031Z","iobWithZeroTemp":{"iob":-0.276,"basaliob":-0.604,"bolussnooze":0,"activity":-7.0E-4,"lastBolusTime":1704322679000,"time":"2024-01-04T00:57:35.031Z"}},{"iob":0.214,"basaliob":-0.091,"bolussnooze":0,"activity":0.0031,"lastBolusTime":1704322679000,"time":"2024-01-04T01:02:35.031Z","iobWithZeroTemp":{"iob":-0.294,"basaliob":-0.599,"bolussnooze":0,"activity":-0.0011,"lastBolusTime":1704322679000,"time":"2024-01-04T01:02:35.031Z"}},{"iob":0.198,"basaliob":-0.084,"bolussnooze":0,"activity":0.0029,"lastBolusTime":1704322679000,"time":"2024-01-04T01:07:35.031Z","iobWithZeroTemp":{"iob":-0.312,"basaliob":-0.594,"bolussnooze":0,"activity":-0.0014,"lastBolusTime":1704322679000,"time":"2024-01-04T01:07:35.031Z"}},{"iob":0.185,"basaliob":-0.077,"bolussnooze":0,"activity":0.0027,"lastBolusTime":1704322679000,"time":"2024-01-04T01:12:35.031Z","iobWithZeroTemp":{"iob":-0.326,"basaliob":-0.588,"bolussnooze":0,"activity":-0.0016,"lastBolusTime":1704322679000,"time":"2024-01-04T01:12:35.031Z"}},{"iob":0.171,"basaliob":-0.071,"bolussnooze":0,"activity":0.0026,"lastBolusTime":1704322679000,"time":"2024-01-04T01:17:35.031Z","iobWithZeroTemp":{"iob":-0.34,"basaliob":-0.582,"bolussnooze":0,"activity":-0.0018,"lastBolusTime":1704322679000,"time":"2024-01-04T01:17:35.031Z"}},{"iob":0.158,"basaliob":-0.066,"bolussnooze":0,"activity":0.0024,"lastBolusTime":1704322679000,"time":"2024-01-04T01:22:35.031Z","iobWithZeroTemp":{"iob":-0.354,"basaliob":-0.578,"bolussnooze":0,"activity":-0.0021,"lastBolusTime":1704322679000,"time":"2024-01-04T01:22:35.031Z"}},{"iob":0.147,"basaliob":-0.06,"bolussnooze":0,"activity":0.0023,"lastBolusTime":1704322679000,"time":"2024-01-04T01:27:35.031Z","iobWithZeroTemp":{"iob":-0.365,"basaliob":-0.572,"bolussnooze":0,"activity":-0.0022,"lastBolusTime":1704322679000,"time":"2024-01-04T01:27:35.031Z"}},{"iob":0.135,"basaliob":-0.056,"bolussnooze":0,"activity":0.0022,"lastBolusTime":1704322679000,"time":"2024-01-04T01:32:35.031Z","iobWithZeroTemp":{"iob":-0.376,"basaliob":-0.567,"bolussnooze":0,"activity":-0.0024,"lastBolusTime":1704322679000,"time":"2024-01-04T01:32:35.031Z"}},{"iob":0.125,"basaliob":-0.051,"bolussnooze":0,"activity":0.0019,"lastBolusTime":1704322679000,"time":"2024-01-04T01:37:35.031Z","iobWithZeroTemp":{"iob":-0.386,"basaliob":-0.562,"bolussnooze":0,"activity":-0.0027,"lastBolusTime":1704322679000,"time":"2024-01-04T01:37:35.031Z"}},{"iob":0.116,"basaliob":-0.047,"bolussnooze":0,"activity":0.0018,"lastBolusTime":1704322679000,"time":"2024-01-04T01:42:35.031Z","iobWithZeroTemp":{"iob":-0.394,"basaliob":-0.557,"bolussnooze":0,"activity":-0.0029,"lastBolusTime":1704322679000,"time":"2024-01-04T01:42:35.031Z"}},{"iob":0.107,"basaliob":-0.043,"bolussnooze":0,"activity":0.0018,"lastBolusTime":1704322679000,"time":"2024-01-04T01:47:35.031Z","iobWithZeroTemp":{"iob":-0.402,"basaliob":-0.552,"bolussnooze":0,"activity":-0.0029,"lastBolusTime":1704322679000,"time":"2024-01-04T01:47:35.031Z"}},{"iob":0.099,"basaliob":-0.039,"bolussnooze":0,"activity":0.0016,"lastBolusTime":1704322679000,"time":"2024-01-04T01:52:35.031Z","iobWithZeroTemp":{"iob":-0.409,"basaliob":-0.547,"bolussnooze":0,"activity":-0.0031,"lastBolusTime":1704322679000,"time":"2024-01-04T01:52:35.031Z"}},{"iob":0.091,"basaliob":-0.036,"bolussnooze":0,"activity":0.0015,"lastBolusTime":1704322679000,"time":"2024-01-04T01:57:35.031Z","iobWithZeroTemp":{"iob":-0.416,"basaliob":-0.543,"bolussnooze":0,"activity":-0.0032,"lastBolusTime":1704322679000,"time":"2024-01-04T01:57:35.031Z"}},{"iob":0.084,"basaliob":-0.033,"bolussnooze":0,"activity":0.0014,"lastBolusTime":1704322679000,"time":"2024-01-04T02:02:35.031Z","iobWithZeroTemp":{"iob":-0.422,"basaliob":-0.539,"bolussnooze":0,"activity":-0.0033,"lastBolusTime":1704322679000,"time":"2024-01-04T02:02:35.031Z"}},{"iob":0.077,"basaliob":-0.03,"bolussnooze":0,"activity":0.0013,"lastBolusTime":1704322679000,"time":"2024-01-04T02:07:35.031Z","iobWithZeroTemp":{"iob":-0.428,"basaliob":-0.535,"bolussnooze":0,"activity":-0.0034,"lastBolusTime":1704322679000,"time":"2024-01-04T02:07:35.031Z"}},{"iob":0.071,"basaliob":-0.028,"bolussnooze":0,"activity":0.0012,"lastBolusTime":1704322679000,"time":"2024-01-04T02:12:35.031Z","iobWithZeroTemp":{"iob":-0.433,"basaliob":-0.532,"bolussnooze":0,"activity":-0.0035,"lastBolusTime":1704322679000,"time":"2024-01-04T02:12:35.031Z"}},{"iob":0.066,"basaliob":-0.025,"bolussnooze":0,"activity":0.0011,"lastBolusTime":1704322679000,"time":"2024-01-04T02:17:35.031Z","iobWithZeroTemp":{"iob":-0.437,"basaliob":-0.528,"bolussnooze":0,"activity":-0.0036,"lastBolusTime":1704322679000,"time":"2024-01-04T02:17:35.031Z"}},{"iob":0.06,"basaliob":-0.023,"bolussnooze":0,"activity":0.001,"lastBolusTime":1704322679000,"time":"2024-01-04T02:22:35.031Z","iobWithZeroTemp":{"iob":-0.441,"basaliob":-0.524,"bolussnooze":0,"activity":-0.0037,"lastBolusTime":1704322679000,"time":"2024-01-04T02:22:35.031Z"}},{"iob":0.055,"basaliob":-0.021,"bolussnooze":0,"activity":9.0E-4,"lastBolusTime":1704322679000,"time":"2024-01-04T02:27:35.031Z","iobWithZeroTemp":{"iob":-0.445,"basaliob":-0.521,"bolussnooze":0,"activity":-0.0038,"lastBolusTime":1704322679000,"time":"2024-01-04T02:27:35.031Z"}},{"iob":0.051,"basaliob":-0.019,"bolussnooze":0,"activity":8.0E-4,"lastBolusTime":1704322679000,"time":"2024-01-04T02:32:35.031Z","iobWithZeroTemp":{"iob":-0.448,"basaliob":-0.518,"bolussnooze":0,"activity":-0.0039,"lastBolusTime":1704322679000,"time":"2024-01-04T02:32:35.031Z"}},{"iob":0.047,"basaliob":-0.017,"bolussnooze":0,"activity":8.0E-4,"lastBolusTime":1704322679000,"time":"2024-01-04T02:37:35.031Z","iobWithZeroTemp":{"iob":-0.451,"basaliob":-0.515,"bolussnooze":0,"activity":-0.0039,"lastBolusTime":1704322679000,"time":"2024-01-04T02:37:35.031Z"}},{"iob":0.042,"basaliob":-0.016,"bolussnooze":0,"activity":7.0E-4,"lastBolusTime":1704322679000,"time":"2024-01-04T02:42:35.031Z","iobWithZeroTemp":{"iob":-0.455,"basaliob":-0.513,"bolussnooze":0,"activity":-0.004,"lastBolusTime":1704322679000,"time":"2024-01-04T02:42:35.031Z"}},{"iob":0.039,"basaliob":-0.014,"bolussnooze":0,"activity":7.0E-4,"lastBolusTime":1704322679000,"time":"2024-01-04T02:47:35.031Z","iobWithZeroTemp":{"iob":-0.457,"basaliob":-0.51,"bolussnooze":0,"activity":-0.004,"lastBolusTime":1704322679000,"time":"2024-01-04T02:47:35.031Z"}},{"iob":0.036,"basaliob":-0.013,"bolussnooze":0,"activity":6.0E-4,"lastBolusTime":1704322679000,"time":"2024-01-04T02:52:35.031Z","iobWithZeroTemp":{"iob":-0.459,"basaliob":-0.508,"bolussnooze":0,"activity":-0.0041,"lastBolusTime":1704322679000,"time":"2024-01-04T02:52:35.031Z"}},{"iob":0.032,"basaliob":-0.012,"bolussnooze":0,"activity":6.0E-4,"lastBolusTime":1704322679000,"time":"2024-01-04T02:57:35.031Z","iobWithZeroTemp":{"iob":-0.462,"basaliob":-0.506,"bolussnooze":0,"activity":-0.0041,"lastBolusTime":1704322679000,"time":"2024-01-04T02:57:35.031Z"}},{"iob":0.03,"basaliob":-0.011,"bolussnooze":0,"activity":6.0E-4,"lastBolusTime":1704322679000,"time":"2024-01-04T03:02:35.031Z","iobWithZeroTemp":{"iob":-0.465,"basaliob":-0.506,"bolussnooze":0,"activity":-0.0041,"lastBolusTime":1704322679000,"time":"2024-01-04T03:02:35.031Z"}}],"profile":{"max_iob":7,"type":"current","max_daily_basal":0.45,"max_basal":1.35,"min_bg":81,"max_bg":81,"target_bg":81,"carb_ratio":11,"sens":369,"max_daily_safety_multiplier":3,"current_basal_safety_multiplier":4,"lgsThreshold":65,"high_temptarget_raises_sensitivity":false,"low_temptarget_lowers_sensitivity":false,"sensitivity_raises_target":true,"resistance_lowers_target":true,"adv_target_adjustments":false,"exercise_mode":false,"half_basal_exercise_target":160,"maxCOB":120,"skip_neutral_temps":false,"remainingCarbsCap":90,"enableUAM":true,"A52_risk_enable":false,"SMBInterval":4,"enableSMB_with_COB":true,"enableSMB_with_temptarget":false,"allowSMB_with_high_temptarget":true,"enableSMB_always":true,"enableSMB_after_carbs":false,"maxSMBBasalMinutes":60,"maxUAMSMBBasalMinutes":60,"bolus_increment":0.05,"carbsReqThreshold":10,"current_basal":0.45,"temptargetSet":true,"autosens_max":1.2,"autosens_min":0.8,"out_units":"mmol\/L","variable_sens":163.9,"insulinDivisor":65,"TDD":8.009927583333333},"autosens_data":{"ratio":0.9368564681074939},"meal_data":{"carbs":20,"mealCOB":8.229021624910123,"slopeFromMaxDeviation":-0.6607272727272728,"slopeFromMinDeviation":0.18449999999999991,"lastBolusTime":1704322679000,"lastCarbTime":1704322119000},"microBolusAllowed":true,"currentTime":1704323257886,"flatBGsDetected":false,"tdd1D":20.64108333333334,"tdd7D":22.492595238095245,"tddLast24H":21.072333333333347,"tddLast4H":3.195416666666666,"tddLast8to4H":6.729999999999999},"output":{"temp":"absolute","bg":191,"tick":"+3","eventualBG":169,"targetBG":81,"insulinReq":0.2,"deliverAt":"2024-01-03T23:07:37.886Z","sensitivityRatio":0.9368564681074939,"variable_sens":163.9,"predBGs":{"IOB":[191,192,193,193,193,191,189,187,184,180,176,172,166,161,156,152,147,142,138,134,130,126,122,119,115,112,109,106,104,101,98,96,94,91,89,87,86,84,82,81,79,78,77,76,75,74,73,72],"ZT":[191,185,179,172,166,160,154,148,142,137,132,128,123,120,116,114,111,109,108,107,106,106],"COB":[191,193,194,196,197,197,198,198,199,199,199,199,199,199,199,199,198,198,198,197,197,196,195,194,194,192,191,190,189,187,185,184,182,181,179,178,177,176,175,174,173,172,172,171,171,170,169],"UAM":[191,192,193,193,193,192,190,188,185,182,178,173,168,163,158,154,149,145,140,136,132,128,125,121,118,115,112,109,106,103,101,99,96,94,92,90,88,87,85,84,82,81,80,79,78,77,76,75]},"reason":"COB: 8.2, Dev: 2.7, BGI: -0.3, ISF: 9.1, CR: 11, Target: 4.5, minPredBG 6.3, minGuardBG 6.3, IOBpredBG 4.0, COBpredBG 9.4, UAMpredBG 4.2; Eventual BG 9.4 >= 4.5,  insulinReq 0.2; setting 30m low temp of 0.24U\/h. Microbolusing 0.1U. ","COB":8.229021624910123,"IOB":0.873,"units":0.1,"rate":0.24,"duration":30,"timestamp":"2024-01-03T23:07:37.920Z"}}