{"algorithm":"OpenAPSSMBDynamicISFPlugin","input":{"glucoseStatus":{"glucose":181,"noise":0,"delta":-12,"short_avgdelta":-13.5,"long_avgdelta":-7.53,"date":1704379331473},"currenttemp":{"temp":"absolute","duration":43,"rate":0,"minutesrunning":17},"iob_data":[{"iob":1.426,"basaliob":-0.484,"bolussnooze":0.2885,"activity":0.0168,"lastBolusTime":1704377272000,"time":"2024-01-04T14:44:30.697Z","iobWithZeroTemp":{"iob":1.426,"basaliob":-0.484,"bolussnooze":0.2885,"activity":0.0168,"lastBolusTime":1704377272000,"time":"2024-01-04T14:44:30.697Z"}},{"iob":1.343,"basaliob":-0.463,"bolussnooze":0.2487,"activity":0.0161,"lastBolusTime":1704377272000,"time":"2024-01-04T14:49:30.697Z","iobWithZeroTemp":{"iob":1.316,"basaliob":-0.49,"bolussnooze":0.2487,"activity":0.0161,"lastBolusTime":1704377272000,"time":"2024-01-04T14:49:30.697Z"}},{"iob":1.264,"basaliob":-0.442,"bolussnooze":0.2137,"activity":0.0155,"lastBolusTime":1704377272000,"time":"2024-01-04T14:54:30.697Z","iobWithZeroTemp":{"iob":1.204,"basaliob":-0.502,"bolussnooze":0.2137,"activity":0.0154,"lastBolusTime":1704377272000,"time":"2024-01-04T14:54:30.697Z"}},{"iob":1.188,"basaliob":-0.421,"bolussnooze":0.1831,"activity":0.0149,"lastBolusTime":1704377272000,"time":"2024-01-04T14:59:30.697Z","iobWithZeroTemp":{"iob":1.096,"basaliob":-0.513,"bolussnooze":0.1831,"activity":0.0147,"lastBolusTime":1704377272000,"time":"2024-01-04T14:59:30.697Z"}},{"iob":1.115,"basaliob":-0.4,"bolussnooze":0.1564,"activity":0.0142,"lastBolusTime":1704377272000,"time":"2024-01-04T15:04:30.697Z","iobWithZeroTemp":{"iob":0.99,"basaliob":-0.525,"bolussnooze":0.1564,"activity":0.0139,"lastBolusTime":1704377272000,"time":"2024-01-04T15:04:30.697Z"}},{"iob":1.046,"basaliob":-0.379,"bolussnooze":0.1332,"activity":0.0136,"lastBolusTime":1704377272000,"time":"2024-01-04T15:09:30.697Z","iobWithZeroTemp":{"iob":0.89,"basaliob":-0.535,"bolussnooze":0.1332,"activity":0.0131,"lastBolusTime":1704377272000,"time":"2024-01-04T15:09:30.697Z"}},{"iob":0.979,"basaliob":-0.359,"bolussnooze":0.1132,"activity":0.0129,"lastBolusTime":1704377272000,"time":"2024-01-04T15:14:30.697Z","iobWithZeroTemp":{"iob":0.793,"basaliob":-0.545,"bolussnooze":0.1132,"activity":0.0122,"lastBolusTime":1704377272000,"time":"2024-01-04T15:14:30.697Z"}},{"iob":0.917,"basaliob":-0.339,"bolussnooze":0.0959,"activity":0.0123,"lastBolusTime":1704377272000,"time":"2024-01-04T15:19:30.697Z","iobWithZeroTemp":{"iob":0.701,"basaliob":-0.555,"bolussnooze":0.0959,"activity":0.0114,"lastBolusTime":1704377272000,"time":"2024-01-04T15:19:30.697Z"}},{"iob":0.857,"basaliob":-0.32,"bolussnooze":0.081,"activity":0.0116,"lastBolusTime":1704377272000,"time":"2024-01-04T15:24:30.697Z","iobWithZeroTemp":{"iob":0.613,"basaliob":-0.564,"bolussnooze":0.081,"activity":0.0105,"lastBolusTime":1704377272000,"time":"2024-01-04T15:24:30.697Z"}},{"iob":0.8,"basaliob":-0.302,"bolussnooze":0.0682,"activity":0.011,"lastBolusTime":1704377272000,"time":"2024-01-04T15:29:30.697Z","iobWithZeroTemp":{"iob":0.528,"basaliob":-0.574,"bolussnooze":0.0682,"activity":0.0097,"lastBolusTime":1704377272000,"time":"2024-01-04T15:29:30.697Z"}},{"iob":0.746,"basaliob":-0.284,"bolussnooze":0.0573,"activity":0.0104,"lastBolusTime":1704377272000,"time":"2024-01-04T15:34:30.697Z","iobWithZeroTemp":{"iob":0.448,"basaliob":-0.582,"bolussnooze":0.0573,"activity":0.0089,"lastBolusTime":1704377272000,"time":"2024-01-04T15:34:30.697Z"}},{"iob":0.696,"basaliob":-0.267,"bolussnooze":0.048,"activity":0.0099,"lastBolusTime":1704377272000,"time":"2024-01-04T15:39:30.697Z","iobWithZeroTemp":{"iob":0.373,"basaliob":-0.59,"bolussnooze":0.048,"activity":0.0081,"lastBolusTime":1704377272000,"time":"2024-01-04T15:39:30.697Z"}},{"iob":0.649,"basaliob":-0.25,"bolussnooze":0.04,"activity":0.0093,"lastBolusTime":1704377272000,"time":"2024-01-04T15:44:30.697Z","iobWithZeroTemp":{"iob":0.302,"basaliob":-0.597,"bolussnooze":0.04,"activity":0.0073,"lastBolusTime":1704377272000,"time":"2024-01-04T15:44:30.697Z"}},{"iob":0.603,"basaliob":-0.235,"bolussnooze":0.0333,"activity":0.0087,"lastBolusTime":1704377272000,"time":"2024-01-04T15:49:30.697Z","iobWithZeroTemp":{"iob":0.233,"basaliob":-0.605,"bolussnooze":0.0333,"activity":0.0065,"lastBolusTime":1704377272000,"time":"2024-01-04T15:49:30.697Z"}},{"iob":0.561,"basaliob":-0.22,"bolussnooze":0.0276,"activity":0.0082,"lastBolusTime":1704377272000,"time":"2024-01-04T15:54:30.697Z","iobWithZeroTemp":{"iob":0.17,"basaliob":-0.611,"bolussnooze":0.0276,"activity":0.0058,"lastBolusTime":1704377272000,"time":"2024-01-04T15:54:30.697Z"}},{"iob":0.521,"basaliob":-0.206,"bolussnooze":0.0228,"activity":0.0077,"lastBolusTime":1704377272000,"time":"2024-01-04T15:59:30.697Z","iobWithZeroTemp":{"iob":0.109,"basaliob":-0.618,"bolussnooze":0.0228,"activity":0.005,"lastBolusTime":1704377272000,"time":"2024-01-04T15:59:30.697Z"}},{"iob":0.484,"basaliob":-0.192,"bolussnooze":0.0187,"activity":0.0072,"lastBolusTime":1704377272000,"time":"2024-01-04T16:04:30.697Z","iobWithZeroTemp":{"iob":0.053,"basaliob":-0.623,"bolussnooze":0.0187,"activity":0.0043,"lastBolusTime":1704377272000,"time":"2024-01-04T16:04:30.697Z"}},{"iob":0.448,"basaliob":-0.18,"bolussnooze":0.0154,"activity":0.0068,"lastBolusTime":1704377272000,"time":"2024-01-04T16:09:30.697Z","iobWithZeroTemp":{"iob":-0.002,"basaliob":-0.63,"bolussnooze":0.0154,"activity":0.0037,"lastBolusTime":1704377272000,"time":"2024-01-04T16:09:30.697Z"}},{"iob":0.416,"basaliob":-0.167,"bolussnooze":0.0125,"activity":0.0064,"lastBolusTime":1704377272000,"time":"2024-01-04T16:14:30.697Z","iobWithZeroTemp":{"iob":-0.051,"basaliob":-0.634,"bolussnooze":0.0125,"activity":0.0031,"lastBolusTime":1704377272000,"time":"2024-01-04T16:14:30.697Z"}},{"iob":0.385,"basaliob":-0.156,"bolussnooze":0.0102,"activity":0.0059,"lastBolusTime":1704377272000,"time":"2024-01-04T16:19:30.697Z","iobWithZeroTemp":{"iob":-0.099,"basaliob":-0.64,"bolussnooze":0.0102,"activity":0.0024,"lastBolusTime":1704377272000,"time":"2024-01-04T16:19:30.697Z"}},{"iob":0.357,"basaliob":-0.145,"bolussnooze":0.0082,"activity":0.0055,"lastBolusTime":1704377272000,"time":"2024-01-04T16:24:30.697Z","iobWithZeroTemp":{"iob":-0.142,"basaliob":-0.644,"bolussnooze":0.0082,"activity":0.0018,"lastBolusTime":1704377272000,"time":"2024-01-04T16:24:30.697Z"}},{"iob":0.33,"basaliob":-0.135,"bolussnooze":0.0066,"activity":0.0051,"lastBolusTime":1704377272000,"time":"2024-01-04T16:29:30.697Z","iobWithZeroTemp":{"iob":-0.184,"basaliob":-0.649,"bolussnooze":0.0066,"activity":0.0012,"lastBolusTime":1704377272000,"time":"2024-01-04T16:29:30.697Z"}},{"iob":0.305,"basaliob":-0.126,"bolussnooze":0.0052,"activity":0.0049,"lastBolusTime":1704377272000,"time":"2024-01-04T16:34:30.697Z","iobWithZeroTemp":{"iob":-0.222,"basaliob":-0.653,"bolussnooze":0.0052,"activity":9.0E-4,"lastBolusTime":1704377272000,"time":"2024-01-04T16:34:30.697Z"}},{"iob":0.281,"basaliob":-0.117,"bolussnooze":0.0041,"activity":0.0045,"lastBolusTime":1704377272000,"time":"2024-01-04T16:39:30.697Z","iobWithZeroTemp":{"iob":-0.259,"basaliob":-0.657,"bolussnooze":0.0041,"activity":3.0E-4,"lastBolusTime":1704377272000,"time":"2024-01-04T16:39:30.697Z"}},{"iob":0.26,"basaliob":-0.108,"bolussnooze":0.0032,"activity":0.0042,"lastBolusTime":1704377272000,"time":"2024-01-04T16:44:30.697Z","iobWithZeroTemp":{"iob":-0.292,"basaliob":-0.66,"bolussnooze":0.0032,"activity":-1.0E-4,"lastBolusTime":1704377272000,"time":"2024-01-04T16:44:30.697Z"}},{"iob":0.239,"basaliob":-0.101,"bolussnooze":0.0025,"activity":0.0039,"lastBolusTime":1704377272000,"time":"2024-01-04T16:49:30.697Z","iobWithZeroTemp":{"iob":-0.324,"basaliob":-0.664,"bolussnooze":0.0025,"activity":-6.0E-4,"lastBolusTime":1704377272000,"time":"2024-01-04T16:49:30.697Z"}},{"iob":0.221,"basaliob":-0.093,"bolussnooze":0.0019,"activity":0.0036,"lastBolusTime":1704377272000,"time":"2024-01-04T16:54:30.697Z","iobWithZeroTemp":{"iob":-0.353,"basaliob":-0.667,"bolussnooze":0.0019,"activity":-0.001,"lastBolusTime":1704377272000,"time":"2024-01-04T16:54:30.697Z"}},{"iob":0.204,"basaliob":-0.086,"bolussnooze":0.0015,"activity":0.0034,"lastBolusTime":1704377272000,"time":"2024-01-04T16:59:30.697Z","iobWithZeroTemp":{"iob":-0.38,"basaliob":-0.67,"bolussnooze":0.0015,"activity":-0.0014,"lastBolusTime":1704377272000,"time":"2024-01-04T16:59:30.697Z"}},{"iob":0.187,"basaliob":-0.08,"bolussnooze":0.0011,"activity":0.0032,"lastBolusTime":1704377272000,"time":"2024-01-04T17:04:30.697Z","iobWithZeroTemp":{"iob":-0.406,"basaliob":-0.673,"bolussnooze":0.0011,"activity":-0.0017,"lastBolusTime":1704377272000,"time":"2024-01-04T17:04:30.697Z"}},{"iob":0.172,"basaliob":-0.074,"bolussnooze":8.0E-4,"activity":0.0029,"lastBolusTime":1704377272000,"time":"2024-01-04T17:09:30.697Z","iobWithZeroTemp":{"iob":-0.429,"basaliob":-0.675,"bolussnooze":8.0E-4,"activity":-0.0021,"lastBolusTime":1704377272000,"time":"2024-01-04T17:09:30.697Z"}},{"iob":0.158,"basaliob":-0.068,"bolussnooze":6.0E-4,"activity":0.0027,"lastBolusTime":1704377272000,"time":"2024-01-04T17:14:30.697Z","iobWithZeroTemp":{"iob":-0.451,"basaliob":-0.677,"bolussnooze":6.0E-4,"activity":-0.0024,"lastBolusTime":1704377272000,"time":"2024-01-04T17:14:30.697Z"}},{"iob":0.145,"basaliob":-0.063,"bolussnooze":4.0E-4,"activity":0.0025,"lastBolusTime":1704377272000,"time":"2024-01-04T17:19:30.697Z","iobWithZeroTemp":{"iob":-0.472,"basaliob":-0.68,"bolussnooze":4.0E-4,"activity":-0.0027,"lastBolusTime":1704377272000,"time":"2024-01-04T17:19:30.697Z"}},{"iob":0.133,"basaliob":-0.058,"bolussnooze":3.0E-4,"activity":0.0023,"lastBolusTime":1704377272000,"time":"2024-01-04T17:24:30.697Z","iobWithZeroTemp":{"iob":-0.491,"basaliob":-0.682,"bolussnooze":3.0E-4,"activity":-0.003,"lastBolusTime":1704377272000,"time":"2024-01-04T17:24:30.697Z"}},{"iob":0.122,"basaliob":-0.054,"bolussnooze":2.0E-4,"activity":0.0021,"lastBolusTime":1704377272000,"time":"2024-01-04T17:29:30.697Z","iobWithZeroTemp":{"iob":-0.508,"basaliob":-0.684,"bolussnooze":2.0E-4,"activity":-0.0033,"lastBolusTime":1704377272000,"time":"2024-01-04T17:29:30.697Z"}},{"iob":0.112,"basaliob":-0.049,"bolussnooze":1.0E-4,"activity":0.002,"lastBolusTime":1704377272000,"time":"2024-01-04T17:34:30.697Z","iobWithZeroTemp":{"iob":-0.524,"basaliob":-0.685,"bolussnooze":1.0E-4,"activity":-0.0035,"lastBolusTime":1704377272000,"time":"2024-01-04T17:34:30.697Z"}},{"iob":0.103,"basaliob":-0.045,"bolussnooze":0,"activity":0.0018,"lastBolusTime":1704377272000,"time":"2024-01-04T17:39:30.697Z","iobWithZeroTemp":{"iob":-0.539,"basaliob":-0.687,"bolussnooze":0,"activity":-0.0038,"lastBolusTime":1704377272000,"time":"2024-01-04T17:39:30.697Z"}},{"iob":0.094,"basaliob":-0.042,"bolussnooze":0,"activity":0.0017,"lastBolusTime":1704377272000,"time":"2024-01-04T17:44:30.697Z","iobWithZeroTemp":{"iob":-0.553,"basaliob":-0.689,"bolussnooze":0,"activity":-0.004,"lastBolusTime":1704377272000,"time":"2024-01-04T17:44:30.697Z"}},{"iob":0.086,"basaliob":-0.038,"bolussnooze":0,"activity":0.0016,"lastBolusTime":1704377272000,"time":"2024-01-04T17:49:30.697Z","iobWithZeroTemp":{"iob":-0.565,"basaliob":-0.689,"bolussnooze":0,"activity":-0.0042,"lastBolusTime":1704377272000,"time":"2024-01-04T17:49:30.697Z"}},{"iob":0.079,"basaliob":-0.035,"bolussnooze":0,"activity":0.0014,"lastBolusTime":1704377272000,"time":"2024-01-04T17:54:30.697Z","iobWithZeroTemp":{"iob":-0.577,"basaliob":-0.691,"bolussnooze":0,"activity":-0.0044,"lastBolusTime":1704377272000,"time":"2024-01-04T17:54:30.697Z"}},{"iob":0.072,"basaliob":-0.032,"bolussnooze":0,"activity":0.0013,"lastBolusTime":1704377272000,"time":"2024-01-04T17:59:30.697Z","iobWithZeroTemp":{"iob":-0.588,"basaliob":-0.692,"bolussnooze":0,"activity":-0.0046,"lastBolusTime":1704377272000,"time":"2024-01-04T17:59:30.697Z"}},{"iob":0.065,"basaliob":-0.03,"bolussnooze":0,"activity":0.0012,"lastBolusTime":1704377272000,"time":"2024-01-04T18:04:30.697Z","iobWithZeroTemp":{"iob":-0.599,"basaliob":-0.694,"bolussnooze":0,"activity":-0.0047,"lastBolusTime":1704377272000,"time":"2024-01-04T18:04:30.697Z"}},{"iob":0.06,"basaliob":-0.027,"bolussnooze":0,"activity":0.0011,"lastBolusTime":1704377272000,"time":"2024-01-04T18:09:30.697Z","iobWithZeroTemp":{"iob":-0.607,"basaliob":-0.694,"bolussnooze":0,"activity":-0.0049,"lastBolusTime":1704377272000,"time":"2024-01-04T18:09:30.697Z"}},{"iob":0.054,"basaliob":-0.025,"bolussnooze":0,"activity":0.0011,"lastBolusTime":1704377272000,"time":"2024-01-04T18:14:30.697Z","iobWithZeroTemp":{"iob":-0.616,"basaliob":-0.695,"bolussnooze":0,"activity":-0.005,"lastBolusTime":1704377272000,"time":"2024-01-04T18:14:30.697Z"}},{"iob":0.049,"basaliob":-0.023,"bolussnooze":0,"activity":9.0E-4,"lastBolusTime":1704377272000,"time":"2024-01-04T18:19:30.697Z","iobWithZeroTemp":{"iob":-0.624,"basaliob":-0.696,"bolussnooze":0,"activity":-0.0052,"lastBolusTime":1704377272000,"time":"2024-01-04T18:19:30.697Z"}},{"iob":0.045,"basaliob":-0.021,"bolussnooze":0,"activity":8.0E-4,"lastBolusTime":1704377272000,"time":"2024-01-04T18:24:30.697Z","iobWithZeroTemp":{"iob":-0.631,"basaliob":-0.697,"bolussnooze":0,"activity":-0.0053,"lastBolusTime":1704377272000,"time":"2024-01-04T18:24:30.697Z"}},{"iob":0.041,"basaliob":-0.019,"bolussnooze":0,"activity":8.0E-4,"lastBolusTime":1704377272000,"time":"2024-01-04T18:29:30.697Z","iobWithZeroTemp":{"iob":-0.637,"basaliob":-0.697,"bolussnooze":0,"activity":-0.0054,"lastBolusTime":1704377272000,"time":"2024-01-04T18:29:30.697Z"}},{"iob":0.038,"basaliob":-0.017,"bolussnooze":0,"activity":7.0E-4,"lastBolusTime":1704377272000,"time":"2024-01-04T18:34:30.697Z","iobWithZeroTemp":{"iob":-0.643,"basaliob":-0.698,"bolussnooze":0,"activity":-0.0055,"lastBolusTime":1704377272000,"time":"2024-01-04T18:34:30.697Z"}},{"iob":0.034,"basaliob":-0.016,"bolussnooze":0,"activity":7.0E-4,"lastBolusTime":1704377272000,"time":"2024-01-04T18:39:30.697Z","iobWithZeroTemp":{"iob":-0.649,"basaliob":-0.699,"bolussnooze":0,"activity":-0.0056,"lastBolusTime":1704377272000,"time":"2024-01-04T18:39:30.697Z"}}],"profile":{"max_iob":7,"type":"current","max_daily_basal":0.45,"max_basal":1.35,"min_bg":81.0000000000001,"max_bg":81.0000000000001,"target_bg":81.0000000000001,"carb_ratio":11,"sens":352.8,"max_daily_safety_multiplier":3,"current_basal_safety_multiplier":4,"lgsThreshold":65,"high_temptarget_raises_sensitivity":false,"low_temptarget_lowers_sensitivity":false,"sensitivity_raises_target":true,"resistance_lowers_target":true,"adv_target_adjustments":false,"exercise_mode":false,"half_basal_exercise_target":160,"maxCOB":120,"skip_neutral_temps":false,"remainingCarbsCap":90,"enableUAM":true,"A52_risk_enable":false,"SMBInterval":4,"enableSMB_with_COB":true,"enableSMB_with_temptarget":false,"allowSMB_with_high_temptarget":true,"enableSMB_always":true,"enableSMB_after_carbs":false,"maxSMBBasalMinutes":60,"maxUAMSMBBasalMinutes":60,"bolus_increment":0.05,"carbsReqThreshold":10,"current_basal":0.4,"temptargetSet":true,"autosens_max":1.2,"autosens_min":0.8,"out_units":"mmol\/L","variable_sens":168.2,"insulinDivisor":65,"TDD":8.039870958333335},"autosens_data":{"ratio":1.1165341186358682},"meal_data":{"carbs":35,"mealCOB":26.68122335600908,"slopeFromMaxDeviation":-4.437142857142858,"slopeFromMinDeviation":0,"lastBolusTime":1704377272000,"lastCarbTime":1704376719000},"microBolusAllowed":true,"currentTime":1704379472337,"flatBGsDetected":false,"tdd1D":20.64108333333334,"tdd7D":22.492595238095245,"tddLast24H":25.11375,"tddLast4H":3.8699999999999997,"tddLast8to4H":5.3},"output":{"temp":"absolute","bg":181,"tick":-12,"eventualBG":348,"targetBG":81.0000000000001,"insulinReq":0,"deliverAt":"2024-01-04T14:44:32.337Z","sensitivityRatio":1.1165341186358682,"variable_sens":168.2,"predBGs":{"IOB":[181,167,154,140,126,111,96,81,64,45,39,39,39],"ZT":[181,167,153,138,124,109,95,79,63,46,39,39,39,39,39,39,39,39,39,39,39,39,39,39,39,39,39,39,39,39,39,39,39,39,39,39,39,39,39,39,39,39,39,39,39,46,58,67],"COB":[181,168,157,147,138,130,124,119,115,112,111,111,112,115,119,124,130,137,145,154,165,177,189,203,216,228,240,251,262,272,281,290,299,307,314,320,326,331,336,340,343,346,348,349,349,349,348],"UAM":[181,167,153,138,124,109,93,77,60,40,39,39,39]},"reason":"COB: 26.7, Dev: 0.2, BGI: -0.8, ISF: 9.3, CR: 11, Target: 4.5, minPredBG 8.1, minGuardBG 0.2, IOBpredBG 2.2, COBpredBG 19.3, UAMpredBG 2.2; minGuardBG 0.2<3.6","COB":26.68122335600908,"IOB":1.426,"duration":60,"rate":0,"timestamp":"2024-01-04T14:44:32.362Z"}}