{"algorithm":"OpenAPSSMBDynamicISFPlugin","input":{"glucoseStatus":{"glucose":162,"noise":0,"delta":-6,"short_avgdelta":-6.5,"long_avgdelta":-5.57,"date":1704103923517},"currenttemp":{"temp":"absolute","duration":42,"rate":0,"minutesrunning":78},"iob_data":[{"iob":2.676,"basaliob":-0.695,"bolussnooze":1.4776,"activity":0.0267,"lastBolusTime":1704103331000,"time":"2024-01-01T10:12:25.587Z","iobWithZeroTemp":{"iob":2.676,"basaliob":-0.695,"bolussnooze":1.4776,"activity":0.0267,"lastBolusTime":1704103331000,"time":"2024-01-01T10:12:25.587Z"}},{"iob":2.544,"basaliob":-0.662,"bolussnooze":1.3391,"activity":0.0263,"lastBolusTime":1704103331000,"time":"2024-01-01T10:17:25.587Z","iobWithZeroTemp":{"iob":2.517,"basaliob":-0.689,"bolussnooze":1.3391,"activity":0.0263,"lastBolusTime":1704103331000,"time":"2024-01-01T10:17:25.587Z"}},{"iob":2.414,"basaliob":-0.629,"bolussnooze":1.2042,"activity":0.0258,"lastBolusTime":1704103331000,"time":"2024-01-01T10:22:25.587Z","iobWithZeroTemp":{"iob":2.354,"basaliob":-0.689,"bolussnooze":1.2042,"activity":0.0257,"lastBolusTime":1704103331000,"time":"2024-01-01T10:22:25.587Z"}},{"iob":2.287,"basaliob":-0.597,"bolussnooze":1.0758,"activity":0.0253,"lastBolusTime":1704103331000,"time":"2024-01-01T10:27:25.587Z","iobWithZeroTemp":{"iob":2.195,"basaliob":-0.689,"bolussnooze":1.0758,"activity":0.0251,"lastBolusTime":1704103331000,"time":"2024-01-01T10:27:25.587Z"}},{"iob":2.162,"basaliob":-0.566,"bolussnooze":0.9554,"activity":0.0246,"lastBolusTime":1704103331000,"time":"2024-01-01T10:32:25.587Z","iobWithZeroTemp":{"iob":2.037,"basaliob":-0.691,"bolussnooze":0.9554,"activity":0.0243,"lastBolusTime":1704103331000,"time":"2024-01-01T10:32:25.587Z"}},{"iob":2.041,"basaliob":-0.535,"bolussnooze":0.844,"activity":0.0238,"lastBolusTime":1704103331000,"time":"2024-01-01T10:37:25.587Z","iobWithZeroTemp":{"iob":1.885,"basaliob":-0.691,"bolussnooze":0.844,"activity":0.0233,"lastBolusTime":1704103331000,"time":"2024-01-01T10:37:25.587Z"}},{"iob":1.924,"basaliob":-0.506,"bolussnooze":0.7421,"activity":0.0229,"lastBolusTime":1704103331000,"time":"2024-01-01T10:42:25.587Z","iobWithZeroTemp":{"iob":1.738,"basaliob":-0.692,"bolussnooze":0.7421,"activity":0.0222,"lastBolusTime":1704103331000,"time":"2024-01-01T10:42:25.587Z"}},{"iob":1.811,"basaliob":-0.477,"bolussnooze":0.6497,"activity":0.0221,"lastBolusTime":1704103331000,"time":"2024-01-01T10:47:25.587Z","iobWithZeroTemp":{"iob":1.595,"basaliob":-0.693,"bolussnooze":0.6497,"activity":0.0212,"lastBolusTime":1704103331000,"time":"2024-01-01T10:47:25.587Z"}},{"iob":1.703,"basaliob":-0.449,"bolussnooze":0.5665,"activity":0.0212,"lastBolusTime":1704103331000,"time":"2024-01-01T10:52:25.587Z","iobWithZeroTemp":{"iob":1.459,"basaliob":-0.693,"bolussnooze":0.5665,"activity":0.0201,"lastBolusTime":1704103331000,"time":"2024-01-01T10:52:25.587Z"}},{"iob":1.599,"basaliob":-0.422,"bolussnooze":0.4922,"activity":0.0203,"lastBolusTime":1704103331000,"time":"2024-01-01T10:57:25.587Z","iobWithZeroTemp":{"iob":1.327,"basaliob":-0.694,"bolussnooze":0.4922,"activity":0.019,"lastBolusTime":1704103331000,"time":"2024-01-01T10:57:25.587Z"}},{"iob":1.5,"basaliob":-0.397,"bolussnooze":0.4261,"activity":0.0194,"lastBolusTime":1704103331000,"time":"2024-01-01T11:02:25.587Z","iobWithZeroTemp":{"iob":1.202,"basaliob":-0.695,"bolussnooze":0.4261,"activity":0.0179,"lastBolusTime":1704103331000,"time":"2024-01-01T11:02:25.587Z"}},{"iob":1.406,"basaliob":-0.372,"bolussnooze":0.3677,"activity":0.0185,"lastBolusTime":1704103331000,"time":"2024-01-01T11:07:25.587Z","iobWithZeroTemp":{"iob":1.083,"basaliob":-0.695,"bolussnooze":0.3677,"activity":0.0167,"lastBolusTime":1704103331000,"time":"2024-01-01T11:07:25.587Z"}},{"iob":1.315,"basaliob":-0.349,"bolussnooze":0.3163,"activity":0.0175,"lastBolusTime":1704103331000,"time":"2024-01-01T11:12:25.587Z","iobWithZeroTemp":{"iob":0.968,"basaliob":-0.696,"bolussnooze":0.3163,"activity":0.0155,"lastBolusTime":1704103331000,"time":"2024-01-01T11:12:25.587Z"}},{"iob":1.229,"basaliob":-0.327,"bolussnooze":0.2712,"activity":0.0167,"lastBolusTime":1704103331000,"time":"2024-01-01T11:17:25.587Z","iobWithZeroTemp":{"iob":0.859,"basaliob":-0.697,"bolussnooze":0.2712,"activity":0.0145,"lastBolusTime":1704103331000,"time":"2024-01-01T11:17:25.587Z"}},{"iob":1.149,"basaliob":-0.305,"bolussnooze":0.2319,"activity":0.0158,"lastBolusTime":1704103331000,"time":"2024-01-01T11:22:25.587Z","iobWithZeroTemp":{"iob":0.758,"basaliob":-0.696,"bolussnooze":0.2319,"activity":0.0134,"lastBolusTime":1704103331000,"time":"2024-01-01T11:22:25.587Z"}},{"iob":1.072,"basaliob":-0.285,"bolussnooze":0.1977,"activity":0.0149,"lastBolusTime":1704103331000,"time":"2024-01-01T11:27:25.587Z","iobWithZeroTemp":{"iob":0.66,"basaliob":-0.697,"bolussnooze":0.1977,"activity":0.0122,"lastBolusTime":1704103331000,"time":"2024-01-01T11:27:25.587Z"}},{"iob":0.996,"basaliob":-0.27,"bolussnooze":0.1681,"activity":0.0141,"lastBolusTime":1704103331000,"time":"2024-01-01T11:32:25.587Z","iobWithZeroTemp":{"iob":0.565,"basaliob":-0.701,"bolussnooze":0.1681,"activity":0.0112,"lastBolusTime":1704103331000,"time":"2024-01-01T11:32:25.587Z"}},{"iob":0.927,"basaliob":-0.252,"bolussnooze":0.1425,"activity":0.0133,"lastBolusTime":1704103331000,"time":"2024-01-01T11:37:25.587Z","iobWithZeroTemp":{"iob":0.477,"basaliob":-0.702,"bolussnooze":0.1425,"activity":0.0102,"lastBolusTime":1704103331000,"time":"2024-01-01T11:37:25.587Z"}},{"iob":0.863,"basaliob":-0.235,"bolussnooze":0.1204,"activity":0.0125,"lastBolusTime":1704103331000,"time":"2024-01-01T11:42:25.587Z","iobWithZeroTemp":{"iob":0.396,"basaliob":-0.702,"bolussnooze":0.1204,"activity":0.0092,"lastBolusTime":1704103331000,"time":"2024-01-01T11:42:25.587Z"}},{"iob":0.803,"basaliob":-0.218,"bolussnooze":0.1015,"activity":0.0118,"lastBolusTime":1704103331000,"time":"2024-01-01T11:47:25.587Z","iobWithZeroTemp":{"iob":0.319,"basaliob":-0.702,"bolussnooze":0.1015,"activity":0.0083,"lastBolusTime":1704103331000,"time":"2024-01-01T11:47:25.587Z"}},{"iob":0.746,"basaliob":-0.203,"bolussnooze":0.0853,"activity":0.011,"lastBolusTime":1704103331000,"time":"2024-01-01T11:52:25.587Z","iobWithZeroTemp":{"iob":0.247,"basaliob":-0.702,"bolussnooze":0.0853,"activity":0.0073,"lastBolusTime":1704103331000,"time":"2024-01-01T11:52:25.587Z"}},{"iob":0.692,"basaliob":-0.189,"bolussnooze":0.0714,"activity":0.0103,"lastBolusTime":1704103331000,"time":"2024-01-01T11:57:25.587Z","iobWithZeroTemp":{"iob":0.178,"basaliob":-0.703,"bolussnooze":0.0714,"activity":0.0064,"lastBolusTime":1704103331000,"time":"2024-01-01T11:57:25.587Z"}},{"iob":0.642,"basaliob":-0.175,"bolussnooze":0.0597,"activity":0.0097,"lastBolusTime":1704103331000,"time":"2024-01-01T12:02:25.587Z","iobWithZeroTemp":{"iob":0.115,"basaliob":-0.702,"bolussnooze":0.0597,"activity":0.0057,"lastBolusTime":1704103331000,"time":"2024-01-01T12:02:25.587Z"}},{"iob":0.595,"basaliob":-0.163,"bolussnooze":0.0497,"activity":0.0091,"lastBolusTime":1704103331000,"time":"2024-01-01T12:07:25.587Z","iobWithZeroTemp":{"iob":0.055,"basaliob":-0.703,"bolussnooze":0.0497,"activity":0.0049,"lastBolusTime":1704103331000,"time":"2024-01-01T12:07:25.587Z"}},{"iob":0.551,"basaliob":-0.151,"bolussnooze":0.0412,"activity":0.0085,"lastBolusTime":1704103331000,"time":"2024-01-01T12:12:25.587Z","iobWithZeroTemp":{"iob":-0.001,"basaliob":-0.703,"bolussnooze":0.0412,"activity":0.0042,"lastBolusTime":1704103331000,"time":"2024-01-01T12:12:25.587Z"}},{"iob":0.51,"basaliob":-0.14,"bolussnooze":0.0341,"activity":0.008,"lastBolusTime":1704103331000,"time":"2024-01-01T12:17:25.587Z","iobWithZeroTemp":{"iob":-0.053,"basaliob":-0.703,"bolussnooze":0.0341,"activity":0.0035,"lastBolusTime":1704103331000,"time":"2024-01-01T12:17:25.587Z"}},{"iob":0.472,"basaliob":-0.129,"bolussnooze":0.0281,"activity":0.0074,"lastBolusTime":1704103331000,"time":"2024-01-01T12:22:25.587Z","iobWithZeroTemp":{"iob":-0.102,"basaliob":-0.703,"bolussnooze":0.0281,"activity":0.0028,"lastBolusTime":1704103331000,"time":"2024-01-01T12:22:25.587Z"}},{"iob":0.436,"basaliob":-0.12,"bolussnooze":0.0231,"activity":0.0069,"lastBolusTime":1704103331000,"time":"2024-01-01T12:27:25.587Z","iobWithZeroTemp":{"iob":-0.148,"basaliob":-0.704,"bolussnooze":0.0231,"activity":0.0021,"lastBolusTime":1704103331000,"time":"2024-01-01T12:27:25.587Z"}},{"iob":0.402,"basaliob":-0.111,"bolussnooze":0.0189,"activity":0.0065,"lastBolusTime":1704103331000,"time":"2024-01-01T12:32:25.587Z","iobWithZeroTemp":{"iob":-0.191,"basaliob":-0.704,"bolussnooze":0.0189,"activity":0.0016,"lastBolusTime":1704103331000,"time":"2024-01-01T12:32:25.587Z"}},{"iob":0.372,"basaliob":-0.102,"bolussnooze":0.0154,"activity":0.006,"lastBolusTime":1704103331000,"time":"2024-01-01T12:37:25.587Z","iobWithZeroTemp":{"iob":-0.229,"basaliob":-0.703,"bolussnooze":0.0154,"activity":0.001,"lastBolusTime":1704103331000,"time":"2024-01-01T12:37:25.587Z"}},{"iob":0.343,"basaliob":-0.094,"bolussnooze":0.0125,"activity":0.0056,"lastBolusTime":1704103331000,"time":"2024-01-01T12:42:25.587Z","iobWithZeroTemp":{"iob":-0.266,"basaliob":-0.703,"bolussnooze":0.0125,"activity":5.0E-4,"lastBolusTime":1704103331000,"time":"2024-01-01T12:42:25.587Z"}},{"iob":0.316,"basaliob":-0.087,"bolussnooze":0.0101,"activity":0.0052,"lastBolusTime":1704103331000,"time":"2024-01-01T12:47:25.587Z","iobWithZeroTemp":{"iob":-0.301,"basaliob":-0.704,"bolussnooze":0.0101,"activity":0,"lastBolusTime":1704103331000,"time":"2024-01-01T12:47:25.587Z"}},{"iob":0.291,"basaliob":-0.08,"bolussnooze":0.0081,"activity":0.0048,"lastBolusTime":1704103331000,"time":"2024-01-01T12:52:25.587Z","iobWithZeroTemp":{"iob":-0.333,"basaliob":-0.704,"bolussnooze":0.0081,"activity":-5.0E-4,"lastBolusTime":1704103331000,"time":"2024-01-01T12:52:25.587Z"}},{"iob":0.268,"basaliob":-0.074,"bolussnooze":0.0065,"activity":0.0045,"lastBolusTime":1704103331000,"time":"2024-01-01T12:57:25.587Z","iobWithZeroTemp":{"iob":-0.362,"basaliob":-0.704,"bolussnooze":0.0065,"activity":-9.0E-4,"lastBolusTime":1704103331000,"time":"2024-01-01T12:57:25.587Z"}},{"iob":0.246,"basaliob":-0.068,"bolussnooze":0.0051,"activity":0.0042,"lastBolusTime":1704103331000,"time":"2024-01-01T13:02:25.587Z","iobWithZeroTemp":{"iob":-0.39,"basaliob":-0.704,"bolussnooze":0.0051,"activity":-0.0013,"lastBolusTime":1704103331000,"time":"2024-01-01T13:02:25.587Z"}},{"iob":0.226,"basaliob":-0.063,"bolussnooze":0.004,"activity":0.0038,"lastBolusTime":1704103331000,"time":"2024-01-01T13:07:25.587Z","iobWithZeroTemp":{"iob":-0.416,"basaliob":-0.705,"bolussnooze":0.004,"activity":-0.0018,"lastBolusTime":1704103331000,"time":"2024-01-01T13:07:25.587Z"}},{"iob":0.207,"basaliob":-0.058,"bolussnooze":0.0031,"activity":0.0035,"lastBolusTime":1704103331000,"time":"2024-01-01T13:12:25.587Z","iobWithZeroTemp":{"iob":-0.44,"basaliob":-0.705,"bolussnooze":0.0031,"activity":-0.0022,"lastBolusTime":1704103331000,"time":"2024-01-01T13:12:25.587Z"}},{"iob":0.19,"basaliob":-0.053,"bolussnooze":0.0024,"activity":0.0033,"lastBolusTime":1704103331000,"time":"2024-01-01T13:17:25.587Z","iobWithZeroTemp":{"iob":-0.461,"basaliob":-0.704,"bolussnooze":0.0024,"activity":-0.0025,"lastBolusTime":1704103331000,"time":"2024-01-01T13:17:25.587Z"}},{"iob":0.174,"basaliob":-0.049,"bolussnooze":0.0019,"activity":0.0031,"lastBolusTime":1704103331000,"time":"2024-01-01T13:22:25.587Z","iobWithZeroTemp":{"iob":-0.482,"basaliob":-0.705,"bolussnooze":0.0019,"activity":-0.0027,"lastBolusTime":1704103331000,"time":"2024-01-01T13:22:25.587Z"}},{"iob":0.16,"basaliob":-0.045,"bolussnooze":0.0014,"activity":0.0028,"lastBolusTime":1704103331000,"time":"2024-01-01T13:27:25.587Z","iobWithZeroTemp":{"iob":-0.5,"basaliob":-0.705,"bolussnooze":0.0014,"activity":-0.0031,"lastBolusTime":1704103331000,"time":"2024-01-01T13:27:25.587Z"}},{"iob":0.146,"basaliob":-0.041,"bolussnooze":0.0011,"activity":0.0026,"lastBolusTime":1704103331000,"time":"2024-01-01T13:32:25.587Z","iobWithZeroTemp":{"iob":-0.518,"basaliob":-0.705,"bolussnooze":0.0011,"activity":-0.0033,"lastBolusTime":1704103331000,"time":"2024-01-01T13:32:25.587Z"}},{"iob":0.134,"basaliob":-0.037,"bolussnooze":8.0E-4,"activity":0.0024,"lastBolusTime":1704103331000,"time":"2024-01-01T13:37:25.587Z","iobWithZeroTemp":{"iob":-0.533,"basaliob":-0.704,"bolussnooze":8.0E-4,"activity":-0.0036,"lastBolusTime":1704103331000,"time":"2024-01-01T13:37:25.587Z"}},{"iob":0.123,"basaliob":-0.034,"bolussnooze":6.0E-4,"activity":0.0022,"lastBolusTime":1704103331000,"time":"2024-01-01T13:42:25.587Z","iobWithZeroTemp":{"iob":-0.547,"basaliob":-0.704,"bolussnooze":6.0E-4,"activity":-0.0039,"lastBolusTime":1704103331000,"time":"2024-01-01T13:42:25.587Z"}},{"iob":0.112,"basaliob":-0.031,"bolussnooze":4.0E-4,"activity":0.002,"lastBolusTime":1704103331000,"time":"2024-01-01T13:47:25.587Z","iobWithZeroTemp":{"iob":-0.561,"basaliob":-0.704,"bolussnooze":4.0E-4,"activity":-0.0041,"lastBolusTime":1704103331000,"time":"2024-01-01T13:47:25.587Z"}},{"iob":0.102,"basaliob":-0.029,"bolussnooze":3.0E-4,"activity":0.0019,"lastBolusTime":1704103331000,"time":"2024-01-01T13:52:25.587Z","iobWithZeroTemp":{"iob":-0.574,"basaliob":-0.705,"bolussnooze":3.0E-4,"activity":-0.0042,"lastBolusTime":1704103331000,"time":"2024-01-01T13:52:25.587Z"}},{"iob":0.093,"basaliob":-0.026,"bolussnooze":2.0E-4,"activity":0.0017,"lastBolusTime":1704103331000,"time":"2024-01-01T13:57:25.587Z","iobWithZeroTemp":{"iob":-0.586,"basaliob":-0.705,"bolussnooze":2.0E-4,"activity":-0.0045,"lastBolusTime":1704103331000,"time":"2024-01-01T13:57:25.587Z"}},{"iob":0.085,"basaliob":-0.024,"bolussnooze":1.0E-4,"activity":0.0016,"lastBolusTime":1704103331000,"time":"2024-01-01T14:02:25.587Z","iobWithZeroTemp":{"iob":-0.596,"basaliob":-0.705,"bolussnooze":1.0E-4,"activity":-0.0046,"lastBolusTime":1704103331000,"time":"2024-01-01T14:02:25.587Z"}},{"iob":0.077,"basaliob":-0.022,"bolussnooze":1.0E-4,"activity":0.0015,"lastBolusTime":1704103331000,"time":"2024-01-01T14:07:25.587Z","iobWithZeroTemp":{"iob":-0.606,"basaliob":-0.705,"bolussnooze":1.0E-4,"activity":-0.0048,"lastBolusTime":1704103331000,"time":"2024-01-01T14:07:25.587Z"}}],"profile":{"max_iob":7,"type":"current","max_daily_basal":0.45,"max_basal":1.35,"min_bg":81.0000000000001,"max_bg":81.0000000000001,"target_bg":81.0000000000001,"carb_ratio":11,"sens":352.8,"max_daily_safety_multiplier":3,"current_basal_safety_multiplier":4,"lgsThreshold":65,"high_temptarget_raises_sensitivity":false,"low_temptarget_lowers_sensitivity":false,"sensitivity_raises_target":true,"resistance_lowers_target":true,"adv_target_adjustments":false,"exercise_mode":false,"half_basal_exercise_target":160,"maxCOB":120,"skip_neutral_temps":false,"remainingCarbsCap":90,"enableUAM":true,"A52_risk_enable":false,"SMBInterval":4,"enableSMB_with_COB":true,"enableSMB_with_temptarget":false,"allowSMB_with_high_temptarget":true,"enableSMB_always":true,"enableSMB_after_carbs":false,"maxSMBBasalMinutes":60,"maxUAMSMBBasalMinutes":60,"bolus_increment":0.05,"carbsReqThreshold":10,"current_basal":0.4,"temptargetSet":true,"autosens_max":1.2,"autosens_min":0.8,"out_units":"mmol\/L","variable_sens":138.2,"insulinDivisor":65,"TDD":10.412528191666667},"autosens_data":{"ratio":1.318110313565096},"meal_data":{"carbs":65,"mealCOB":32.75348072562358,"slopeFromMaxDeviation":-3.1595714285714296,"slopeFromMinDeviation":0.30309090909090874,"lastBolusTime":1704103331000,"lastCarbTime":1704102489000},"microBolusAllowed":true,"currentTime":1704103948581,"flatBGsDetected":false,"tdd1D":21.848083333333335,"tdd7D":24.48151190476191,"tddLast24H":32.26933333333335,"tddLast4H":8.100000000000001,"tddLast8to4H":5.0335},"output":{"temp":"absolute","bg":162,"tick":-6,"eventualBG":200,"targetBG":81.0000000000001,"insulinReq":0,"deliverAt":"2024-01-01T10:12:28.581Z","sensitivityRatio":1.318110313565096,"variable_sens":138.2,"predBGs":{"IOB":[162,155,146,136,125,112,97,80,61,39,39,39,39],"ZT":[162,144,124,103,80,54,39,39,39,39,39,39,39,39,39,39,39,39,39,39,39,39,39,39,39,39,39,39,39,39,39,39,39,39,39,39,39,39,39,39,39,39,39,39,39,39,39,39],"COB":[162,156,150,145,141,138,135,134,133,133,135,137,140,144,149,155,162,170,178,185,192,198,204,209,214,218,222,224,226,228,229,229,228,226,224,221,218,216,214,212,210,208,206,205,203,202,201,200],"UAM":[162,152,139,122,102,79,53,39,39,39,39,39,39]},"reason":"COB: 32.8, Dev: 4.0, BGI: -1.0, ISF: 7.7, CR: 11, Target: 4.5, minPredBG -12.1, minGuardBG -13.9, IOBpredBG 2.2, COBpredBG 11.1, UAMpredBG 2.2; minGuardBG -13.9<3.6","COB":32.75348072562358,"IOB":2.676,"duration":120,"rate":0,"timestamp":"2024-01-01T10:12:28.605Z"}}