{"algorithm":"OpenAPSSMBDynamicISFPlugin","input":{"glucoseStatus":{"glucose":219,"noise":0,"delta":0,"short_avgdelta":0.61,"long_avgdelta":2.64,"date":1704455238091},"currenttemp":{"temp":"absolute","duration":50,"rate":0,"minutesrunning":10},"iob_data":[{"iob":2.056,"basaliob":-0.575,"bolussnooze":0.6388,"activity":0.0166,"lastBolusTime":1704454974000,"time":"2024-01-05T11:47:39.321Z","iobWithZeroTemp":{"iob":2.056,"basaliob":-0.575,"bolussnooze":0.6388,"activity":0.0166,"lastBolusTime":1704454974000,"time":"2024-01-05T11:47:39.321Z"}},{"iob":1.972,"basaliob":-0.547,"bolussnooze":0.5826,"activity":0.017,"lastBolusTime":1704454974000,"time":"2024-01-05T11:52:39.321Z","iobWithZeroTemp":{"iob":1.945,"basaliob":-0.574,"bolussnooze":0.5826,"activity":0.017,"lastBolusTime":1704454974000,"time":"2024-01-05T11:52:39.321Z"}},{"iob":1.887,"basaliob":-0.519,"bolussnooze":0.5267,"activity":0.0172,"lastBolusTime":1704454974000,"time":"2024-01-05T11:57:39.321Z","iobWithZeroTemp":{"iob":1.827,"basaliob":-0.579,"bolussnooze":0.5267,"activity":0.0171,"lastBolusTime":1704454974000,"time":"2024-01-05T11:57:39.321Z"}},{"iob":1.8,"basaliob":-0.492,"bolussnooze":0.4727,"activity":0.0172,"lastBolusTime":1704454974000,"time":"2024-01-05T12:02:39.321Z","iobWithZeroTemp":{"iob":1.708,"basaliob":-0.584,"bolussnooze":0.4727,"activity":0.017,"lastBolusTime":1704454974000,"time":"2024-01-05T12:02:39.321Z"}},{"iob":1.715,"basaliob":-0.465,"bolussnooze":0.4216,"activity":0.0171,"lastBolusTime":1704454974000,"time":"2024-01-05T12:07:39.321Z","iobWithZeroTemp":{"iob":1.59,"basaliob":-0.59,"bolussnooze":0.4216,"activity":0.0168,"lastBolusTime":1704454974000,"time":"2024-01-05T12:07:39.321Z"}},{"iob":1.629,"basaliob":-0.439,"bolussnooze":0.3738,"activity":0.0169,"lastBolusTime":1704454974000,"time":"2024-01-05T12:12:39.321Z","iobWithZeroTemp":{"iob":1.473,"basaliob":-0.595,"bolussnooze":0.3738,"activity":0.0164,"lastBolusTime":1704454974000,"time":"2024-01-05T12:12:39.321Z"}},{"iob":1.546,"basaliob":-0.414,"bolussnooze":0.3298,"activity":0.0166,"lastBolusTime":1704454974000,"time":"2024-01-05T12:17:39.321Z","iobWithZeroTemp":{"iob":1.36,"basaliob":-0.6,"bolussnooze":0.3298,"activity":0.0159,"lastBolusTime":1704454974000,"time":"2024-01-05T12:17:39.321Z"}},{"iob":1.463,"basaliob":-0.39,"bolussnooze":0.2897,"activity":0.0163,"lastBolusTime":1704454974000,"time":"2024-01-05T12:22:39.321Z","iobWithZeroTemp":{"iob":1.247,"basaliob":-0.606,"bolussnooze":0.2897,"activity":0.0154,"lastBolusTime":1704454974000,"time":"2024-01-05T12:22:39.321Z"}},{"iob":1.383,"basaliob":-0.367,"bolussnooze":0.2534,"activity":0.0158,"lastBolusTime":1704454974000,"time":"2024-01-05T12:27:39.321Z","iobWithZeroTemp":{"iob":1.139,"basaliob":-0.611,"bolussnooze":0.2534,"activity":0.0147,"lastBolusTime":1704454974000,"time":"2024-01-05T12:27:39.321Z"}},{"iob":1.306,"basaliob":-0.344,"bolussnooze":0.2208,"activity":0.0152,"lastBolusTime":1704454974000,"time":"2024-01-05T12:32:39.321Z","iobWithZeroTemp":{"iob":1.034,"basaliob":-0.616,"bolussnooze":0.2208,"activity":0.0139,"lastBolusTime":1704454974000,"time":"2024-01-05T12:32:39.321Z"}},{"iob":1.231,"basaliob":-0.323,"bolussnooze":0.1917,"activity":0.0147,"lastBolusTime":1704454974000,"time":"2024-01-05T12:37:39.321Z","iobWithZeroTemp":{"iob":0.933,"basaliob":-0.621,"bolussnooze":0.1917,"activity":0.0132,"lastBolusTime":1704454974000,"time":"2024-01-05T12:37:39.321Z"}},{"iob":1.158,"basaliob":-0.303,"bolussnooze":0.1658,"activity":0.0141,"lastBolusTime":1704454974000,"time":"2024-01-05T12:42:39.321Z","iobWithZeroTemp":{"iob":0.835,"basaliob":-0.626,"bolussnooze":0.1658,"activity":0.0123,"lastBolusTime":1704454974000,"time":"2024-01-05T12:42:39.321Z"}},{"iob":1.089,"basaliob":-0.283,"bolussnooze":0.143,"activity":0.0136,"lastBolusTime":1704454974000,"time":"2024-01-05T12:47:39.321Z","iobWithZeroTemp":{"iob":0.742,"basaliob":-0.63,"bolussnooze":0.143,"activity":0.0116,"lastBolusTime":1704454974000,"time":"2024-01-05T12:47:39.321Z"}},{"iob":1.023,"basaliob":-0.265,"bolussnooze":0.1229,"activity":0.013,"lastBolusTime":1704454974000,"time":"2024-01-05T12:52:39.321Z","iobWithZeroTemp":{"iob":0.653,"basaliob":-0.635,"bolussnooze":0.1229,"activity":0.0108,"lastBolusTime":1704454974000,"time":"2024-01-05T12:52:39.321Z"}},{"iob":0.959,"basaliob":-0.248,"bolussnooze":0.1054,"activity":0.0124,"lastBolusTime":1704454974000,"time":"2024-01-05T12:57:39.321Z","iobWithZeroTemp":{"iob":0.568,"basaliob":-0.639,"bolussnooze":0.1054,"activity":0.01,"lastBolusTime":1704454974000,"time":"2024-01-05T12:57:39.321Z"}},{"iob":0.898,"basaliob":-0.231,"bolussnooze":0.0901,"activity":0.0118,"lastBolusTime":1704454974000,"time":"2024-01-05T13:02:39.321Z","iobWithZeroTemp":{"iob":0.486,"basaliob":-0.643,"bolussnooze":0.0901,"activity":0.0091,"lastBolusTime":1704454974000,"time":"2024-01-05T13:02:39.321Z"}},{"iob":0.84,"basaliob":-0.216,"bolussnooze":0.0768,"activity":0.0113,"lastBolusTime":1704454974000,"time":"2024-01-05T13:07:39.321Z","iobWithZeroTemp":{"iob":0.409,"basaliob":-0.647,"bolussnooze":0.0768,"activity":0.0084,"lastBolusTime":1704454974000,"time":"2024-01-05T13:07:39.321Z"}},{"iob":0.786,"basaliob":-0.201,"bolussnooze":0.0652,"activity":0.0106,"lastBolusTime":1704454974000,"time":"2024-01-05T13:12:39.321Z","iobWithZeroTemp":{"iob":0.336,"basaliob":-0.651,"bolussnooze":0.0652,"activity":0.0075,"lastBolusTime":1704454974000,"time":"2024-01-05T13:12:39.321Z"}},{"iob":0.734,"basaliob":-0.187,"bolussnooze":0.0553,"activity":0.0101,"lastBolusTime":1704454974000,"time":"2024-01-05T13:17:39.321Z","iobWithZeroTemp":{"iob":0.267,"basaliob":-0.654,"bolussnooze":0.0553,"activity":0.0068,"lastBolusTime":1704454974000,"time":"2024-01-05T13:17:39.321Z"}},{"iob":0.685,"basaliob":-0.174,"bolussnooze":0.0467,"activity":0.0096,"lastBolusTime":1704454974000,"time":"2024-01-05T13:22:39.321Z","iobWithZeroTemp":{"iob":0.201,"basaliob":-0.658,"bolussnooze":0.0467,"activity":0.0061,"lastBolusTime":1704454974000,"time":"2024-01-05T13:22:39.321Z"}},{"iob":0.638,"basaliob":-0.162,"bolussnooze":0.0394,"activity":0.009,"lastBolusTime":1704454974000,"time":"2024-01-05T13:27:39.321Z","iobWithZeroTemp":{"iob":0.139,"basaliob":-0.661,"bolussnooze":0.0394,"activity":0.0053,"lastBolusTime":1704454974000,"time":"2024-01-05T13:27:39.321Z"}},{"iob":0.595,"basaliob":-0.15,"bolussnooze":0.0331,"activity":0.0085,"lastBolusTime":1704454974000,"time":"2024-01-05T13:32:39.321Z","iobWithZeroTemp":{"iob":0.081,"basaliob":-0.664,"bolussnooze":0.0331,"activity":0.0046,"lastBolusTime":1704454974000,"time":"2024-01-05T13:32:39.321Z"}},{"iob":0.553,"basaliob":-0.139,"bolussnooze":0.0277,"activity":0.008,"lastBolusTime":1704454974000,"time":"2024-01-05T13:37:39.321Z","iobWithZeroTemp":{"iob":0.026,"basaliob":-0.666,"bolussnooze":0.0277,"activity":0.004,"lastBolusTime":1704454974000,"time":"2024-01-05T13:37:39.321Z"}},{"iob":0.514,"basaliob":-0.129,"bolussnooze":0.0232,"activity":0.0075,"lastBolusTime":1704454974000,"time":"2024-01-05T13:42:39.321Z","iobWithZeroTemp":{"iob":-0.026,"basaliob":-0.669,"bolussnooze":0.0232,"activity":0.0033,"lastBolusTime":1704454974000,"time":"2024-01-05T13:42:39.321Z"}},{"iob":0.477,"basaliob":-0.12,"bolussnooze":0.0193,"activity":0.0071,"lastBolusTime":1704454974000,"time":"2024-01-05T13:47:39.321Z","iobWithZeroTemp":{"iob":-0.075,"basaliob":-0.672,"bolussnooze":0.0193,"activity":0.0028,"lastBolusTime":1704454974000,"time":"2024-01-05T13:47:39.321Z"}},{"iob":0.443,"basaliob":-0.111,"bolussnooze":0.016,"activity":0.0067,"lastBolusTime":1704454974000,"time":"2024-01-05T13:52:39.321Z","iobWithZeroTemp":{"iob":-0.12,"basaliob":-0.674,"bolussnooze":0.016,"activity":0.0022,"lastBolusTime":1704454974000,"time":"2024-01-05T13:52:39.321Z"}},{"iob":0.412,"basaliob":-0.102,"bolussnooze":0.0132,"activity":0.0062,"lastBolusTime":1704454974000,"time":"2024-01-05T13:57:39.321Z","iobWithZeroTemp":{"iob":-0.162,"basaliob":-0.676,"bolussnooze":0.0132,"activity":0.0016,"lastBolusTime":1704454974000,"time":"2024-01-05T13:57:39.321Z"}},{"iob":0.381,"basaliob":-0.095,"bolussnooze":0.0109,"activity":0.0058,"lastBolusTime":1704454974000,"time":"2024-01-05T14:02:39.321Z","iobWithZeroTemp":{"iob":-0.203,"basaliob":-0.679,"bolussnooze":0.0109,"activity":0.001,"lastBolusTime":1704454974000,"time":"2024-01-05T14:02:39.321Z"}},{"iob":0.354,"basaliob":-0.087,"bolussnooze":0.009,"activity":0.0054,"lastBolusTime":1704454974000,"time":"2024-01-05T14:07:39.321Z","iobWithZeroTemp":{"iob":-0.239,"basaliob":-0.68,"bolussnooze":0.009,"activity":5.0E-4,"lastBolusTime":1704454974000,"time":"2024-01-05T14:07:39.321Z"}},{"iob":0.327,"basaliob":-0.081,"bolussnooze":0.0073,"activity":0.0051,"lastBolusTime":1704454974000,"time":"2024-01-05T14:12:39.321Z","iobWithZeroTemp":{"iob":-0.274,"basaliob":-0.682,"bolussnooze":0.0073,"activity":1.0E-4,"lastBolusTime":1704454974000,"time":"2024-01-05T14:12:39.321Z"}},{"iob":0.303,"basaliob":-0.074,"bolussnooze":0.006,"activity":0.0048,"lastBolusTime":1704454974000,"time":"2024-01-05T14:17:39.321Z","iobWithZeroTemp":{"iob":-0.306,"basaliob":-0.683,"bolussnooze":0.006,"activity":-3.0E-4,"lastBolusTime":1704454974000,"time":"2024-01-05T14:17:39.321Z"}},{"iob":0.279,"basaliob":-0.069,"bolussnooze":0.0049,"activity":0.0045,"lastBolusTime":1704454974000,"time":"2024-01-05T14:22:39.321Z","iobWithZeroTemp":{"iob":-0.338,"basaliob":-0.686,"bolussnooze":0.0049,"activity":-7.0E-4,"lastBolusTime":1704454974000,"time":"2024-01-05T14:22:39.321Z"}},{"iob":0.258,"basaliob":-0.063,"bolussnooze":0.0039,"activity":0.0042,"lastBolusTime":1704454974000,"time":"2024-01-05T14:27:39.321Z","iobWithZeroTemp":{"iob":-0.366,"basaliob":-0.687,"bolussnooze":0.0039,"activity":-0.0011,"lastBolusTime":1704454974000,"time":"2024-01-05T14:27:39.321Z"}},{"iob":0.238,"basaliob":-0.058,"bolussnooze":0.0031,"activity":0.0038,"lastBolusTime":1704454974000,"time":"2024-01-05T14:32:39.321Z","iobWithZeroTemp":{"iob":-0.392,"basaliob":-0.688,"bolussnooze":0.0031,"activity":-0.0016,"lastBolusTime":1704454974000,"time":"2024-01-05T14:32:39.321Z"}},{"iob":0.22,"basaliob":-0.053,"bolussnooze":0.0025,"activity":0.0036,"lastBolusTime":1704454974000,"time":"2024-01-05T14:37:39.321Z","iobWithZeroTemp":{"iob":-0.416,"basaliob":-0.689,"bolussnooze":0.0025,"activity":-0.0019,"lastBolusTime":1704454974000,"time":"2024-01-05T14:37:39.321Z"}},{"iob":0.202,"basaliob":-0.049,"bolussnooze":0.002,"activity":0.0034,"lastBolusTime":1704454974000,"time":"2024-01-05T14:42:39.321Z","iobWithZeroTemp":{"iob":-0.44,"basaliob":-0.691,"bolussnooze":0.002,"activity":-0.0022,"lastBolusTime":1704454974000,"time":"2024-01-05T14:42:39.321Z"}},{"iob":0.186,"basaliob":-0.045,"bolussnooze":0.0016,"activity":0.0031,"lastBolusTime":1704454974000,"time":"2024-01-05T14:47:39.321Z","iobWithZeroTemp":{"iob":-0.461,"basaliob":-0.692,"bolussnooze":0.0016,"activity":-0.0026,"lastBolusTime":1704454974000,"time":"2024-01-05T14:47:39.321Z"}},{"iob":0.172,"basaliob":-0.041,"bolussnooze":0.0012,"activity":0.0029,"lastBolusTime":1704454974000,"time":"2024-01-05T14:52:39.321Z","iobWithZeroTemp":{"iob":-0.479,"basaliob":-0.692,"bolussnooze":0.0012,"activity":-0.0029,"lastBolusTime":1704454974000,"time":"2024-01-05T14:52:39.321Z"}},{"iob":0.158,"basaliob":-0.038,"bolussnooze":9.0E-4,"activity":0.0026,"lastBolusTime":1704454974000,"time":"2024-01-05T14:57:39.321Z","iobWithZeroTemp":{"iob":-0.498,"basaliob":-0.694,"bolussnooze":9.0E-4,"activity":-0.0032,"lastBolusTime":1704454974000,"time":"2024-01-05T14:57:39.321Z"}},{"iob":0.145,"basaliob":-0.035,"bolussnooze":7.0E-4,"activity":0.0025,"lastBolusTime":1704454974000,"time":"2024-01-05T15:02:39.321Z","iobWithZeroTemp":{"iob":-0.515,"basaliob":-0.695,"bolussnooze":7.0E-4,"activity":-0.0034,"lastBolusTime":1704454974000,"time":"2024-01-05T15:02:39.321Z"}},{"iob":0.133,"basaliob":-0.032,"bolussnooze":5.0E-4,"activity":0.0022,"lastBolusTime":1704454974000,"time":"2024-01-05T15:07:39.321Z","iobWithZeroTemp":{"iob":-0.531,"basaliob":-0.696,"bolussnooze":5.0E-4,"activity":-0.0037,"lastBolusTime":1704454974000,"time":"2024-01-05T15:07:39.321Z"}},{"iob":0.122,"basaliob":-0.029,"bolussnooze":4.0E-4,"activity":0.0021,"lastBolusTime":1704454974000,"time":"2024-01-05T15:12:39.321Z","iobWithZeroTemp":{"iob":-0.545,"basaliob":-0.696,"bolussnooze":4.0E-4,"activity":-0.0039,"lastBolusTime":1704454974000,"time":"2024-01-05T15:12:39.321Z"}},{"iob":0.112,"basaliob":-0.027,"bolussnooze":3.0E-4,"activity":0.0019,"lastBolusTime":1704454974000,"time":"2024-01-05T15:17:39.321Z","iobWithZeroTemp":{"iob":-0.558,"basaliob":-0.697,"bolussnooze":3.0E-4,"activity":-0.0042,"lastBolusTime":1704454974000,"time":"2024-01-05T15:17:39.321Z"}},{"iob":0.103,"basaliob":-0.024,"bolussnooze":2.0E-4,"activity":0.0018,"lastBolusTime":1704454974000,"time":"2024-01-05T15:22:39.321Z","iobWithZeroTemp":{"iob":-0.57,"basaliob":-0.697,"bolussnooze":2.0E-4,"activity":-0.0043,"lastBolusTime":1704454974000,"time":"2024-01-05T15:22:39.321Z"}},{"iob":0.094,"basaliob":-0.022,"bolussnooze":1.0E-4,"activity":0.0017,"lastBolusTime":1704454974000,"time":"2024-01-05T15:27:39.321Z","iobWithZeroTemp":{"iob":-0.582,"basaliob":-0.698,"bolussnooze":1.0E-4,"activity":-0.0044,"lastBolusTime":1704454974000,"time":"2024-01-05T15:27:39.321Z"}},{"iob":0.086,"basaliob":-0.02,"bolussnooze":1.0E-4,"activity":0.0015,"lastBolusTime":1704454974000,"time":"2024-01-05T15:32:39.321Z","iobWithZeroTemp":{"iob":-0.592,"basaliob":-0.698,"bolussnooze":1.0E-4,"activity":-0.0047,"lastBolusTime":1704454974000,"time":"2024-01-05T15:32:39.321Z"}},{"iob":0.079,"basaliob":-0.018,"bolussnooze":0,"activity":0.0015,"lastBolusTime":1704454974000,"time":"2024-01-05T15:37:39.321Z","iobWithZeroTemp":{"iob":-0.602,"basaliob":-0.699,"bolussnooze":0,"activity":-0.0047,"lastBolusTime":1704454974000,"time":"2024-01-05T15:37:39.321Z"}},{"iob":0.072,"basaliob":-0.017,"bolussnooze":0,"activity":0.0013,"lastBolusTime":1704454974000,"time":"2024-01-05T15:42:39.321Z","iobWithZeroTemp":{"iob":-0.611,"basaliob":-0.7,"bolussnooze":0,"activity":-0.005,"lastBolusTime":1704454974000,"time":"2024-01-05T15:42:39.321Z"}}],"profile":{"max_iob":7,"type":"current","max_daily_basal":0.45,"max_basal":1.35,"min_bg":81,"max_bg":81,"target_bg":81,"carb_ratio":11,"sens":352.8,"max_daily_safety_multiplier":3,"current_basal_safety_multiplier":4,"lgsThreshold":65,"high_temptarget_raises_sensitivity":false,"low_temptarget_lowers_sensitivity":false,"sensitivity_raises_target":true,"resistance_lowers_target":true,"adv_target_adjustments":false,"exercise_mode":false,"half_basal_exercise_target":160,"maxCOB":120,"skip_neutral_temps":false,"remainingCarbsCap":90,"enableUAM":true,"A52_risk_enable":false,"SMBInterval":4,"enableSMB_with_COB":true,"enableSMB_with_temptarget":false,"allowSMB_with_high_temptarget":true,"enableSMB_always":true,"enableSMB_after_carbs":false,"maxSMBBasalMinutes":60,"maxUAMSMBBasalMinutes":60,"bolus_increment":0.05,"carbsReqThreshold":10,"current_basal":0.4,"temptargetSet":true,"autosens_max":1.2,"autosens_min":0.8,"out_units":"mmol\/L","variable_sens":125,"insulinDivisor":65,"TDD":9.766577291666671},"autosens_data":{"ratio":1.23524615541318},"meal_data":{"carbs":45,"mealCOB":20.36085487528345,"slopeFromMaxDeviation":-0.3330909090909092,"slopeFromMinDeviation":0.3199999999999991,"lastBolusTime":1704454974000,"lastCarbTime":1704453676000},"microBolusAllowed":true,"currentTime":1704455261553,"flatBGsDetected":false,"tdd1D":28.050416666666692,"tdd7D":23.609261904761915,"tddLast24H":29.163250000000005,"tddLast4H":5.69,"tddLast8to4H":4.603333333333333},"output":{"temp":"absolute","bg":219,"tick":"+0","eventualBG":192,"targetBG":81,"insulinReq":0.34,"deliverAt":"2024-01-05T11:47:41.553Z","sensitivityRatio":1.23524615541318,"variable_sens":125,"predBGs":{"IOB":[219,218,216,213,209,204,199,192,184,176,167,158,147,136,126,115,105,94,83,71,59,47,39],"ZT":[219,209,198,186,175,163,151,139,126,114,101,88,75,61,46,39,39,39,39,39,39,39,39,39,39,39,39,39,39,39,39,39,39,39,39,39,39,39,39,39,39,39,39,39,39,39,39,39],"COB":[219,219,218,217,216,215,214,213,212,211,210,209,209,209,208,209,209,209,210,211,212,212,213,213,214,214,214,214,214,214,214,213,212,211,210,209,207,205,204,202,200,199,198,197,195,194,193,192],"UAM":[219,219,218,216,215,213,210,208,205,202,200,197,194,191,188,185,182,179,176,173,170,167,164,161,158,155,151,148,145,141,138,134,130,127,124,121,118,115,112,110,107,105,103,102,100,98,97,95]},"reason":"COB: 20.4, Dev: 3.4, BGI: -0.6, ISF: 6.9, CR: 11, Target: 4.5, minPredBG 7.7, minGuardBG 7.7, IOBpredBG 2.2, COBpredBG 10.7, UAMpredBG 5.3; Eventual BG 10.7 >= 4.5,  insulinReq 0.34; setting 60m low temp of 0U\/h. Microbolusing 0.15U. ","COB":20.36085487528345,"IOB":2.056,"units":0.15,"rate":0,"duration":60,"timestamp":"2024-01-05T11:47:41.576Z"}}