{"algorithm":"OpenAPSSMBDynamicISFPlugin","input":{"glucoseStatus":{"glucose":71,"noise":0,"delta":2,"short_avgdelta":2.39,"long_avgdelta":1.7,"date":1704157030394},"currenttemp":{"temp":"absolute","duration":25,"rate":0,"minutesrunning":5},"iob_data":[{"iob":-0.422,"basaliob":-0.574,"bolussnooze":0,"activity":-0.0029,"lastBolusTime":1704149566000,"time":"2024-01-02T00:59:14.536Z","iobWithZeroTemp":{"iob":-0.422,"basaliob":-0.574,"bolussnooze":0,"activity":-0.0029,"lastBolusTime":1704149566000,"time":"2024-01-02T00:59:14.536Z"}},{"iob":-0.407,"basaliob":-0.548,"bolussnooze":0,"activity":-0.003,"lastBolusTime":1704149566000,"time":"2024-01-02T01:04:14.536Z","iobWithZeroTemp":{"iob":-0.425,"basaliob":-0.566,"bolussnooze":0,"activity":-0.003,"lastBolusTime":1704149566000,"time":"2024-01-02T01:04:14.536Z"}},{"iob":-0.392,"basaliob":-0.522,"bolussnooze":0,"activity":-0.0032,"lastBolusTime":1704149566000,"time":"2024-01-02T01:09:14.536Z","iobWithZeroTemp":{"iob":-0.432,"basaliob":-0.562,"bolussnooze":0,"activity":-0.0033,"lastBolusTime":1704149566000,"time":"2024-01-02T01:09:14.536Z"}},{"iob":-0.375,"basaliob":-0.496,"bolussnooze":0,"activity":-0.0032,"lastBolusTime":1704149566000,"time":"2024-01-02T01:14:14.536Z","iobWithZeroTemp":{"iob":-0.437,"basaliob":-0.558,"bolussnooze":0,"activity":-0.0033,"lastBolusTime":1704149566000,"time":"2024-01-02T01:14:14.536Z"}},{"iob":-0.359,"basaliob":-0.47,"bolussnooze":0,"activity":-0.0033,"lastBolusTime":1704149566000,"time":"2024-01-02T01:19:14.536Z","iobWithZeroTemp":{"iob":-0.443,"basaliob":-0.554,"bolussnooze":0,"activity":-0.0035,"lastBolusTime":1704149566000,"time":"2024-01-02T01:19:14.536Z"}},{"iob":-0.342,"basaliob":-0.445,"bolussnooze":0,"activity":-0.0033,"lastBolusTime":1704149566000,"time":"2024-01-02T01:24:14.536Z","iobWithZeroTemp":{"iob":-0.447,"basaliob":-0.55,"bolussnooze":0,"activity":-0.0036,"lastBolusTime":1704149566000,"time":"2024-01-02T01:24:14.536Z"}},{"iob":-0.326,"basaliob":-0.421,"bolussnooze":0,"activity":-0.0033,"lastBolusTime":1704149566000,"time":"2024-01-02T01:29:14.536Z","iobWithZeroTemp":{"iob":-0.452,"basaliob":-0.547,"bolussnooze":0,"activity":-0.0038,"lastBolusTime":1704149566000,"time":"2024-01-02T01:29:14.536Z"}},{"iob":-0.309,"basaliob":-0.397,"bolussnooze":0,"activity":-0.0032,"lastBolusTime":1704149566000,"time":"2024-01-02T01:34:14.536Z","iobWithZeroTemp":{"iob":-0.455,"basaliob":-0.543,"bolussnooze":0,"activity":-0.0038,"lastBolusTime":1704149566000,"time":"2024-01-02T01:34:14.536Z"}},{"iob":-0.293,"basaliob":-0.374,"bolussnooze":0,"activity":-0.0032,"lastBolusTime":1704149566000,"time":"2024-01-02T01:39:14.536Z","iobWithZeroTemp":{"iob":-0.458,"basaliob":-0.539,"bolussnooze":0,"activity":-0.0039,"lastBolusTime":1704149566000,"time":"2024-01-02T01:39:14.536Z"}},{"iob":-0.278,"basaliob":-0.353,"bolussnooze":0,"activity":-0.0031,"lastBolusTime":1704149566000,"time":"2024-01-02T01:44:14.536Z","iobWithZeroTemp":{"iob":-0.461,"basaliob":-0.536,"bolussnooze":0,"activity":-0.004,"lastBolusTime":1704149566000,"time":"2024-01-02T01:44:14.536Z"}},{"iob":-0.262,"basaliob":-0.331,"bolussnooze":0,"activity":-0.003,"lastBolusTime":1704149566000,"time":"2024-01-02T01:49:14.536Z","iobWithZeroTemp":{"iob":-0.463,"basaliob":-0.532,"bolussnooze":0,"activity":-0.004,"lastBolusTime":1704149566000,"time":"2024-01-02T01:49:14.536Z"}},{"iob":-0.248,"basaliob":-0.311,"bolussnooze":0,"activity":-0.0029,"lastBolusTime":1704149566000,"time":"2024-01-02T01:54:14.536Z","iobWithZeroTemp":{"iob":-0.466,"basaliob":-0.529,"bolussnooze":0,"activity":-0.0041,"lastBolusTime":1704149566000,"time":"2024-01-02T01:54:14.536Z"}},{"iob":-0.234,"basaliob":-0.292,"bolussnooze":0,"activity":-0.0028,"lastBolusTime":1704149566000,"time":"2024-01-02T01:59:14.536Z","iobWithZeroTemp":{"iob":-0.468,"basaliob":-0.526,"bolussnooze":0,"activity":-0.0041,"lastBolusTime":1704149566000,"time":"2024-01-02T01:59:14.536Z"}},{"iob":-0.22,"basaliob":-0.273,"bolussnooze":0,"activity":-0.0027,"lastBolusTime":1704149566000,"time":"2024-01-02T02:04:14.536Z","iobWithZeroTemp":{"iob":-0.47,"basaliob":-0.523,"bolussnooze":0,"activity":-0.0042,"lastBolusTime":1704149566000,"time":"2024-01-02T02:04:14.536Z"}},{"iob":-0.207,"basaliob":-0.256,"bolussnooze":0,"activity":-0.0026,"lastBolusTime":1704149566000,"time":"2024-01-02T02:09:14.536Z","iobWithZeroTemp":{"iob":-0.471,"basaliob":-0.52,"bolussnooze":0,"activity":-0.0042,"lastBolusTime":1704149566000,"time":"2024-01-02T02:09:14.536Z"}},{"iob":-0.194,"basaliob":-0.239,"bolussnooze":0,"activity":-0.0024,"lastBolusTime":1704149566000,"time":"2024-01-02T02:14:14.536Z","iobWithZeroTemp":{"iob":-0.472,"basaliob":-0.517,"bolussnooze":0,"activity":-0.0042,"lastBolusTime":1704149566000,"time":"2024-01-02T02:14:14.536Z"}},{"iob":-0.182,"basaliob":-0.223,"bolussnooze":0,"activity":-0.0024,"lastBolusTime":1704149566000,"time":"2024-01-02T02:19:14.536Z","iobWithZeroTemp":{"iob":-0.473,"basaliob":-0.514,"bolussnooze":0,"activity":-0.0043,"lastBolusTime":1704149566000,"time":"2024-01-02T02:19:14.536Z"}},{"iob":-0.17,"basaliob":-0.208,"bolussnooze":0,"activity":-0.0022,"lastBolusTime":1704149566000,"time":"2024-01-02T02:24:14.536Z","iobWithZeroTemp":{"iob":-0.474,"basaliob":-0.512,"bolussnooze":0,"activity":-0.0043,"lastBolusTime":1704149566000,"time":"2024-01-02T02:24:14.536Z"}},{"iob":-0.159,"basaliob":-0.194,"bolussnooze":0,"activity":-0.0021,"lastBolusTime":1704149566000,"time":"2024-01-02T02:29:14.536Z","iobWithZeroTemp":{"iob":-0.474,"basaliob":-0.509,"bolussnooze":0,"activity":-0.0043,"lastBolusTime":1704149566000,"time":"2024-01-02T02:29:14.536Z"}},{"iob":-0.149,"basaliob":-0.181,"bolussnooze":0,"activity":-0.002,"lastBolusTime":1704149566000,"time":"2024-01-02T02:34:14.536Z","iobWithZeroTemp":{"iob":-0.476,"basaliob":-0.508,"bolussnooze":0,"activity":-0.0044,"lastBolusTime":1704149566000,"time":"2024-01-02T02:34:14.536Z"}},{"iob":-0.139,"basaliob":-0.168,"bolussnooze":0,"activity":-0.0019,"lastBolusTime":1704149566000,"time":"2024-01-02T02:39:14.536Z","iobWithZeroTemp":{"iob":-0.476,"basaliob":-0.505,"bolussnooze":0,"activity":-0.0044,"lastBolusTime":1704149566000,"time":"2024-01-02T02:39:14.536Z"}},{"iob":-0.131,"basaliob":-0.157,"bolussnooze":0,"activity":-0.0018,"lastBolusTime":1704149566000,"time":"2024-01-02T02:44:14.536Z","iobWithZeroTemp":{"iob":-0.478,"basaliob":-0.504,"bolussnooze":0,"activity":-0.0044,"lastBolusTime":1704149566000,"time":"2024-01-02T02:44:14.536Z"}},{"iob":-0.122,"basaliob":-0.146,"bolussnooze":0,"activity":-0.0018,"lastBolusTime":1704149566000,"time":"2024-01-02T02:49:14.536Z","iobWithZeroTemp":{"iob":-0.478,"basaliob":-0.502,"bolussnooze":0,"activity":-0.0045,"lastBolusTime":1704149566000,"time":"2024-01-02T02:49:14.536Z"}},{"iob":-0.113,"basaliob":-0.135,"bolussnooze":0,"activity":-0.0016,"lastBolusTime":1704149566000,"time":"2024-01-02T02:54:14.536Z","iobWithZeroTemp":{"iob":-0.478,"basaliob":-0.5,"bolussnooze":0,"activity":-0.0044,"lastBolusTime":1704149566000,"time":"2024-01-02T02:54:14.536Z"}},{"iob":-0.105,"basaliob":-0.125,"bolussnooze":0,"activity":-0.0015,"lastBolusTime":1704149566000,"time":"2024-01-02T02:59:14.536Z","iobWithZeroTemp":{"iob":-0.478,"basaliob":-0.498,"bolussnooze":0,"activity":-0.0044,"lastBolusTime":1704149566000,"time":"2024-01-02T02:59:14.536Z"}},{"iob":-0.098,"basaliob":-0.116,"bolussnooze":0,"activity":-0.0015,"lastBolusTime":1704149566000,"time":"2024-01-02T03:04:14.536Z","iobWithZeroTemp":{"iob":-0.481,"basaliob":-0.499,"bolussnooze":0,"activity":-0.0045,"lastBolusTime":1704149566000,"time":"2024-01-02T03:04:14.536Z"}},{"iob":-0.091,"basaliob":-0.108,"bolussnooze":0,"activity":-0.0014,"lastBolusTime":1704149566000,"time":"2024-01-02T03:09:14.536Z","iobWithZeroTemp":{"iob":-0.483,"basaliob":-0.5,"bolussnooze":0,"activity":-0.0045,"lastBolusTime":1704149566000,"time":"2024-01-02T03:09:14.536Z"}},{"iob":-0.085,"basaliob":-0.1,"bolussnooze":0,"activity":-0.0012,"lastBolusTime":1704149566000,"time":"2024-01-02T03:14:14.536Z","iobWithZeroTemp":{"iob":-0.486,"basaliob":-0.501,"bolussnooze":0,"activity":-0.0044,"lastBolusTime":1704149566000,"time":"2024-01-02T03:14:14.536Z"}},{"iob":-0.078,"basaliob":-0.092,"bolussnooze":0,"activity":-0.0011,"lastBolusTime":1704149566000,"time":"2024-01-02T03:19:14.536Z","iobWithZeroTemp":{"iob":-0.488,"basaliob":-0.502,"bolussnooze":0,"activity":-0.0044,"lastBolusTime":1704149566000,"time":"2024-01-02T03:19:14.536Z"}},{"iob":-0.073,"basaliob":-0.085,"bolussnooze":0,"activity":-0.0011,"lastBolusTime":1704149566000,"time":"2024-01-02T03:24:14.536Z","iobWithZeroTemp":{"iob":-0.491,"basaliob":-0.503,"bolussnooze":0,"activity":-0.0045,"lastBolusTime":1704149566000,"time":"2024-01-02T03:24:14.536Z"}},{"iob":-0.068,"basaliob":-0.079,"bolussnooze":0,"activity":-0.0011,"lastBolusTime":1704149566000,"time":"2024-01-02T03:29:14.536Z","iobWithZeroTemp":{"iob":-0.494,"basaliob":-0.505,"bolussnooze":0,"activity":-0.0046,"lastBolusTime":1704149566000,"time":"2024-01-02T03:29:14.536Z"}},{"iob":-0.063,"basaliob":-0.073,"bolussnooze":0,"activity":-0.001,"lastBolusTime":1704149566000,"time":"2024-01-02T03:34:14.536Z","iobWithZeroTemp":{"iob":-0.496,"basaliob":-0.506,"bolussnooze":0,"activity":-0.0046,"lastBolusTime":1704149566000,"time":"2024-01-02T03:34:14.536Z"}},{"iob":-0.058,"basaliob":-0.067,"bolussnooze":0,"activity":-9.0E-4,"lastBolusTime":1704149566000,"time":"2024-01-02T03:39:14.536Z","iobWithZeroTemp":{"iob":-0.498,"basaliob":-0.507,"bolussnooze":0,"activity":-0.0046,"lastBolusTime":1704149566000,"time":"2024-01-02T03:39:14.536Z"}},{"iob":-0.054,"basaliob":-0.062,"bolussnooze":0,"activity":-8.0E-4,"lastBolusTime":1704149566000,"time":"2024-01-02T03:44:14.536Z","iobWithZeroTemp":{"iob":-0.5,"basaliob":-0.508,"bolussnooze":0,"activity":-0.0046,"lastBolusTime":1704149566000,"time":"2024-01-02T03:44:14.536Z"}},{"iob":-0.049,"basaliob":-0.057,"bolussnooze":0,"activity":-7.0E-4,"lastBolusTime":1704149566000,"time":"2024-01-02T03:49:14.536Z","iobWithZeroTemp":{"iob":-0.501,"basaliob":-0.509,"bolussnooze":0,"activity":-0.0045,"lastBolusTime":1704149566000,"time":"2024-01-02T03:49:14.536Z"}},{"iob":-0.045,"basaliob":-0.052,"bolussnooze":0,"activity":-8.0E-4,"lastBolusTime":1704149566000,"time":"2024-01-02T03:54:14.536Z","iobWithZeroTemp":{"iob":-0.502,"basaliob":-0.509,"bolussnooze":0,"activity":-0.0047,"lastBolusTime":1704149566000,"time":"2024-01-02T03:54:14.536Z"}},{"iob":-0.042,"basaliob":-0.048,"bolussnooze":0,"activity":-7.0E-4,"lastBolusTime":1704149566000,"time":"2024-01-02T03:59:14.536Z","iobWithZeroTemp":{"iob":-0.505,"basaliob":-0.511,"bolussnooze":0,"activity":-0.0047,"lastBolusTime":1704149566000,"time":"2024-01-02T03:59:14.536Z"}},{"iob":-0.039,"basaliob":-0.044,"bolussnooze":0,"activity":-6.0E-4,"lastBolusTime":1704149566000,"time":"2024-01-02T04:04:14.536Z","iobWithZeroTemp":{"iob":-0.515,"basaliob":-0.52,"bolussnooze":0,"activity":-0.0047,"lastBolusTime":1704149566000,"time":"2024-01-02T04:04:14.536Z"}},{"iob":-0.036,"basaliob":-0.041,"bolussnooze":0,"activity":-6.0E-4,"lastBolusTime":1704149566000,"time":"2024-01-02T04:09:14.536Z","iobWithZeroTemp":{"iob":-0.525,"basaliob":-0.53,"bolussnooze":0,"activity":-0.0047,"lastBolusTime":1704149566000,"time":"2024-01-02T04:09:14.536Z"}},{"iob":-0.033,"basaliob":-0.037,"bolussnooze":0,"activity":-5.0E-4,"lastBolusTime":1704149566000,"time":"2024-01-02T04:14:14.536Z","iobWithZeroTemp":{"iob":-0.534,"basaliob":-0.538,"bolussnooze":0,"activity":-0.0047,"lastBolusTime":1704149566000,"time":"2024-01-02T04:14:14.536Z"}},{"iob":-0.03,"basaliob":-0.034,"bolussnooze":0,"activity":-5.0E-4,"lastBolusTime":1704149566000,"time":"2024-01-02T04:19:14.536Z","iobWithZeroTemp":{"iob":-0.543,"basaliob":-0.547,"bolussnooze":0,"activity":-0.0048,"lastBolusTime":1704149566000,"time":"2024-01-02T04:19:14.536Z"}},{"iob":-0.027,"basaliob":-0.031,"bolussnooze":0,"activity":-4.0E-4,"lastBolusTime":1704149566000,"time":"2024-01-02T04:24:14.536Z","iobWithZeroTemp":{"iob":-0.551,"basaliob":-0.555,"bolussnooze":0,"activity":-0.0048,"lastBolusTime":1704149566000,"time":"2024-01-02T04:24:14.536Z"}},{"iob":-0.026,"basaliob":-0.029,"bolussnooze":0,"activity":-4.0E-4,"lastBolusTime":1704149566000,"time":"2024-01-02T04:29:14.536Z","iobWithZeroTemp":{"iob":-0.561,"basaliob":-0.564,"bolussnooze":0,"activity":-0.0049,"lastBolusTime":1704149566000,"time":"2024-01-02T04:29:14.536Z"}},{"iob":-0.023,"basaliob":-0.026,"bolussnooze":0,"activity":-4.0E-4,"lastBolusTime":1704149566000,"time":"2024-01-02T04:34:14.536Z","iobWithZeroTemp":{"iob":-0.569,"basaliob":-0.572,"bolussnooze":0,"activity":-0.005,"lastBolusTime":1704149566000,"time":"2024-01-02T04:34:14.536Z"}},{"iob":-0.021,"basaliob":-0.024,"bolussnooze":0,"activity":-3.0E-4,"lastBolusTime":1704149566000,"time":"2024-01-02T04:39:14.536Z","iobWithZeroTemp":{"iob":-0.577,"basaliob":-0.58,"bolussnooze":0,"activity":-0.005,"lastBolusTime":1704149566000,"time":"2024-01-02T04:39:14.536Z"}},{"iob":-0.02,"basaliob":-0.022,"bolussnooze":0,"activity":-3.0E-4,"lastBolusTime":1704149566000,"time":"2024-01-02T04:44:14.536Z","iobWithZeroTemp":{"iob":-0.586,"basaliob":-0.588,"bolussnooze":0,"activity":-0.0051,"lastBolusTime":1704149566000,"time":"2024-01-02T04:44:14.536Z"}},{"iob":-0.018,"basaliob":-0.02,"bolussnooze":0,"activity":-4.0E-4,"lastBolusTime":1704149566000,"time":"2024-01-02T04:49:14.536Z","iobWithZeroTemp":{"iob":-0.593,"basaliob":-0.595,"bolussnooze":0,"activity":-0.0053,"lastBolusTime":1704149566000,"time":"2024-01-02T04:49:14.536Z"}},{"iob":-0.016,"basaliob":-0.018,"bolussnooze":0,"activity":-3.0E-4,"lastBolusTime":1704149566000,"time":"2024-01-02T04:54:14.536Z","iobWithZeroTemp":{"iob":-0.599,"basaliob":-0.601,"bolussnooze":0,"activity":-0.0053,"lastBolusTime":1704149566000,"time":"2024-01-02T04:54:14.536Z"}}],"profile":{"max_iob":7,"type":"current","max_daily_basal":0.45,"max_basal":1.35,"min_bg":144,"max_bg":144,"target_bg":144,"carb_ratio":11,"sens":369,"max_daily_safety_multiplier":3,"current_basal_safety_multiplier":4,"lgsThreshold":65,"high_temptarget_raises_sensitivity":false,"low_temptarget_lowers_sensitivity":false,"sensitivity_raises_target":true,"resistance_lowers_target":true,"adv_target_adjustments":false,"exercise_mode":false,"half_basal_exercise_target":160,"maxCOB":120,"skip_neutral_temps":false,"remainingCarbsCap":90,"enableUAM":true,"A52_risk_enable":false,"SMBInterval":4,"enableSMB_with_COB":true,"enableSMB_with_temptarget":false,"allowSMB_with_high_temptarget":true,"enableSMB_always":true,"enableSMB_after_carbs":false,"maxSMBBasalMinutes":60,"maxUAMSMBBasalMinutes":60,"bolus_increment":0.05,"carbsReqThreshold":10,"current_basal":0.35,"temptargetSet":true,"autosens_max":1.2,"autosens_min":0.8,"out_units":"mmol\/L","variable_sens":338.6,"insulinDivisor":65,"TDD":7.200952541666666},"autosens_data":{"ratio":1.1470306733740712},"meal_data":{"carbs":0,"mealCOB":0,"slopeFromMaxDeviation":0,"slopeFromMinDeviation":0.6906,"lastBolusTime":1704149566000,"lastCarbTime":0},"microBolusAllowed":true,"currentTime":1704157156146,"flatBGsDetected":false,"tdd1D":29.029333333333327,"tdd7D":23.806904761904768,"tddLast24H":27.307250000000007,"tddLast4H":0.9095833333333333,"tddLast8to4H":2.76},"output":{"temp":"absolute","bg":71,"tick":"+2","eventualBG":195,"targetBG":144,"insulinReq":0,"deliverAt":"2024-01-02T00:59:16.146Z","sensitivityRatio":1.1470306733740712,"variable_sens":338.6,"predBGs":{"IOB":[71,73,76,79,82,85,89,92,96,100,103,107,111,114,118,121,124,126,129,131,134,136,138,140,141,143,145,146,147,149,150,151,152,153,154,154,155,156,157,157,158,158,159,159,159,160],"ZT":[71,76,81,86,91,96,101,106,111,116,121,125,130,135,139,144]},"reason":"COB: 0, Dev: -1.1, BGI: 0.3, ISF: 18.8, CR: 11, Target: 8.0, minPredBG 7.2, minGuardBG 4.1, IOBpredBG 8.9; minGuardBG 4.1<5.1 25m left and 0 ~ req 0U\/hr: no temp required","COB":0,"IOB":-0.422,"timestamp":"2024-01-02T00:59:16.170Z"}}