{"algorithm":"OpenAPSSMBDynamicISFPlugin","input":{"glucoseStatus":{"glucose":127,"noise":0,"delta":13,"short_avgdelta":11.67,"long_avgdelta":10.88,"date":1704314827218},"currenttemp":{"temp":"absolute","duration":50,"rate":0,"minutesrunning":10},"iob_data":[{"iob":0.995,"basaliob":-0.564,"bolussnooze":0.0945,"activity":0.0087,"lastBolusTime":1704314613000,"time":"2024-01-03T20:47:38.944Z","iobWithZeroTemp":{"iob":0.995,"basaliob":-0.564,"bolussnooze":0.0945,"activity":0.0087,"lastBolusTime":1704314613000,"time":"2024-01-03T20:47:38.944Z"}},{"iob":0.95,"basaliob":-0.535,"bolussnooze":0.08,"activity":0.0088,"lastBolusTime":1704314613000,"time":"2024-01-03T20:52:38.944Z","iobWithZeroTemp":{"iob":0.923,"basaliob":-0.562,"bolussnooze":0.08,"activity":0.0088,"lastBolusTime":1704314613000,"time":"2024-01-03T20:52:38.944Z"}},{"iob":0.906,"basaliob":-0.507,"bolussnooze":0.0676,"activity":0.0089,"lastBolusTime":1704314613000,"time":"2024-01-03T20:57:38.944Z","iobWithZeroTemp":{"iob":0.846,"basaliob":-0.567,"bolussnooze":0.0676,"activity":0.0088,"lastBolusTime":1704314613000,"time":"2024-01-03T20:57:38.944Z"}},{"iob":0.862,"basaliob":-0.479,"bolussnooze":0.0569,"activity":0.0087,"lastBolusTime":1704314613000,"time":"2024-01-03T21:02:38.944Z","iobWithZeroTemp":{"iob":0.77,"basaliob":-0.571,"bolussnooze":0.0569,"activity":0.0085,"lastBolusTime":1704314613000,"time":"2024-01-03T21:02:38.944Z"}},{"iob":0.818,"basaliob":-0.452,"bolussnooze":0.0478,"activity":0.0086,"lastBolusTime":1704314613000,"time":"2024-01-03T21:07:38.944Z","iobWithZeroTemp":{"iob":0.693,"basaliob":-0.577,"bolussnooze":0.0478,"activity":0.0083,"lastBolusTime":1704314613000,"time":"2024-01-03T21:07:38.944Z"}},{"iob":0.776,"basaliob":-0.426,"bolussnooze":0.04,"activity":0.0085,"lastBolusTime":1704314613000,"time":"2024-01-03T21:12:38.944Z","iobWithZeroTemp":{"iob":0.62,"basaliob":-0.582,"bolussnooze":0.04,"activity":0.008,"lastBolusTime":1704314613000,"time":"2024-01-03T21:12:38.944Z"}},{"iob":0.734,"basaliob":-0.401,"bolussnooze":0.0334,"activity":0.0083,"lastBolusTime":1704314613000,"time":"2024-01-03T21:17:38.944Z","iobWithZeroTemp":{"iob":0.548,"basaliob":-0.587,"bolussnooze":0.0334,"activity":0.0076,"lastBolusTime":1704314613000,"time":"2024-01-03T21:17:38.944Z"}},{"iob":0.693,"basaliob":-0.377,"bolussnooze":0.0278,"activity":0.008,"lastBolusTime":1704314613000,"time":"2024-01-03T21:22:38.944Z","iobWithZeroTemp":{"iob":0.477,"basaliob":-0.593,"bolussnooze":0.0278,"activity":0.0071,"lastBolusTime":1704314613000,"time":"2024-01-03T21:22:38.944Z"}},{"iob":0.654,"basaliob":-0.354,"bolussnooze":0.023,"activity":0.0078,"lastBolusTime":1704314613000,"time":"2024-01-03T21:27:38.944Z","iobWithZeroTemp":{"iob":0.41,"basaliob":-0.598,"bolussnooze":0.023,"activity":0.0067,"lastBolusTime":1704314613000,"time":"2024-01-03T21:27:38.944Z"}},{"iob":0.615,"basaliob":-0.332,"bolussnooze":0.019,"activity":0.0075,"lastBolusTime":1704314613000,"time":"2024-01-03T21:32:38.944Z","iobWithZeroTemp":{"iob":0.343,"basaliob":-0.604,"bolussnooze":0.019,"activity":0.0062,"lastBolusTime":1704314613000,"time":"2024-01-03T21:32:38.944Z"}},{"iob":0.579,"basaliob":-0.311,"bolussnooze":0.0156,"activity":0.0072,"lastBolusTime":1704314613000,"time":"2024-01-03T21:37:38.944Z","iobWithZeroTemp":{"iob":0.281,"basaliob":-0.609,"bolussnooze":0.0156,"activity":0.0057,"lastBolusTime":1704314613000,"time":"2024-01-03T21:37:38.944Z"}},{"iob":0.544,"basaliob":-0.291,"bolussnooze":0.0128,"activity":0.0069,"lastBolusTime":1704314613000,"time":"2024-01-03T21:42:38.944Z","iobWithZeroTemp":{"iob":0.221,"basaliob":-0.614,"bolussnooze":0.0128,"activity":0.0051,"lastBolusTime":1704314613000,"time":"2024-01-03T21:42:38.944Z"}},{"iob":0.51,"basaliob":-0.272,"bolussnooze":0.0104,"activity":0.0066,"lastBolusTime":1704314613000,"time":"2024-01-03T21:47:38.944Z","iobWithZeroTemp":{"iob":0.163,"basaliob":-0.619,"bolussnooze":0.0104,"activity":0.0046,"lastBolusTime":1704314613000,"time":"2024-01-03T21:47:38.944Z"}},{"iob":0.478,"basaliob":-0.254,"bolussnooze":0.0085,"activity":0.0063,"lastBolusTime":1704314613000,"time":"2024-01-03T21:52:38.944Z","iobWithZeroTemp":{"iob":0.108,"basaliob":-0.624,"bolussnooze":0.0085,"activity":0.0041,"lastBolusTime":1704314613000,"time":"2024-01-03T21:52:38.944Z"}},{"iob":0.447,"basaliob":-0.237,"bolussnooze":0.0068,"activity":0.006,"lastBolusTime":1704314613000,"time":"2024-01-03T21:57:38.944Z","iobWithZeroTemp":{"iob":0.056,"basaliob":-0.628,"bolussnooze":0.0068,"activity":0.0036,"lastBolusTime":1704314613000,"time":"2024-01-03T21:57:38.944Z"}},{"iob":0.418,"basaliob":-0.221,"bolussnooze":0.0055,"activity":0.0057,"lastBolusTime":1704314613000,"time":"2024-01-03T22:02:38.944Z","iobWithZeroTemp":{"iob":0.002,"basaliob":-0.637,"bolussnooze":0.0055,"activity":0.003,"lastBolusTime":1704314613000,"time":"2024-01-03T22:02:38.944Z"}},{"iob":0.391,"basaliob":-0.206,"bolussnooze":0.0044,"activity":0.0054,"lastBolusTime":1704314613000,"time":"2024-01-03T22:07:38.944Z","iobWithZeroTemp":{"iob":-0.049,"basaliob":-0.646,"bolussnooze":0.0044,"activity":0.0025,"lastBolusTime":1704314613000,"time":"2024-01-03T22:07:38.944Z"}},{"iob":0.365,"basaliob":-0.191,"bolussnooze":0.0035,"activity":0.0051,"lastBolusTime":1704314613000,"time":"2024-01-03T22:12:38.944Z","iobWithZeroTemp":{"iob":-0.097,"basaliob":-0.653,"bolussnooze":0.0035,"activity":0.002,"lastBolusTime":1704314613000,"time":"2024-01-03T22:12:38.944Z"}},{"iob":0.34,"basaliob":-0.178,"bolussnooze":0.0027,"activity":0.0048,"lastBolusTime":1704314613000,"time":"2024-01-03T22:17:38.944Z","iobWithZeroTemp":{"iob":-0.143,"basaliob":-0.661,"bolussnooze":0.0027,"activity":0.0015,"lastBolusTime":1704314613000,"time":"2024-01-03T22:17:38.944Z"}},{"iob":0.317,"basaliob":-0.165,"bolussnooze":0.0021,"activity":0.0046,"lastBolusTime":1704314613000,"time":"2024-01-03T22:22:38.944Z","iobWithZeroTemp":{"iob":-0.187,"basaliob":-0.669,"bolussnooze":0.0021,"activity":0.0011,"lastBolusTime":1704314613000,"time":"2024-01-03T22:22:38.944Z"}},{"iob":0.295,"basaliob":-0.153,"bolussnooze":0.0016,"activity":0.0043,"lastBolusTime":1704314613000,"time":"2024-01-03T22:27:38.944Z","iobWithZeroTemp":{"iob":-0.228,"basaliob":-0.676,"bolussnooze":0.0016,"activity":5.0E-4,"lastBolusTime":1704314613000,"time":"2024-01-03T22:27:38.944Z"}},{"iob":0.274,"basaliob":-0.142,"bolussnooze":0.0012,"activity":0.004,"lastBolusTime":1704314613000,"time":"2024-01-03T22:32:38.944Z","iobWithZeroTemp":{"iob":-0.267,"basaliob":-0.683,"bolussnooze":0.0012,"activity":0,"lastBolusTime":1704314613000,"time":"2024-01-03T22:32:38.944Z"}},{"iob":0.254,"basaliob":-0.132,"bolussnooze":9.0E-4,"activity":0.0038,"lastBolusTime":1704314613000,"time":"2024-01-03T22:37:38.944Z","iobWithZeroTemp":{"iob":-0.304,"basaliob":-0.69,"bolussnooze":9.0E-4,"activity":-4.0E-4,"lastBolusTime":1704314613000,"time":"2024-01-03T22:37:38.944Z"}},{"iob":0.236,"basaliob":-0.122,"bolussnooze":7.0E-4,"activity":0.0035,"lastBolusTime":1704314613000,"time":"2024-01-03T22:42:38.944Z","iobWithZeroTemp":{"iob":-0.338,"basaliob":-0.696,"bolussnooze":7.0E-4,"activity":-9.0E-4,"lastBolusTime":1704314613000,"time":"2024-01-03T22:42:38.944Z"}},{"iob":0.219,"basaliob":-0.113,"bolussnooze":5.0E-4,"activity":0.0033,"lastBolusTime":1704314613000,"time":"2024-01-03T22:47:38.944Z","iobWithZeroTemp":{"iob":-0.371,"basaliob":-0.703,"bolussnooze":5.0E-4,"activity":-0.0012,"lastBolusTime":1704314613000,"time":"2024-01-03T22:47:38.944Z"}},{"iob":0.204,"basaliob":-0.104,"bolussnooze":4.0E-4,"activity":0.0031,"lastBolusTime":1704314613000,"time":"2024-01-03T22:52:38.944Z","iobWithZeroTemp":{"iob":-0.4,"basaliob":-0.708,"bolussnooze":4.0E-4,"activity":-0.0016,"lastBolusTime":1704314613000,"time":"2024-01-03T22:52:38.944Z"}},{"iob":0.189,"basaliob":-0.096,"bolussnooze":2.0E-4,"activity":0.0029,"lastBolusTime":1704314613000,"time":"2024-01-03T22:57:38.944Z","iobWithZeroTemp":{"iob":-0.429,"basaliob":-0.714,"bolussnooze":2.0E-4,"activity":-0.002,"lastBolusTime":1704314613000,"time":"2024-01-03T22:57:38.944Z"}},{"iob":0.174,"basaliob":-0.089,"bolussnooze":2.0E-4,"activity":0.0027,"lastBolusTime":1704314613000,"time":"2024-01-03T23:02:38.944Z","iobWithZeroTemp":{"iob":-0.456,"basaliob":-0.719,"bolussnooze":2.0E-4,"activity":-0.0024,"lastBolusTime":1704314613000,"time":"2024-01-03T23:02:38.944Z"}},{"iob":0.161,"basaliob":-0.082,"bolussnooze":1.0E-4,"activity":0.0026,"lastBolusTime":1704314613000,"time":"2024-01-03T23:07:38.944Z","iobWithZeroTemp":{"iob":-0.481,"basaliob":-0.724,"bolussnooze":1.0E-4,"activity":-0.0026,"lastBolusTime":1704314613000,"time":"2024-01-03T23:07:38.944Z"}},{"iob":0.149,"basaliob":-0.076,"bolussnooze":1.0E-4,"activity":0.0024,"lastBolusTime":1704314613000,"time":"2024-01-03T23:12:38.944Z","iobWithZeroTemp":{"iob":-0.504,"basaliob":-0.729,"bolussnooze":1.0E-4,"activity":-0.003,"lastBolusTime":1704314613000,"time":"2024-01-03T23:12:38.944Z"}},{"iob":0.137,"basaliob":-0.07,"bolussnooze":0,"activity":0.0023,"lastBolusTime":1704314613000,"time":"2024-01-03T23:17:38.944Z","iobWithZeroTemp":{"iob":-0.526,"basaliob":-0.733,"bolussnooze":0,"activity":-0.0032,"lastBolusTime":1704314613000,"time":"2024-01-03T23:17:38.944Z"}},{"iob":0.127,"basaliob":-0.064,"bolussnooze":0,"activity":0.002,"lastBolusTime":1704314613000,"time":"2024-01-03T23:22:38.944Z","iobWithZeroTemp":{"iob":-0.546,"basaliob":-0.737,"bolussnooze":0,"activity":-0.0036,"lastBolusTime":1704314613000,"time":"2024-01-03T23:22:38.944Z"}},{"iob":0.117,"basaliob":-0.059,"bolussnooze":0,"activity":0.0019,"lastBolusTime":1704314613000,"time":"2024-01-03T23:27:38.944Z","iobWithZeroTemp":{"iob":-0.565,"basaliob":-0.741,"bolussnooze":0,"activity":-0.0039,"lastBolusTime":1704314613000,"time":"2024-01-03T23:27:38.944Z"}},{"iob":0.108,"basaliob":-0.054,"bolussnooze":0,"activity":0.0018,"lastBolusTime":1704314613000,"time":"2024-01-03T23:32:38.944Z","iobWithZeroTemp":{"iob":-0.583,"basaliob":-0.745,"bolussnooze":0,"activity":-0.0041,"lastBolusTime":1704314613000,"time":"2024-01-03T23:32:38.944Z"}},{"iob":0.099,"basaliob":-0.05,"bolussnooze":0,"activity":0.0016,"lastBolusTime":1704314613000,"time":"2024-01-03T23:37:38.944Z","iobWithZeroTemp":{"iob":-0.6,"basaliob":-0.749,"bolussnooze":0,"activity":-0.0044,"lastBolusTime":1704314613000,"time":"2024-01-03T23:37:38.944Z"}},{"iob":0.091,"basaliob":-0.046,"bolussnooze":0,"activity":0.0015,"lastBolusTime":1704314613000,"time":"2024-01-03T23:42:38.944Z","iobWithZeroTemp":{"iob":-0.615,"basaliob":-0.752,"bolussnooze":0,"activity":-0.0046,"lastBolusTime":1704314613000,"time":"2024-01-03T23:42:38.944Z"}},{"iob":0.084,"basaliob":-0.042,"bolussnooze":0,"activity":0.0014,"lastBolusTime":1704314613000,"time":"2024-01-03T23:47:38.944Z","iobWithZeroTemp":{"iob":-0.629,"basaliob":-0.755,"bolussnooze":0,"activity":-0.0048,"lastBolusTime":1704314613000,"time":"2024-01-03T23:47:38.944Z"}},{"iob":0.077,"basaliob":-0.039,"bolussnooze":0,"activity":0.0013,"lastBolusTime":1704314613000,"time":"2024-01-03T23:52:38.944Z","iobWithZeroTemp":{"iob":-0.642,"basaliob":-0.758,"bolussnooze":0,"activity":-0.005,"lastBolusTime":1704314613000,"time":"2024-01-03T23:52:38.944Z"}},{"iob":0.071,"basaliob":-0.035,"bolussnooze":0,"activity":0.0012,"lastBolusTime":1704314613000,"time":"2024-01-03T23:57:38.944Z","iobWithZeroTemp":{"iob":-0.654,"basaliob":-0.76,"bolussnooze":0,"activity":-0.0052,"lastBolusTime":1704314613000,"time":"2024-01-03T23:57:38.944Z"}},{"iob":0.065,"basaliob":-0.032,"bolussnooze":0,"activity":0.0011,"lastBolusTime":1704314613000,"time":"2024-01-04T00:02:38.944Z","iobWithZeroTemp":{"iob":-0.657,"basaliob":-0.754,"bolussnooze":0,"activity":-0.0053,"lastBolusTime":1704314613000,"time":"2024-01-04T00:02:38.944Z"}},{"iob":0.059,"basaliob":-0.03,"bolussnooze":0,"activity":0.0011,"lastBolusTime":1704314613000,"time":"2024-01-04T00:07:38.944Z","iobWithZeroTemp":{"iob":-0.66,"basaliob":-0.749,"bolussnooze":0,"activity":-0.0054,"lastBolusTime":1704314613000,"time":"2024-01-04T00:07:38.944Z"}},{"iob":0.055,"basaliob":-0.027,"bolussnooze":0,"activity":9.0E-4,"lastBolusTime":1704314613000,"time":"2024-01-04T00:12:38.944Z","iobWithZeroTemp":{"iob":-0.661,"basaliob":-0.743,"bolussnooze":0,"activity":-0.0056,"lastBolusTime":1704314613000,"time":"2024-01-04T00:12:38.944Z"}},{"iob":0.05,"basaliob":-0.025,"bolussnooze":0,"activity":8.0E-4,"lastBolusTime":1704314613000,"time":"2024-01-04T00:17:38.944Z","iobWithZeroTemp":{"iob":-0.662,"basaliob":-0.737,"bolussnooze":0,"activity":-0.0058,"lastBolusTime":1704314613000,"time":"2024-01-04T00:17:38.944Z"}},{"iob":0.045,"basaliob":-0.023,"bolussnooze":0,"activity":8.0E-4,"lastBolusTime":1704314613000,"time":"2024-01-04T00:22:38.944Z","iobWithZeroTemp":{"iob":-0.663,"basaliob":-0.731,"bolussnooze":0,"activity":-0.0058,"lastBolusTime":1704314613000,"time":"2024-01-04T00:22:38.944Z"}},{"iob":0.041,"basaliob":-0.021,"bolussnooze":0,"activity":7.0E-4,"lastBolusTime":1704314613000,"time":"2024-01-04T00:27:38.944Z","iobWithZeroTemp":{"iob":-0.663,"basaliob":-0.725,"bolussnooze":0,"activity":-0.0059,"lastBolusTime":1704314613000,"time":"2024-01-04T00:27:38.944Z"}},{"iob":0.038,"basaliob":-0.019,"bolussnooze":0,"activity":6.0E-4,"lastBolusTime":1704314613000,"time":"2024-01-04T00:32:38.944Z","iobWithZeroTemp":{"iob":-0.662,"basaliob":-0.719,"bolussnooze":0,"activity":-0.006,"lastBolusTime":1704314613000,"time":"2024-01-04T00:32:38.944Z"}},{"iob":0.035,"basaliob":-0.017,"bolussnooze":0,"activity":7.0E-4,"lastBolusTime":1704314613000,"time":"2024-01-04T00:37:38.944Z","iobWithZeroTemp":{"iob":-0.662,"basaliob":-0.714,"bolussnooze":0,"activity":-0.0059,"lastBolusTime":1704314613000,"time":"2024-01-04T00:37:38.944Z"}},{"iob":0.031,"basaliob":-0.016,"bolussnooze":0,"activity":6.0E-4,"lastBolusTime":1704314613000,"time":"2024-01-04T00:42:38.944Z","iobWithZeroTemp":{"iob":-0.662,"basaliob":-0.709,"bolussnooze":0,"activity":-0.006,"lastBolusTime":1704314613000,"time":"2024-01-04T00:42:38.944Z"}}],"profile":{"max_iob":7,"type":"current","max_daily_basal":0.45,"max_basal":1.35,"min_bg":106.2,"max_bg":106.2,"target_bg":106.2,"carb_ratio":11,"sens":352.8,"max_daily_safety_multiplier":3,"current_basal_safety_multiplier":4,"lgsThreshold":65,"high_temptarget_raises_sensitivity":false,"low_temptarget_lowers_sensitivity":false,"sensitivity_raises_target":true,"resistance_lowers_target":true,"adv_target_adjustments":false,"exercise_mode":false,"half_basal_exercise_target":160,"maxCOB":120,"skip_neutral_temps":false,"remainingCarbsCap":90,"enableUAM":true,"A52_risk_enable":false,"SMBInterval":4,"enableSMB_with_COB":true,"enableSMB_with_temptarget":false,"allowSMB_with_high_temptarget":true,"enableSMB_always":true,"enableSMB_after_carbs":false,"maxSMBBasalMinutes":60,"maxUAMSMBBasalMinutes":60,"bolus_increment":0.05,"carbsReqThreshold":10,"current_basal":0.4,"temptargetSet":false,"autosens_max":1.2,"autosens_min":0.8,"out_units":"mmol\/L","variable_sens":196.3,"insulinDivisor":65,"TDD":8.464787458333335},"autosens_data":{"ratio":0.9040798900142852},"meal_data":{"carbs":25,"mealCOB":11.587622448979591,"slopeFromMaxDeviation":-2.823999999999998,"slopeFromMinDeviation":3.0835,"lastBolusTime":1704314613000,"lastCarbTime":1704309041087},"microBolusAllowed":true,"currentTime":1704314861942,"flatBGsDetected":false,"tdd1D":19.209083333333343,"tdd7D":22.16738095238096,"tddLast24H":20.04108333333334,"tddLast4H":5.216666666666668,"tddLast8to4H":5.183333333333333},"output":{"temp":"absolute","bg":127,"tick":"+13","eventualBG":131,"targetBG":111,"insulinReq":0,"deliverAt":"2024-01-03T20:47:41.942Z","sensitivityRatio":0.9040798900142852,"variable_sens":196.3,"predBGs":{"IOB":[127,137,146,153,158,163,166,167,167,166,163,158,153,147,141,136,130,125,120,115,110,106,101,97,93,89,85,81,78,74,71,68,65,62,59,56,54,51,49,46,44,42,40,39],"ZT":[127,118,109,100,90,80,70,58,47,39,39,39,39,39,39,39,39,39,39,39,39,39,39,39,39,39,39,39,39,39,39,39,39,39,39,39,39,40,51,60,69,77,85,92,99,106],"COB":[127,138,147,156,163,170,176,181,186,190,192,195,196,197,197,197,196,194,191,188,184,180,176,172,169,165,162,160,157,154,152,150,148,146,144,143,141,140,138,137,136,135,134,133,133,132,131],"UAM":[127,136,142,146,147,145,141,133,126,118,110,103,95,87,79,71,63,55,46,39]},"reason":"COB: 11.6, Dev: 6.7, BGI: -0.5, ISF: 10.9, CR: 11, Target: 6.2, minPredBG 0.4, minGuardBG 0.4, IOBpredBG 2.2, COBpredBG 7.3, UAMpredBG 2.2; minGuardBG 0.4<4.2","COB":11.587622448979591,"IOB":0.995,"duration":90,"rate":0,"timestamp":"2024-01-03T20:47:41.964Z"}}