{"algorithm":"OpenAPSSMBDynamicISFPlugin","input":{"glucoseStatus":{"glucose":175,"noise":0,"delta":-5,"short_avgdelta":-6.5,"long_avgdelta":-12.27,"date":1704368531845},"currenttemp":{"temp":"absolute","duration":0,"rate":0,"minutesrunning":60},"iob_data":[{"iob":1.857,"basaliob":-0.677,"bolussnooze":0.0897,"activity":0.0222,"lastBolusTime":1704365566000,"time":"2024-01-04T11:42:35.473Z","iobWithZeroTemp":{"iob":1.857,"basaliob":-0.677,"bolussnooze":0.0897,"activity":0.0222,"lastBolusTime":1704365566000,"time":"2024-01-04T11:42:35.473Z"}},{"iob":1.748,"basaliob":-0.646,"bolussnooze":0.0762,"activity":0.0214,"lastBolusTime":1704365566000,"time":"2024-01-04T11:47:35.473Z","iobWithZeroTemp":{"iob":1.721,"basaliob":-0.673,"bolussnooze":0.0762,"activity":0.0214,"lastBolusTime":1704365566000,"time":"2024-01-04T11:47:35.473Z"}},{"iob":1.643,"basaliob":-0.615,"bolussnooze":0.0646,"activity":0.0205,"lastBolusTime":1704365566000,"time":"2024-01-04T11:52:35.473Z","iobWithZeroTemp":{"iob":1.583,"basaliob":-0.675,"bolussnooze":0.0646,"activity":0.0204,"lastBolusTime":1704365566000,"time":"2024-01-04T11:52:35.473Z"}},{"iob":1.543,"basaliob":-0.584,"bolussnooze":0.0546,"activity":0.0196,"lastBolusTime":1704365566000,"time":"2024-01-04T11:57:35.473Z","iobWithZeroTemp":{"iob":1.451,"basaliob":-0.676,"bolussnooze":0.0546,"activity":0.0194,"lastBolusTime":1704365566000,"time":"2024-01-04T11:57:35.473Z"}},{"iob":1.448,"basaliob":-0.554,"bolussnooze":0.046,"activity":0.0187,"lastBolusTime":1704365566000,"time":"2024-01-04T12:02:35.473Z","iobWithZeroTemp":{"iob":1.323,"basaliob":-0.679,"bolussnooze":0.046,"activity":0.0184,"lastBolusTime":1704365566000,"time":"2024-01-04T12:02:35.473Z"}},{"iob":1.357,"basaliob":-0.524,"bolussnooze":0.0386,"activity":0.0178,"lastBolusTime":1704365566000,"time":"2024-01-04T12:07:35.473Z","iobWithZeroTemp":{"iob":1.201,"basaliob":-0.68,"bolussnooze":0.0386,"activity":0.0173,"lastBolusTime":1704365566000,"time":"2024-01-04T12:07:35.473Z"}},{"iob":1.269,"basaliob":-0.496,"bolussnooze":0.0323,"activity":0.0169,"lastBolusTime":1704365566000,"time":"2024-01-04T12:12:35.473Z","iobWithZeroTemp":{"iob":1.083,"basaliob":-0.682,"bolussnooze":0.0323,"activity":0.0162,"lastBolusTime":1704365566000,"time":"2024-01-04T12:12:35.473Z"}},{"iob":1.187,"basaliob":-0.468,"bolussnooze":0.027,"activity":0.016,"lastBolusTime":1704365566000,"time":"2024-01-04T12:17:35.473Z","iobWithZeroTemp":{"iob":0.971,"basaliob":-0.684,"bolussnooze":0.027,"activity":0.0151,"lastBolusTime":1704365566000,"time":"2024-01-04T12:17:35.473Z"}},{"iob":1.109,"basaliob":-0.441,"bolussnooze":0.0225,"activity":0.0152,"lastBolusTime":1704365566000,"time":"2024-01-04T12:22:35.473Z","iobWithZeroTemp":{"iob":0.865,"basaliob":-0.685,"bolussnooze":0.0225,"activity":0.0141,"lastBolusTime":1704365566000,"time":"2024-01-04T12:22:35.473Z"}},{"iob":1.035,"basaliob":-0.415,"bolussnooze":0.0186,"activity":0.0144,"lastBolusTime":1704365566000,"time":"2024-01-04T12:27:35.473Z","iobWithZeroTemp":{"iob":0.763,"basaliob":-0.687,"bolussnooze":0.0186,"activity":0.0131,"lastBolusTime":1704365566000,"time":"2024-01-04T12:27:35.473Z"}},{"iob":0.965,"basaliob":-0.39,"bolussnooze":0.0154,"activity":0.0136,"lastBolusTime":1704365566000,"time":"2024-01-04T12:32:35.473Z","iobWithZeroTemp":{"iob":0.667,"basaliob":-0.688,"bolussnooze":0.0154,"activity":0.0121,"lastBolusTime":1704365566000,"time":"2024-01-04T12:32:35.473Z"}},{"iob":0.899,"basaliob":-0.366,"bolussnooze":0.0127,"activity":0.0128,"lastBolusTime":1704365566000,"time":"2024-01-04T12:37:35.473Z","iobWithZeroTemp":{"iob":0.576,"basaliob":-0.689,"bolussnooze":0.0127,"activity":0.011,"lastBolusTime":1704365566000,"time":"2024-01-04T12:37:35.473Z"}},{"iob":0.837,"basaliob":-0.343,"bolussnooze":0.0104,"activity":0.012,"lastBolusTime":1704365566000,"time":"2024-01-04T12:42:35.473Z","iobWithZeroTemp":{"iob":0.49,"basaliob":-0.69,"bolussnooze":0.0104,"activity":0.01,"lastBolusTime":1704365566000,"time":"2024-01-04T12:42:35.473Z"}},{"iob":0.779,"basaliob":-0.321,"bolussnooze":0.0085,"activity":0.0114,"lastBolusTime":1704365566000,"time":"2024-01-04T12:47:35.473Z","iobWithZeroTemp":{"iob":0.409,"basaliob":-0.691,"bolussnooze":0.0085,"activity":0.0092,"lastBolusTime":1704365566000,"time":"2024-01-04T12:47:35.473Z"}},{"iob":0.723,"basaliob":-0.301,"bolussnooze":0.0069,"activity":0.0107,"lastBolusTime":1704365566000,"time":"2024-01-04T12:52:35.473Z","iobWithZeroTemp":{"iob":0.332,"basaliob":-0.692,"bolussnooze":0.0069,"activity":0.0083,"lastBolusTime":1704365566000,"time":"2024-01-04T12:52:35.473Z"}},{"iob":0.672,"basaliob":-0.281,"bolussnooze":0.0055,"activity":0.01,"lastBolusTime":1704365566000,"time":"2024-01-04T12:57:35.473Z","iobWithZeroTemp":{"iob":0.26,"basaliob":-0.693,"bolussnooze":0.0055,"activity":0.0073,"lastBolusTime":1704365566000,"time":"2024-01-04T12:57:35.473Z"}},{"iob":0.624,"basaliob":-0.262,"bolussnooze":0.0044,"activity":0.0094,"lastBolusTime":1704365566000,"time":"2024-01-04T13:02:35.473Z","iobWithZeroTemp":{"iob":0.193,"basaliob":-0.693,"bolussnooze":0.0044,"activity":0.0065,"lastBolusTime":1704365566000,"time":"2024-01-04T13:02:35.473Z"}},{"iob":0.578,"basaliob":-0.245,"bolussnooze":0.0035,"activity":0.0088,"lastBolusTime":1704365566000,"time":"2024-01-04T13:07:35.473Z","iobWithZeroTemp":{"iob":0.128,"basaliob":-0.695,"bolussnooze":0.0035,"activity":0.0057,"lastBolusTime":1704365566000,"time":"2024-01-04T13:07:35.473Z"}},{"iob":0.536,"basaliob":-0.228,"bolussnooze":0.0028,"activity":0.0082,"lastBolusTime":1704365566000,"time":"2024-01-04T13:12:35.473Z","iobWithZeroTemp":{"iob":0.069,"basaliob":-0.695,"bolussnooze":0.0028,"activity":0.0049,"lastBolusTime":1704365566000,"time":"2024-01-04T13:12:35.473Z"}},{"iob":0.495,"basaliob":-0.213,"bolussnooze":0.0022,"activity":0.0077,"lastBolusTime":1704365566000,"time":"2024-01-04T13:17:35.473Z","iobWithZeroTemp":{"iob":0.011,"basaliob":-0.697,"bolussnooze":0.0022,"activity":0.0042,"lastBolusTime":1704365566000,"time":"2024-01-04T13:17:35.473Z"}},{"iob":0.458,"basaliob":-0.198,"bolussnooze":0.0017,"activity":0.0071,"lastBolusTime":1704365566000,"time":"2024-01-04T13:22:35.473Z","iobWithZeroTemp":{"iob":-0.041,"basaliob":-0.697,"bolussnooze":0.0017,"activity":0.0034,"lastBolusTime":1704365566000,"time":"2024-01-04T13:22:35.473Z"}},{"iob":0.424,"basaliob":-0.184,"bolussnooze":0.0013,"activity":0.0067,"lastBolusTime":1704365566000,"time":"2024-01-04T13:27:35.473Z","iobWithZeroTemp":{"iob":-0.09,"basaliob":-0.698,"bolussnooze":0.0013,"activity":0.0028,"lastBolusTime":1704365566000,"time":"2024-01-04T13:27:35.473Z"}},{"iob":0.392,"basaliob":-0.171,"bolussnooze":0.001,"activity":0.0063,"lastBolusTime":1704365566000,"time":"2024-01-04T13:32:35.473Z","iobWithZeroTemp":{"iob":-0.135,"basaliob":-0.698,"bolussnooze":0.001,"activity":0.0023,"lastBolusTime":1704365566000,"time":"2024-01-04T13:32:35.473Z"}},{"iob":0.361,"basaliob":-0.159,"bolussnooze":7.0E-4,"activity":0.0058,"lastBolusTime":1704365566000,"time":"2024-01-04T13:37:35.473Z","iobWithZeroTemp":{"iob":-0.179,"basaliob":-0.699,"bolussnooze":7.0E-4,"activity":0.0016,"lastBolusTime":1704365566000,"time":"2024-01-04T13:37:35.473Z"}},{"iob":0.334,"basaliob":-0.147,"bolussnooze":5.0E-4,"activity":0.0054,"lastBolusTime":1704365566000,"time":"2024-01-04T13:42:35.473Z","iobWithZeroTemp":{"iob":-0.218,"basaliob":-0.699,"bolussnooze":5.0E-4,"activity":0.0011,"lastBolusTime":1704365566000,"time":"2024-01-04T13:42:35.473Z"}},{"iob":0.308,"basaliob":-0.136,"bolussnooze":4.0E-4,"activity":0.005,"lastBolusTime":1704365566000,"time":"2024-01-04T13:47:35.473Z","iobWithZeroTemp":{"iob":-0.255,"basaliob":-0.699,"bolussnooze":4.0E-4,"activity":5.0E-4,"lastBolusTime":1704365566000,"time":"2024-01-04T13:47:35.473Z"}},{"iob":0.284,"basaliob":-0.126,"bolussnooze":3.0E-4,"activity":0.0047,"lastBolusTime":1704365566000,"time":"2024-01-04T13:52:35.473Z","iobWithZeroTemp":{"iob":-0.29,"basaliob":-0.7,"bolussnooze":3.0E-4,"activity":1.0E-4,"lastBolusTime":1704365566000,"time":"2024-01-04T13:52:35.473Z"}},{"iob":0.261,"basaliob":-0.117,"bolussnooze":2.0E-4,"activity":0.0044,"lastBolusTime":1704365566000,"time":"2024-01-04T13:57:35.473Z","iobWithZeroTemp":{"iob":-0.323,"basaliob":-0.701,"bolussnooze":2.0E-4,"activity":-4.0E-4,"lastBolusTime":1704365566000,"time":"2024-01-04T13:57:35.473Z"}},{"iob":0.24,"basaliob":-0.108,"bolussnooze":1.0E-4,"activity":0.004,"lastBolusTime":1704365566000,"time":"2024-01-04T14:02:35.473Z","iobWithZeroTemp":{"iob":-0.353,"basaliob":-0.701,"bolussnooze":1.0E-4,"activity":-9.0E-4,"lastBolusTime":1704365566000,"time":"2024-01-04T14:02:35.473Z"}},{"iob":0.22,"basaliob":-0.1,"bolussnooze":1.0E-4,"activity":0.0037,"lastBolusTime":1704365566000,"time":"2024-01-04T14:07:35.473Z","iobWithZeroTemp":{"iob":-0.381,"basaliob":-0.701,"bolussnooze":1.0E-4,"activity":-0.0013,"lastBolusTime":1704365566000,"time":"2024-01-04T14:07:35.473Z"}},{"iob":0.203,"basaliob":-0.092,"bolussnooze":0,"activity":0.0034,"lastBolusTime":1704365566000,"time":"2024-01-04T14:12:35.473Z","iobWithZeroTemp":{"iob":-0.406,"basaliob":-0.701,"bolussnooze":0,"activity":-0.0017,"lastBolusTime":1704365566000,"time":"2024-01-04T14:12:35.473Z"}},{"iob":0.186,"basaliob":-0.085,"bolussnooze":0,"activity":0.0032,"lastBolusTime":1704365566000,"time":"2024-01-04T14:17:35.473Z","iobWithZeroTemp":{"iob":-0.431,"basaliob":-0.702,"bolussnooze":0,"activity":-0.002,"lastBolusTime":1704365566000,"time":"2024-01-04T14:17:35.473Z"}},{"iob":0.171,"basaliob":-0.078,"bolussnooze":0,"activity":0.0029,"lastBolusTime":1704365566000,"time":"2024-01-04T14:22:35.473Z","iobWithZeroTemp":{"iob":-0.453,"basaliob":-0.702,"bolussnooze":0,"activity":-0.0024,"lastBolusTime":1704365566000,"time":"2024-01-04T14:22:35.473Z"}},{"iob":0.157,"basaliob":-0.072,"bolussnooze":0,"activity":0.0027,"lastBolusTime":1704365566000,"time":"2024-01-04T14:27:35.473Z","iobWithZeroTemp":{"iob":-0.473,"basaliob":-0.702,"bolussnooze":0,"activity":-0.0027,"lastBolusTime":1704365566000,"time":"2024-01-04T14:27:35.473Z"}},{"iob":0.144,"basaliob":-0.066,"bolussnooze":0,"activity":0.0025,"lastBolusTime":1704365566000,"time":"2024-01-04T14:32:35.473Z","iobWithZeroTemp":{"iob":-0.492,"basaliob":-0.702,"bolussnooze":0,"activity":-0.003,"lastBolusTime":1704365566000,"time":"2024-01-04T14:32:35.473Z"}},{"iob":0.131,"basaliob":-0.061,"bolussnooze":0,"activity":0.0024,"lastBolusTime":1704365566000,"time":"2024-01-04T14:37:35.473Z","iobWithZeroTemp":{"iob":-0.511,"basaliob":-0.703,"bolussnooze":0,"activity":-0.0032,"lastBolusTime":1704365566000,"time":"2024-01-04T14:37:35.473Z"}},{"iob":0.12,"basaliob":-0.056,"bolussnooze":0,"activity":0.0022,"lastBolusTime":1704365566000,"time":"2024-01-04T14:42:35.473Z","iobWithZeroTemp":{"iob":-0.527,"basaliob":-0.703,"bolussnooze":0,"activity":-0.0035,"lastBolusTime":1704365566000,"time":"2024-01-04T14:42:35.473Z"}},{"iob":0.109,"basaliob":-0.052,"bolussnooze":0,"activity":0.002,"lastBolusTime":1704365566000,"time":"2024-01-04T14:47:35.473Z","iobWithZeroTemp":{"iob":-0.542,"basaliob":-0.703,"bolussnooze":0,"activity":-0.0038,"lastBolusTime":1704365566000,"time":"2024-01-04T14:47:35.473Z"}},{"iob":0.101,"basaliob":-0.047,"bolussnooze":0,"activity":0.0018,"lastBolusTime":1704365566000,"time":"2024-01-04T14:52:35.473Z","iobWithZeroTemp":{"iob":-0.555,"basaliob":-0.703,"bolussnooze":0,"activity":-0.004,"lastBolusTime":1704365566000,"time":"2024-01-04T14:52:35.473Z"}},{"iob":0.091,"basaliob":-0.044,"bolussnooze":0,"activity":0.0016,"lastBolusTime":1704365566000,"time":"2024-01-04T14:57:35.473Z","iobWithZeroTemp":{"iob":-0.569,"basaliob":-0.704,"bolussnooze":0,"activity":-0.0043,"lastBolusTime":1704365566000,"time":"2024-01-04T14:57:35.473Z"}},{"iob":0.083,"basaliob":-0.04,"bolussnooze":0,"activity":0.0015,"lastBolusTime":1704365566000,"time":"2024-01-04T15:02:35.473Z","iobWithZeroTemp":{"iob":-0.581,"basaliob":-0.704,"bolussnooze":0,"activity":-0.0044,"lastBolusTime":1704365566000,"time":"2024-01-04T15:02:35.473Z"}},{"iob":0.076,"basaliob":-0.037,"bolussnooze":0,"activity":0.0015,"lastBolusTime":1704365566000,"time":"2024-01-04T15:07:35.473Z","iobWithZeroTemp":{"iob":-0.591,"basaliob":-0.704,"bolussnooze":0,"activity":-0.0045,"lastBolusTime":1704365566000,"time":"2024-01-04T15:07:35.473Z"}},{"iob":0.07,"basaliob":-0.033,"bolussnooze":0,"activity":0.0013,"lastBolusTime":1704365566000,"time":"2024-01-04T15:12:35.473Z","iobWithZeroTemp":{"iob":-0.6,"basaliob":-0.703,"bolussnooze":0,"activity":-0.0048,"lastBolusTime":1704365566000,"time":"2024-01-04T15:12:35.473Z"}},{"iob":0.063,"basaliob":-0.031,"bolussnooze":0,"activity":0.0012,"lastBolusTime":1704365566000,"time":"2024-01-04T15:17:35.473Z","iobWithZeroTemp":{"iob":-0.61,"basaliob":-0.704,"bolussnooze":0,"activity":-0.0049,"lastBolusTime":1704365566000,"time":"2024-01-04T15:17:35.473Z"}},{"iob":0.057,"basaliob":-0.028,"bolussnooze":0,"activity":0.0011,"lastBolusTime":1704365566000,"time":"2024-01-04T15:22:35.473Z","iobWithZeroTemp":{"iob":-0.619,"basaliob":-0.704,"bolussnooze":0,"activity":-0.005,"lastBolusTime":1704365566000,"time":"2024-01-04T15:22:35.473Z"}},{"iob":0.051,"basaliob":-0.026,"bolussnooze":0,"activity":0.001,"lastBolusTime":1704365566000,"time":"2024-01-04T15:27:35.473Z","iobWithZeroTemp":{"iob":-0.627,"basaliob":-0.704,"bolussnooze":0,"activity":-0.0052,"lastBolusTime":1704365566000,"time":"2024-01-04T15:27:35.473Z"}},{"iob":0.047,"basaliob":-0.023,"bolussnooze":0,"activity":0.001,"lastBolusTime":1704365566000,"time":"2024-01-04T15:32:35.473Z","iobWithZeroTemp":{"iob":-0.634,"basaliob":-0.704,"bolussnooze":0,"activity":-0.0052,"lastBolusTime":1704365566000,"time":"2024-01-04T15:32:35.473Z"}},{"iob":0.043,"basaliob":-0.021,"bolussnooze":0,"activity":8.0E-4,"lastBolusTime":1704365566000,"time":"2024-01-04T15:37:35.473Z","iobWithZeroTemp":{"iob":-0.64,"basaliob":-0.704,"bolussnooze":0,"activity":-0.0055,"lastBolusTime":1704365566000,"time":"2024-01-04T15:37:35.473Z"}}],"profile":{"max_iob":7,"type":"current","max_daily_basal":0.45,"max_basal":1.35,"min_bg":81.0000000000001,"max_bg":81.0000000000001,"target_bg":81.0000000000001,"carb_ratio":11,"sens":352.8,"max_daily_safety_multiplier":3,"current_basal_safety_multiplier":4,"lgsThreshold":65,"high_temptarget_raises_sensitivity":false,"low_temptarget_lowers_sensitivity":false,"sensitivity_raises_target":true,"resistance_lowers_target":true,"adv_target_adjustments":false,"exercise_mode":false,"half_basal_exercise_target":160,"maxCOB":120,"skip_neutral_temps":false,"remainingCarbsCap":90,"enableUAM":true,"A52_risk_enable":false,"SMBInterval":4,"enableSMB_with_COB":true,"enableSMB_with_temptarget":false,"allowSMB_with_high_temptarget":true,"enableSMB_always":true,"enableSMB_after_carbs":false,"maxSMBBasalMinutes":60,"maxUAMSMBBasalMinutes":60,"bolus_increment":0.05,"carbsReqThreshold":10,"current_basal":0.4,"temptargetSet":true,"autosens_max":1.2,"autosens_min":0.8,"out_units":"mmol\/L","variable_sens":162.9,"insulinDivisor":65,"TDD":8.459828958333334},"autosens_data":{"ratio":1.098157700576592},"meal_data":{"carbs":50,"mealCOB":29.113552154195006,"slopeFromMaxDeviation":-2.470999999999999,"slopeFromMinDeviation":1.5445,"lastBolusTime":1704365566000,"lastCarbTime":1704364863000},"microBolusAllowed":true,"currentTime":1704368557782,"flatBGsDetected":false,"tdd1D":20.64108333333334,"tdd7D":22.492595238095245,"tddLast24H":24.700416666666676,"tddLast4H":5.1499999999999995,"tddLast8to4H":4.333333333333332},"output":{"temp":"absolute","bg":175,"tick":-5,"eventualBG":292,"targetBG":81.0000000000001,"insulinReq":0,"deliverAt":"2024-01-04T11:42:37.782Z","sensitivityRatio":1.098157700576592,"variable_sens":162.9,"predBGs":{"IOB":[175,168,159,150,141,130,119,106,93,77,60,39,39],"ZT":[175,157,138,119,100,78,55,39,39,39,39,39,39,39,39,39,39,39,39,39,39,39,39,39,39,39,39,39,39,39,39,39,39,39,39,39,39,39,39,39,39,39,39,39,39,39,39,39],"COB":[175,168,163,157,153,149,146,144,142,141,141,141,142,143,145,148,151,154,158,163,167,173,178,184,190,197,204,210,217,223,229,235,241,246,251,256,261,265,269,273,277,280,283,286,288,290,291,292],"UAM":[175,166,155,141,125,106,87,65,41,39,39,39,39]},"reason":"COB: 29.1, Dev: 3.8, BGI: -1.0, ISF: 9.1, CR: 11, Target: 4.5, minPredBG -1.2, minGuardBG -6.1, IOBpredBG 2.2, COBpredBG 16.2, UAMpredBG 2.2; minGuardBG -6.1<3.6","COB":29.113552154195006,"IOB":1.857,"duration":120,"rate":0,"timestamp":"2024-01-04T11:42:37.808Z"}}