{"algorithm":"OpenAPSSMBDynamicISFPlugin","input":{"glucoseStatus":{"glucose":174,"noise":0,"delta":3,"short_avgdelta":3.61,"long_avgdelta":4.94,"date":1704414432667},"currenttemp":{"temp":"absolute","duration":50,"rate":0,"minutesrunning":10},"iob_data":[{"iob":0.975,"basaliob":-0.332,"bolussnooze":0.0012,"activity":0.0071,"lastBolusTime":1704414169000,"time":"2024-01-05T00:27:36.496Z","iobWithZeroTemp":{"iob":0.975,"basaliob":-0.332,"bolussnooze":0.0012,"activity":0.0071,"lastBolusTime":1704414169000,"time":"2024-01-05T00:27:36.496Z"}},{"iob":0.938,"basaliob":-0.31,"bolussnooze":9.0E-4,"activity":0.0075,"lastBolusTime":1704414169000,"time":"2024-01-05T00:32:36.496Z","iobWithZeroTemp":{"iob":0.915,"basaliob":-0.333,"bolussnooze":9.0E-4,"activity":0.0075,"lastBolusTime":1704414169000,"time":"2024-01-05T00:32:36.496Z"}},{"iob":0.901,"basaliob":-0.289,"bolussnooze":7.0E-4,"activity":0.0076,"lastBolusTime":1704414169000,"time":"2024-01-05T00:37:36.496Z","iobWithZeroTemp":{"iob":0.849,"basaliob":-0.341,"bolussnooze":7.0E-4,"activity":0.0075,"lastBolusTime":1704414169000,"time":"2024-01-05T00:37:36.496Z"}},{"iob":0.862,"basaliob":-0.27,"bolussnooze":6.0E-4,"activity":0.0077,"lastBolusTime":1704414169000,"time":"2024-01-05T00:42:36.496Z","iobWithZeroTemp":{"iob":0.781,"basaliob":-0.351,"bolussnooze":6.0E-4,"activity":0.0075,"lastBolusTime":1704414169000,"time":"2024-01-05T00:42:36.496Z"}},{"iob":0.824,"basaliob":-0.251,"bolussnooze":4.0E-4,"activity":0.0078,"lastBolusTime":1704414169000,"time":"2024-01-05T00:47:36.496Z","iobWithZeroTemp":{"iob":0.715,"basaliob":-0.36,"bolussnooze":4.0E-4,"activity":0.0075,"lastBolusTime":1704414169000,"time":"2024-01-05T00:47:36.496Z"}},{"iob":0.785,"basaliob":-0.234,"bolussnooze":3.0E-4,"activity":0.0077,"lastBolusTime":1704414169000,"time":"2024-01-05T00:52:36.496Z","iobWithZeroTemp":{"iob":0.649,"basaliob":-0.37,"bolussnooze":3.0E-4,"activity":0.0073,"lastBolusTime":1704414169000,"time":"2024-01-05T00:52:36.496Z"}},{"iob":0.746,"basaliob":-0.218,"bolussnooze":2.0E-4,"activity":0.0076,"lastBolusTime":1704414169000,"time":"2024-01-05T00:57:36.496Z","iobWithZeroTemp":{"iob":0.583,"basaliob":-0.381,"bolussnooze":2.0E-4,"activity":0.007,"lastBolusTime":1704414169000,"time":"2024-01-05T00:57:36.496Z"}},{"iob":0.708,"basaliob":-0.202,"bolussnooze":2.0E-4,"activity":0.0075,"lastBolusTime":1704414169000,"time":"2024-01-05T01:02:36.496Z","iobWithZeroTemp":{"iob":0.526,"basaliob":-0.384,"bolussnooze":2.0E-4,"activity":0.0067,"lastBolusTime":1704414169000,"time":"2024-01-05T01:02:36.496Z"}},{"iob":0.671,"basaliob":-0.188,"bolussnooze":1.0E-4,"activity":0.0074,"lastBolusTime":1704414169000,"time":"2024-01-05T01:07:36.496Z","iobWithZeroTemp":{"iob":0.47,"basaliob":-0.389,"bolussnooze":1.0E-4,"activity":0.0065,"lastBolusTime":1704414169000,"time":"2024-01-05T01:07:36.496Z"}},{"iob":0.634,"basaliob":-0.175,"bolussnooze":1.0E-4,"activity":0.0072,"lastBolusTime":1704414169000,"time":"2024-01-05T01:12:36.496Z","iobWithZeroTemp":{"iob":0.416,"basaliob":-0.393,"bolussnooze":1.0E-4,"activity":0.0061,"lastBolusTime":1704414169000,"time":"2024-01-05T01:12:36.496Z"}},{"iob":0.599,"basaliob":-0.162,"bolussnooze":0,"activity":0.0069,"lastBolusTime":1704414169000,"time":"2024-01-05T01:17:36.496Z","iobWithZeroTemp":{"iob":0.364,"basaliob":-0.397,"bolussnooze":0,"activity":0.0056,"lastBolusTime":1704414169000,"time":"2024-01-05T01:17:36.496Z"}},{"iob":0.565,"basaliob":-0.15,"bolussnooze":0,"activity":0.0067,"lastBolusTime":1704414169000,"time":"2024-01-05T01:22:36.496Z","iobWithZeroTemp":{"iob":0.314,"basaliob":-0.401,"bolussnooze":0,"activity":0.0053,"lastBolusTime":1704414169000,"time":"2024-01-05T01:22:36.496Z"}},{"iob":0.531,"basaliob":-0.139,"bolussnooze":0,"activity":0.0065,"lastBolusTime":1704414169000,"time":"2024-01-05T01:27:36.496Z","iobWithZeroTemp":{"iob":0.265,"basaliob":-0.405,"bolussnooze":0,"activity":0.0049,"lastBolusTime":1704414169000,"time":"2024-01-05T01:27:36.496Z"}},{"iob":0.499,"basaliob":-0.129,"bolussnooze":0,"activity":0.0062,"lastBolusTime":1704414169000,"time":"2024-01-05T01:32:36.496Z","iobWithZeroTemp":{"iob":0.219,"basaliob":-0.409,"bolussnooze":0,"activity":0.0044,"lastBolusTime":1704414169000,"time":"2024-01-05T01:32:36.496Z"}},{"iob":0.469,"basaliob":-0.119,"bolussnooze":0,"activity":0.0059,"lastBolusTime":1704414169000,"time":"2024-01-05T01:37:36.496Z","iobWithZeroTemp":{"iob":0.176,"basaliob":-0.412,"bolussnooze":0,"activity":0.004,"lastBolusTime":1704414169000,"time":"2024-01-05T01:37:36.496Z"}},{"iob":0.44,"basaliob":-0.11,"bolussnooze":0,"activity":0.0057,"lastBolusTime":1704414169000,"time":"2024-01-05T01:42:36.496Z","iobWithZeroTemp":{"iob":0.134,"basaliob":-0.416,"bolussnooze":0,"activity":0.0036,"lastBolusTime":1704414169000,"time":"2024-01-05T01:42:36.496Z"}},{"iob":0.413,"basaliob":-0.101,"bolussnooze":0,"activity":0.0054,"lastBolusTime":1704414169000,"time":"2024-01-05T01:47:36.496Z","iobWithZeroTemp":{"iob":0.095,"basaliob":-0.419,"bolussnooze":0,"activity":0.0032,"lastBolusTime":1704414169000,"time":"2024-01-05T01:47:36.496Z"}},{"iob":0.386,"basaliob":-0.094,"bolussnooze":0,"activity":0.0052,"lastBolusTime":1704414169000,"time":"2024-01-05T01:52:36.496Z","iobWithZeroTemp":{"iob":0.057,"basaliob":-0.423,"bolussnooze":0,"activity":0.0029,"lastBolusTime":1704414169000,"time":"2024-01-05T01:52:36.496Z"}},{"iob":0.361,"basaliob":-0.086,"bolussnooze":0,"activity":0.0049,"lastBolusTime":1704414169000,"time":"2024-01-05T01:57:36.496Z","iobWithZeroTemp":{"iob":0.022,"basaliob":-0.425,"bolussnooze":0,"activity":0.0024,"lastBolusTime":1704414169000,"time":"2024-01-05T01:57:36.496Z"}},{"iob":0.337,"basaliob":-0.08,"bolussnooze":0,"activity":0.0046,"lastBolusTime":1704414169000,"time":"2024-01-05T02:02:36.496Z","iobWithZeroTemp":{"iob":-0.012,"basaliob":-0.429,"bolussnooze":0,"activity":0.002,"lastBolusTime":1704414169000,"time":"2024-01-05T02:02:36.496Z"}},{"iob":0.315,"basaliob":-0.073,"bolussnooze":0,"activity":0.0044,"lastBolusTime":1704414169000,"time":"2024-01-05T02:07:36.496Z","iobWithZeroTemp":{"iob":-0.043,"basaliob":-0.431,"bolussnooze":0,"activity":0.0017,"lastBolusTime":1704414169000,"time":"2024-01-05T02:07:36.496Z"}},{"iob":0.294,"basaliob":-0.067,"bolussnooze":0,"activity":0.0042,"lastBolusTime":1704414169000,"time":"2024-01-05T02:12:36.496Z","iobWithZeroTemp":{"iob":-0.073,"basaliob":-0.434,"bolussnooze":0,"activity":0.0014,"lastBolusTime":1704414169000,"time":"2024-01-05T02:12:36.496Z"}},{"iob":0.273,"basaliob":-0.062,"bolussnooze":0,"activity":0.0039,"lastBolusTime":1704414169000,"time":"2024-01-05T02:17:36.496Z","iobWithZeroTemp":{"iob":-0.102,"basaliob":-0.437,"bolussnooze":0,"activity":0.001,"lastBolusTime":1704414169000,"time":"2024-01-05T02:17:36.496Z"}},{"iob":0.255,"basaliob":-0.057,"bolussnooze":0,"activity":0.0036,"lastBolusTime":1704414169000,"time":"2024-01-05T02:22:36.496Z","iobWithZeroTemp":{"iob":-0.127,"basaliob":-0.439,"bolussnooze":0,"activity":6.0E-4,"lastBolusTime":1704414169000,"time":"2024-01-05T02:22:36.496Z"}},{"iob":0.237,"basaliob":-0.052,"bolussnooze":0,"activity":0.0035,"lastBolusTime":1704414169000,"time":"2024-01-05T02:27:36.496Z","iobWithZeroTemp":{"iob":-0.152,"basaliob":-0.441,"bolussnooze":0,"activity":4.0E-4,"lastBolusTime":1704414169000,"time":"2024-01-05T02:27:36.496Z"}},{"iob":0.22,"basaliob":-0.048,"bolussnooze":0,"activity":0.0033,"lastBolusTime":1704414169000,"time":"2024-01-05T02:32:36.496Z","iobWithZeroTemp":{"iob":-0.176,"basaliob":-0.444,"bolussnooze":0,"activity":1.0E-4,"lastBolusTime":1704414169000,"time":"2024-01-05T02:32:36.496Z"}},{"iob":0.204,"basaliob":-0.044,"bolussnooze":0,"activity":0.003,"lastBolusTime":1704414169000,"time":"2024-01-05T02:37:36.496Z","iobWithZeroTemp":{"iob":-0.198,"basaliob":-0.446,"bolussnooze":0,"activity":-3.0E-4,"lastBolusTime":1704414169000,"time":"2024-01-05T02:37:36.496Z"}},{"iob":0.19,"basaliob":-0.04,"bolussnooze":0,"activity":0.0029,"lastBolusTime":1704414169000,"time":"2024-01-05T02:42:36.496Z","iobWithZeroTemp":{"iob":-0.218,"basaliob":-0.448,"bolussnooze":0,"activity":-5.0E-4,"lastBolusTime":1704414169000,"time":"2024-01-05T02:42:36.496Z"}},{"iob":0.176,"basaliob":-0.037,"bolussnooze":0,"activity":0.0026,"lastBolusTime":1704414169000,"time":"2024-01-05T02:47:36.496Z","iobWithZeroTemp":{"iob":-0.237,"basaliob":-0.45,"bolussnooze":0,"activity":-9.0E-4,"lastBolusTime":1704414169000,"time":"2024-01-05T02:47:36.496Z"}},{"iob":0.162,"basaliob":-0.034,"bolussnooze":0,"activity":0.0025,"lastBolusTime":1704414169000,"time":"2024-01-05T02:52:36.496Z","iobWithZeroTemp":{"iob":-0.256,"basaliob":-0.452,"bolussnooze":0,"activity":-0.0011,"lastBolusTime":1704414169000,"time":"2024-01-05T02:52:36.496Z"}},{"iob":0.15,"basaliob":-0.031,"bolussnooze":0,"activity":0.0023,"lastBolusTime":1704414169000,"time":"2024-01-05T02:57:36.496Z","iobWithZeroTemp":{"iob":-0.273,"basaliob":-0.454,"bolussnooze":0,"activity":-0.0013,"lastBolusTime":1704414169000,"time":"2024-01-05T02:57:36.496Z"}},{"iob":0.14,"basaliob":-0.028,"bolussnooze":0,"activity":0.0022,"lastBolusTime":1704414169000,"time":"2024-01-05T03:02:36.496Z","iobWithZeroTemp":{"iob":-0.289,"basaliob":-0.457,"bolussnooze":0,"activity":-0.0015,"lastBolusTime":1704414169000,"time":"2024-01-05T03:02:36.496Z"}},{"iob":0.129,"basaliob":-0.026,"bolussnooze":0,"activity":0.002,"lastBolusTime":1704414169000,"time":"2024-01-05T03:07:36.496Z","iobWithZeroTemp":{"iob":-0.307,"basaliob":-0.462,"bolussnooze":0,"activity":-0.0018,"lastBolusTime":1704414169000,"time":"2024-01-05T03:07:36.496Z"}},{"iob":0.119,"basaliob":-0.023,"bolussnooze":0,"activity":0.0019,"lastBolusTime":1704414169000,"time":"2024-01-05T03:12:36.496Z","iobWithZeroTemp":{"iob":-0.323,"basaliob":-0.465,"bolussnooze":0,"activity":-0.0019,"lastBolusTime":1704414169000,"time":"2024-01-05T03:12:36.496Z"}},{"iob":0.11,"basaliob":-0.021,"bolussnooze":0,"activity":0.0018,"lastBolusTime":1704414169000,"time":"2024-01-05T03:17:36.496Z","iobWithZeroTemp":{"iob":-0.338,"basaliob":-0.469,"bolussnooze":0,"activity":-0.0021,"lastBolusTime":1704414169000,"time":"2024-01-05T03:17:36.496Z"}},{"iob":0.102,"basaliob":-0.019,"bolussnooze":0,"activity":0.0016,"lastBolusTime":1704414169000,"time":"2024-01-05T03:22:36.496Z","iobWithZeroTemp":{"iob":-0.351,"basaliob":-0.472,"bolussnooze":0,"activity":-0.0023,"lastBolusTime":1704414169000,"time":"2024-01-05T03:22:36.496Z"}},{"iob":0.093,"basaliob":-0.018,"bolussnooze":0,"activity":0.0016,"lastBolusTime":1704414169000,"time":"2024-01-05T03:27:36.496Z","iobWithZeroTemp":{"iob":-0.365,"basaliob":-0.476,"bolussnooze":0,"activity":-0.0024,"lastBolusTime":1704414169000,"time":"2024-01-05T03:27:36.496Z"}},{"iob":0.086,"basaliob":-0.016,"bolussnooze":0,"activity":0.0014,"lastBolusTime":1704414169000,"time":"2024-01-05T03:32:36.496Z","iobWithZeroTemp":{"iob":-0.377,"basaliob":-0.479,"bolussnooze":0,"activity":-0.0027,"lastBolusTime":1704414169000,"time":"2024-01-05T03:32:36.496Z"}},{"iob":0.079,"basaliob":-0.015,"bolussnooze":0,"activity":0.0013,"lastBolusTime":1704414169000,"time":"2024-01-05T03:37:36.496Z","iobWithZeroTemp":{"iob":-0.389,"basaliob":-0.483,"bolussnooze":0,"activity":-0.0028,"lastBolusTime":1704414169000,"time":"2024-01-05T03:37:36.496Z"}},{"iob":0.073,"basaliob":-0.013,"bolussnooze":0,"activity":0.0012,"lastBolusTime":1704414169000,"time":"2024-01-05T03:42:36.496Z","iobWithZeroTemp":{"iob":-0.399,"basaliob":-0.485,"bolussnooze":0,"activity":-0.003,"lastBolusTime":1704414169000,"time":"2024-01-05T03:42:36.496Z"}},{"iob":0.067,"basaliob":-0.012,"bolussnooze":0,"activity":0.0012,"lastBolusTime":1704414169000,"time":"2024-01-05T03:47:36.496Z","iobWithZeroTemp":{"iob":-0.409,"basaliob":-0.488,"bolussnooze":0,"activity":-0.003,"lastBolusTime":1704414169000,"time":"2024-01-05T03:47:36.496Z"}},{"iob":0.061,"basaliob":-0.011,"bolussnooze":0,"activity":0.0011,"lastBolusTime":1704414169000,"time":"2024-01-05T03:52:36.496Z","iobWithZeroTemp":{"iob":-0.419,"basaliob":-0.491,"bolussnooze":0,"activity":-0.0032,"lastBolusTime":1704414169000,"time":"2024-01-05T03:52:36.496Z"}},{"iob":0.056,"basaliob":-0.01,"bolussnooze":0,"activity":0.001,"lastBolusTime":1704414169000,"time":"2024-01-05T03:57:36.496Z","iobWithZeroTemp":{"iob":-0.427,"basaliob":-0.493,"bolussnooze":0,"activity":-0.0033,"lastBolusTime":1704414169000,"time":"2024-01-05T03:57:36.496Z"}},{"iob":0.052,"basaliob":-0.009,"bolussnooze":0,"activity":9.0E-4,"lastBolusTime":1704414169000,"time":"2024-01-05T04:02:36.496Z","iobWithZeroTemp":{"iob":-0.443,"basaliob":-0.504,"bolussnooze":0,"activity":-0.0035,"lastBolusTime":1704414169000,"time":"2024-01-05T04:02:36.496Z"}},{"iob":0.047,"basaliob":-0.008,"bolussnooze":0,"activity":8.0E-4,"lastBolusTime":1704414169000,"time":"2024-01-05T04:07:36.496Z","iobWithZeroTemp":{"iob":-0.459,"basaliob":-0.514,"bolussnooze":0,"activity":-0.0036,"lastBolusTime":1704414169000,"time":"2024-01-05T04:07:36.496Z"}},{"iob":0.044,"basaliob":-0.007,"bolussnooze":0,"activity":7.0E-4,"lastBolusTime":1704414169000,"time":"2024-01-05T04:12:36.496Z","iobWithZeroTemp":{"iob":-0.473,"basaliob":-0.524,"bolussnooze":0,"activity":-0.0038,"lastBolusTime":1704414169000,"time":"2024-01-05T04:12:36.496Z"}},{"iob":0.039,"basaliob":-0.007,"bolussnooze":0,"activity":7.0E-4,"lastBolusTime":1704414169000,"time":"2024-01-05T04:17:36.496Z","iobWithZeroTemp":{"iob":-0.489,"basaliob":-0.535,"bolussnooze":0,"activity":-0.0039,"lastBolusTime":1704414169000,"time":"2024-01-05T04:17:36.496Z"}},{"iob":0.036,"basaliob":-0.006,"bolussnooze":0,"activity":7.0E-4,"lastBolusTime":1704414169000,"time":"2024-01-05T04:22:36.496Z","iobWithZeroTemp":{"iob":-0.502,"basaliob":-0.544,"bolussnooze":0,"activity":-0.0039,"lastBolusTime":1704414169000,"time":"2024-01-05T04:22:36.496Z"}}],"profile":{"max_iob":7,"type":"current","max_daily_basal":0.45,"max_basal":1.35,"min_bg":81,"max_bg":81,"target_bg":81,"carb_ratio":11,"sens":369,"max_daily_safety_multiplier":3,"current_basal_safety_multiplier":4,"lgsThreshold":65,"high_temptarget_raises_sensitivity":false,"low_temptarget_lowers_sensitivity":false,"sensitivity_raises_target":true,"resistance_lowers_target":true,"adv_target_adjustments":false,"exercise_mode":false,"half_basal_exercise_target":160,"maxCOB":120,"skip_neutral_temps":false,"remainingCarbsCap":90,"enableUAM":true,"A52_risk_enable":false,"SMBInterval":4,"enableSMB_with_COB":true,"enableSMB_with_temptarget":false,"allowSMB_with_high_temptarget":true,"enableSMB_always":true,"enableSMB_after_carbs":false,"maxSMBBasalMinutes":60,"maxUAMSMBBasalMinutes":60,"bolus_increment":0.05,"carbsReqThreshold":10,"current_basal":0.35,"temptargetSet":true,"autosens_max":1.2,"autosens_min":0.8,"out_units":"mmol\/L","variable_sens":148.5,"insulinDivisor":65,"TDD":9.30700279166667},"autosens_data":{"ratio":1.175650899717524},"meal_data":{"carbs":25,"mealCOB":2.37894411260439,"slopeFromMaxDeviation":-0.0435555555555559,"slopeFromMinDeviation":0.9344999999999993,"lastBolusTime":1704414169000,"lastCarbTime":1704402868000},"microBolusAllowed":true,"currentTime":1704414458646,"flatBGsDetected":false,"tdd1D":28.050416666666692,"tdd7D":23.609261904761915,"tddLast24H":27.75625000000001,"tddLast4H":4.558333333333334,"tddLast8to4H":5.033333333333333},"output":{"temp":"absolute","bg":174,"tick":"+3","eventualBG":140,"targetBG":81,"insulinReq":0.18,"deliverAt":"2024-01-05T00:27:38.646Z","sensitivityRatio":1.175650899717524,"variable_sens":148.5,"predBGs":{"IOB":[174,176,178,178,178,177,176,174,171,167,163,159,154,148,143,138,134,129,124,120,116,111,107,103,100,96,93,89,86,83,80,77,75,72,70,67,65,63,61,59,57,55,54,52,51,49,48,47],"ZT":[174,169,163,157,151,145,139,133,128,122,116,111,106,101,96,92,88,85,81,78,76,74,72,71,70,69,69,70,70,71,73,75,76,79,81],"COB":[174,176,177,176,174,171,168,163,157,152,146,141,136,131,127,122,118,114,110,107,103,100,97,94,91,89,86,84,82,80,78,76,75,73,72,70,69,68,67,66,65,64,64,63,62,62,61,60],"UAM":[174,177,179,181,182,183,184,185,185,185,185,185,185,185,184,184,183,182,181,180,179,177,176,174,172,170,168,165,163,161,159,158,156,154,153,151,150,149,148,146,146,145,144,143,142,141,141,140]},"reason":"COB: 2.4, Dev: 2.8, BGI: -0.3, ISF: 8.3, CR: 11, Target: 4.5, minPredBG 6.0, minGuardBG 7.3, IOBpredBG 2.6, COBpredBG 3.3, UAMpredBG 7.8; Eventual BG 7.8 >= 4.5,  insulinReq 0.18; setting 60m low temp of 0U\/h. Microbolusing 0.05U. ","COB":2.37894411260439,"IOB":0.975,"units":0.05,"rate":0,"duration":60,"timestamp":"2024-01-05T00:27:38.670Z"}}