{"algorithm":"OpenAPSSMBDynamicISFPlugin","input":{"glucoseStatus":{"glucose":200,"noise":0,"delta":-1,"short_avgdelta":-0.72,"long_avgdelta":0.47,"date":1704089224727},"currenttemp":{"temp":"absolute","duration":54,"rate":0,"minutesrunning":6},"iob_data":[{"iob":1.331,"basaliob":-0.422,"bolussnooze":0,"activity":0.0118,"lastBolusTime":1704089268000,"time":"2024-01-01T06:08:53.774Z","iobWithZeroTemp":{"iob":1.331,"basaliob":-0.422,"bolussnooze":0,"activity":0.0118,"lastBolusTime":1704089268000,"time":"2024-01-01T06:08:53.774Z"}},{"iob":1.271,"basaliob":-0.405,"bolussnooze":0,"activity":0.012,"lastBolusTime":1704089268000,"time":"2024-01-01T06:13:53.774Z","iobWithZeroTemp":{"iob":1.244,"basaliob":-0.432,"bolussnooze":0,"activity":0.012,"lastBolusTime":1704089268000,"time":"2024-01-01T06:13:53.774Z"}},{"iob":1.211,"basaliob":-0.387,"bolussnooze":0,"activity":0.0119,"lastBolusTime":1704089268000,"time":"2024-01-01T06:18:53.774Z","iobWithZeroTemp":{"iob":1.151,"basaliob":-0.447,"bolussnooze":0,"activity":0.0118,"lastBolusTime":1704089268000,"time":"2024-01-01T06:18:53.774Z"}},{"iob":1.152,"basaliob":-0.369,"bolussnooze":0,"activity":0.0117,"lastBolusTime":1704089268000,"time":"2024-01-01T06:23:53.774Z","iobWithZeroTemp":{"iob":1.06,"basaliob":-0.461,"bolussnooze":0,"activity":0.0115,"lastBolusTime":1704089268000,"time":"2024-01-01T06:23:53.774Z"}},{"iob":1.094,"basaliob":-0.351,"bolussnooze":0,"activity":0.0116,"lastBolusTime":1704089268000,"time":"2024-01-01T06:28:53.774Z","iobWithZeroTemp":{"iob":0.969,"basaliob":-0.476,"bolussnooze":0,"activity":0.0113,"lastBolusTime":1704089268000,"time":"2024-01-01T06:28:53.774Z"}},{"iob":1.037,"basaliob":-0.333,"bolussnooze":0,"activity":0.0113,"lastBolusTime":1704089268000,"time":"2024-01-01T06:33:53.774Z","iobWithZeroTemp":{"iob":0.881,"basaliob":-0.489,"bolussnooze":0,"activity":0.0108,"lastBolusTime":1704089268000,"time":"2024-01-01T06:33:53.774Z"}},{"iob":0.981,"basaliob":-0.316,"bolussnooze":0,"activity":0.0111,"lastBolusTime":1704089268000,"time":"2024-01-01T06:38:53.774Z","iobWithZeroTemp":{"iob":0.795,"basaliob":-0.502,"bolussnooze":0,"activity":0.0104,"lastBolusTime":1704089268000,"time":"2024-01-01T06:38:53.774Z"}},{"iob":0.927,"basaliob":-0.299,"bolussnooze":0,"activity":0.0107,"lastBolusTime":1704089268000,"time":"2024-01-01T06:43:53.774Z","iobWithZeroTemp":{"iob":0.711,"basaliob":-0.515,"bolussnooze":0,"activity":0.0098,"lastBolusTime":1704089268000,"time":"2024-01-01T06:43:53.774Z"}},{"iob":0.874,"basaliob":-0.283,"bolussnooze":0,"activity":0.0104,"lastBolusTime":1704089268000,"time":"2024-01-01T06:48:53.774Z","iobWithZeroTemp":{"iob":0.63,"basaliob":-0.527,"bolussnooze":0,"activity":0.0093,"lastBolusTime":1704089268000,"time":"2024-01-01T06:48:53.774Z"}},{"iob":0.823,"basaliob":-0.267,"bolussnooze":0,"activity":0.01,"lastBolusTime":1704089268000,"time":"2024-01-01T06:53:53.774Z","iobWithZeroTemp":{"iob":0.551,"basaliob":-0.539,"bolussnooze":0,"activity":0.0087,"lastBolusTime":1704089268000,"time":"2024-01-01T06:53:53.774Z"}},{"iob":0.775,"basaliob":-0.251,"bolussnooze":0,"activity":0.0096,"lastBolusTime":1704089268000,"time":"2024-01-01T06:58:53.774Z","iobWithZeroTemp":{"iob":0.477,"basaliob":-0.549,"bolussnooze":0,"activity":0.0081,"lastBolusTime":1704089268000,"time":"2024-01-01T06:58:53.774Z"}},{"iob":0.727,"basaliob":-0.237,"bolussnooze":0,"activity":0.0092,"lastBolusTime":1704089268000,"time":"2024-01-01T07:03:53.774Z","iobWithZeroTemp":{"iob":0.404,"basaliob":-0.56,"bolussnooze":0,"activity":0.0074,"lastBolusTime":1704089268000,"time":"2024-01-01T07:03:53.774Z"}},{"iob":0.683,"basaliob":-0.222,"bolussnooze":0,"activity":0.0088,"lastBolusTime":1704089268000,"time":"2024-01-01T07:08:53.774Z","iobWithZeroTemp":{"iob":0.336,"basaliob":-0.569,"bolussnooze":0,"activity":0.0068,"lastBolusTime":1704089268000,"time":"2024-01-01T07:08:53.774Z"}},{"iob":0.639,"basaliob":-0.209,"bolussnooze":0,"activity":0.0083,"lastBolusTime":1704089268000,"time":"2024-01-01T07:13:53.774Z","iobWithZeroTemp":{"iob":0.269,"basaliob":-0.579,"bolussnooze":0,"activity":0.0061,"lastBolusTime":1704089268000,"time":"2024-01-01T07:13:53.774Z"}},{"iob":0.598,"basaliob":-0.196,"bolussnooze":0,"activity":0.008,"lastBolusTime":1704089268000,"time":"2024-01-01T07:18:53.774Z","iobWithZeroTemp":{"iob":0.207,"basaliob":-0.587,"bolussnooze":0,"activity":0.0056,"lastBolusTime":1704089268000,"time":"2024-01-01T07:18:53.774Z"}},{"iob":0.56,"basaliob":-0.183,"bolussnooze":0,"activity":0.0076,"lastBolusTime":1704089268000,"time":"2024-01-01T07:23:53.774Z","iobWithZeroTemp":{"iob":0.148,"basaliob":-0.595,"bolussnooze":0,"activity":0.0049,"lastBolusTime":1704089268000,"time":"2024-01-01T07:23:53.774Z"}},{"iob":0.523,"basaliob":-0.172,"bolussnooze":0,"activity":0.0072,"lastBolusTime":1704089268000,"time":"2024-01-01T07:28:53.774Z","iobWithZeroTemp":{"iob":0.092,"basaliob":-0.603,"bolussnooze":0,"activity":0.0043,"lastBolusTime":1704089268000,"time":"2024-01-01T07:28:53.774Z"}},{"iob":0.489,"basaliob":-0.16,"bolussnooze":0,"activity":0.0068,"lastBolusTime":1704089268000,"time":"2024-01-01T07:33:53.774Z","iobWithZeroTemp":{"iob":0.039,"basaliob":-0.61,"bolussnooze":0,"activity":0.0037,"lastBolusTime":1704089268000,"time":"2024-01-01T07:33:53.774Z"}},{"iob":0.455,"basaliob":-0.15,"bolussnooze":0,"activity":0.0064,"lastBolusTime":1704089268000,"time":"2024-01-01T07:38:53.774Z","iobWithZeroTemp":{"iob":-0.012,"basaliob":-0.617,"bolussnooze":0,"activity":0.0031,"lastBolusTime":1704089268000,"time":"2024-01-01T07:38:53.774Z"}},{"iob":0.424,"basaliob":-0.14,"bolussnooze":0,"activity":0.006,"lastBolusTime":1704089268000,"time":"2024-01-01T07:43:53.774Z","iobWithZeroTemp":{"iob":-0.06,"basaliob":-0.624,"bolussnooze":0,"activity":0.0025,"lastBolusTime":1704089268000,"time":"2024-01-01T07:43:53.774Z"}},{"iob":0.395,"basaliob":-0.13,"bolussnooze":0,"activity":0.0057,"lastBolusTime":1704089268000,"time":"2024-01-01T07:48:53.774Z","iobWithZeroTemp":{"iob":-0.104,"basaliob":-0.629,"bolussnooze":0,"activity":0.002,"lastBolusTime":1704089268000,"time":"2024-01-01T07:48:53.774Z"}},{"iob":0.368,"basaliob":-0.121,"bolussnooze":0,"activity":0.0054,"lastBolusTime":1704089268000,"time":"2024-01-01T07:53:53.774Z","iobWithZeroTemp":{"iob":-0.146,"basaliob":-0.635,"bolussnooze":0,"activity":0.0015,"lastBolusTime":1704089268000,"time":"2024-01-01T07:53:53.774Z"}},{"iob":0.341,"basaliob":-0.113,"bolussnooze":0,"activity":0.0051,"lastBolusTime":1704089268000,"time":"2024-01-01T07:58:53.774Z","iobWithZeroTemp":{"iob":-0.186,"basaliob":-0.64,"bolussnooze":0,"activity":0.0011,"lastBolusTime":1704089268000,"time":"2024-01-01T07:58:53.774Z"}},{"iob":0.317,"basaliob":-0.105,"bolussnooze":0,"activity":0.0048,"lastBolusTime":1704089268000,"time":"2024-01-01T08:03:53.774Z","iobWithZeroTemp":{"iob":-0.223,"basaliob":-0.645,"bolussnooze":0,"activity":6.0E-4,"lastBolusTime":1704089268000,"time":"2024-01-01T08:03:53.774Z"}},{"iob":0.294,"basaliob":-0.098,"bolussnooze":0,"activity":0.0045,"lastBolusTime":1704089268000,"time":"2024-01-01T08:08:53.774Z","iobWithZeroTemp":{"iob":-0.258,"basaliob":-0.65,"bolussnooze":0,"activity":2.0E-4,"lastBolusTime":1704089268000,"time":"2024-01-01T08:08:53.774Z"}},{"iob":0.272,"basaliob":-0.091,"bolussnooze":0,"activity":0.0041,"lastBolusTime":1704089268000,"time":"2024-01-01T08:13:53.774Z","iobWithZeroTemp":{"iob":-0.291,"basaliob":-0.654,"bolussnooze":0,"activity":-4.0E-4,"lastBolusTime":1704089268000,"time":"2024-01-01T08:13:53.774Z"}},{"iob":0.253,"basaliob":-0.084,"bolussnooze":0,"activity":0.0039,"lastBolusTime":1704089268000,"time":"2024-01-01T08:18:53.774Z","iobWithZeroTemp":{"iob":-0.321,"basaliob":-0.658,"bolussnooze":0,"activity":-7.0E-4,"lastBolusTime":1704089268000,"time":"2024-01-01T08:18:53.774Z"}},{"iob":0.234,"basaliob":-0.078,"bolussnooze":0,"activity":0.0036,"lastBolusTime":1704089268000,"time":"2024-01-01T08:23:53.774Z","iobWithZeroTemp":{"iob":-0.35,"basaliob":-0.662,"bolussnooze":0,"activity":-0.0012,"lastBolusTime":1704089268000,"time":"2024-01-01T08:23:53.774Z"}},{"iob":0.216,"basaliob":-0.072,"bolussnooze":0,"activity":0.0034,"lastBolusTime":1704089268000,"time":"2024-01-01T08:28:53.774Z","iobWithZeroTemp":{"iob":-0.377,"basaliob":-0.665,"bolussnooze":0,"activity":-0.0015,"lastBolusTime":1704089268000,"time":"2024-01-01T08:28:53.774Z"}},{"iob":0.2,"basaliob":-0.067,"bolussnooze":0,"activity":0.0032,"lastBolusTime":1704089268000,"time":"2024-01-01T08:33:53.774Z","iobWithZeroTemp":{"iob":-0.401,"basaliob":-0.668,"bolussnooze":0,"activity":-0.0018,"lastBolusTime":1704089268000,"time":"2024-01-01T08:33:53.774Z"}},{"iob":0.184,"basaliob":-0.062,"bolussnooze":0,"activity":0.0029,"lastBolusTime":1704089268000,"time":"2024-01-01T08:38:53.774Z","iobWithZeroTemp":{"iob":-0.425,"basaliob":-0.671,"bolussnooze":0,"activity":-0.0022,"lastBolusTime":1704089268000,"time":"2024-01-01T08:38:53.774Z"}},{"iob":0.17,"basaliob":-0.057,"bolussnooze":0,"activity":0.0027,"lastBolusTime":1704089268000,"time":"2024-01-01T08:43:53.774Z","iobWithZeroTemp":{"iob":-0.447,"basaliob":-0.674,"bolussnooze":0,"activity":-0.0025,"lastBolusTime":1704089268000,"time":"2024-01-01T08:43:53.774Z"}},{"iob":0.157,"basaliob":-0.053,"bolussnooze":0,"activity":0.0026,"lastBolusTime":1704089268000,"time":"2024-01-01T08:48:53.774Z","iobWithZeroTemp":{"iob":-0.467,"basaliob":-0.677,"bolussnooze":0,"activity":-0.0027,"lastBolusTime":1704089268000,"time":"2024-01-01T08:48:53.774Z"}},{"iob":0.144,"basaliob":-0.049,"bolussnooze":0,"activity":0.0024,"lastBolusTime":1704089268000,"time":"2024-01-01T08:53:53.774Z","iobWithZeroTemp":{"iob":-0.486,"basaliob":-0.679,"bolussnooze":0,"activity":-0.003,"lastBolusTime":1704089268000,"time":"2024-01-01T08:53:53.774Z"}},{"iob":0.133,"basaliob":-0.045,"bolussnooze":0,"activity":0.0022,"lastBolusTime":1704089268000,"time":"2024-01-01T08:58:53.774Z","iobWithZeroTemp":{"iob":-0.503,"basaliob":-0.681,"bolussnooze":0,"activity":-0.0033,"lastBolusTime":1704089268000,"time":"2024-01-01T08:58:53.774Z"}},{"iob":0.123,"basaliob":-0.041,"bolussnooze":0,"activity":0.002,"lastBolusTime":1704089268000,"time":"2024-01-01T09:03:53.774Z","iobWithZeroTemp":{"iob":-0.519,"basaliob":-0.683,"bolussnooze":0,"activity":-0.0036,"lastBolusTime":1704089268000,"time":"2024-01-01T09:03:53.774Z"}},{"iob":0.113,"basaliob":-0.038,"bolussnooze":0,"activity":0.0019,"lastBolusTime":1704089268000,"time":"2024-01-01T09:08:53.774Z","iobWithZeroTemp":{"iob":-0.534,"basaliob":-0.685,"bolussnooze":0,"activity":-0.0038,"lastBolusTime":1704089268000,"time":"2024-01-01T09:08:53.774Z"}},{"iob":0.104,"basaliob":-0.035,"bolussnooze":0,"activity":0.0017,"lastBolusTime":1704089268000,"time":"2024-01-01T09:13:53.774Z","iobWithZeroTemp":{"iob":-0.547,"basaliob":-0.686,"bolussnooze":0,"activity":-0.0041,"lastBolusTime":1704089268000,"time":"2024-01-01T09:13:53.774Z"}},{"iob":0.095,"basaliob":-0.032,"bolussnooze":0,"activity":0.0017,"lastBolusTime":1704089268000,"time":"2024-01-01T09:18:53.774Z","iobWithZeroTemp":{"iob":-0.561,"basaliob":-0.688,"bolussnooze":0,"activity":-0.0041,"lastBolusTime":1704089268000,"time":"2024-01-01T09:18:53.774Z"}},{"iob":0.087,"basaliob":-0.03,"bolussnooze":0,"activity":0.0015,"lastBolusTime":1704089268000,"time":"2024-01-01T09:23:53.774Z","iobWithZeroTemp":{"iob":-0.573,"basaliob":-0.69,"bolussnooze":0,"activity":-0.0044,"lastBolusTime":1704089268000,"time":"2024-01-01T09:23:53.774Z"}},{"iob":0.08,"basaliob":-0.027,"bolussnooze":0,"activity":0.0014,"lastBolusTime":1704089268000,"time":"2024-01-01T09:28:53.774Z","iobWithZeroTemp":{"iob":-0.584,"basaliob":-0.691,"bolussnooze":0,"activity":-0.0045,"lastBolusTime":1704089268000,"time":"2024-01-01T09:28:53.774Z"}},{"iob":0.073,"basaliob":-0.025,"bolussnooze":0,"activity":0.0013,"lastBolusTime":1704089268000,"time":"2024-01-01T09:33:53.774Z","iobWithZeroTemp":{"iob":-0.594,"basaliob":-0.692,"bolussnooze":0,"activity":-0.0047,"lastBolusTime":1704089268000,"time":"2024-01-01T09:33:53.774Z"}},{"iob":0.067,"basaliob":-0.023,"bolussnooze":0,"activity":0.0012,"lastBolusTime":1704089268000,"time":"2024-01-01T09:38:53.774Z","iobWithZeroTemp":{"iob":-0.603,"basaliob":-0.693,"bolussnooze":0,"activity":-0.0049,"lastBolusTime":1704089268000,"time":"2024-01-01T09:38:53.774Z"}},{"iob":0.061,"basaliob":-0.021,"bolussnooze":0,"activity":0.0011,"lastBolusTime":1704089268000,"time":"2024-01-01T09:43:53.774Z","iobWithZeroTemp":{"iob":-0.612,"basaliob":-0.694,"bolussnooze":0,"activity":-0.005,"lastBolusTime":1704089268000,"time":"2024-01-01T09:43:53.774Z"}},{"iob":0.056,"basaliob":-0.019,"bolussnooze":0,"activity":0.0011,"lastBolusTime":1704089268000,"time":"2024-01-01T09:48:53.774Z","iobWithZeroTemp":{"iob":-0.62,"basaliob":-0.695,"bolussnooze":0,"activity":-0.005,"lastBolusTime":1704089268000,"time":"2024-01-01T09:48:53.774Z"}},{"iob":0.051,"basaliob":-0.018,"bolussnooze":0,"activity":9.0E-4,"lastBolusTime":1704089268000,"time":"2024-01-01T09:53:53.774Z","iobWithZeroTemp":{"iob":-0.628,"basaliob":-0.697,"bolussnooze":0,"activity":-0.0053,"lastBolusTime":1704089268000,"time":"2024-01-01T09:53:53.774Z"}},{"iob":0.047,"basaliob":-0.016,"bolussnooze":0,"activity":8.0E-4,"lastBolusTime":1704089268000,"time":"2024-01-01T09:58:53.774Z","iobWithZeroTemp":{"iob":-0.634,"basaliob":-0.697,"bolussnooze":0,"activity":-0.0054,"lastBolusTime":1704089268000,"time":"2024-01-01T09:58:53.774Z"}},{"iob":0.042,"basaliob":-0.015,"bolussnooze":0,"activity":8.0E-4,"lastBolusTime":1704089268000,"time":"2024-01-01T10:03:53.774Z","iobWithZeroTemp":{"iob":-0.641,"basaliob":-0.698,"bolussnooze":0,"activity":-0.0055,"lastBolusTime":1704089268000,"time":"2024-01-01T10:03:53.774Z"}}],"profile":{"max_iob":7,"type":"current","max_daily_basal":0.45,"max_basal":1.35,"min_bg":81.0000000000001,"max_bg":81.0000000000001,"target_bg":81.0000000000001,"carb_ratio":9,"sens":352.8,"max_daily_safety_multiplier":3,"current_basal_safety_multiplier":4,"lgsThreshold":65,"high_temptarget_raises_sensitivity":false,"low_temptarget_lowers_sensitivity":false,"sensitivity_raises_target":true,"resistance_lowers_target":true,"adv_target_adjustments":false,"exercise_mode":false,"half_basal_exercise_target":160,"maxCOB":120,"skip_neutral_temps":false,"remainingCarbsCap":90,"enableUAM":true,"A52_risk_enable":false,"SMBInterval":4,"enableSMB_with_COB":true,"enableSMB_with_temptarget":false,"allowSMB_with_high_temptarget":true,"enableSMB_always":true,"enableSMB_after_carbs":false,"maxSMBBasalMinutes":60,"maxUAMSMBBasalMinutes":60,"bolus_increment":0.05,"carbsReqThreshold":10,"current_basal":0.4,"temptargetSet":true,"autosens_max":1.2,"autosens_min":0.8,"out_units":"mmol\/L","variable_sens":151.9,"insulinDivisor":65,"TDD":8.433285541666667},"autosens_data":{"ratio":1.035992661128636},"meal_data":{"carbs":30,"mealCOB":16.215255102040814,"slopeFromMaxDeviation":-0.8507999999999994,"slopeFromMinDeviation":0,"lastBolusTime":1704089268000,"lastCarbTime":1704088870000},"microBolusAllowed":true,"currentTime":1704089335519,"flatBGsDetected":false,"tdd1D":21.848083333333335,"tdd7D":24.48151190476191,"tddLast24H":25.362666666666673,"tddLast4H":5.0605,"tddLast8to4H":2.6055},"output":{"temp":"absolute","bg":200,"tick":-1,"eventualBG":270,"targetBG":81.0000000000001,"insulinReq":0,"deliverAt":"2024-01-01T06:08:55.519Z","sensitivityRatio":1.035992661128636,"variable_sens":151.9,"predBGs":{"IOB":[200,198,196,193,189,185,180,174,168,161,154,146,138,130,122,113,105,97,90,82,74,66,58,49,40,39],"ZT":[200,191,182,172,163,153,144,134,125,116,106,98,89,80,72,64,57,50,43,39,39,39,39,39,39,39,39,39,39,39,39,39,41,47,53,59,65,71,77],"COB":[200,199,198,198,197,197,198,198,199,201,203,205,208,211,215,219,223,228,234,239,245,250,254,259,263,266,270,273,275,277,279,280,281,282,282,281,281,279,278,277,275,274,273,272,272,271,270],"UAM":[200,198,195,192,187,182,176,169,161,152,143,135,126,117,109,100,91,82,74,65,55,45,39]},"reason":"COB: 16.2, Dev: 2.7, BGI: -0.5, ISF: 8.4, CR: 9, Target: 4.5, minPredBG 5.3, minGuardBG 3.2, IOBpredBG 2.2, COBpredBG 15.0, UAMpredBG 2.2; minGuardBG 3.2<3.6 54m left and 0 ~ req 0U\/hr: no temp required","COB":16.215255102040814,"IOB":1.331,"timestamp":"2024-01-01T06:08:55.549Z"}}