{"algorithm":"OpenAPSSMBDynamicISFPlugin","input":{"glucoseStatus":{"glucose":109,"noise":0,"delta":7,"short_avgdelta":4.94,"long_avgdelta":3.9,"date":1704068223888},"currenttemp":{"temp":"absolute","duration":5,"rate":0,"minutesrunning":55},"iob_data":[{"iob":0.43,"basaliob":-0.741,"bolussnooze":0.0737,"activity":0.0092,"lastBolusTime":1704065558000,"time":"2024-01-01T00:17:24.950Z","iobWithZeroTemp":{"iob":0.43,"basaliob":-0.741,"bolussnooze":0.0737,"activity":0.0092,"lastBolusTime":1704065558000,"time":"2024-01-01T00:17:24.950Z"}},{"iob":0.386,"basaliob":-0.706,"bolussnooze":0.0619,"activity":0.0084,"lastBolusTime":1704065558000,"time":"2024-01-01T00:22:24.950Z","iobWithZeroTemp":{"iob":0.363,"basaliob":-0.729,"bolussnooze":0.0619,"activity":0.0084,"lastBolusTime":1704065558000,"time":"2024-01-01T00:22:24.950Z"}},{"iob":0.347,"basaliob":-0.671,"bolussnooze":0.0518,"activity":0.0075,"lastBolusTime":1704065558000,"time":"2024-01-01T00:27:24.950Z","iobWithZeroTemp":{"iob":0.295,"basaliob":-0.723,"bolussnooze":0.0518,"activity":0.0074,"lastBolusTime":1704065558000,"time":"2024-01-01T00:27:24.950Z"}},{"iob":0.311,"basaliob":-0.636,"bolussnooze":0.0432,"activity":0.0069,"lastBolusTime":1704065558000,"time":"2024-01-01T00:32:24.950Z","iobWithZeroTemp":{"iob":0.23,"basaliob":-0.717,"bolussnooze":0.0432,"activity":0.0067,"lastBolusTime":1704065558000,"time":"2024-01-01T00:32:24.950Z"}},{"iob":0.279,"basaliob":-0.602,"bolussnooze":0.036,"activity":0.0061,"lastBolusTime":1704065558000,"time":"2024-01-01T00:37:24.950Z","iobWithZeroTemp":{"iob":0.17,"basaliob":-0.711,"bolussnooze":0.036,"activity":0.0058,"lastBolusTime":1704065558000,"time":"2024-01-01T00:37:24.950Z"}},{"iob":0.249,"basaliob":-0.57,"bolussnooze":0.0298,"activity":0.0056,"lastBolusTime":1704065558000,"time":"2024-01-01T00:42:24.950Z","iobWithZeroTemp":{"iob":0.113,"basaliob":-0.706,"bolussnooze":0.0298,"activity":0.0052,"lastBolusTime":1704065558000,"time":"2024-01-01T00:42:24.950Z"}},{"iob":0.222,"basaliob":-0.538,"bolussnooze":0.0247,"activity":0.005,"lastBolusTime":1704065558000,"time":"2024-01-01T00:47:24.950Z","iobWithZeroTemp":{"iob":0.059,"basaliob":-0.701,"bolussnooze":0.0247,"activity":0.0044,"lastBolusTime":1704065558000,"time":"2024-01-01T00:47:24.950Z"}},{"iob":0.198,"basaliob":-0.507,"bolussnooze":0.0203,"activity":0.0045,"lastBolusTime":1704065558000,"time":"2024-01-01T00:52:24.950Z","iobWithZeroTemp":{"iob":0.009,"basaliob":-0.696,"bolussnooze":0.0203,"activity":0.0037,"lastBolusTime":1704065558000,"time":"2024-01-01T00:52:24.950Z"}},{"iob":0.177,"basaliob":-0.477,"bolussnooze":0.0167,"activity":0.0042,"lastBolusTime":1704065558000,"time":"2024-01-01T00:57:24.950Z","iobWithZeroTemp":{"iob":-0.037,"basaliob":-0.691,"bolussnooze":0.0167,"activity":0.0032,"lastBolusTime":1704065558000,"time":"2024-01-01T00:57:24.950Z"}},{"iob":0.157,"basaliob":-0.449,"bolussnooze":0.0136,"activity":0.0037,"lastBolusTime":1704065558000,"time":"2024-01-01T01:02:24.950Z","iobWithZeroTemp":{"iob":-0.081,"basaliob":-0.687,"bolussnooze":0.0136,"activity":0.0026,"lastBolusTime":1704065558000,"time":"2024-01-01T01:02:24.950Z"}},{"iob":0.14,"basaliob":-0.421,"bolussnooze":0.0111,"activity":0.0033,"lastBolusTime":1704065558000,"time":"2024-01-01T01:07:24.950Z","iobWithZeroTemp":{"iob":-0.108,"basaliob":-0.669,"bolussnooze":0.0111,"activity":0.002,"lastBolusTime":1704065558000,"time":"2024-01-01T01:07:24.950Z"}},{"iob":0.124,"basaliob":-0.395,"bolussnooze":0.009,"activity":0.003,"lastBolusTime":1704065558000,"time":"2024-01-01T01:12:24.950Z","iobWithZeroTemp":{"iob":-0.139,"basaliob":-0.658,"bolussnooze":0.009,"activity":0.0015,"lastBolusTime":1704065558000,"time":"2024-01-01T01:12:24.950Z"}},{"iob":0.11,"basaliob":-0.37,"bolussnooze":0.0072,"activity":0.0027,"lastBolusTime":1704065558000,"time":"2024-01-01T01:17:24.950Z","iobWithZeroTemp":{"iob":-0.168,"basaliob":-0.648,"bolussnooze":0.0072,"activity":0.001,"lastBolusTime":1704065558000,"time":"2024-01-01T01:17:24.950Z"}},{"iob":0.097,"basaliob":-0.346,"bolussnooze":0.0058,"activity":0.0025,"lastBolusTime":1704065558000,"time":"2024-01-01T01:22:24.950Z","iobWithZeroTemp":{"iob":-0.195,"basaliob":-0.638,"bolussnooze":0.0058,"activity":7.0E-4,"lastBolusTime":1704065558000,"time":"2024-01-01T01:22:24.950Z"}},{"iob":0.085,"basaliob":-0.324,"bolussnooze":0.0046,"activity":0.0022,"lastBolusTime":1704065558000,"time":"2024-01-01T01:27:24.950Z","iobWithZeroTemp":{"iob":-0.22,"basaliob":-0.629,"bolussnooze":0.0046,"activity":2.0E-4,"lastBolusTime":1704065558000,"time":"2024-01-01T01:27:24.950Z"}},{"iob":0.075,"basaliob":-0.302,"bolussnooze":0.0037,"activity":0.0019,"lastBolusTime":1704065558000,"time":"2024-01-01T01:32:24.950Z","iobWithZeroTemp":{"iob":-0.242,"basaliob":-0.619,"bolussnooze":0.0037,"activity":-3.0E-4,"lastBolusTime":1704065558000,"time":"2024-01-01T01:32:24.950Z"}},{"iob":0.065,"basaliob":-0.282,"bolussnooze":0.0029,"activity":0.0018,"lastBolusTime":1704065558000,"time":"2024-01-01T01:37:24.950Z","iobWithZeroTemp":{"iob":-0.263,"basaliob":-0.61,"bolussnooze":0.0029,"activity":-5.0E-4,"lastBolusTime":1704065558000,"time":"2024-01-01T01:37:24.950Z"}},{"iob":0.057,"basaliob":-0.263,"bolussnooze":0.0022,"activity":0.0016,"lastBolusTime":1704065558000,"time":"2024-01-01T01:42:24.950Z","iobWithZeroTemp":{"iob":-0.282,"basaliob":-0.602,"bolussnooze":0.0022,"activity":-8.0E-4,"lastBolusTime":1704065558000,"time":"2024-01-01T01:42:24.950Z"}},{"iob":0.05,"basaliob":-0.245,"bolussnooze":0.0017,"activity":0.0014,"lastBolusTime":1704065558000,"time":"2024-01-01T01:47:24.950Z","iobWithZeroTemp":{"iob":-0.299,"basaliob":-0.594,"bolussnooze":0.0017,"activity":-0.0012,"lastBolusTime":1704065558000,"time":"2024-01-01T01:47:24.950Z"}},{"iob":0.043,"basaliob":-0.228,"bolussnooze":0.0013,"activity":0.0013,"lastBolusTime":1704065558000,"time":"2024-01-01T01:52:24.950Z","iobWithZeroTemp":{"iob":-0.315,"basaliob":-0.586,"bolussnooze":0.0013,"activity":-0.0014,"lastBolusTime":1704065558000,"time":"2024-01-01T01:52:24.950Z"}},{"iob":0.037,"basaliob":-0.212,"bolussnooze":0.001,"activity":0.0011,"lastBolusTime":1704065558000,"time":"2024-01-01T01:57:24.950Z","iobWithZeroTemp":{"iob":-0.33,"basaliob":-0.579,"bolussnooze":0.001,"activity":-0.0017,"lastBolusTime":1704065558000,"time":"2024-01-01T01:57:24.950Z"}},{"iob":0.032,"basaliob":-0.197,"bolussnooze":7.0E-4,"activity":0.001,"lastBolusTime":1704065558000,"time":"2024-01-01T02:02:24.950Z","iobWithZeroTemp":{"iob":-0.343,"basaliob":-0.572,"bolussnooze":7.0E-4,"activity":-0.0019,"lastBolusTime":1704065558000,"time":"2024-01-01T02:02:24.950Z"}},{"iob":0.027,"basaliob":-0.183,"bolussnooze":5.0E-4,"activity":9.0E-4,"lastBolusTime":1704065558000,"time":"2024-01-01T02:07:24.950Z","iobWithZeroTemp":{"iob":-0.356,"basaliob":-0.566,"bolussnooze":5.0E-4,"activity":-0.0021,"lastBolusTime":1704065558000,"time":"2024-01-01T02:07:24.950Z"}},{"iob":0.022,"basaliob":-0.17,"bolussnooze":3.0E-4,"activity":7.0E-4,"lastBolusTime":1704065558000,"time":"2024-01-01T02:12:24.950Z","iobWithZeroTemp":{"iob":-0.368,"basaliob":-0.56,"bolussnooze":3.0E-4,"activity":-0.0024,"lastBolusTime":1704065558000,"time":"2024-01-01T02:12:24.950Z"}},{"iob":0.019,"basaliob":-0.157,"bolussnooze":2.0E-4,"activity":7.0E-4,"lastBolusTime":1704065558000,"time":"2024-01-01T02:17:24.950Z","iobWithZeroTemp":{"iob":-0.378,"basaliob":-0.554,"bolussnooze":2.0E-4,"activity":-0.0025,"lastBolusTime":1704065558000,"time":"2024-01-01T02:17:24.950Z"}},{"iob":0.015,"basaliob":-0.146,"bolussnooze":1.0E-4,"activity":7.0E-4,"lastBolusTime":1704065558000,"time":"2024-01-01T02:22:24.950Z","iobWithZeroTemp":{"iob":-0.388,"basaliob":-0.549,"bolussnooze":1.0E-4,"activity":-0.0026,"lastBolusTime":1704065558000,"time":"2024-01-01T02:22:24.950Z"}},{"iob":0.013,"basaliob":-0.135,"bolussnooze":1.0E-4,"activity":5.0E-4,"lastBolusTime":1704065558000,"time":"2024-01-01T02:27:24.950Z","iobWithZeroTemp":{"iob":-0.395,"basaliob":-0.543,"bolussnooze":1.0E-4,"activity":-0.0029,"lastBolusTime":1704065558000,"time":"2024-01-01T02:27:24.950Z"}},{"iob":0.01,"basaliob":-0.125,"bolussnooze":0,"activity":4.0E-4,"lastBolusTime":1704065558000,"time":"2024-01-01T02:32:24.950Z","iobWithZeroTemp":{"iob":-0.404,"basaliob":-0.539,"bolussnooze":0,"activity":-0.0031,"lastBolusTime":1704065558000,"time":"2024-01-01T02:32:24.950Z"}},{"iob":0.008,"basaliob":-0.115,"bolussnooze":0,"activity":4.0E-4,"lastBolusTime":1704065558000,"time":"2024-01-01T02:37:24.950Z","iobWithZeroTemp":{"iob":-0.411,"basaliob":-0.534,"bolussnooze":0,"activity":-0.0032,"lastBolusTime":1704065558000,"time":"2024-01-01T02:37:24.950Z"}},{"iob":0.007,"basaliob":-0.106,"bolussnooze":0,"activity":4.0E-4,"lastBolusTime":1704065558000,"time":"2024-01-01T02:42:24.950Z","iobWithZeroTemp":{"iob":-0.416,"basaliob":-0.529,"bolussnooze":0,"activity":-0.0032,"lastBolusTime":1704065558000,"time":"2024-01-01T02:42:24.950Z"}},{"iob":0.005,"basaliob":-0.098,"bolussnooze":0,"activity":3.0E-4,"lastBolusTime":1704065558000,"time":"2024-01-01T02:47:24.950Z","iobWithZeroTemp":{"iob":-0.423,"basaliob":-0.526,"bolussnooze":0,"activity":-0.0034,"lastBolusTime":1704065558000,"time":"2024-01-01T02:47:24.950Z"}},{"iob":0.004,"basaliob":-0.09,"bolussnooze":0,"activity":2.0E-4,"lastBolusTime":1704065558000,"time":"2024-01-01T02:52:24.950Z","iobWithZeroTemp":{"iob":-0.427,"basaliob":-0.521,"bolussnooze":0,"activity":-0.0035,"lastBolusTime":1704065558000,"time":"2024-01-01T02:52:24.950Z"}},{"iob":0.002,"basaliob":-0.083,"bolussnooze":0,"activity":2.0E-4,"lastBolusTime":1704065558000,"time":"2024-01-01T02:57:24.950Z","iobWithZeroTemp":{"iob":-0.433,"basaliob":-0.518,"bolussnooze":0,"activity":-0.0036,"lastBolusTime":1704065558000,"time":"2024-01-01T02:57:24.950Z"}},{"iob":0.001,"basaliob":-0.077,"bolussnooze":0,"activity":2.0E-4,"lastBolusTime":1704065558000,"time":"2024-01-01T03:02:24.950Z","iobWithZeroTemp":{"iob":-0.438,"basaliob":-0.516,"bolussnooze":0,"activity":-0.0037,"lastBolusTime":1704065558000,"time":"2024-01-01T03:02:24.950Z"}},{"iob":0,"basaliob":-0.071,"bolussnooze":0,"activity":2.0E-4,"lastBolusTime":1704065558000,"time":"2024-01-01T03:07:24.950Z","iobWithZeroTemp":{"iob":-0.444,"basaliob":-0.515,"bolussnooze":0,"activity":-0.0037,"lastBolusTime":1704065558000,"time":"2024-01-01T03:07:24.950Z"}},{"iob":-0.001,"basaliob":-0.065,"bolussnooze":0,"activity":1.0E-4,"lastBolusTime":1704065558000,"time":"2024-01-01T03:12:24.950Z","iobWithZeroTemp":{"iob":-0.453,"basaliob":-0.517,"bolussnooze":0,"activity":-0.0039,"lastBolusTime":1704065558000,"time":"2024-01-01T03:12:24.950Z"}},{"iob":-0.002,"basaliob":-0.06,"bolussnooze":0,"activity":1.0E-4,"lastBolusTime":1704065558000,"time":"2024-01-01T03:17:24.950Z","iobWithZeroTemp":{"iob":-0.459,"basaliob":-0.517,"bolussnooze":0,"activity":-0.0039,"lastBolusTime":1704065558000,"time":"2024-01-01T03:17:24.950Z"}},{"iob":-0.002,"basaliob":-0.055,"bolussnooze":0,"activity":1.0E-4,"lastBolusTime":1704065558000,"time":"2024-01-01T03:22:24.950Z","iobWithZeroTemp":{"iob":-0.464,"basaliob":-0.517,"bolussnooze":0,"activity":-0.004,"lastBolusTime":1704065558000,"time":"2024-01-01T03:22:24.950Z"}},{"iob":-0.002,"basaliob":-0.05,"bolussnooze":0,"activity":0,"lastBolusTime":1704065558000,"time":"2024-01-01T03:27:24.950Z","iobWithZeroTemp":{"iob":-0.468,"basaliob":-0.516,"bolussnooze":0,"activity":-0.0041,"lastBolusTime":1704065558000,"time":"2024-01-01T03:27:24.950Z"}},{"iob":-0.003,"basaliob":-0.046,"bolussnooze":0,"activity":1.0E-4,"lastBolusTime":1704065558000,"time":"2024-01-01T03:32:24.950Z","iobWithZeroTemp":{"iob":-0.473,"basaliob":-0.516,"bolussnooze":0,"activity":-0.0041,"lastBolusTime":1704065558000,"time":"2024-01-01T03:32:24.950Z"}},{"iob":-0.003,"basaliob":-0.042,"bolussnooze":0,"activity":1.0E-4,"lastBolusTime":1704065558000,"time":"2024-01-01T03:37:24.950Z","iobWithZeroTemp":{"iob":-0.478,"basaliob":-0.517,"bolussnooze":0,"activity":-0.0041,"lastBolusTime":1704065558000,"time":"2024-01-01T03:37:24.950Z"}},{"iob":-0.004,"basaliob":-0.039,"bolussnooze":0,"activity":0,"lastBolusTime":1704065558000,"time":"2024-01-01T03:42:24.950Z","iobWithZeroTemp":{"iob":-0.482,"basaliob":-0.517,"bolussnooze":0,"activity":-0.0043,"lastBolusTime":1704065558000,"time":"2024-01-01T03:42:24.950Z"}},{"iob":-0.003,"basaliob":-0.035,"bolussnooze":0,"activity":1.0E-4,"lastBolusTime":1704065558000,"time":"2024-01-01T03:47:24.950Z","iobWithZeroTemp":{"iob":-0.485,"basaliob":-0.517,"bolussnooze":0,"activity":-0.0042,"lastBolusTime":1704065558000,"time":"2024-01-01T03:47:24.950Z"}},{"iob":-0.003,"basaliob":-0.032,"bolussnooze":0,"activity":0,"lastBolusTime":1704065558000,"time":"2024-01-01T03:52:24.950Z","iobWithZeroTemp":{"iob":-0.488,"basaliob":-0.517,"bolussnooze":0,"activity":-0.0044,"lastBolusTime":1704065558000,"time":"2024-01-01T03:52:24.950Z"}},{"iob":-0.004,"basaliob":-0.03,"bolussnooze":0,"activity":0,"lastBolusTime":1704065558000,"time":"2024-01-01T03:57:24.950Z","iobWithZeroTemp":{"iob":-0.492,"basaliob":-0.518,"bolussnooze":0,"activity":-0.0044,"lastBolusTime":1704065558000,"time":"2024-01-01T03:57:24.950Z"}},{"iob":-0.004,"basaliob":-0.027,"bolussnooze":0,"activity":0,"lastBolusTime":1704065558000,"time":"2024-01-01T04:02:24.950Z","iobWithZeroTemp":{"iob":-0.495,"basaliob":-0.518,"bolussnooze":0,"activity":-0.0044,"lastBolusTime":1704065558000,"time":"2024-01-01T04:02:24.950Z"}},{"iob":-0.004,"basaliob":-0.025,"bolussnooze":0,"activity":0,"lastBolusTime":1704065558000,"time":"2024-01-01T04:07:24.950Z","iobWithZeroTemp":{"iob":-0.506,"basaliob":-0.527,"bolussnooze":0,"activity":-0.0045,"lastBolusTime":1704065558000,"time":"2024-01-01T04:07:24.950Z"}},{"iob":-0.003,"basaliob":-0.022,"bolussnooze":0,"activity":0,"lastBolusTime":1704065558000,"time":"2024-01-01T04:12:24.950Z","iobWithZeroTemp":{"iob":-0.516,"basaliob":-0.535,"bolussnooze":0,"activity":-0.0045,"lastBolusTime":1704065558000,"time":"2024-01-01T04:12:24.950Z"}}],"profile":{"max_iob":7,"type":"current","max_daily_basal":0.45,"max_basal":1.35,"min_bg":106.2,"max_bg":106.2,"target_bg":106.2,"carb_ratio":11,"sens":369,"max_daily_safety_multiplier":3,"current_basal_safety_multiplier":4,"lgsThreshold":65,"high_temptarget_raises_sensitivity":false,"low_temptarget_lowers_sensitivity":false,"sensitivity_raises_target":true,"resistance_lowers_target":true,"adv_target_adjustments":false,"exercise_mode":false,"half_basal_exercise_target":160,"maxCOB":120,"skip_neutral_temps":false,"remainingCarbsCap":90,"enableUAM":true,"A52_risk_enable":false,"SMBInterval":4,"enableSMB_with_COB":true,"enableSMB_with_temptarget":false,"allowSMB_with_high_temptarget":true,"enableSMB_always":true,"enableSMB_after_carbs":false,"maxSMBBasalMinutes":60,"maxUAMSMBBasalMinutes":60,"bolus_increment":0.05,"carbsReqThreshold":10,"current_basal":0.35,"temptargetSet":false,"autosens_max":1.2,"autosens_min":0.8,"out_units":"mmol\/L","variable_sens":192.9,"insulinDivisor":65,"TDD":9.474171541666665},"autosens_data":{"ratio":0.8681278924280569},"meal_data":{"carbs":37,"mealCOB":6.080499612853282,"slopeFromMaxDeviation":-1.8300999999999998,"slopeFromMinDeviation":0,"lastBolusTime":1704065558000,"lastCarbTime":1704058949000},"microBolusAllowed":true,"currentTime":1704068248112,"flatBGsDetected":false,"tdd1D":21.848083333333335,"tdd7D":24.48151190476191,"tddLast24H":21.25308333333334,"tddLast4H":5.31,"tddLast8to4H":7.0299999999999985},"output":{"temp":"absolute","bg":109,"tick":"+7","eventualBG":121,"targetBG":113,"insulinReq":0,"deliverAt":"2024-01-01T00:17:28.112Z","sensitivityRatio":0.8681278924280569,"variable_sens":192.9,"predBGs":{"IOB":[109,113,116,120,123,125,127,129,129,129,128,126,124,121,119,117,115,114,112,111,110,109,108,107,106,105,105,104,104,103,103,103,102,102,102,102,102,102,102,102,101],"ZT":[109,100,92,84,76,69,62,56,50,45,40,39,39,39,39,39,39,39,39,39,39,41,45,49,53,57,61,65,69,73,77,81,85,90,94,98,102,105,109,113],"COB":[109,113,117,121,124,128,131,134,136,138,139,140,140,140,138,137,135,133,132,130,129,128,127,126,125,125,124,124,123,123,122,122,122,122,122,121],"UAM":[109,112,114,116,116,115,112,108,104,100,96,93,89,87,84,81,79,77,75,73,71,70,69,68,67,66,65,64,64,63,62,62,62,61,61,61,61,61,60]},"reason":"COB: 6.1, Dev: 4.6, BGI: -0.5, ISF: 10.7, CR: 11, Target: 6.3, minPredBG 3.9, minGuardBG 3.8, IOBpredBG 5.6, COBpredBG 6.7, UAMpredBG 3.3; minGuardBG 3.8<4.3","COB":6.080499612853282,"IOB":0.43,"duration":30,"rate":0,"timestamp":"2024-01-01T00:17:28.136Z"}}