{"algorithm":"OpenAPSSMBDynamicISFPlugin","input":{"glucoseStatus":{"glucose":83,"noise":0,"delta":0,"short_avgdelta":0.89,"long_avgdelta":1.28,"date":1704173823956},"currenttemp":{"temp":"absolute","duration":10,"rate":0,"minutesrunning":20},"iob_data":[{"iob":-0.537,"basaliob":-0.564,"bolussnooze":0,"activity":-0.0044,"lastBolusTime":1704163954000,"time":"2024-01-02T05:37:28.128Z","iobWithZeroTemp":{"iob":-0.537,"basaliob":-0.564,"bolussnooze":0,"activity":-0.0044,"lastBolusTime":1704163954000,"time":"2024-01-02T05:37:28.128Z"}},{"iob":-0.515,"basaliob":-0.54,"bolussnooze":0,"activity":-0.0045,"lastBolusTime":1704163954000,"time":"2024-01-02T05:42:28.128Z","iobWithZeroTemp":{"iob":-0.542,"basaliob":-0.567,"bolussnooze":0,"activity":-0.0045,"lastBolusTime":1704163954000,"time":"2024-01-02T05:42:28.128Z"}},{"iob":-0.493,"basaliob":-0.516,"bolussnooze":0,"activity":-0.0045,"lastBolusTime":1704163954000,"time":"2024-01-02T05:47:28.128Z","iobWithZeroTemp":{"iob":-0.553,"basaliob":-0.576,"bolussnooze":0,"activity":-0.0046,"lastBolusTime":1704163954000,"time":"2024-01-02T05:47:28.128Z"}},{"iob":-0.471,"basaliob":-0.492,"bolussnooze":0,"activity":-0.0046,"lastBolusTime":1704163954000,"time":"2024-01-02T05:52:28.128Z","iobWithZeroTemp":{"iob":-0.563,"basaliob":-0.584,"bolussnooze":0,"activity":-0.0048,"lastBolusTime":1704163954000,"time":"2024-01-02T05:52:28.128Z"}},{"iob":-0.447,"basaliob":-0.467,"bolussnooze":0,"activity":-0.0045,"lastBolusTime":1704163954000,"time":"2024-01-02T05:57:28.128Z","iobWithZeroTemp":{"iob":-0.572,"basaliob":-0.592,"bolussnooze":0,"activity":-0.0048,"lastBolusTime":1704163954000,"time":"2024-01-02T05:57:28.128Z"}},{"iob":-0.426,"basaliob":-0.444,"bolussnooze":0,"activity":-0.0044,"lastBolusTime":1704163954000,"time":"2024-01-02T06:02:28.128Z","iobWithZeroTemp":{"iob":-0.582,"basaliob":-0.6,"bolussnooze":0,"activity":-0.0049,"lastBolusTime":1704163954000,"time":"2024-01-02T06:02:28.128Z"}},{"iob":-0.403,"basaliob":-0.42,"bolussnooze":0,"activity":-0.0043,"lastBolusTime":1704163954000,"time":"2024-01-02T06:07:28.128Z","iobWithZeroTemp":{"iob":-0.589,"basaliob":-0.606,"bolussnooze":0,"activity":-0.005,"lastBolusTime":1704163954000,"time":"2024-01-02T06:07:28.128Z"}},{"iob":-0.382,"basaliob":-0.397,"bolussnooze":0,"activity":-0.0042,"lastBolusTime":1704163954000,"time":"2024-01-02T06:12:28.128Z","iobWithZeroTemp":{"iob":-0.598,"basaliob":-0.613,"bolussnooze":0,"activity":-0.0051,"lastBolusTime":1704163954000,"time":"2024-01-02T06:12:28.128Z"}},{"iob":-0.361,"basaliob":-0.375,"bolussnooze":0,"activity":-0.0042,"lastBolusTime":1704163954000,"time":"2024-01-02T06:17:28.128Z","iobWithZeroTemp":{"iob":-0.605,"basaliob":-0.619,"bolussnooze":0,"activity":-0.0053,"lastBolusTime":1704163954000,"time":"2024-01-02T06:17:28.128Z"}},{"iob":-0.341,"basaliob":-0.354,"bolussnooze":0,"activity":-0.004,"lastBolusTime":1704163954000,"time":"2024-01-02T06:22:28.128Z","iobWithZeroTemp":{"iob":-0.613,"basaliob":-0.626,"bolussnooze":0,"activity":-0.0053,"lastBolusTime":1704163954000,"time":"2024-01-02T06:22:28.128Z"}},{"iob":-0.321,"basaliob":-0.333,"bolussnooze":0,"activity":-0.0038,"lastBolusTime":1704163954000,"time":"2024-01-02T06:27:28.128Z","iobWithZeroTemp":{"iob":-0.619,"basaliob":-0.631,"bolussnooze":0,"activity":-0.0053,"lastBolusTime":1704163954000,"time":"2024-01-02T06:27:28.128Z"}},{"iob":-0.302,"basaliob":-0.313,"bolussnooze":0,"activity":-0.0037,"lastBolusTime":1704163954000,"time":"2024-01-02T06:32:28.128Z","iobWithZeroTemp":{"iob":-0.625,"basaliob":-0.636,"bolussnooze":0,"activity":-0.0055,"lastBolusTime":1704163954000,"time":"2024-01-02T06:32:28.128Z"}},{"iob":-0.284,"basaliob":-0.294,"bolussnooze":0,"activity":-0.0035,"lastBolusTime":1704163954000,"time":"2024-01-02T06:37:28.128Z","iobWithZeroTemp":{"iob":-0.631,"basaliob":-0.641,"bolussnooze":0,"activity":-0.0055,"lastBolusTime":1704163954000,"time":"2024-01-02T06:37:28.128Z"}},{"iob":-0.267,"basaliob":-0.276,"bolussnooze":0,"activity":-0.0034,"lastBolusTime":1704163954000,"time":"2024-01-02T06:42:28.128Z","iobWithZeroTemp":{"iob":-0.637,"basaliob":-0.646,"bolussnooze":0,"activity":-0.0056,"lastBolusTime":1704163954000,"time":"2024-01-02T06:42:28.128Z"}},{"iob":-0.25,"basaliob":-0.259,"bolussnooze":0,"activity":-0.0033,"lastBolusTime":1704163954000,"time":"2024-01-02T06:47:28.128Z","iobWithZeroTemp":{"iob":-0.641,"basaliob":-0.65,"bolussnooze":0,"activity":-0.0057,"lastBolusTime":1704163954000,"time":"2024-01-02T06:47:28.128Z"}},{"iob":-0.234,"basaliob":-0.242,"bolussnooze":0,"activity":-0.0031,"lastBolusTime":1704163954000,"time":"2024-01-02T06:52:28.128Z","iobWithZeroTemp":{"iob":-0.646,"basaliob":-0.654,"bolussnooze":0,"activity":-0.0058,"lastBolusTime":1704163954000,"time":"2024-01-02T06:52:28.128Z"}},{"iob":-0.22,"basaliob":-0.227,"bolussnooze":0,"activity":-0.003,"lastBolusTime":1704163954000,"time":"2024-01-02T06:57:28.128Z","iobWithZeroTemp":{"iob":-0.651,"basaliob":-0.658,"bolussnooze":0,"activity":-0.0059,"lastBolusTime":1704163954000,"time":"2024-01-02T06:57:28.128Z"}},{"iob":-0.205,"basaliob":-0.212,"bolussnooze":0,"activity":-0.0028,"lastBolusTime":1704163954000,"time":"2024-01-02T07:02:28.128Z","iobWithZeroTemp":{"iob":-0.655,"basaliob":-0.662,"bolussnooze":0,"activity":-0.0059,"lastBolusTime":1704163954000,"time":"2024-01-02T07:02:28.128Z"}},{"iob":-0.192,"basaliob":-0.198,"bolussnooze":0,"activity":-0.0026,"lastBolusTime":1704163954000,"time":"2024-01-02T07:07:28.128Z","iobWithZeroTemp":{"iob":-0.659,"basaliob":-0.665,"bolussnooze":0,"activity":-0.0059,"lastBolusTime":1704163954000,"time":"2024-01-02T07:07:28.128Z"}},{"iob":-0.178,"basaliob":-0.184,"bolussnooze":0,"activity":-0.0025,"lastBolusTime":1704163954000,"time":"2024-01-02T07:12:28.128Z","iobWithZeroTemp":{"iob":-0.662,"basaliob":-0.668,"bolussnooze":0,"activity":-0.006,"lastBolusTime":1704163954000,"time":"2024-01-02T07:12:28.128Z"}},{"iob":-0.167,"basaliob":-0.172,"bolussnooze":0,"activity":-0.0023,"lastBolusTime":1704163954000,"time":"2024-01-02T07:17:28.128Z","iobWithZeroTemp":{"iob":-0.666,"basaliob":-0.671,"bolussnooze":0,"activity":-0.006,"lastBolusTime":1704163954000,"time":"2024-01-02T07:17:28.128Z"}},{"iob":-0.155,"basaliob":-0.16,"bolussnooze":0,"activity":-0.0022,"lastBolusTime":1704163954000,"time":"2024-01-02T07:22:28.128Z","iobWithZeroTemp":{"iob":-0.669,"basaliob":-0.674,"bolussnooze":0,"activity":-0.0061,"lastBolusTime":1704163954000,"time":"2024-01-02T07:22:28.128Z"}},{"iob":-0.145,"basaliob":-0.149,"bolussnooze":0,"activity":-0.0021,"lastBolusTime":1704163954000,"time":"2024-01-02T07:27:28.128Z","iobWithZeroTemp":{"iob":-0.672,"basaliob":-0.676,"bolussnooze":0,"activity":-0.0061,"lastBolusTime":1704163954000,"time":"2024-01-02T07:27:28.128Z"}},{"iob":-0.134,"basaliob":-0.138,"bolussnooze":0,"activity":-0.0019,"lastBolusTime":1704163954000,"time":"2024-01-02T07:32:28.128Z","iobWithZeroTemp":{"iob":-0.674,"basaliob":-0.678,"bolussnooze":0,"activity":-0.0061,"lastBolusTime":1704163954000,"time":"2024-01-02T07:32:28.128Z"}},{"iob":-0.124,"basaliob":-0.128,"bolussnooze":0,"activity":-0.0018,"lastBolusTime":1704163954000,"time":"2024-01-02T07:37:28.128Z","iobWithZeroTemp":{"iob":-0.676,"basaliob":-0.68,"bolussnooze":0,"activity":-0.0061,"lastBolusTime":1704163954000,"time":"2024-01-02T07:37:28.128Z"}},{"iob":-0.116,"basaliob":-0.119,"bolussnooze":0,"activity":-0.0017,"lastBolusTime":1704163954000,"time":"2024-01-02T07:42:28.128Z","iobWithZeroTemp":{"iob":-0.679,"basaliob":-0.682,"bolussnooze":0,"activity":-0.0062,"lastBolusTime":1704163954000,"time":"2024-01-02T07:42:28.128Z"}},{"iob":-0.107,"basaliob":-0.11,"bolussnooze":0,"activity":-0.0016,"lastBolusTime":1704163954000,"time":"2024-01-02T07:47:28.128Z","iobWithZeroTemp":{"iob":-0.681,"basaliob":-0.684,"bolussnooze":0,"activity":-0.0062,"lastBolusTime":1704163954000,"time":"2024-01-02T07:47:28.128Z"}},{"iob":-0.099,"basaliob":-0.102,"bolussnooze":0,"activity":-0.0015,"lastBolusTime":1704163954000,"time":"2024-01-02T07:52:28.128Z","iobWithZeroTemp":{"iob":-0.683,"basaliob":-0.686,"bolussnooze":0,"activity":-0.0063,"lastBolusTime":1704163954000,"time":"2024-01-02T07:52:28.128Z"}},{"iob":-0.093,"basaliob":-0.095,"bolussnooze":0,"activity":-0.0015,"lastBolusTime":1704163954000,"time":"2024-01-02T07:57:28.128Z","iobWithZeroTemp":{"iob":-0.686,"basaliob":-0.688,"bolussnooze":0,"activity":-0.0064,"lastBolusTime":1704163954000,"time":"2024-01-02T07:57:28.128Z"}},{"iob":-0.086,"basaliob":-0.088,"bolussnooze":0,"activity":-0.0014,"lastBolusTime":1704163954000,"time":"2024-01-02T08:02:28.128Z","iobWithZeroTemp":{"iob":-0.687,"basaliob":-0.689,"bolussnooze":0,"activity":-0.0064,"lastBolusTime":1704163954000,"time":"2024-01-02T08:02:28.128Z"}},{"iob":-0.079,"basaliob":-0.081,"bolussnooze":0,"activity":-0.0013,"lastBolusTime":1704163954000,"time":"2024-01-02T08:07:28.128Z","iobWithZeroTemp":{"iob":-0.688,"basaliob":-0.69,"bolussnooze":0,"activity":-0.0064,"lastBolusTime":1704163954000,"time":"2024-01-02T08:07:28.128Z"}},{"iob":-0.073,"basaliob":-0.075,"bolussnooze":0,"activity":-0.0012,"lastBolusTime":1704163954000,"time":"2024-01-02T08:12:28.128Z","iobWithZeroTemp":{"iob":-0.69,"basaliob":-0.692,"bolussnooze":0,"activity":-0.0064,"lastBolusTime":1704163954000,"time":"2024-01-02T08:12:28.128Z"}},{"iob":-0.067,"basaliob":-0.069,"bolussnooze":0,"activity":-0.0011,"lastBolusTime":1704163954000,"time":"2024-01-02T08:17:28.128Z","iobWithZeroTemp":{"iob":-0.691,"basaliob":-0.693,"bolussnooze":0,"activity":-0.0064,"lastBolusTime":1704163954000,"time":"2024-01-02T08:17:28.128Z"}},{"iob":-0.063,"basaliob":-0.064,"bolussnooze":0,"activity":-0.001,"lastBolusTime":1704163954000,"time":"2024-01-02T08:22:28.128Z","iobWithZeroTemp":{"iob":-0.693,"basaliob":-0.694,"bolussnooze":0,"activity":-0.0064,"lastBolusTime":1704163954000,"time":"2024-01-02T08:22:28.128Z"}},{"iob":-0.058,"basaliob":-0.059,"bolussnooze":0,"activity":-0.001,"lastBolusTime":1704163954000,"time":"2024-01-02T08:27:28.128Z","iobWithZeroTemp":{"iob":-0.694,"basaliob":-0.695,"bolussnooze":0,"activity":-0.0065,"lastBolusTime":1704163954000,"time":"2024-01-02T08:27:28.128Z"}},{"iob":-0.053,"basaliob":-0.054,"bolussnooze":0,"activity":-9.0E-4,"lastBolusTime":1704163954000,"time":"2024-01-02T08:32:28.128Z","iobWithZeroTemp":{"iob":-0.695,"basaliob":-0.696,"bolussnooze":0,"activity":-0.0065,"lastBolusTime":1704163954000,"time":"2024-01-02T08:32:28.128Z"}},{"iob":-0.049,"basaliob":-0.05,"bolussnooze":0,"activity":-8.0E-4,"lastBolusTime":1704163954000,"time":"2024-01-02T08:37:28.128Z","iobWithZeroTemp":{"iob":-0.696,"basaliob":-0.697,"bolussnooze":0,"activity":-0.0065,"lastBolusTime":1704163954000,"time":"2024-01-02T08:37:28.128Z"}},{"iob":-0.045,"basaliob":-0.046,"bolussnooze":0,"activity":-8.0E-4,"lastBolusTime":1704163954000,"time":"2024-01-02T08:42:28.128Z","iobWithZeroTemp":{"iob":-0.696,"basaliob":-0.697,"bolussnooze":0,"activity":-0.0066,"lastBolusTime":1704163954000,"time":"2024-01-02T08:42:28.128Z"}},{"iob":-0.041,"basaliob":-0.042,"bolussnooze":0,"activity":-7.0E-4,"lastBolusTime":1704163954000,"time":"2024-01-02T08:47:28.128Z","iobWithZeroTemp":{"iob":-0.697,"basaliob":-0.698,"bolussnooze":0,"activity":-0.0065,"lastBolusTime":1704163954000,"time":"2024-01-02T08:47:28.128Z"}},{"iob":-0.038,"basaliob":-0.039,"bolussnooze":0,"activity":-7.0E-4,"lastBolusTime":1704163954000,"time":"2024-01-02T08:52:28.128Z","iobWithZeroTemp":{"iob":-0.698,"basaliob":-0.699,"bolussnooze":0,"activity":-0.0066,"lastBolusTime":1704163954000,"time":"2024-01-02T08:52:28.128Z"}},{"iob":-0.035,"basaliob":-0.036,"bolussnooze":0,"activity":-6.0E-4,"lastBolusTime":1704163954000,"time":"2024-01-02T08:57:28.128Z","iobWithZeroTemp":{"iob":-0.699,"basaliob":-0.7,"bolussnooze":0,"activity":-0.0065,"lastBolusTime":1704163954000,"time":"2024-01-02T08:57:28.128Z"}},{"iob":-0.032,"basaliob":-0.033,"bolussnooze":0,"activity":-6.0E-4,"lastBolusTime":1704163954000,"time":"2024-01-02T09:02:28.128Z","iobWithZeroTemp":{"iob":-0.699,"basaliob":-0.7,"bolussnooze":0,"activity":-0.0066,"lastBolusTime":1704163954000,"time":"2024-01-02T09:02:28.128Z"}},{"iob":-0.029,"basaliob":-0.03,"bolussnooze":0,"activity":-5.0E-4,"lastBolusTime":1704163954000,"time":"2024-01-02T09:07:28.128Z","iobWithZeroTemp":{"iob":-0.699,"basaliob":-0.7,"bolussnooze":0,"activity":-0.0066,"lastBolusTime":1704163954000,"time":"2024-01-02T09:07:28.128Z"}},{"iob":-0.026,"basaliob":-0.027,"bolussnooze":0,"activity":-5.0E-4,"lastBolusTime":1704163954000,"time":"2024-01-02T09:12:28.128Z","iobWithZeroTemp":{"iob":-0.699,"basaliob":-0.7,"bolussnooze":0,"activity":-0.0066,"lastBolusTime":1704163954000,"time":"2024-01-02T09:12:28.128Z"}},{"iob":-0.025,"basaliob":-0.025,"bolussnooze":0,"activity":-4.0E-4,"lastBolusTime":1704163954000,"time":"2024-01-02T09:17:28.128Z","iobWithZeroTemp":{"iob":-0.701,"basaliob":-0.701,"bolussnooze":0,"activity":-0.0065,"lastBolusTime":1704163954000,"time":"2024-01-02T09:17:28.128Z"}},{"iob":-0.023,"basaliob":-0.023,"bolussnooze":0,"activity":-4.0E-4,"lastBolusTime":1704163954000,"time":"2024-01-02T09:22:28.128Z","iobWithZeroTemp":{"iob":-0.701,"basaliob":-0.701,"bolussnooze":0,"activity":-0.0066,"lastBolusTime":1704163954000,"time":"2024-01-02T09:22:28.128Z"}},{"iob":-0.021,"basaliob":-0.021,"bolussnooze":0,"activity":-4.0E-4,"lastBolusTime":1704163954000,"time":"2024-01-02T09:27:28.128Z","iobWithZeroTemp":{"iob":-0.702,"basaliob":-0.702,"bolussnooze":0,"activity":-0.0066,"lastBolusTime":1704163954000,"time":"2024-01-02T09:27:28.128Z"}},{"iob":-0.019,"basaliob":-0.019,"bolussnooze":0,"activity":-3.0E-4,"lastBolusTime":1704163954000,"time":"2024-01-02T09:32:28.128Z","iobWithZeroTemp":{"iob":-0.702,"basaliob":-0.702,"bolussnooze":0,"activity":-0.0066,"lastBolusTime":1704163954000,"time":"2024-01-02T09:32:28.128Z"}}],"profile":{"max_iob":7,"type":"current","max_daily_basal":0.45,"max_basal":1.35,"min_bg":144,"max_bg":144,"target_bg":144,"carb_ratio":9,"sens":352.8,"max_daily_safety_multiplier":3,"current_basal_safety_multiplier":4,"lgsThreshold":65,"high_temptarget_raises_sensitivity":false,"low_temptarget_lowers_sensitivity":false,"sensitivity_raises_target":true,"resistance_lowers_target":true,"adv_target_adjustments":false,"exercise_mode":false,"half_basal_exercise_target":160,"maxCOB":120,"skip_neutral_temps":false,"remainingCarbsCap":90,"enableUAM":true,"A52_risk_enable":false,"SMBInterval":4,"enableSMB_with_COB":true,"enableSMB_with_temptarget":false,"allowSMB_with_high_temptarget":true,"enableSMB_always":true,"enableSMB_after_carbs":false,"maxSMBBasalMinutes":60,"maxUAMSMBBasalMinutes":60,"bolus_increment":0.05,"carbsReqThreshold":10,"current_basal":0.4,"temptargetSet":true,"autosens_max":1.2,"autosens_min":0.8,"out_units":"mmol\/L","variable_sens":333.6,"insulinDivisor":65,"TDD":6.557952491666666},"autosens_data":{"ratio":0.9643875826340896},"meal_data":{"carbs":0,"mealCOB":0,"slopeFromMaxDeviation":0,"slopeFromMinDeviation":0.8756666666666669,"lastBolusTime":1704163954000,"lastCarbTime":0},"microBolusAllowed":true,"currentTime":1704173850206,"flatBGsDetected":false,"tdd1D":29.029333333333327,"tdd7D":23.806904761904768,"tddLast24H":22.959083333333336,"tddLast4H":0.4428333333333334,"tddLast8to4H":0.75625},"output":{"temp":"absolute","bg":83,"tick":"+0","eventualBG":226,"targetBG":144,"insulinReq":0,"deliverAt":"2024-01-02T05:37:30.206Z","sensitivityRatio":0.9643875826340896,"variable_sens":333.6,"predBGs":{"IOB":[83,84,85,87,90,92,96,99,103,107,112,116,121,126,130,134,138,142,145,148,151,153,156,158,160,162,164,166,168,169,171,172,173,175,176,177,178,178,179,180,181,181,182,182,183,183,184],"ZT":[83,90,97,104,111,118,124,131,137,143]},"reason":"COB: 0, Dev: -2.0, BGI: 0.4, ISF: 18.5, CR: 9, Target: 8.0, minPredBG 8.1, minGuardBG 4.7, IOBpredBG 10.2; minGuardBG 4.7<5.1","COB":0,"IOB":-0.537,"duration":30,"rate":0,"timestamp":"2024-01-02T05:37:30.232Z"}}