{"algorithm":"OpenAPSSMBDynamicISFPlugin","input":{"glucoseStatus":{"glucose":181,"noise":0,"delta":-5,"short_avgdelta":-4.78,"long_avgdelta":-0.66,"date":1704324132374},"currenttemp":{"temp":"absolute","duration":25,"rate":0,"minutesrunning":5},"iob_data":[{"iob":0.901,"basaliob":-0.439,"bolussnooze":0,"activity":0.0081,"lastBolusTime":1704323577000,"time":"2024-01-03T23:22:34.452Z","iobWithZeroTemp":{"iob":0.901,"basaliob":-0.439,"bolussnooze":0,"activity":0.0081,"lastBolusTime":1704323577000,"time":"2024-01-03T23:22:34.452Z"}},{"iob":0.86,"basaliob":-0.415,"bolussnooze":0,"activity":0.0082,"lastBolusTime":1704323577000,"time":"2024-01-03T23:27:34.452Z","iobWithZeroTemp":{"iob":0.83,"basaliob":-0.445,"bolussnooze":0,"activity":0.0082,"lastBolusTime":1704323577000,"time":"2024-01-03T23:27:34.452Z"}},{"iob":0.819,"basaliob":-0.392,"bolussnooze":0,"activity":0.0081,"lastBolusTime":1704323577000,"time":"2024-01-03T23:32:34.452Z","iobWithZeroTemp":{"iob":0.752,"basaliob":-0.459,"bolussnooze":0,"activity":0.008,"lastBolusTime":1704323577000,"time":"2024-01-03T23:32:34.452Z"}},{"iob":0.78,"basaliob":-0.369,"bolussnooze":0,"activity":0.008,"lastBolusTime":1704323577000,"time":"2024-01-03T23:37:34.452Z","iobWithZeroTemp":{"iob":0.676,"basaliob":-0.473,"bolussnooze":0,"activity":0.0078,"lastBolusTime":1704323577000,"time":"2024-01-03T23:37:34.452Z"}},{"iob":0.739,"basaliob":-0.348,"bolussnooze":0,"activity":0.0078,"lastBolusTime":1704323577000,"time":"2024-01-03T23:42:34.452Z","iobWithZeroTemp":{"iob":0.599,"basaliob":-0.488,"bolussnooze":0,"activity":0.0074,"lastBolusTime":1704323577000,"time":"2024-01-03T23:42:34.452Z"}},{"iob":0.7,"basaliob":-0.327,"bolussnooze":0,"activity":0.0077,"lastBolusTime":1704323577000,"time":"2024-01-03T23:47:34.452Z","iobWithZeroTemp":{"iob":0.525,"basaliob":-0.502,"bolussnooze":0,"activity":0.0071,"lastBolusTime":1704323577000,"time":"2024-01-03T23:47:34.452Z"}},{"iob":0.662,"basaliob":-0.307,"bolussnooze":0,"activity":0.0075,"lastBolusTime":1704323577000,"time":"2024-01-03T23:52:34.452Z","iobWithZeroTemp":{"iob":0.452,"basaliob":-0.517,"bolussnooze":0,"activity":0.0067,"lastBolusTime":1704323577000,"time":"2024-01-03T23:52:34.452Z"}},{"iob":0.626,"basaliob":-0.288,"bolussnooze":0,"activity":0.0073,"lastBolusTime":1704323577000,"time":"2024-01-03T23:57:34.452Z","iobWithZeroTemp":{"iob":0.383,"basaliob":-0.531,"bolussnooze":0,"activity":0.0063,"lastBolusTime":1704323577000,"time":"2024-01-03T23:57:34.452Z"}},{"iob":0.59,"basaliob":-0.27,"bolussnooze":0,"activity":0.007,"lastBolusTime":1704323577000,"time":"2024-01-04T00:02:34.452Z","iobWithZeroTemp":{"iob":0.323,"basaliob":-0.537,"bolussnooze":0,"activity":0.0058,"lastBolusTime":1704323577000,"time":"2024-01-04T00:02:34.452Z"}},{"iob":0.556,"basaliob":-0.252,"bolussnooze":0,"activity":0.0067,"lastBolusTime":1704323577000,"time":"2024-01-04T00:07:34.452Z","iobWithZeroTemp":{"iob":0.267,"basaliob":-0.541,"bolussnooze":0,"activity":0.0053,"lastBolusTime":1704323577000,"time":"2024-01-04T00:07:34.452Z"}},{"iob":0.522,"basaliob":-0.236,"bolussnooze":0,"activity":0.0065,"lastBolusTime":1704323577000,"time":"2024-01-04T00:12:34.452Z","iobWithZeroTemp":{"iob":0.211,"basaliob":-0.547,"bolussnooze":0,"activity":0.0048,"lastBolusTime":1704323577000,"time":"2024-01-04T00:12:34.452Z"}},{"iob":0.491,"basaliob":-0.22,"bolussnooze":0,"activity":0.0062,"lastBolusTime":1704323577000,"time":"2024-01-04T00:17:34.452Z","iobWithZeroTemp":{"iob":0.16,"basaliob":-0.551,"bolussnooze":0,"activity":0.0043,"lastBolusTime":1704323577000,"time":"2024-01-04T00:17:34.452Z"}},{"iob":0.461,"basaliob":-0.205,"bolussnooze":0,"activity":0.0059,"lastBolusTime":1704323577000,"time":"2024-01-04T00:22:34.452Z","iobWithZeroTemp":{"iob":0.111,"basaliob":-0.555,"bolussnooze":0,"activity":0.0038,"lastBolusTime":1704323577000,"time":"2024-01-04T00:22:34.452Z"}},{"iob":0.432,"basaliob":-0.191,"bolussnooze":0,"activity":0.0057,"lastBolusTime":1704323577000,"time":"2024-01-04T00:27:34.452Z","iobWithZeroTemp":{"iob":0.063,"basaliob":-0.56,"bolussnooze":0,"activity":0.0034,"lastBolusTime":1704323577000,"time":"2024-01-04T00:27:34.452Z"}},{"iob":0.404,"basaliob":-0.178,"bolussnooze":0,"activity":0.0053,"lastBolusTime":1704323577000,"time":"2024-01-04T00:32:34.452Z","iobWithZeroTemp":{"iob":0.018,"basaliob":-0.564,"bolussnooze":0,"activity":0.0028,"lastBolusTime":1704323577000,"time":"2024-01-04T00:32:34.452Z"}},{"iob":0.378,"basaliob":-0.166,"bolussnooze":0,"activity":0.0051,"lastBolusTime":1704323577000,"time":"2024-01-04T00:37:34.452Z","iobWithZeroTemp":{"iob":-0.024,"basaliob":-0.568,"bolussnooze":0,"activity":0.0024,"lastBolusTime":1704323577000,"time":"2024-01-04T00:37:34.452Z"}},{"iob":0.353,"basaliob":-0.154,"bolussnooze":0,"activity":0.0048,"lastBolusTime":1704323577000,"time":"2024-01-04T00:42:34.452Z","iobWithZeroTemp":{"iob":-0.064,"basaliob":-0.571,"bolussnooze":0,"activity":0.0019,"lastBolusTime":1704323577000,"time":"2024-01-04T00:42:34.452Z"}},{"iob":0.33,"basaliob":-0.143,"bolussnooze":0,"activity":0.0046,"lastBolusTime":1704323577000,"time":"2024-01-04T00:47:34.452Z","iobWithZeroTemp":{"iob":-0.101,"basaliob":-0.574,"bolussnooze":0,"activity":0.0015,"lastBolusTime":1704323577000,"time":"2024-01-04T00:47:34.452Z"}},{"iob":0.307,"basaliob":-0.133,"bolussnooze":0,"activity":0.0043,"lastBolusTime":1704323577000,"time":"2024-01-04T00:52:34.452Z","iobWithZeroTemp":{"iob":-0.138,"basaliob":-0.578,"bolussnooze":0,"activity":0.001,"lastBolusTime":1704323577000,"time":"2024-01-04T00:52:34.452Z"}},{"iob":0.287,"basaliob":-0.123,"bolussnooze":0,"activity":0.004,"lastBolusTime":1704323577000,"time":"2024-01-04T00:57:34.452Z","iobWithZeroTemp":{"iob":-0.17,"basaliob":-0.58,"bolussnooze":0,"activity":6.0E-4,"lastBolusTime":1704323577000,"time":"2024-01-04T00:57:34.452Z"}},{"iob":0.267,"basaliob":-0.114,"bolussnooze":0,"activity":0.0039,"lastBolusTime":1704323577000,"time":"2024-01-04T01:02:34.452Z","iobWithZeroTemp":{"iob":-0.195,"basaliob":-0.576,"bolussnooze":0,"activity":3.0E-4,"lastBolusTime":1704323577000,"time":"2024-01-04T01:02:34.452Z"}},{"iob":0.248,"basaliob":-0.106,"bolussnooze":0,"activity":0.0036,"lastBolusTime":1704323577000,"time":"2024-01-04T01:07:34.452Z","iobWithZeroTemp":{"iob":-0.219,"basaliob":-0.573,"bolussnooze":0,"activity":-1.0E-4,"lastBolusTime":1704323577000,"time":"2024-01-04T01:07:34.452Z"}},{"iob":0.23,"basaliob":-0.098,"bolussnooze":0,"activity":0.0034,"lastBolusTime":1704323577000,"time":"2024-01-04T01:12:34.452Z","iobWithZeroTemp":{"iob":-0.24,"basaliob":-0.568,"bolussnooze":0,"activity":-4.0E-4,"lastBolusTime":1704323577000,"time":"2024-01-04T01:12:34.452Z"}},{"iob":0.214,"basaliob":-0.091,"bolussnooze":0,"activity":0.0032,"lastBolusTime":1704323577000,"time":"2024-01-04T01:17:34.452Z","iobWithZeroTemp":{"iob":-0.26,"basaliob":-0.565,"bolussnooze":0,"activity":-7.0E-4,"lastBolusTime":1704323577000,"time":"2024-01-04T01:17:34.452Z"}},{"iob":0.198,"basaliob":-0.084,"bolussnooze":0,"activity":0.003,"lastBolusTime":1704323577000,"time":"2024-01-04T01:22:34.452Z","iobWithZeroTemp":{"iob":-0.278,"basaliob":-0.56,"bolussnooze":0,"activity":-0.001,"lastBolusTime":1704323577000,"time":"2024-01-04T01:22:34.452Z"}},{"iob":0.184,"basaliob":-0.077,"bolussnooze":0,"activity":0.0028,"lastBolusTime":1704323577000,"time":"2024-01-04T01:27:34.452Z","iobWithZeroTemp":{"iob":-0.295,"basaliob":-0.556,"bolussnooze":0,"activity":-0.0013,"lastBolusTime":1704323577000,"time":"2024-01-04T01:27:34.452Z"}},{"iob":0.171,"basaliob":-0.071,"bolussnooze":0,"activity":0.0026,"lastBolusTime":1704323577000,"time":"2024-01-04T01:32:34.452Z","iobWithZeroTemp":{"iob":-0.309,"basaliob":-0.551,"bolussnooze":0,"activity":-0.0016,"lastBolusTime":1704323577000,"time":"2024-01-04T01:32:34.452Z"}},{"iob":0.158,"basaliob":-0.066,"bolussnooze":0,"activity":0.0024,"lastBolusTime":1704323577000,"time":"2024-01-04T01:37:34.452Z","iobWithZeroTemp":{"iob":-0.324,"basaliob":-0.548,"bolussnooze":0,"activity":-0.0018,"lastBolusTime":1704323577000,"time":"2024-01-04T01:37:34.452Z"}},{"iob":0.146,"basaliob":-0.061,"bolussnooze":0,"activity":0.0023,"lastBolusTime":1704323577000,"time":"2024-01-04T01:42:34.452Z","iobWithZeroTemp":{"iob":-0.337,"basaliob":-0.544,"bolussnooze":0,"activity":-0.002,"lastBolusTime":1704323577000,"time":"2024-01-04T01:42:34.452Z"}},{"iob":0.135,"basaliob":-0.056,"bolussnooze":0,"activity":0.0022,"lastBolusTime":1704323577000,"time":"2024-01-04T01:47:34.452Z","iobWithZeroTemp":{"iob":-0.349,"basaliob":-0.54,"bolussnooze":0,"activity":-0.0021,"lastBolusTime":1704323577000,"time":"2024-01-04T01:47:34.452Z"}},{"iob":0.125,"basaliob":-0.051,"bolussnooze":0,"activity":0.0019,"lastBolusTime":1704323577000,"time":"2024-01-04T01:52:34.452Z","iobWithZeroTemp":{"iob":-0.36,"basaliob":-0.536,"bolussnooze":0,"activity":-0.0025,"lastBolusTime":1704323577000,"time":"2024-01-04T01:52:34.452Z"}},{"iob":0.115,"basaliob":-0.047,"bolussnooze":0,"activity":0.0018,"lastBolusTime":1704323577000,"time":"2024-01-04T01:57:34.452Z","iobWithZeroTemp":{"iob":-0.371,"basaliob":-0.533,"bolussnooze":0,"activity":-0.0026,"lastBolusTime":1704323577000,"time":"2024-01-04T01:57:34.452Z"}},{"iob":0.107,"basaliob":-0.043,"bolussnooze":0,"activity":0.0018,"lastBolusTime":1704323577000,"time":"2024-01-04T02:02:34.452Z","iobWithZeroTemp":{"iob":-0.379,"basaliob":-0.529,"bolussnooze":0,"activity":-0.0026,"lastBolusTime":1704323577000,"time":"2024-01-04T02:02:34.452Z"}},{"iob":0.098,"basaliob":-0.04,"bolussnooze":0,"activity":0.0016,"lastBolusTime":1704323577000,"time":"2024-01-04T02:07:34.452Z","iobWithZeroTemp":{"iob":-0.388,"basaliob":-0.526,"bolussnooze":0,"activity":-0.0029,"lastBolusTime":1704323577000,"time":"2024-01-04T02:07:34.452Z"}},{"iob":0.091,"basaliob":-0.036,"bolussnooze":0,"activity":0.0015,"lastBolusTime":1704323577000,"time":"2024-01-04T02:12:34.452Z","iobWithZeroTemp":{"iob":-0.396,"basaliob":-0.523,"bolussnooze":0,"activity":-0.003,"lastBolusTime":1704323577000,"time":"2024-01-04T02:12:34.452Z"}},{"iob":0.084,"basaliob":-0.033,"bolussnooze":0,"activity":0.0014,"lastBolusTime":1704323577000,"time":"2024-01-04T02:17:34.452Z","iobWithZeroTemp":{"iob":-0.403,"basaliob":-0.52,"bolussnooze":0,"activity":-0.0031,"lastBolusTime":1704323577000,"time":"2024-01-04T02:17:34.452Z"}},{"iob":0.076,"basaliob":-0.031,"bolussnooze":0,"activity":0.0013,"lastBolusTime":1704323577000,"time":"2024-01-04T02:22:34.452Z","iobWithZeroTemp":{"iob":-0.411,"basaliob":-0.518,"bolussnooze":0,"activity":-0.0032,"lastBolusTime":1704323577000,"time":"2024-01-04T02:22:34.452Z"}},{"iob":0.071,"basaliob":-0.028,"bolussnooze":0,"activity":0.0012,"lastBolusTime":1704323577000,"time":"2024-01-04T02:27:34.452Z","iobWithZeroTemp":{"iob":-0.416,"basaliob":-0.515,"bolussnooze":0,"activity":-0.0033,"lastBolusTime":1704323577000,"time":"2024-01-04T02:27:34.452Z"}},{"iob":0.064,"basaliob":-0.026,"bolussnooze":0,"activity":0.0011,"lastBolusTime":1704323577000,"time":"2024-01-04T02:32:34.452Z","iobWithZeroTemp":{"iob":-0.422,"basaliob":-0.512,"bolussnooze":0,"activity":-0.0034,"lastBolusTime":1704323577000,"time":"2024-01-04T02:32:34.452Z"}},{"iob":0.06,"basaliob":-0.023,"bolussnooze":0,"activity":0.001,"lastBolusTime":1704323577000,"time":"2024-01-04T02:37:34.452Z","iobWithZeroTemp":{"iob":-0.426,"basaliob":-0.509,"bolussnooze":0,"activity":-0.0035,"lastBolusTime":1704323577000,"time":"2024-01-04T02:37:34.452Z"}},{"iob":0.055,"basaliob":-0.021,"bolussnooze":0,"activity":9.0E-4,"lastBolusTime":1704323577000,"time":"2024-01-04T02:42:34.452Z","iobWithZeroTemp":{"iob":-0.431,"basaliob":-0.507,"bolussnooze":0,"activity":-0.0037,"lastBolusTime":1704323577000,"time":"2024-01-04T02:42:34.452Z"}},{"iob":0.05,"basaliob":-0.02,"bolussnooze":0,"activity":8.0E-4,"lastBolusTime":1704323577000,"time":"2024-01-04T02:47:34.452Z","iobWithZeroTemp":{"iob":-0.436,"basaliob":-0.506,"bolussnooze":0,"activity":-0.0038,"lastBolusTime":1704323577000,"time":"2024-01-04T02:47:34.452Z"}},{"iob":0.046,"basaliob":-0.018,"bolussnooze":0,"activity":8.0E-4,"lastBolusTime":1704323577000,"time":"2024-01-04T02:52:34.452Z","iobWithZeroTemp":{"iob":-0.439,"basaliob":-0.503,"bolussnooze":0,"activity":-0.0038,"lastBolusTime":1704323577000,"time":"2024-01-04T02:52:34.452Z"}},{"iob":0.042,"basaliob":-0.016,"bolussnooze":0,"activity":7.0E-4,"lastBolusTime":1704323577000,"time":"2024-01-04T02:57:34.452Z","iobWithZeroTemp":{"iob":-0.443,"basaliob":-0.501,"bolussnooze":0,"activity":-0.0039,"lastBolusTime":1704323577000,"time":"2024-01-04T02:57:34.452Z"}},{"iob":0.038,"basaliob":-0.015,"bolussnooze":0,"activity":7.0E-4,"lastBolusTime":1704323577000,"time":"2024-01-04T03:02:34.452Z","iobWithZeroTemp":{"iob":-0.449,"basaliob":-0.502,"bolussnooze":0,"activity":-0.0039,"lastBolusTime":1704323577000,"time":"2024-01-04T03:02:34.452Z"}},{"iob":0.036,"basaliob":-0.013,"bolussnooze":0,"activity":6.0E-4,"lastBolusTime":1704323577000,"time":"2024-01-04T03:07:34.452Z","iobWithZeroTemp":{"iob":-0.453,"basaliob":-0.502,"bolussnooze":0,"activity":-0.004,"lastBolusTime":1704323577000,"time":"2024-01-04T03:07:34.452Z"}},{"iob":0.032,"basaliob":-0.012,"bolussnooze":0,"activity":6.0E-4,"lastBolusTime":1704323577000,"time":"2024-01-04T03:12:34.452Z","iobWithZeroTemp":{"iob":-0.459,"basaliob":-0.503,"bolussnooze":0,"activity":-0.004,"lastBolusTime":1704323577000,"time":"2024-01-04T03:12:34.452Z"}},{"iob":0.029,"basaliob":-0.011,"bolussnooze":0,"activity":6.0E-4,"lastBolusTime":1704323577000,"time":"2024-01-04T03:17:34.452Z","iobWithZeroTemp":{"iob":-0.464,"basaliob":-0.504,"bolussnooze":0,"activity":-0.004,"lastBolusTime":1704323577000,"time":"2024-01-04T03:17:34.452Z"}}],"profile":{"max_iob":7,"type":"current","max_daily_basal":0.45,"max_basal":1.35,"min_bg":81,"max_bg":81,"target_bg":81,"carb_ratio":11,"sens":369,"max_daily_safety_multiplier":3,"current_basal_safety_multiplier":4,"lgsThreshold":65,"high_temptarget_raises_sensitivity":false,"low_temptarget_lowers_sensitivity":false,"sensitivity_raises_target":true,"resistance_lowers_target":true,"adv_target_adjustments":false,"exercise_mode":false,"half_basal_exercise_target":160,"maxCOB":120,"skip_neutral_temps":false,"remainingCarbsCap":90,"enableUAM":true,"A52_risk_enable":false,"SMBInterval":4,"enableSMB_with_COB":true,"enableSMB_with_temptarget":false,"allowSMB_with_high_temptarget":true,"enableSMB_always":true,"enableSMB_after_carbs":false,"maxSMBBasalMinutes":60,"maxUAMSMBBasalMinutes":60,"bolus_increment":0.05,"carbsReqThreshold":10,"current_basal":0.45,"temptargetSet":true,"autosens_max":1.2,"autosens_min":0.8,"out_units":"mmol\/L","variable_sens":170,"insulinDivisor":65,"TDD":7.957172958333334},"autosens_data":{"ratio":0.9423582787562893},"meal_data":{"carbs":10,"mealCOB":7.016487749571369,"slopeFromMaxDeviation":-0.4905999999999999,"slopeFromMinDeviation":0,"lastBolusTime":1704323577000,"lastCarbTime":1704322119000},"microBolusAllowed":true,"currentTime":1704324157287,"flatBGsDetected":false,"tdd1D":20.64108333333334,"tdd7D":22.492595238095245,"tddLast24H":21.196083333333345,"tddLast4H":2.9066666666666663,"tddLast8to4H":7.15},"output":{"temp":"absolute","bg":181,"tick":-5,"eventualBG":137,"targetBG":81,"insulinReq":0,"deliverAt":"2024-01-03T23:22:37.287Z","sensitivityRatio":0.9423582787562893,"variable_sens":170,"predBGs":{"IOB":[181,176,170,165,159,153,146,140,134,127,120,113,106,100,93,86,79,72,65,58,51,44,39],"ZT":[181,174,167,160,153,146,139,132,126,120,114,109,104,99,95,92,89,86,84,83,82,82,82,82],"COB":[181,176,171,166,162,157,153,149,145,142,139,136,134,131,129,128,126,125,125,124,124,124,125,125,126,127,128,129,130,131,131,132,133,134,135,135,136,136,137,137,138,138,138,138,138,138,138,137],"UAM":[181,176,169,163,155,148,141,134,126,119,111,104,97,89,82,75,67,59,51,43,39]},"reason":"COB: 7, Dev: 0.6, BGI: -0.4, ISF: 9.4, CR: 11, Target: 4.5, minPredBG 4.6, minGuardBG 3.4, IOBpredBG 2.2, COBpredBG 7.6, UAMpredBG 2.2; minGuardBG 3.4<3.6 25m left and 0 ~ req 0U\/hr: no temp required","COB":7.016487749571369,"IOB":0.901,"timestamp":"2024-01-03T23:22:37.313Z"}}