{"algorithm":"OpenAPSSMBDynamicISFPlugin","input":{"glucoseStatus":{"glucose":138,"noise":0,"delta":11,"short_avgdelta":8.17,"long_avgdelta":9.74,"date":1704315427996},"currenttemp":{"temp":"absolute","duration":40,"rate":0,"minutesrunning":20},"iob_data":[{"iob":0.84,"basaliob":-0.573,"bolussnooze":0.0676,"activity":0.0088,"lastBolusTime":1704314613000,"time":"2024-01-03T20:57:37.897Z","iobWithZeroTemp":{"iob":0.84,"basaliob":-0.573,"bolussnooze":0.0676,"activity":0.0088,"lastBolusTime":1704314613000,"time":"2024-01-03T20:57:37.897Z"}},{"iob":0.796,"basaliob":-0.545,"bolussnooze":0.0569,"activity":0.0085,"lastBolusTime":1704314613000,"time":"2024-01-03T21:02:37.897Z","iobWithZeroTemp":{"iob":0.769,"basaliob":-0.572,"bolussnooze":0.0569,"activity":0.0085,"lastBolusTime":1704314613000,"time":"2024-01-03T21:02:37.897Z"}},{"iob":0.754,"basaliob":-0.517,"bolussnooze":0.0478,"activity":0.0083,"lastBolusTime":1704314613000,"time":"2024-01-03T21:07:37.897Z","iobWithZeroTemp":{"iob":0.694,"basaliob":-0.577,"bolussnooze":0.0478,"activity":0.0082,"lastBolusTime":1704314613000,"time":"2024-01-03T21:07:37.897Z"}},{"iob":0.713,"basaliob":-0.489,"bolussnooze":0.04,"activity":0.0082,"lastBolusTime":1704314613000,"time":"2024-01-03T21:12:37.897Z","iobWithZeroTemp":{"iob":0.621,"basaliob":-0.581,"bolussnooze":0.04,"activity":0.008,"lastBolusTime":1704314613000,"time":"2024-01-03T21:12:37.897Z"}},{"iob":0.673,"basaliob":-0.462,"bolussnooze":0.0334,"activity":0.0079,"lastBolusTime":1704314613000,"time":"2024-01-03T21:17:37.897Z","iobWithZeroTemp":{"iob":0.548,"basaliob":-0.587,"bolussnooze":0.0334,"activity":0.0076,"lastBolusTime":1704314613000,"time":"2024-01-03T21:17:37.897Z"}},{"iob":0.634,"basaliob":-0.436,"bolussnooze":0.0278,"activity":0.0076,"lastBolusTime":1704314613000,"time":"2024-01-03T21:22:37.897Z","iobWithZeroTemp":{"iob":0.478,"basaliob":-0.592,"bolussnooze":0.0278,"activity":0.0071,"lastBolusTime":1704314613000,"time":"2024-01-03T21:22:37.897Z"}},{"iob":0.597,"basaliob":-0.411,"bolussnooze":0.023,"activity":0.0074,"lastBolusTime":1704314613000,"time":"2024-01-03T21:27:37.897Z","iobWithZeroTemp":{"iob":0.411,"basaliob":-0.597,"bolussnooze":0.023,"activity":0.0067,"lastBolusTime":1704314613000,"time":"2024-01-03T21:27:37.897Z"}},{"iob":0.561,"basaliob":-0.387,"bolussnooze":0.019,"activity":0.0071,"lastBolusTime":1704314613000,"time":"2024-01-03T21:32:37.897Z","iobWithZeroTemp":{"iob":0.345,"basaliob":-0.603,"bolussnooze":0.019,"activity":0.0062,"lastBolusTime":1704314613000,"time":"2024-01-03T21:32:37.897Z"}},{"iob":0.526,"basaliob":-0.364,"bolussnooze":0.0156,"activity":0.0068,"lastBolusTime":1704314613000,"time":"2024-01-03T21:37:37.897Z","iobWithZeroTemp":{"iob":0.282,"basaliob":-0.608,"bolussnooze":0.0156,"activity":0.0057,"lastBolusTime":1704314613000,"time":"2024-01-03T21:37:37.897Z"}},{"iob":0.493,"basaliob":-0.342,"bolussnooze":0.0128,"activity":0.0064,"lastBolusTime":1704314613000,"time":"2024-01-03T21:42:37.897Z","iobWithZeroTemp":{"iob":0.221,"basaliob":-0.614,"bolussnooze":0.0128,"activity":0.0051,"lastBolusTime":1704314613000,"time":"2024-01-03T21:42:37.897Z"}},{"iob":0.462,"basaliob":-0.32,"bolussnooze":0.0104,"activity":0.0061,"lastBolusTime":1704314613000,"time":"2024-01-03T21:47:37.897Z","iobWithZeroTemp":{"iob":0.164,"basaliob":-0.618,"bolussnooze":0.0104,"activity":0.0046,"lastBolusTime":1704314613000,"time":"2024-01-03T21:47:37.897Z"}},{"iob":0.432,"basaliob":-0.3,"bolussnooze":0.0085,"activity":0.0058,"lastBolusTime":1704314613000,"time":"2024-01-03T21:52:37.897Z","iobWithZeroTemp":{"iob":0.109,"basaliob":-0.623,"bolussnooze":0.0085,"activity":0.004,"lastBolusTime":1704314613000,"time":"2024-01-03T21:52:37.897Z"}},{"iob":0.404,"basaliob":-0.281,"bolussnooze":0.0068,"activity":0.0055,"lastBolusTime":1704314613000,"time":"2024-01-03T21:57:37.897Z","iobWithZeroTemp":{"iob":0.057,"basaliob":-0.628,"bolussnooze":0.0068,"activity":0.0035,"lastBolusTime":1704314613000,"time":"2024-01-03T21:57:37.897Z"}},{"iob":0.376,"basaliob":-0.263,"bolussnooze":0.0055,"activity":0.0052,"lastBolusTime":1704314613000,"time":"2024-01-03T22:02:37.897Z","iobWithZeroTemp":{"iob":0.002,"basaliob":-0.637,"bolussnooze":0.0055,"activity":0.003,"lastBolusTime":1704314613000,"time":"2024-01-03T22:02:37.897Z"}},{"iob":0.352,"basaliob":-0.245,"bolussnooze":0.0044,"activity":0.0049,"lastBolusTime":1704314613000,"time":"2024-01-03T22:07:37.897Z","iobWithZeroTemp":{"iob":-0.048,"basaliob":-0.645,"bolussnooze":0.0044,"activity":0.0024,"lastBolusTime":1704314613000,"time":"2024-01-03T22:07:37.897Z"}},{"iob":0.327,"basaliob":-0.229,"bolussnooze":0.0035,"activity":0.0047,"lastBolusTime":1704314613000,"time":"2024-01-03T22:12:37.897Z","iobWithZeroTemp":{"iob":-0.097,"basaliob":-0.653,"bolussnooze":0.0035,"activity":0.002,"lastBolusTime":1704314613000,"time":"2024-01-03T22:12:37.897Z"}},{"iob":0.305,"basaliob":-0.213,"bolussnooze":0.0027,"activity":0.0044,"lastBolusTime":1704314613000,"time":"2024-01-03T22:17:37.897Z","iobWithZeroTemp":{"iob":-0.143,"basaliob":-0.661,"bolussnooze":0.0027,"activity":0.0015,"lastBolusTime":1704314613000,"time":"2024-01-03T22:17:37.897Z"}},{"iob":0.283,"basaliob":-0.199,"bolussnooze":0.0021,"activity":0.0042,"lastBolusTime":1704314613000,"time":"2024-01-03T22:22:37.897Z","iobWithZeroTemp":{"iob":-0.187,"basaliob":-0.669,"bolussnooze":0.0021,"activity":0.001,"lastBolusTime":1704314613000,"time":"2024-01-03T22:22:37.897Z"}},{"iob":0.263,"basaliob":-0.185,"bolussnooze":0.0016,"activity":0.0039,"lastBolusTime":1704314613000,"time":"2024-01-03T22:27:37.897Z","iobWithZeroTemp":{"iob":-0.228,"basaliob":-0.676,"bolussnooze":0.0016,"activity":5.0E-4,"lastBolusTime":1704314613000,"time":"2024-01-03T22:27:37.897Z"}},{"iob":0.244,"basaliob":-0.172,"bolussnooze":0.0012,"activity":0.0037,"lastBolusTime":1704314613000,"time":"2024-01-03T22:32:37.897Z","iobWithZeroTemp":{"iob":-0.267,"basaliob":-0.683,"bolussnooze":0.0012,"activity":1.0E-4,"lastBolusTime":1704314613000,"time":"2024-01-03T22:32:37.897Z"}},{"iob":0.227,"basaliob":-0.16,"bolussnooze":9.0E-4,"activity":0.0034,"lastBolusTime":1704314613000,"time":"2024-01-03T22:37:37.897Z","iobWithZeroTemp":{"iob":-0.303,"basaliob":-0.69,"bolussnooze":9.0E-4,"activity":-4.0E-4,"lastBolusTime":1704314613000,"time":"2024-01-03T22:37:37.897Z"}},{"iob":0.211,"basaliob":-0.148,"bolussnooze":7.0E-4,"activity":0.0032,"lastBolusTime":1704314613000,"time":"2024-01-03T22:42:37.897Z","iobWithZeroTemp":{"iob":-0.337,"basaliob":-0.696,"bolussnooze":7.0E-4,"activity":-8.0E-4,"lastBolusTime":1704314613000,"time":"2024-01-03T22:42:37.897Z"}},{"iob":0.195,"basaliob":-0.137,"bolussnooze":5.0E-4,"activity":0.003,"lastBolusTime":1704314613000,"time":"2024-01-03T22:47:37.897Z","iobWithZeroTemp":{"iob":-0.37,"basaliob":-0.702,"bolussnooze":5.0E-4,"activity":-0.0012,"lastBolusTime":1704314613000,"time":"2024-01-03T22:47:37.897Z"}},{"iob":0.181,"basaliob":-0.127,"bolussnooze":4.0E-4,"activity":0.0029,"lastBolusTime":1704314613000,"time":"2024-01-03T22:52:37.897Z","iobWithZeroTemp":{"iob":-0.4,"basaliob":-0.708,"bolussnooze":4.0E-4,"activity":-0.0015,"lastBolusTime":1704314613000,"time":"2024-01-03T22:52:37.897Z"}},{"iob":0.167,"basaliob":-0.118,"bolussnooze":2.0E-4,"activity":0.0026,"lastBolusTime":1704314613000,"time":"2024-01-03T22:57:37.897Z","iobWithZeroTemp":{"iob":-0.429,"basaliob":-0.714,"bolussnooze":2.0E-4,"activity":-0.002,"lastBolusTime":1704314613000,"time":"2024-01-03T22:57:37.897Z"}},{"iob":0.154,"basaliob":-0.109,"bolussnooze":2.0E-4,"activity":0.0024,"lastBolusTime":1704314613000,"time":"2024-01-03T23:02:37.897Z","iobWithZeroTemp":{"iob":-0.456,"basaliob":-0.719,"bolussnooze":2.0E-4,"activity":-0.0024,"lastBolusTime":1704314613000,"time":"2024-01-03T23:02:37.897Z"}},{"iob":0.142,"basaliob":-0.101,"bolussnooze":1.0E-4,"activity":0.0023,"lastBolusTime":1704314613000,"time":"2024-01-03T23:07:37.897Z","iobWithZeroTemp":{"iob":-0.481,"basaliob":-0.724,"bolussnooze":1.0E-4,"activity":-0.0026,"lastBolusTime":1704314613000,"time":"2024-01-03T23:07:37.897Z"}},{"iob":0.132,"basaliob":-0.093,"bolussnooze":1.0E-4,"activity":0.0021,"lastBolusTime":1704314613000,"time":"2024-01-03T23:12:37.897Z","iobWithZeroTemp":{"iob":-0.503,"basaliob":-0.728,"bolussnooze":1.0E-4,"activity":-0.003,"lastBolusTime":1704314613000,"time":"2024-01-03T23:12:37.897Z"}},{"iob":0.121,"basaliob":-0.086,"bolussnooze":0,"activity":0.002,"lastBolusTime":1704314613000,"time":"2024-01-03T23:17:37.897Z","iobWithZeroTemp":{"iob":-0.526,"basaliob":-0.733,"bolussnooze":0,"activity":-0.0033,"lastBolusTime":1704314613000,"time":"2024-01-03T23:17:37.897Z"}},{"iob":0.112,"basaliob":-0.079,"bolussnooze":0,"activity":0.0018,"lastBolusTime":1704314613000,"time":"2024-01-03T23:22:37.897Z","iobWithZeroTemp":{"iob":-0.546,"basaliob":-0.737,"bolussnooze":0,"activity":-0.0036,"lastBolusTime":1704314613000,"time":"2024-01-03T23:22:37.897Z"}},{"iob":0.103,"basaliob":-0.073,"bolussnooze":0,"activity":0.0017,"lastBolusTime":1704314613000,"time":"2024-01-03T23:27:37.897Z","iobWithZeroTemp":{"iob":-0.565,"basaliob":-0.741,"bolussnooze":0,"activity":-0.0038,"lastBolusTime":1704314613000,"time":"2024-01-03T23:27:37.897Z"}},{"iob":0.094,"basaliob":-0.068,"bolussnooze":0,"activity":0.0016,"lastBolusTime":1704314613000,"time":"2024-01-03T23:32:37.897Z","iobWithZeroTemp":{"iob":-0.583,"basaliob":-0.745,"bolussnooze":0,"activity":-0.0041,"lastBolusTime":1704314613000,"time":"2024-01-03T23:32:37.897Z"}},{"iob":0.087,"basaliob":-0.062,"bolussnooze":0,"activity":0.0015,"lastBolusTime":1704314613000,"time":"2024-01-03T23:37:37.897Z","iobWithZeroTemp":{"iob":-0.599,"basaliob":-0.748,"bolussnooze":0,"activity":-0.0043,"lastBolusTime":1704314613000,"time":"2024-01-03T23:37:37.897Z"}},{"iob":0.08,"basaliob":-0.057,"bolussnooze":0,"activity":0.0013,"lastBolusTime":1704314613000,"time":"2024-01-03T23:42:37.897Z","iobWithZeroTemp":{"iob":-0.614,"basaliob":-0.751,"bolussnooze":0,"activity":-0.0046,"lastBolusTime":1704314613000,"time":"2024-01-03T23:42:37.897Z"}},{"iob":0.073,"basaliob":-0.053,"bolussnooze":0,"activity":0.0012,"lastBolusTime":1704314613000,"time":"2024-01-03T23:47:37.897Z","iobWithZeroTemp":{"iob":-0.629,"basaliob":-0.755,"bolussnooze":0,"activity":-0.0048,"lastBolusTime":1704314613000,"time":"2024-01-03T23:47:37.897Z"}},{"iob":0.068,"basaliob":-0.048,"bolussnooze":0,"activity":0.0012,"lastBolusTime":1704314613000,"time":"2024-01-03T23:52:37.897Z","iobWithZeroTemp":{"iob":-0.641,"basaliob":-0.757,"bolussnooze":0,"activity":-0.0049,"lastBolusTime":1704314613000,"time":"2024-01-03T23:52:37.897Z"}},{"iob":0.062,"basaliob":-0.044,"bolussnooze":0,"activity":0.001,"lastBolusTime":1704314613000,"time":"2024-01-03T23:57:37.897Z","iobWithZeroTemp":{"iob":-0.654,"basaliob":-0.76,"bolussnooze":0,"activity":-0.0052,"lastBolusTime":1704314613000,"time":"2024-01-03T23:57:37.897Z"}},{"iob":0.056,"basaliob":-0.041,"bolussnooze":0,"activity":0.001,"lastBolusTime":1704314613000,"time":"2024-01-04T00:02:37.897Z","iobWithZeroTemp":{"iob":-0.658,"basaliob":-0.755,"bolussnooze":0,"activity":-0.0053,"lastBolusTime":1704314613000,"time":"2024-01-04T00:02:37.897Z"}},{"iob":0.052,"basaliob":-0.037,"bolussnooze":0,"activity":9.0E-4,"lastBolusTime":1704314613000,"time":"2024-01-04T00:07:37.897Z","iobWithZeroTemp":{"iob":-0.659,"basaliob":-0.748,"bolussnooze":0,"activity":-0.0055,"lastBolusTime":1704314613000,"time":"2024-01-04T00:07:37.897Z"}},{"iob":0.048,"basaliob":-0.034,"bolussnooze":0,"activity":8.0E-4,"lastBolusTime":1704314613000,"time":"2024-01-04T00:12:37.897Z","iobWithZeroTemp":{"iob":-0.66,"basaliob":-0.742,"bolussnooze":0,"activity":-0.0056,"lastBolusTime":1704314613000,"time":"2024-01-04T00:12:37.897Z"}},{"iob":0.044,"basaliob":-0.031,"bolussnooze":0,"activity":7.0E-4,"lastBolusTime":1704314613000,"time":"2024-01-04T00:17:37.897Z","iobWithZeroTemp":{"iob":-0.661,"basaliob":-0.736,"bolussnooze":0,"activity":-0.0058,"lastBolusTime":1704314613000,"time":"2024-01-04T00:17:37.897Z"}},{"iob":0.039,"basaliob":-0.029,"bolussnooze":0,"activity":7.0E-4,"lastBolusTime":1704314613000,"time":"2024-01-04T00:22:37.897Z","iobWithZeroTemp":{"iob":-0.663,"basaliob":-0.731,"bolussnooze":0,"activity":-0.0058,"lastBolusTime":1704314613000,"time":"2024-01-04T00:22:37.897Z"}},{"iob":0.036,"basaliob":-0.026,"bolussnooze":0,"activity":6.0E-4,"lastBolusTime":1704314613000,"time":"2024-01-04T00:27:37.897Z","iobWithZeroTemp":{"iob":-0.663,"basaliob":-0.725,"bolussnooze":0,"activity":-0.0059,"lastBolusTime":1704314613000,"time":"2024-01-04T00:27:37.897Z"}},{"iob":0.033,"basaliob":-0.024,"bolussnooze":0,"activity":6.0E-4,"lastBolusTime":1704314613000,"time":"2024-01-04T00:32:37.897Z","iobWithZeroTemp":{"iob":-0.662,"basaliob":-0.719,"bolussnooze":0,"activity":-0.0059,"lastBolusTime":1704314613000,"time":"2024-01-04T00:32:37.897Z"}},{"iob":0.03,"basaliob":-0.022,"bolussnooze":0,"activity":6.0E-4,"lastBolusTime":1704314613000,"time":"2024-01-04T00:37:37.897Z","iobWithZeroTemp":{"iob":-0.662,"basaliob":-0.714,"bolussnooze":0,"activity":-0.0059,"lastBolusTime":1704314613000,"time":"2024-01-04T00:37:37.897Z"}},{"iob":0.027,"basaliob":-0.02,"bolussnooze":0,"activity":5.0E-4,"lastBolusTime":1704314613000,"time":"2024-01-04T00:42:37.897Z","iobWithZeroTemp":{"iob":-0.661,"basaliob":-0.708,"bolussnooze":0,"activity":-0.006,"lastBolusTime":1704314613000,"time":"2024-01-04T00:42:37.897Z"}},{"iob":0.025,"basaliob":-0.018,"bolussnooze":0,"activity":5.0E-4,"lastBolusTime":1704314613000,"time":"2024-01-04T00:47:37.897Z","iobWithZeroTemp":{"iob":-0.66,"basaliob":-0.703,"bolussnooze":0,"activity":-0.006,"lastBolusTime":1704314613000,"time":"2024-01-04T00:47:37.897Z"}},{"iob":0.023,"basaliob":-0.016,"bolussnooze":0,"activity":4.0E-4,"lastBolusTime":1704314613000,"time":"2024-01-04T00:52:37.897Z","iobWithZeroTemp":{"iob":-0.658,"basaliob":-0.697,"bolussnooze":0,"activity":-0.0061,"lastBolusTime":1704314613000,"time":"2024-01-04T00:52:37.897Z"}}],"profile":{"max_iob":7,"type":"current","max_daily_basal":0.45,"max_basal":1.35,"min_bg":106.2,"max_bg":106.2,"target_bg":106.2,"carb_ratio":11,"sens":352.8,"max_daily_safety_multiplier":3,"current_basal_safety_multiplier":4,"lgsThreshold":65,"high_temptarget_raises_sensitivity":false,"low_temptarget_lowers_sensitivity":false,"sensitivity_raises_target":true,"resistance_lowers_target":true,"adv_target_adjustments":false,"exercise_mode":false,"half_basal_exercise_target":160,"maxCOB":120,"skip_neutral_temps":false,"remainingCarbsCap":90,"enableUAM":true,"A52_risk_enable":false,"SMBInterval":4,"enableSMB_with_COB":true,"enableSMB_with_temptarget":false,"allowSMB_with_high_temptarget":true,"enableSMB_always":true,"enableSMB_after_carbs":false,"maxSMBBasalMinutes":60,"maxUAMSMBBasalMinutes":60,"bolus_increment":0.05,"carbsReqThreshold":10,"current_basal":0.4,"temptargetSet":false,"autosens_max":1.2,"autosens_min":0.8,"out_units":"mmol\/L","variable_sens":188.1,"insulinDivisor":65,"TDD":8.403110458333337},"autosens_data":{"ratio":0.9040798900142852},"meal_data":{"carbs":25,"mealCOB":10.21979365079365,"slopeFromMaxDeviation":-2.934666666666666,"slopeFromMinDeviation":1.0590000000000002,"lastBolusTime":1704314613000,"lastCarbTime":1704309041087},"microBolusAllowed":true,"currentTime":1704315460792,"flatBGsDetected":false,"tdd1D":19.209083333333343,"tdd7D":22.16738095238096,"tddLast24H":20.04108333333334,"tddLast4H":5.216666666666668,"tddLast8to4H":4.886666666666667},"output":{"temp":"absolute","bg":138,"tick":"+11","eventualBG":147,"targetBG":111,"insulinReq":0,"deliverAt":"2024-01-03T20:57:40.792Z","sensitivityRatio":0.9040798900142852,"variable_sens":188.1,"predBGs":{"IOB":[138,145,151,156,160,162,164,165,164,163,160,156,151,146,141,137,132,128,124,120,116,113,109,106,103,100,97,94,92,89,87,85,83,81,79,78,76,75,73,72,71,70,69,68,67,66,65],"ZT":[138,130,121,113,105,96,88,79,71,63,55,47,39,39,39,39,39,39,39,39,39,39,39,39,39,39,39,39,39,46,53,60,67,73,80,86,92,99,105,111],"COB":[138,145,152,159,164,170,174,178,182,185,188,190,192,193,194,194,193,192,191,189,186,183,180,178,175,172,170,168,166,164,162,161,159,158,157,156,154,154,153,152,151,150,150,149,149,148,147],"UAM":[138,143,146,146,144,138,131,124,117,110,103,96,89,82,75,69,62,54,47,39]},"reason":"COB: 10.2, Dev: 5.5, BGI: -0.5, ISF: 10.5, CR: 11, Target: 6.2, minPredBG 1.2, minGuardBG 1.1, IOBpredBG 3.6, COBpredBG 8.2, UAMpredBG 2.2; minGuardBG 1.1<4.2","COB":10.21979365079365,"IOB":0.84,"duration":60,"rate":0,"timestamp":"2024-01-03T20:57:40.817Z"}}