{"algorithm":"OpenAPSSMBDynamicISFPlugin","input":{"glucoseStatus":{"glucose":133,"noise":0,"delta":1,"short_avgdelta":0.06,"long_avgdelta":-2.63,"date":1704340928283},"currenttemp":{"temp":"absolute","duration":20,"rate":0.32,"minutesrunning":10},"iob_data":[{"iob":0.169,"basaliob":-0.256,"bolussnooze":0,"activity":0.003,"lastBolusTime":1704337364000,"time":"2024-01-04T04:02:34.486Z","iobWithZeroTemp":{"iob":0.169,"basaliob":-0.256,"bolussnooze":0,"activity":0.003,"lastBolusTime":1704337364000,"time":"2024-01-04T04:02:34.486Z"}},{"iob":0.154,"basaliob":-0.245,"bolussnooze":0,"activity":0.0028,"lastBolusTime":1704337364000,"time":"2024-01-04T04:07:34.486Z","iobWithZeroTemp":{"iob":0.127,"basaliob":-0.272,"bolussnooze":0,"activity":0.0028,"lastBolusTime":1704337364000,"time":"2024-01-04T04:07:34.486Z"}},{"iob":0.141,"basaliob":-0.234,"bolussnooze":0,"activity":0.0026,"lastBolusTime":1704337364000,"time":"2024-01-04T04:12:34.486Z","iobWithZeroTemp":{"iob":0.081,"basaliob":-0.294,"bolussnooze":0,"activity":0.0025,"lastBolusTime":1704337364000,"time":"2024-01-04T04:12:34.486Z"}},{"iob":0.129,"basaliob":-0.223,"bolussnooze":0,"activity":0.0023,"lastBolusTime":1704337364000,"time":"2024-01-04T04:17:34.486Z","iobWithZeroTemp":{"iob":0.037,"basaliob":-0.315,"bolussnooze":0,"activity":0.0021,"lastBolusTime":1704337364000,"time":"2024-01-04T04:17:34.486Z"}},{"iob":0.118,"basaliob":-0.212,"bolussnooze":0,"activity":0.0021,"lastBolusTime":1704337364000,"time":"2024-01-04T04:22:34.486Z","iobWithZeroTemp":{"iob":-0.007,"basaliob":-0.337,"bolussnooze":0,"activity":0.0018,"lastBolusTime":1704337364000,"time":"2024-01-04T04:22:34.486Z"}},{"iob":0.107,"basaliob":-0.201,"bolussnooze":0,"activity":0.002,"lastBolusTime":1704337364000,"time":"2024-01-04T04:27:34.486Z","iobWithZeroTemp":{"iob":-0.049,"basaliob":-0.357,"bolussnooze":0,"activity":0.0015,"lastBolusTime":1704337364000,"time":"2024-01-04T04:27:34.486Z"}},{"iob":0.098,"basaliob":-0.19,"bolussnooze":0,"activity":0.0018,"lastBolusTime":1704337364000,"time":"2024-01-04T04:32:34.486Z","iobWithZeroTemp":{"iob":-0.088,"basaliob":-0.376,"bolussnooze":0,"activity":0.0011,"lastBolusTime":1704337364000,"time":"2024-01-04T04:32:34.486Z"}},{"iob":0.089,"basaliob":-0.18,"bolussnooze":0,"activity":0.0017,"lastBolusTime":1704337364000,"time":"2024-01-04T04:37:34.486Z","iobWithZeroTemp":{"iob":-0.127,"basaliob":-0.396,"bolussnooze":0,"activity":8.0E-4,"lastBolusTime":1704337364000,"time":"2024-01-04T04:37:34.486Z"}},{"iob":0.081,"basaliob":-0.17,"bolussnooze":0,"activity":0.0015,"lastBolusTime":1704337364000,"time":"2024-01-04T04:42:34.486Z","iobWithZeroTemp":{"iob":-0.163,"basaliob":-0.414,"bolussnooze":0,"activity":4.0E-4,"lastBolusTime":1704337364000,"time":"2024-01-04T04:42:34.486Z"}},{"iob":0.074,"basaliob":-0.16,"bolussnooze":0,"activity":0.0014,"lastBolusTime":1704337364000,"time":"2024-01-04T04:47:34.486Z","iobWithZeroTemp":{"iob":-0.198,"basaliob":-0.432,"bolussnooze":0,"activity":1.0E-4,"lastBolusTime":1704337364000,"time":"2024-01-04T04:47:34.486Z"}},{"iob":0.067,"basaliob":-0.151,"bolussnooze":0,"activity":0.0013,"lastBolusTime":1704337364000,"time":"2024-01-04T04:52:34.486Z","iobWithZeroTemp":{"iob":-0.231,"basaliob":-0.449,"bolussnooze":0,"activity":-2.0E-4,"lastBolusTime":1704337364000,"time":"2024-01-04T04:52:34.486Z"}},{"iob":0.061,"basaliob":-0.142,"bolussnooze":0,"activity":0.0011,"lastBolusTime":1704337364000,"time":"2024-01-04T04:57:34.486Z","iobWithZeroTemp":{"iob":-0.262,"basaliob":-0.465,"bolussnooze":0,"activity":-7.0E-4,"lastBolusTime":1704337364000,"time":"2024-01-04T04:57:34.486Z"}},{"iob":0.056,"basaliob":-0.133,"bolussnooze":0,"activity":0.0011,"lastBolusTime":1704337364000,"time":"2024-01-04T05:02:34.486Z","iobWithZeroTemp":{"iob":-0.291,"basaliob":-0.48,"bolussnooze":0,"activity":-9.0E-4,"lastBolusTime":1704337364000,"time":"2024-01-04T05:02:34.486Z"}},{"iob":0.05,"basaliob":-0.125,"bolussnooze":0,"activity":0.001,"lastBolusTime":1704337364000,"time":"2024-01-04T05:07:34.486Z","iobWithZeroTemp":{"iob":-0.32,"basaliob":-0.495,"bolussnooze":0,"activity":-0.0012,"lastBolusTime":1704337364000,"time":"2024-01-04T05:07:34.486Z"}},{"iob":0.046,"basaliob":-0.117,"bolussnooze":0,"activity":9.0E-4,"lastBolusTime":1704337364000,"time":"2024-01-04T05:12:34.486Z","iobWithZeroTemp":{"iob":-0.345,"basaliob":-0.508,"bolussnooze":0,"activity":-0.0015,"lastBolusTime":1704337364000,"time":"2024-01-04T05:12:34.486Z"}},{"iob":0.041,"basaliob":-0.11,"bolussnooze":0,"activity":8.0E-4,"lastBolusTime":1704337364000,"time":"2024-01-04T05:17:34.486Z","iobWithZeroTemp":{"iob":-0.371,"basaliob":-0.522,"bolussnooze":0,"activity":-0.0019,"lastBolusTime":1704337364000,"time":"2024-01-04T05:17:34.486Z"}},{"iob":0.037,"basaliob":-0.103,"bolussnooze":0,"activity":7.0E-4,"lastBolusTime":1704337364000,"time":"2024-01-04T05:22:34.486Z","iobWithZeroTemp":{"iob":-0.394,"basaliob":-0.534,"bolussnooze":0,"activity":-0.0022,"lastBolusTime":1704337364000,"time":"2024-01-04T05:22:34.486Z"}},{"iob":0.034,"basaliob":-0.096,"bolussnooze":0,"activity":7.0E-4,"lastBolusTime":1704337364000,"time":"2024-01-04T05:27:34.486Z","iobWithZeroTemp":{"iob":-0.416,"basaliob":-0.546,"bolussnooze":0,"activity":-0.0024,"lastBolusTime":1704337364000,"time":"2024-01-04T05:27:34.486Z"}},{"iob":0.031,"basaliob":-0.089,"bolussnooze":0,"activity":7.0E-4,"lastBolusTime":1704337364000,"time":"2024-01-04T05:32:34.486Z","iobWithZeroTemp":{"iob":-0.436,"basaliob":-0.556,"bolussnooze":0,"activity":-0.0026,"lastBolusTime":1704337364000,"time":"2024-01-04T05:32:34.486Z"}},{"iob":0.028,"basaliob":-0.083,"bolussnooze":0,"activity":5.0E-4,"lastBolusTime":1704337364000,"time":"2024-01-04T05:37:34.486Z","iobWithZeroTemp":{"iob":-0.456,"basaliob":-0.567,"bolussnooze":0,"activity":-0.003,"lastBolusTime":1704337364000,"time":"2024-01-04T05:37:34.486Z"}},{"iob":0.025,"basaliob":-0.078,"bolussnooze":0,"activity":5.0E-4,"lastBolusTime":1704337364000,"time":"2024-01-04T05:42:34.486Z","iobWithZeroTemp":{"iob":-0.474,"basaliob":-0.577,"bolussnooze":0,"activity":-0.0032,"lastBolusTime":1704337364000,"time":"2024-01-04T05:42:34.486Z"}},{"iob":0.023,"basaliob":-0.072,"bolussnooze":0,"activity":5.0E-4,"lastBolusTime":1704337364000,"time":"2024-01-04T05:47:34.486Z","iobWithZeroTemp":{"iob":-0.491,"basaliob":-0.586,"bolussnooze":0,"activity":-0.0034,"lastBolusTime":1704337364000,"time":"2024-01-04T05:47:34.486Z"}},{"iob":0.02,"basaliob":-0.067,"bolussnooze":0,"activity":4.0E-4,"lastBolusTime":1704337364000,"time":"2024-01-04T05:52:34.486Z","iobWithZeroTemp":{"iob":-0.507,"basaliob":-0.594,"bolussnooze":0,"activity":-0.0036,"lastBolusTime":1704337364000,"time":"2024-01-04T05:52:34.486Z"}},{"iob":0.019,"basaliob":-0.062,"bolussnooze":0,"activity":4.0E-4,"lastBolusTime":1704337364000,"time":"2024-01-04T05:57:34.486Z","iobWithZeroTemp":{"iob":-0.521,"basaliob":-0.602,"bolussnooze":0,"activity":-0.0038,"lastBolusTime":1704337364000,"time":"2024-01-04T05:57:34.486Z"}},{"iob":0.016,"basaliob":-0.058,"bolussnooze":0,"activity":3.0E-4,"lastBolusTime":1704337364000,"time":"2024-01-04T06:02:34.486Z","iobWithZeroTemp":{"iob":-0.536,"basaliob":-0.61,"bolussnooze":0,"activity":-0.004,"lastBolusTime":1704337364000,"time":"2024-01-04T06:02:34.486Z"}},{"iob":0.014,"basaliob":-0.054,"bolussnooze":0,"activity":3.0E-4,"lastBolusTime":1704337364000,"time":"2024-01-04T06:07:34.486Z","iobWithZeroTemp":{"iob":-0.549,"basaliob":-0.617,"bolussnooze":0,"activity":-0.0042,"lastBolusTime":1704337364000,"time":"2024-01-04T06:07:34.486Z"}},{"iob":0.013,"basaliob":-0.05,"bolussnooze":0,"activity":3.0E-4,"lastBolusTime":1704337364000,"time":"2024-01-04T06:12:34.486Z","iobWithZeroTemp":{"iob":-0.561,"basaliob":-0.624,"bolussnooze":0,"activity":-0.0043,"lastBolusTime":1704337364000,"time":"2024-01-04T06:12:34.486Z"}},{"iob":0.012,"basaliob":-0.046,"bolussnooze":0,"activity":3.0E-4,"lastBolusTime":1704337364000,"time":"2024-01-04T06:17:34.486Z","iobWithZeroTemp":{"iob":-0.572,"basaliob":-0.63,"bolussnooze":0,"activity":-0.0045,"lastBolusTime":1704337364000,"time":"2024-01-04T06:17:34.486Z"}},{"iob":0.01,"basaliob":-0.043,"bolussnooze":0,"activity":2.0E-4,"lastBolusTime":1704337364000,"time":"2024-01-04T06:22:34.486Z","iobWithZeroTemp":{"iob":-0.583,"basaliob":-0.636,"bolussnooze":0,"activity":-0.0047,"lastBolusTime":1704337364000,"time":"2024-01-04T06:22:34.486Z"}},{"iob":0.009,"basaliob":-0.04,"bolussnooze":0,"activity":2.0E-4,"lastBolusTime":1704337364000,"time":"2024-01-04T06:27:34.486Z","iobWithZeroTemp":{"iob":-0.592,"basaliob":-0.641,"bolussnooze":0,"activity":-0.0048,"lastBolusTime":1704337364000,"time":"2024-01-04T06:27:34.486Z"}},{"iob":0.008,"basaliob":-0.037,"bolussnooze":0,"activity":2.0E-4,"lastBolusTime":1704337364000,"time":"2024-01-04T06:32:34.486Z","iobWithZeroTemp":{"iob":-0.601,"basaliob":-0.646,"bolussnooze":0,"activity":-0.0049,"lastBolusTime":1704337364000,"time":"2024-01-04T06:32:34.486Z"}},{"iob":0.007,"basaliob":-0.034,"bolussnooze":0,"activity":2.0E-4,"lastBolusTime":1704337364000,"time":"2024-01-04T06:37:34.486Z","iobWithZeroTemp":{"iob":-0.61,"basaliob":-0.651,"bolussnooze":0,"activity":-0.005,"lastBolusTime":1704337364000,"time":"2024-01-04T06:37:34.486Z"}},{"iob":0.007,"basaliob":-0.031,"bolussnooze":0,"activity":2.0E-4,"lastBolusTime":1704337364000,"time":"2024-01-04T06:42:34.486Z","iobWithZeroTemp":{"iob":-0.617,"basaliob":-0.655,"bolussnooze":0,"activity":-0.0051,"lastBolusTime":1704337364000,"time":"2024-01-04T06:42:34.486Z"}},{"iob":0.006,"basaliob":-0.029,"bolussnooze":0,"activity":1.0E-4,"lastBolusTime":1704337364000,"time":"2024-01-04T06:47:34.486Z","iobWithZeroTemp":{"iob":-0.624,"basaliob":-0.659,"bolussnooze":0,"activity":-0.0053,"lastBolusTime":1704337364000,"time":"2024-01-04T06:47:34.486Z"}},{"iob":0.006,"basaliob":-0.026,"bolussnooze":0,"activity":2.0E-4,"lastBolusTime":1704337364000,"time":"2024-01-04T06:52:34.486Z","iobWithZeroTemp":{"iob":-0.63,"basaliob":-0.662,"bolussnooze":0,"activity":-0.0053,"lastBolusTime":1704337364000,"time":"2024-01-04T06:52:34.486Z"}},{"iob":0.005,"basaliob":-0.024,"bolussnooze":0,"activity":1.0E-4,"lastBolusTime":1704337364000,"time":"2024-01-04T06:57:34.486Z","iobWithZeroTemp":{"iob":-0.637,"basaliob":-0.666,"bolussnooze":0,"activity":-0.0055,"lastBolusTime":1704337364000,"time":"2024-01-04T06:57:34.486Z"}},{"iob":0.004,"basaliob":-0.022,"bolussnooze":0,"activity":1.0E-4,"lastBolusTime":1704337364000,"time":"2024-01-04T07:02:34.486Z","iobWithZeroTemp":{"iob":-0.643,"basaliob":-0.669,"bolussnooze":0,"activity":-0.0056,"lastBolusTime":1704337364000,"time":"2024-01-04T07:02:34.486Z"}},{"iob":0.003,"basaliob":-0.021,"bolussnooze":0,"activity":1.0E-4,"lastBolusTime":1704337364000,"time":"2024-01-04T07:07:34.486Z","iobWithZeroTemp":{"iob":-0.648,"basaliob":-0.672,"bolussnooze":0,"activity":-0.0057,"lastBolusTime":1704337364000,"time":"2024-01-04T07:07:34.486Z"}},{"iob":0.003,"basaliob":-0.019,"bolussnooze":0,"activity":1.0E-4,"lastBolusTime":1704337364000,"time":"2024-01-04T07:12:34.486Z","iobWithZeroTemp":{"iob":-0.653,"basaliob":-0.675,"bolussnooze":0,"activity":-0.0057,"lastBolusTime":1704337364000,"time":"2024-01-04T07:12:34.486Z"}},{"iob":0.003,"basaliob":-0.017,"bolussnooze":0,"activity":1.0E-4,"lastBolusTime":1704337364000,"time":"2024-01-04T07:17:34.486Z","iobWithZeroTemp":{"iob":-0.657,"basaliob":-0.677,"bolussnooze":0,"activity":-0.0058,"lastBolusTime":1704337364000,"time":"2024-01-04T07:17:34.486Z"}},{"iob":0.002,"basaliob":-0.016,"bolussnooze":0,"activity":0,"lastBolusTime":1704337364000,"time":"2024-01-04T07:22:34.486Z","iobWithZeroTemp":{"iob":-0.662,"basaliob":-0.68,"bolussnooze":0,"activity":-0.0059,"lastBolusTime":1704337364000,"time":"2024-01-04T07:22:34.486Z"}},{"iob":0.002,"basaliob":-0.015,"bolussnooze":0,"activity":0,"lastBolusTime":1704337364000,"time":"2024-01-04T07:27:34.486Z","iobWithZeroTemp":{"iob":-0.665,"basaliob":-0.682,"bolussnooze":0,"activity":-0.006,"lastBolusTime":1704337364000,"time":"2024-01-04T07:27:34.486Z"}},{"iob":0.002,"basaliob":-0.013,"bolussnooze":0,"activity":1.0E-4,"lastBolusTime":1704337364000,"time":"2024-01-04T07:32:34.486Z","iobWithZeroTemp":{"iob":-0.668,"basaliob":-0.683,"bolussnooze":0,"activity":-0.006,"lastBolusTime":1704337364000,"time":"2024-01-04T07:32:34.486Z"}},{"iob":0.002,"basaliob":-0.012,"bolussnooze":0,"activity":1.0E-4,"lastBolusTime":1704337364000,"time":"2024-01-04T07:37:34.486Z","iobWithZeroTemp":{"iob":-0.671,"basaliob":-0.685,"bolussnooze":0,"activity":-0.006,"lastBolusTime":1704337364000,"time":"2024-01-04T07:37:34.486Z"}},{"iob":0.002,"basaliob":-0.011,"bolussnooze":0,"activity":0,"lastBolusTime":1704337364000,"time":"2024-01-04T07:42:34.486Z","iobWithZeroTemp":{"iob":-0.674,"basaliob":-0.687,"bolussnooze":0,"activity":-0.0061,"lastBolusTime":1704337364000,"time":"2024-01-04T07:42:34.486Z"}},{"iob":0.001,"basaliob":-0.01,"bolussnooze":0,"activity":0,"lastBolusTime":1704337364000,"time":"2024-01-04T07:47:34.486Z","iobWithZeroTemp":{"iob":-0.678,"basaliob":-0.689,"bolussnooze":0,"activity":-0.0062,"lastBolusTime":1704337364000,"time":"2024-01-04T07:47:34.486Z"}},{"iob":0.001,"basaliob":-0.009,"bolussnooze":0,"activity":0,"lastBolusTime":1704337364000,"time":"2024-01-04T07:52:34.486Z","iobWithZeroTemp":{"iob":-0.68,"basaliob":-0.69,"bolussnooze":0,"activity":-0.0062,"lastBolusTime":1704337364000,"time":"2024-01-04T07:52:34.486Z"}},{"iob":0,"basaliob":-0.009,"bolussnooze":0,"activity":0,"lastBolusTime":1704337364000,"time":"2024-01-04T07:57:34.486Z","iobWithZeroTemp":{"iob":-0.683,"basaliob":-0.692,"bolussnooze":0,"activity":-0.0063,"lastBolusTime":1704337364000,"time":"2024-01-04T07:57:34.486Z"}}],"profile":{"max_iob":7,"type":"current","max_daily_basal":0.45,"max_basal":1.35,"min_bg":106.2,"max_bg":106.2,"target_bg":106.2,"carb_ratio":9,"sens":352.8,"max_daily_safety_multiplier":3,"current_basal_safety_multiplier":4,"lgsThreshold":65,"high_temptarget_raises_sensitivity":false,"low_temptarget_lowers_sensitivity":false,"sensitivity_raises_target":true,"resistance_lowers_target":true,"adv_target_adjustments":false,"exercise_mode":false,"half_basal_exercise_target":160,"maxCOB":120,"skip_neutral_temps":false,"remainingCarbsCap":90,"enableUAM":true,"A52_risk_enable":false,"SMBInterval":4,"enableSMB_with_COB":true,"enableSMB_with_temptarget":false,"allowSMB_with_high_temptarget":true,"enableSMB_always":true,"enableSMB_after_carbs":false,"maxSMBBasalMinutes":60,"maxUAMSMBBasalMinutes":60,"bolus_increment":0.05,"carbsReqThreshold":10,"current_basal":0.4,"temptargetSet":false,"autosens_max":1.2,"autosens_min":0.8,"out_units":"mmol\/L","variable_sens":245.9,"insulinDivisor":65,"TDD":6.571837083333334},"autosens_data":{"ratio":0.9796001647102909},"meal_data":{"carbs":0,"mealCOB":0,"slopeFromMaxDeviation":-0.5487272727272728,"slopeFromMinDeviation":1.2974999999999999,"lastBolusTime":1704337364000,"lastCarbTime":0},"microBolusAllowed":true,"currentTime":1704340957052,"flatBGsDetected":false,"tdd1D":20.64108333333334,"tdd7D":22.492595238095245,"tddLast24H":22.033750000000005,"tddLast4H":1.7312500000000002,"tddLast8to4H":3.229166666666667},"output":{"temp":"absolute","bg":133,"tick":"+1","eventualBG":114,"targetBG":107,"insulinReq":0.01,"deliverAt":"2024-01-04T04:02:37.052Z","sensitivityRatio":0.9796001647102909,"variable_sens":245.9,"predBGs":{"IOB":[133,133,133,132,132,131,131,130,129,128,127,126,125,123,122,121,120,119,118,117,116,116,115,114,114,113,113,113,112,112,112,111,111,111,111,110,110,110,110,110,110,110,110,110,109],"ZT":[133,129,126,123,120,118,116,114,113,112,112],"UAM":[133,133,132,131,129,128,126,124,121,119,118,116,114,113,112,110,109,108,107,106,106,105,104,104,103,103,102,102,101,101,101,100,100,100,100,99,99,99,99,99,99,99,99,99,98]},"reason":"COB: 0, Dev: 1.3, BGI: -0.2, ISF: 13.7, CR: 9, Target: 5.9, minPredBG 6.1, minGuardBG 5.4, IOBpredBG 6.1, UAMpredBG 5.4; Eventual BG 6.3 >= 5.9,  insulinReq 0.01. temp 0.32 < 0.41U\/hr. ","COB":0,"IOB":0.169,"duration":30,"rate":0.41184006588411637,"timestamp":"2024-01-04T04:02:37.076Z"}}