{"algorithm":"OpenAPSSMBDynamicISFPlugin","input":{"glucoseStatus":{"glucose":127,"noise":0,"delta":-1,"short_avgdelta":-1.39,"long_avgdelta":-0.46,"date":1704410232216},"currenttemp":{"temp":"absolute","duration":0,"rate":0,"minutesrunning":60},"iob_data":[{"iob":0.89,"basaliob":-0.66,"bolussnooze":0.0207,"activity":0.0113,"lastBolusTime":1704409066000,"time":"2024-01-04T23:17:37.741Z","iobWithZeroTemp":{"iob":0.89,"basaliob":-0.66,"bolussnooze":0.0207,"activity":0.0113,"lastBolusTime":1704409066000,"time":"2024-01-04T23:17:37.741Z"}},{"iob":0.834,"basaliob":-0.632,"bolussnooze":0.0174,"activity":0.0108,"lastBolusTime":1704409066000,"time":"2024-01-04T23:22:37.741Z","iobWithZeroTemp":{"iob":0.804,"basaliob":-0.662,"bolussnooze":0.0174,"activity":0.0108,"lastBolusTime":1704409066000,"time":"2024-01-04T23:22:37.741Z"}},{"iob":0.782,"basaliob":-0.603,"bolussnooze":0.0145,"activity":0.0103,"lastBolusTime":1704409066000,"time":"2024-01-04T23:27:37.741Z","iobWithZeroTemp":{"iob":0.715,"basaliob":-0.67,"bolussnooze":0.0145,"activity":0.0102,"lastBolusTime":1704409066000,"time":"2024-01-04T23:27:37.741Z"}},{"iob":0.732,"basaliob":-0.574,"bolussnooze":0.0121,"activity":0.0098,"lastBolusTime":1704409066000,"time":"2024-01-04T23:32:37.741Z","iobWithZeroTemp":{"iob":0.628,"basaliob":-0.678,"bolussnooze":0.0121,"activity":0.0096,"lastBolusTime":1704409066000,"time":"2024-01-04T23:32:37.741Z"}},{"iob":0.684,"basaliob":-0.546,"bolussnooze":0.01,"activity":0.0093,"lastBolusTime":1704409066000,"time":"2024-01-04T23:37:37.741Z","iobWithZeroTemp":{"iob":0.544,"basaliob":-0.686,"bolussnooze":0.01,"activity":0.0089,"lastBolusTime":1704409066000,"time":"2024-01-04T23:37:37.741Z"}},{"iob":0.639,"basaliob":-0.518,"bolussnooze":0.0083,"activity":0.0088,"lastBolusTime":1704409066000,"time":"2024-01-04T23:42:37.741Z","iobWithZeroTemp":{"iob":0.464,"basaliob":-0.693,"bolussnooze":0.0083,"activity":0.0082,"lastBolusTime":1704409066000,"time":"2024-01-04T23:42:37.741Z"}},{"iob":0.596,"basaliob":-0.491,"bolussnooze":0.0068,"activity":0.0083,"lastBolusTime":1704409066000,"time":"2024-01-04T23:47:37.741Z","iobWithZeroTemp":{"iob":0.386,"basaliob":-0.701,"bolussnooze":0.0068,"activity":0.0075,"lastBolusTime":1704409066000,"time":"2024-01-04T23:47:37.741Z"}},{"iob":0.556,"basaliob":-0.464,"bolussnooze":0.0056,"activity":0.0078,"lastBolusTime":1704409066000,"time":"2024-01-04T23:52:37.741Z","iobWithZeroTemp":{"iob":0.313,"basaliob":-0.707,"bolussnooze":0.0056,"activity":0.0068,"lastBolusTime":1704409066000,"time":"2024-01-04T23:52:37.741Z"}},{"iob":0.518,"basaliob":-0.438,"bolussnooze":0.0046,"activity":0.0074,"lastBolusTime":1704409066000,"time":"2024-01-04T23:57:37.741Z","iobWithZeroTemp":{"iob":0.243,"basaliob":-0.713,"bolussnooze":0.0046,"activity":0.0062,"lastBolusTime":1704409066000,"time":"2024-01-04T23:57:37.741Z"}},{"iob":0.482,"basaliob":-0.413,"bolussnooze":0.0037,"activity":0.007,"lastBolusTime":1704409066000,"time":"2024-01-05T00:02:37.741Z","iobWithZeroTemp":{"iob":0.185,"basaliob":-0.71,"bolussnooze":0.0037,"activity":0.0055,"lastBolusTime":1704409066000,"time":"2024-01-05T00:02:37.741Z"}},{"iob":0.448,"basaliob":-0.389,"bolussnooze":0.003,"activity":0.0066,"lastBolusTime":1704409066000,"time":"2024-01-05T00:07:37.741Z","iobWithZeroTemp":{"iob":0.129,"basaliob":-0.708,"bolussnooze":0.003,"activity":0.0049,"lastBolusTime":1704409066000,"time":"2024-01-05T00:07:37.741Z"}},{"iob":0.416,"basaliob":-0.366,"bolussnooze":0.0024,"activity":0.0062,"lastBolusTime":1704409066000,"time":"2024-01-05T00:12:37.741Z","iobWithZeroTemp":{"iob":0.077,"basaliob":-0.705,"bolussnooze":0.0024,"activity":0.0043,"lastBolusTime":1704409066000,"time":"2024-01-05T00:12:37.741Z"}},{"iob":0.387,"basaliob":-0.343,"bolussnooze":0.0019,"activity":0.0057,"lastBolusTime":1704409066000,"time":"2024-01-05T00:17:37.741Z","iobWithZeroTemp":{"iob":0.029,"basaliob":-0.701,"bolussnooze":0.0019,"activity":0.0035,"lastBolusTime":1704409066000,"time":"2024-01-05T00:17:37.741Z"}},{"iob":0.359,"basaliob":-0.322,"bolussnooze":0.0015,"activity":0.0054,"lastBolusTime":1704409066000,"time":"2024-01-05T00:22:37.741Z","iobWithZeroTemp":{"iob":-0.017,"basaliob":-0.698,"bolussnooze":0.0015,"activity":0.003,"lastBolusTime":1704409066000,"time":"2024-01-05T00:22:37.741Z"}},{"iob":0.333,"basaliob":-0.301,"bolussnooze":0.0012,"activity":0.005,"lastBolusTime":1704409066000,"time":"2024-01-05T00:27:37.741Z","iobWithZeroTemp":{"iob":-0.06,"basaliob":-0.694,"bolussnooze":0.0012,"activity":0.0024,"lastBolusTime":1704409066000,"time":"2024-01-05T00:27:37.741Z"}},{"iob":0.308,"basaliob":-0.282,"bolussnooze":9.0E-4,"activity":0.0047,"lastBolusTime":1704409066000,"time":"2024-01-05T00:32:37.741Z","iobWithZeroTemp":{"iob":-0.101,"basaliob":-0.691,"bolussnooze":9.0E-4,"activity":0.0019,"lastBolusTime":1704409066000,"time":"2024-01-05T00:32:37.741Z"}},{"iob":0.285,"basaliob":-0.264,"bolussnooze":7.0E-4,"activity":0.0044,"lastBolusTime":1704409066000,"time":"2024-01-05T00:37:37.741Z","iobWithZeroTemp":{"iob":-0.139,"basaliob":-0.688,"bolussnooze":7.0E-4,"activity":0.0014,"lastBolusTime":1704409066000,"time":"2024-01-05T00:37:37.741Z"}},{"iob":0.263,"basaliob":-0.247,"bolussnooze":6.0E-4,"activity":0.0041,"lastBolusTime":1704409066000,"time":"2024-01-05T00:42:37.741Z","iobWithZeroTemp":{"iob":-0.175,"basaliob":-0.685,"bolussnooze":6.0E-4,"activity":0.001,"lastBolusTime":1704409066000,"time":"2024-01-05T00:42:37.741Z"}},{"iob":0.244,"basaliob":-0.23,"bolussnooze":4.0E-4,"activity":0.0039,"lastBolusTime":1704409066000,"time":"2024-01-05T00:47:37.741Z","iobWithZeroTemp":{"iob":-0.207,"basaliob":-0.681,"bolussnooze":4.0E-4,"activity":6.0E-4,"lastBolusTime":1704409066000,"time":"2024-01-05T00:47:37.741Z"}},{"iob":0.225,"basaliob":-0.215,"bolussnooze":3.0E-4,"activity":0.0036,"lastBolusTime":1704409066000,"time":"2024-01-05T00:52:37.741Z","iobWithZeroTemp":{"iob":-0.238,"basaliob":-0.678,"bolussnooze":3.0E-4,"activity":1.0E-4,"lastBolusTime":1704409066000,"time":"2024-01-05T00:52:37.741Z"}},{"iob":0.208,"basaliob":-0.2,"bolussnooze":2.0E-4,"activity":0.0034,"lastBolusTime":1704409066000,"time":"2024-01-05T00:57:37.741Z","iobWithZeroTemp":{"iob":-0.266,"basaliob":-0.674,"bolussnooze":2.0E-4,"activity":-2.0E-4,"lastBolusTime":1704409066000,"time":"2024-01-05T00:57:37.741Z"}},{"iob":0.192,"basaliob":-0.186,"bolussnooze":2.0E-4,"activity":0.0031,"lastBolusTime":1704409066000,"time":"2024-01-05T01:02:37.741Z","iobWithZeroTemp":{"iob":-0.286,"basaliob":-0.664,"bolussnooze":2.0E-4,"activity":-7.0E-4,"lastBolusTime":1704409066000,"time":"2024-01-05T01:02:37.741Z"}},{"iob":0.177,"basaliob":-0.173,"bolussnooze":1.0E-4,"activity":0.0029,"lastBolusTime":1704409066000,"time":"2024-01-05T01:07:37.741Z","iobWithZeroTemp":{"iob":-0.305,"basaliob":-0.655,"bolussnooze":1.0E-4,"activity":-0.001,"lastBolusTime":1704409066000,"time":"2024-01-05T01:07:37.741Z"}},{"iob":0.163,"basaliob":-0.161,"bolussnooze":1.0E-4,"activity":0.0027,"lastBolusTime":1704409066000,"time":"2024-01-05T01:12:37.741Z","iobWithZeroTemp":{"iob":-0.322,"basaliob":-0.646,"bolussnooze":1.0E-4,"activity":-0.0013,"lastBolusTime":1704409066000,"time":"2024-01-05T01:12:37.741Z"}},{"iob":0.15,"basaliob":-0.149,"bolussnooze":0,"activity":0.0025,"lastBolusTime":1704409066000,"time":"2024-01-05T01:17:37.741Z","iobWithZeroTemp":{"iob":-0.337,"basaliob":-0.636,"bolussnooze":0,"activity":-0.0016,"lastBolusTime":1704409066000,"time":"2024-01-05T01:17:37.741Z"}},{"iob":0.138,"basaliob":-0.138,"bolussnooze":0,"activity":0.0023,"lastBolusTime":1704409066000,"time":"2024-01-05T01:22:37.741Z","iobWithZeroTemp":{"iob":-0.351,"basaliob":-0.627,"bolussnooze":0,"activity":-0.0019,"lastBolusTime":1704409066000,"time":"2024-01-05T01:22:37.741Z"}},{"iob":0.127,"basaliob":-0.128,"bolussnooze":0,"activity":0.0021,"lastBolusTime":1704409066000,"time":"2024-01-05T01:27:37.741Z","iobWithZeroTemp":{"iob":-0.363,"basaliob":-0.618,"bolussnooze":0,"activity":-0.0022,"lastBolusTime":1704409066000,"time":"2024-01-05T01:27:37.741Z"}},{"iob":0.116,"basaliob":-0.119,"bolussnooze":0,"activity":0.002,"lastBolusTime":1704409066000,"time":"2024-01-05T01:32:37.741Z","iobWithZeroTemp":{"iob":-0.375,"basaliob":-0.61,"bolussnooze":0,"activity":-0.0023,"lastBolusTime":1704409066000,"time":"2024-01-05T01:32:37.741Z"}},{"iob":0.107,"basaliob":-0.11,"bolussnooze":0,"activity":0.0018,"lastBolusTime":1704409066000,"time":"2024-01-05T01:37:37.741Z","iobWithZeroTemp":{"iob":-0.385,"basaliob":-0.602,"bolussnooze":0,"activity":-0.0026,"lastBolusTime":1704409066000,"time":"2024-01-05T01:37:37.741Z"}},{"iob":0.098,"basaliob":-0.102,"bolussnooze":0,"activity":0.0017,"lastBolusTime":1704409066000,"time":"2024-01-05T01:42:37.741Z","iobWithZeroTemp":{"iob":-0.395,"basaliob":-0.595,"bolussnooze":0,"activity":-0.0027,"lastBolusTime":1704409066000,"time":"2024-01-05T01:42:37.741Z"}},{"iob":0.09,"basaliob":-0.094,"bolussnooze":0,"activity":0.0016,"lastBolusTime":1704409066000,"time":"2024-01-05T01:47:37.741Z","iobWithZeroTemp":{"iob":-0.403,"basaliob":-0.587,"bolussnooze":0,"activity":-0.0029,"lastBolusTime":1704409066000,"time":"2024-01-05T01:47:37.741Z"}},{"iob":0.082,"basaliob":-0.087,"bolussnooze":0,"activity":0.0014,"lastBolusTime":1704409066000,"time":"2024-01-05T01:52:37.741Z","iobWithZeroTemp":{"iob":-0.411,"basaliob":-0.58,"bolussnooze":0,"activity":-0.0031,"lastBolusTime":1704409066000,"time":"2024-01-05T01:52:37.741Z"}},{"iob":0.076,"basaliob":-0.08,"bolussnooze":0,"activity":0.0013,"lastBolusTime":1704409066000,"time":"2024-01-05T01:57:37.741Z","iobWithZeroTemp":{"iob":-0.417,"basaliob":-0.573,"bolussnooze":0,"activity":-0.0032,"lastBolusTime":1704409066000,"time":"2024-01-05T01:57:37.741Z"}},{"iob":0.069,"basaliob":-0.074,"bolussnooze":0,"activity":0.0012,"lastBolusTime":1704409066000,"time":"2024-01-05T02:02:37.741Z","iobWithZeroTemp":{"iob":-0.424,"basaliob":-0.567,"bolussnooze":0,"activity":-0.0033,"lastBolusTime":1704409066000,"time":"2024-01-05T02:02:37.741Z"}},{"iob":0.063,"basaliob":-0.068,"bolussnooze":0,"activity":0.0012,"lastBolusTime":1704409066000,"time":"2024-01-05T02:07:37.741Z","iobWithZeroTemp":{"iob":-0.43,"basaliob":-0.561,"bolussnooze":0,"activity":-0.0034,"lastBolusTime":1704409066000,"time":"2024-01-05T02:07:37.741Z"}},{"iob":0.057,"basaliob":-0.063,"bolussnooze":0,"activity":0.0011,"lastBolusTime":1704409066000,"time":"2024-01-05T02:12:37.741Z","iobWithZeroTemp":{"iob":-0.436,"basaliob":-0.556,"bolussnooze":0,"activity":-0.0035,"lastBolusTime":1704409066000,"time":"2024-01-05T02:12:37.741Z"}},{"iob":0.052,"basaliob":-0.058,"bolussnooze":0,"activity":9.0E-4,"lastBolusTime":1704409066000,"time":"2024-01-05T02:17:37.741Z","iobWithZeroTemp":{"iob":-0.44,"basaliob":-0.55,"bolussnooze":0,"activity":-0.0037,"lastBolusTime":1704409066000,"time":"2024-01-05T02:17:37.741Z"}},{"iob":0.048,"basaliob":-0.053,"bolussnooze":0,"activity":9.0E-4,"lastBolusTime":1704409066000,"time":"2024-01-05T02:22:37.741Z","iobWithZeroTemp":{"iob":-0.444,"basaliob":-0.545,"bolussnooze":0,"activity":-0.0037,"lastBolusTime":1704409066000,"time":"2024-01-05T02:22:37.741Z"}},{"iob":0.044,"basaliob":-0.049,"bolussnooze":0,"activity":8.0E-4,"lastBolusTime":1704409066000,"time":"2024-01-05T02:27:37.741Z","iobWithZeroTemp":{"iob":-0.448,"basaliob":-0.541,"bolussnooze":0,"activity":-0.0038,"lastBolusTime":1704409066000,"time":"2024-01-05T02:27:37.741Z"}},{"iob":0.04,"basaliob":-0.045,"bolussnooze":0,"activity":7.0E-4,"lastBolusTime":1704409066000,"time":"2024-01-05T02:32:37.741Z","iobWithZeroTemp":{"iob":-0.451,"basaliob":-0.536,"bolussnooze":0,"activity":-0.0039,"lastBolusTime":1704409066000,"time":"2024-01-05T02:32:37.741Z"}},{"iob":0.036,"basaliob":-0.041,"bolussnooze":0,"activity":7.0E-4,"lastBolusTime":1704409066000,"time":"2024-01-05T02:37:37.741Z","iobWithZeroTemp":{"iob":-0.454,"basaliob":-0.531,"bolussnooze":0,"activity":-0.0039,"lastBolusTime":1704409066000,"time":"2024-01-05T02:37:37.741Z"}},{"iob":0.033,"basaliob":-0.038,"bolussnooze":0,"activity":6.0E-4,"lastBolusTime":1704409066000,"time":"2024-01-05T02:42:37.741Z","iobWithZeroTemp":{"iob":-0.457,"basaliob":-0.528,"bolussnooze":0,"activity":-0.004,"lastBolusTime":1704409066000,"time":"2024-01-05T02:42:37.741Z"}},{"iob":0.03,"basaliob":-0.035,"bolussnooze":0,"activity":6.0E-4,"lastBolusTime":1704409066000,"time":"2024-01-05T02:47:37.741Z","iobWithZeroTemp":{"iob":-0.459,"basaliob":-0.524,"bolussnooze":0,"activity":-0.004,"lastBolusTime":1704409066000,"time":"2024-01-05T02:47:37.741Z"}},{"iob":0.027,"basaliob":-0.032,"bolussnooze":0,"activity":5.0E-4,"lastBolusTime":1704409066000,"time":"2024-01-05T02:52:37.741Z","iobWithZeroTemp":{"iob":-0.462,"basaliob":-0.521,"bolussnooze":0,"activity":-0.0041,"lastBolusTime":1704409066000,"time":"2024-01-05T02:52:37.741Z"}},{"iob":0.025,"basaliob":-0.029,"bolussnooze":0,"activity":5.0E-4,"lastBolusTime":1704409066000,"time":"2024-01-05T02:57:37.741Z","iobWithZeroTemp":{"iob":-0.463,"basaliob":-0.517,"bolussnooze":0,"activity":-0.0041,"lastBolusTime":1704409066000,"time":"2024-01-05T02:57:37.741Z"}},{"iob":0.022,"basaliob":-0.027,"bolussnooze":0,"activity":4.0E-4,"lastBolusTime":1704409066000,"time":"2024-01-05T03:02:37.741Z","iobWithZeroTemp":{"iob":-0.468,"basaliob":-0.517,"bolussnooze":0,"activity":-0.0042,"lastBolusTime":1704409066000,"time":"2024-01-05T03:02:37.741Z"}},{"iob":0.02,"basaliob":-0.024,"bolussnooze":0,"activity":4.0E-4,"lastBolusTime":1704409066000,"time":"2024-01-05T03:07:37.741Z","iobWithZeroTemp":{"iob":-0.472,"basaliob":-0.516,"bolussnooze":0,"activity":-0.0042,"lastBolusTime":1704409066000,"time":"2024-01-05T03:07:37.741Z"}},{"iob":0.018,"basaliob":-0.022,"bolussnooze":0,"activity":4.0E-4,"lastBolusTime":1704409066000,"time":"2024-01-05T03:12:37.741Z","iobWithZeroTemp":{"iob":-0.476,"basaliob":-0.516,"bolussnooze":0,"activity":-0.0042,"lastBolusTime":1704409066000,"time":"2024-01-05T03:12:37.741Z"}}],"profile":{"max_iob":7,"type":"current","max_daily_basal":0.45,"max_basal":1.35,"min_bg":106.2,"max_bg":106.2,"target_bg":106.2,"carb_ratio":11,"sens":369,"max_daily_safety_multiplier":3,"current_basal_safety_multiplier":4,"lgsThreshold":65,"high_temptarget_raises_sensitivity":false,"low_temptarget_lowers_sensitivity":false,"sensitivity_raises_target":true,"resistance_lowers_target":true,"adv_target_adjustments":false,"exercise_mode":false,"half_basal_exercise_target":160,"maxCOB":120,"skip_neutral_temps":false,"remainingCarbsCap":90,"enableUAM":true,"A52_risk_enable":false,"SMBInterval":4,"enableSMB_with_COB":true,"enableSMB_with_temptarget":false,"allowSMB_with_high_temptarget":true,"enableSMB_always":true,"enableSMB_after_carbs":false,"maxSMBBasalMinutes":60,"maxUAMSMBBasalMinutes":60,"bolus_increment":0.05,"carbsReqThreshold":10,"current_basal":0.45,"temptargetSet":false,"autosens_max":1.2,"autosens_min":0.8,"out_units":"mmol\/L","variable_sens":184.9,"insulinDivisor":65,"TDD":8.98764529166667},"autosens_data":{"ratio":1.162855779965288},"meal_data":{"carbs":25,"mealCOB":9.793286931032574,"slopeFromMaxDeviation":-1.0905000000000005,"slopeFromMinDeviation":0,"lastBolusTime":1704409066000,"lastCarbTime":1704402868000},"microBolusAllowed":true,"currentTime":1704410259917,"flatBGsDetected":false,"tdd1D":28.050416666666692,"tdd7D":23.609261904761915,"tddLast24H":27.45416666666668,"tddLast4H":3.4499999999999997,"tddLast8to4H":6.083333333333332},"output":{"temp":"absolute","bg":127,"tick":-1,"eventualBG":121,"targetBG":100,"insulinReq":0,"deliverAt":"2024-01-04T23:17:39.917Z","sensitivityRatio":1.162855779965288,"variable_sens":184.9,"predBGs":{"IOB":[127,125,122,119,116,112,108,103,98,92,86,79,71,63,56,47,39],"ZT":[127,117,106,95,85,74,63,52,41,39,39,39,39,39,39,39,39,39,39,39,39,39,39,39,39,39,39,39,39,39,39,39,39,39,39,39,44,51,57,63,69,74,80,85,90,94,99],"COB":[127,125,124,123,122,121,121,120,120,120,120,120,121,121,122,123,123,124,125,126,126,127,128,128,129,129,130,130,130,131,131,130,130,130,129,128,127,127,126,125,124,124,123,123,122,122,121],"UAM":[127,125,121,117,113,107,101,93,85,76,67,57,48,39]},"reason":"COB: 9.8, Dev: 3.0, BGI: -0.6, ISF: 10.3, CR: 11, Target: 5.6, minPredBG -1.2, minGuardBG -1.2, IOBpredBG 2.2, COBpredBG 6.7, UAMpredBG 2.2; minGuardBG -1.2<3.9","COB":9.793286931032574,"IOB":0.89,"duration":90,"rate":0,"timestamp":"2024-01-04T23:17:39.940Z"}}