{"algorithm":"OpenAPSSMBDynamicISFPlugin","input":{"glucoseStatus":{"glucose":118,"noise":0,"delta":11,"short_avgdelta":13.33,"long_avgdelta":8.27,"date":1704139031363},"currenttemp":{"temp":"absolute","duration":10,"rate":1.12,"minutesrunning":5},"iob_data":[{"iob":0.289,"basaliob":-0.458,"bolussnooze":0.0083,"activity":0.0046,"lastBolusTime":1704138765000,"time":"2024-01-01T19:57:28.790Z","iobWithZeroTemp":{"iob":0.289,"basaliob":-0.458,"bolussnooze":0.0083,"activity":0.0046,"lastBolusTime":1704138765000,"time":"2024-01-01T19:57:28.790Z"}},{"iob":0.267,"basaliob":-0.432,"bolussnooze":0.0067,"activity":0.0043,"lastBolusTime":1704138765000,"time":"2024-01-01T20:02:28.790Z","iobWithZeroTemp":{"iob":0.24,"basaliob":-0.459,"bolussnooze":0.0067,"activity":0.0043,"lastBolusTime":1704138765000,"time":"2024-01-01T20:02:28.790Z"}},{"iob":0.246,"basaliob":-0.407,"bolussnooze":0.0054,"activity":0.004,"lastBolusTime":1704138765000,"time":"2024-01-01T20:07:28.790Z","iobWithZeroTemp":{"iob":0.186,"basaliob":-0.467,"bolussnooze":0.0054,"activity":0.0039,"lastBolusTime":1704138765000,"time":"2024-01-01T20:07:28.790Z"}},{"iob":0.227,"basaliob":-0.383,"bolussnooze":0.0044,"activity":0.0037,"lastBolusTime":1704138765000,"time":"2024-01-01T20:12:28.790Z","iobWithZeroTemp":{"iob":0.135,"basaliob":-0.475,"bolussnooze":0.0044,"activity":0.0035,"lastBolusTime":1704138765000,"time":"2024-01-01T20:12:28.790Z"}},{"iob":0.209,"basaliob":-0.36,"bolussnooze":0.0035,"activity":0.0035,"lastBolusTime":1704138765000,"time":"2024-01-01T20:17:28.790Z","iobWithZeroTemp":{"iob":0.084,"basaliob":-0.485,"bolussnooze":0.0035,"activity":0.0032,"lastBolusTime":1704138765000,"time":"2024-01-01T20:17:28.790Z"}},{"iob":0.192,"basaliob":-0.338,"bolussnooze":0.0028,"activity":0.0032,"lastBolusTime":1704138765000,"time":"2024-01-01T20:22:28.790Z","iobWithZeroTemp":{"iob":0.036,"basaliob":-0.494,"bolussnooze":0.0028,"activity":0.0027,"lastBolusTime":1704138765000,"time":"2024-01-01T20:22:28.790Z"}},{"iob":0.177,"basaliob":-0.317,"bolussnooze":0.0022,"activity":0.003,"lastBolusTime":1704138765000,"time":"2024-01-01T20:27:28.790Z","iobWithZeroTemp":{"iob":-0.009,"basaliob":-0.503,"bolussnooze":0.0022,"activity":0.0023,"lastBolusTime":1704138765000,"time":"2024-01-01T20:27:28.790Z"}},{"iob":0.162,"basaliob":-0.297,"bolussnooze":0.0018,"activity":0.0028,"lastBolusTime":1704138765000,"time":"2024-01-01T20:32:28.790Z","iobWithZeroTemp":{"iob":-0.054,"basaliob":-0.513,"bolussnooze":0.0018,"activity":0.0019,"lastBolusTime":1704138765000,"time":"2024-01-01T20:32:28.790Z"}},{"iob":0.149,"basaliob":-0.278,"bolussnooze":0.0014,"activity":0.0026,"lastBolusTime":1704138765000,"time":"2024-01-01T20:37:28.790Z","iobWithZeroTemp":{"iob":-0.095,"basaliob":-0.522,"bolussnooze":0.0014,"activity":0.0015,"lastBolusTime":1704138765000,"time":"2024-01-01T20:37:28.790Z"}},{"iob":0.136,"basaliob":-0.26,"bolussnooze":0.0011,"activity":0.0024,"lastBolusTime":1704138765000,"time":"2024-01-01T20:42:28.790Z","iobWithZeroTemp":{"iob":-0.136,"basaliob":-0.532,"bolussnooze":0.0011,"activity":0.0011,"lastBolusTime":1704138765000,"time":"2024-01-01T20:42:28.790Z"}},{"iob":0.126,"basaliob":-0.242,"bolussnooze":8.0E-4,"activity":0.0023,"lastBolusTime":1704138765000,"time":"2024-01-01T20:47:28.790Z","iobWithZeroTemp":{"iob":-0.172,"basaliob":-0.54,"bolussnooze":8.0E-4,"activity":8.0E-4,"lastBolusTime":1704138765000,"time":"2024-01-01T20:47:28.790Z"}},{"iob":0.115,"basaliob":-0.226,"bolussnooze":6.0E-4,"activity":0.002,"lastBolusTime":1704138765000,"time":"2024-01-01T20:52:28.790Z","iobWithZeroTemp":{"iob":-0.208,"basaliob":-0.549,"bolussnooze":6.0E-4,"activity":2.0E-4,"lastBolusTime":1704138765000,"time":"2024-01-01T20:52:28.790Z"}},{"iob":0.105,"basaliob":-0.211,"bolussnooze":4.0E-4,"activity":0.0019,"lastBolusTime":1704138765000,"time":"2024-01-01T20:57:28.790Z","iobWithZeroTemp":{"iob":-0.242,"basaliob":-0.558,"bolussnooze":4.0E-4,"activity":-1.0E-4,"lastBolusTime":1704138765000,"time":"2024-01-01T20:57:28.790Z"}},{"iob":0.096,"basaliob":-0.196,"bolussnooze":3.0E-4,"activity":0.0018,"lastBolusTime":1704138765000,"time":"2024-01-01T21:02:28.790Z","iobWithZeroTemp":{"iob":-0.274,"basaliob":-0.566,"bolussnooze":3.0E-4,"activity":-4.0E-4,"lastBolusTime":1704138765000,"time":"2024-01-01T21:02:28.790Z"}},{"iob":0.087,"basaliob":-0.183,"bolussnooze":2.0E-4,"activity":0.0017,"lastBolusTime":1704138765000,"time":"2024-01-01T21:07:28.790Z","iobWithZeroTemp":{"iob":-0.304,"basaliob":-0.574,"bolussnooze":2.0E-4,"activity":-7.0E-4,"lastBolusTime":1704138765000,"time":"2024-01-01T21:07:28.790Z"}},{"iob":0.079,"basaliob":-0.17,"bolussnooze":2.0E-4,"activity":0.0015,"lastBolusTime":1704138765000,"time":"2024-01-01T21:12:28.790Z","iobWithZeroTemp":{"iob":-0.333,"basaliob":-0.582,"bolussnooze":2.0E-4,"activity":-0.0012,"lastBolusTime":1704138765000,"time":"2024-01-01T21:12:28.790Z"}},{"iob":0.072,"basaliob":-0.158,"bolussnooze":1.0E-4,"activity":0.0014,"lastBolusTime":1704138765000,"time":"2024-01-01T21:17:28.790Z","iobWithZeroTemp":{"iob":-0.359,"basaliob":-0.589,"bolussnooze":1.0E-4,"activity":-0.0015,"lastBolusTime":1704138765000,"time":"2024-01-01T21:17:28.790Z"}},{"iob":0.066,"basaliob":-0.146,"bolussnooze":1.0E-4,"activity":0.0012,"lastBolusTime":1704138765000,"time":"2024-01-01T21:22:28.790Z","iobWithZeroTemp":{"iob":-0.384,"basaliob":-0.596,"bolussnooze":1.0E-4,"activity":-0.0019,"lastBolusTime":1704138765000,"time":"2024-01-01T21:22:28.790Z"}},{"iob":0.06,"basaliob":-0.136,"bolussnooze":0,"activity":0.0011,"lastBolusTime":1704138765000,"time":"2024-01-01T21:27:28.790Z","iobWithZeroTemp":{"iob":-0.407,"basaliob":-0.603,"bolussnooze":0,"activity":-0.0022,"lastBolusTime":1704138765000,"time":"2024-01-01T21:27:28.790Z"}},{"iob":0.054,"basaliob":-0.126,"bolussnooze":0,"activity":0.0011,"lastBolusTime":1704138765000,"time":"2024-01-01T21:32:28.790Z","iobWithZeroTemp":{"iob":-0.43,"basaliob":-0.61,"bolussnooze":0,"activity":-0.0024,"lastBolusTime":1704138765000,"time":"2024-01-01T21:32:28.790Z"}},{"iob":0.049,"basaliob":-0.117,"bolussnooze":0,"activity":0.001,"lastBolusTime":1704138765000,"time":"2024-01-01T21:37:28.790Z","iobWithZeroTemp":{"iob":-0.45,"basaliob":-0.616,"bolussnooze":0,"activity":-0.0027,"lastBolusTime":1704138765000,"time":"2024-01-01T21:37:28.790Z"}},{"iob":0.045,"basaliob":-0.108,"bolussnooze":0,"activity":9.0E-4,"lastBolusTime":1704138765000,"time":"2024-01-01T21:42:28.790Z","iobWithZeroTemp":{"iob":-0.469,"basaliob":-0.622,"bolussnooze":0,"activity":-0.003,"lastBolusTime":1704138765000,"time":"2024-01-01T21:42:28.790Z"}},{"iob":0.04,"basaliob":-0.1,"bolussnooze":0,"activity":8.0E-4,"lastBolusTime":1704138765000,"time":"2024-01-01T21:47:28.790Z","iobWithZeroTemp":{"iob":-0.487,"basaliob":-0.627,"bolussnooze":0,"activity":-0.0032,"lastBolusTime":1704138765000,"time":"2024-01-01T21:47:28.790Z"}},{"iob":0.037,"basaliob":-0.092,"bolussnooze":0,"activity":7.0E-4,"lastBolusTime":1704138765000,"time":"2024-01-01T21:52:28.790Z","iobWithZeroTemp":{"iob":-0.503,"basaliob":-0.632,"bolussnooze":0,"activity":-0.0035,"lastBolusTime":1704138765000,"time":"2024-01-01T21:52:28.790Z"}},{"iob":0.033,"basaliob":-0.085,"bolussnooze":0,"activity":6.0E-4,"lastBolusTime":1704138765000,"time":"2024-01-01T21:57:28.790Z","iobWithZeroTemp":{"iob":-0.519,"basaliob":-0.637,"bolussnooze":0,"activity":-0.0037,"lastBolusTime":1704138765000,"time":"2024-01-01T21:57:28.790Z"}},{"iob":0.029,"basaliob":-0.079,"bolussnooze":0,"activity":6.0E-4,"lastBolusTime":1704138765000,"time":"2024-01-01T22:02:28.790Z","iobWithZeroTemp":{"iob":-0.538,"basaliob":-0.646,"bolussnooze":0,"activity":-0.0039,"lastBolusTime":1704138765000,"time":"2024-01-01T22:02:28.790Z"}},{"iob":0.027,"basaliob":-0.072,"bolussnooze":0,"activity":5.0E-4,"lastBolusTime":1704138765000,"time":"2024-01-01T22:07:28.790Z","iobWithZeroTemp":{"iob":-0.555,"basaliob":-0.654,"bolussnooze":0,"activity":-0.0042,"lastBolusTime":1704138765000,"time":"2024-01-01T22:07:28.790Z"}},{"iob":0.024,"basaliob":-0.067,"bolussnooze":0,"activity":5.0E-4,"lastBolusTime":1704138765000,"time":"2024-01-01T22:12:28.790Z","iobWithZeroTemp":{"iob":-0.572,"basaliob":-0.663,"bolussnooze":0,"activity":-0.0043,"lastBolusTime":1704138765000,"time":"2024-01-01T22:12:28.790Z"}},{"iob":0.022,"basaliob":-0.061,"bolussnooze":0,"activity":5.0E-4,"lastBolusTime":1704138765000,"time":"2024-01-01T22:17:28.790Z","iobWithZeroTemp":{"iob":-0.587,"basaliob":-0.67,"bolussnooze":0,"activity":-0.0044,"lastBolusTime":1704138765000,"time":"2024-01-01T22:17:28.790Z"}},{"iob":0.019,"basaliob":-0.057,"bolussnooze":0,"activity":5.0E-4,"lastBolusTime":1704138765000,"time":"2024-01-01T22:22:28.790Z","iobWithZeroTemp":{"iob":-0.602,"basaliob":-0.678,"bolussnooze":0,"activity":-0.0046,"lastBolusTime":1704138765000,"time":"2024-01-01T22:22:28.790Z"}},{"iob":0.017,"basaliob":-0.052,"bolussnooze":0,"activity":4.0E-4,"lastBolusTime":1704138765000,"time":"2024-01-01T22:27:28.790Z","iobWithZeroTemp":{"iob":-0.616,"basaliob":-0.685,"bolussnooze":0,"activity":-0.0048,"lastBolusTime":1704138765000,"time":"2024-01-01T22:27:28.790Z"}},{"iob":0.015,"basaliob":-0.048,"bolussnooze":0,"activity":4.0E-4,"lastBolusTime":1704138765000,"time":"2024-01-01T22:32:28.790Z","iobWithZeroTemp":{"iob":-0.629,"basaliob":-0.692,"bolussnooze":0,"activity":-0.005,"lastBolusTime":1704138765000,"time":"2024-01-01T22:32:28.790Z"}},{"iob":0.014,"basaliob":-0.044,"bolussnooze":0,"activity":3.0E-4,"lastBolusTime":1704138765000,"time":"2024-01-01T22:37:28.790Z","iobWithZeroTemp":{"iob":-0.641,"basaliob":-0.699,"bolussnooze":0,"activity":-0.0052,"lastBolusTime":1704138765000,"time":"2024-01-01T22:37:28.790Z"}},{"iob":0.012,"basaliob":-0.04,"bolussnooze":0,"activity":3.0E-4,"lastBolusTime":1704138765000,"time":"2024-01-01T22:42:28.790Z","iobWithZeroTemp":{"iob":-0.652,"basaliob":-0.704,"bolussnooze":0,"activity":-0.0053,"lastBolusTime":1704138765000,"time":"2024-01-01T22:42:28.790Z"}},{"iob":0.011,"basaliob":-0.037,"bolussnooze":0,"activity":3.0E-4,"lastBolusTime":1704138765000,"time":"2024-01-01T22:47:28.790Z","iobWithZeroTemp":{"iob":-0.663,"basaliob":-0.711,"bolussnooze":0,"activity":-0.0054,"lastBolusTime":1704138765000,"time":"2024-01-01T22:47:28.790Z"}},{"iob":0.009,"basaliob":-0.034,"bolussnooze":0,"activity":2.0E-4,"lastBolusTime":1704138765000,"time":"2024-01-01T22:52:28.790Z","iobWithZeroTemp":{"iob":-0.673,"basaliob":-0.716,"bolussnooze":0,"activity":-0.0056,"lastBolusTime":1704138765000,"time":"2024-01-01T22:52:28.790Z"}},{"iob":0.008,"basaliob":-0.031,"bolussnooze":0,"activity":3.0E-4,"lastBolusTime":1704138765000,"time":"2024-01-01T22:57:28.790Z","iobWithZeroTemp":{"iob":-0.682,"basaliob":-0.721,"bolussnooze":0,"activity":-0.0056,"lastBolusTime":1704138765000,"time":"2024-01-01T22:57:28.790Z"}},{"iob":0.008,"basaliob":-0.028,"bolussnooze":0,"activity":2.0E-4,"lastBolusTime":1704138765000,"time":"2024-01-01T23:02:28.790Z","iobWithZeroTemp":{"iob":-0.69,"basaliob":-0.726,"bolussnooze":0,"activity":-0.0058,"lastBolusTime":1704138765000,"time":"2024-01-01T23:02:28.790Z"}},{"iob":0.006,"basaliob":-0.026,"bolussnooze":0,"activity":1.0E-4,"lastBolusTime":1704138765000,"time":"2024-01-01T23:07:28.790Z","iobWithZeroTemp":{"iob":-0.699,"basaliob":-0.731,"bolussnooze":0,"activity":-0.006,"lastBolusTime":1704138765000,"time":"2024-01-01T23:07:28.790Z"}},{"iob":0.005,"basaliob":-0.024,"bolussnooze":0,"activity":2.0E-4,"lastBolusTime":1704138765000,"time":"2024-01-01T23:12:28.790Z","iobWithZeroTemp":{"iob":-0.707,"basaliob":-0.736,"bolussnooze":0,"activity":-0.006,"lastBolusTime":1704138765000,"time":"2024-01-01T23:12:28.790Z"}},{"iob":0.005,"basaliob":-0.022,"bolussnooze":0,"activity":1.0E-4,"lastBolusTime":1704138765000,"time":"2024-01-01T23:17:28.790Z","iobWithZeroTemp":{"iob":-0.713,"basaliob":-0.74,"bolussnooze":0,"activity":-0.0062,"lastBolusTime":1704138765000,"time":"2024-01-01T23:17:28.790Z"}},{"iob":0.004,"basaliob":-0.02,"bolussnooze":0,"activity":1.0E-4,"lastBolusTime":1704138765000,"time":"2024-01-01T23:22:28.790Z","iobWithZeroTemp":{"iob":-0.72,"basaliob":-0.744,"bolussnooze":0,"activity":-0.0063,"lastBolusTime":1704138765000,"time":"2024-01-01T23:22:28.790Z"}},{"iob":0.004,"basaliob":-0.018,"bolussnooze":0,"activity":1.0E-4,"lastBolusTime":1704138765000,"time":"2024-01-01T23:27:28.790Z","iobWithZeroTemp":{"iob":-0.725,"basaliob":-0.747,"bolussnooze":0,"activity":-0.0064,"lastBolusTime":1704138765000,"time":"2024-01-01T23:27:28.790Z"}},{"iob":0.004,"basaliob":-0.016,"bolussnooze":0,"activity":1.0E-4,"lastBolusTime":1704138765000,"time":"2024-01-01T23:32:28.790Z","iobWithZeroTemp":{"iob":-0.73,"basaliob":-0.75,"bolussnooze":0,"activity":-0.0064,"lastBolusTime":1704138765000,"time":"2024-01-01T23:32:28.790Z"}},{"iob":0.003,"basaliob":-0.015,"bolussnooze":0,"activity":1.0E-4,"lastBolusTime":1704138765000,"time":"2024-01-01T23:37:28.790Z","iobWithZeroTemp":{"iob":-0.736,"basaliob":-0.754,"bolussnooze":0,"activity":-0.0065,"lastBolusTime":1704138765000,"time":"2024-01-01T23:37:28.790Z"}},{"iob":0.003,"basaliob":-0.013,"bolussnooze":0,"activity":0,"lastBolusTime":1704138765000,"time":"2024-01-01T23:42:28.790Z","iobWithZeroTemp":{"iob":-0.74,"basaliob":-0.756,"bolussnooze":0,"activity":-0.0067,"lastBolusTime":1704138765000,"time":"2024-01-01T23:42:28.790Z"}},{"iob":0.002,"basaliob":-0.012,"bolussnooze":0,"activity":1.0E-4,"lastBolusTime":1704138765000,"time":"2024-01-01T23:47:28.790Z","iobWithZeroTemp":{"iob":-0.745,"basaliob":-0.759,"bolussnooze":0,"activity":-0.0066,"lastBolusTime":1704138765000,"time":"2024-01-01T23:47:28.790Z"}},{"iob":0.002,"basaliob":-0.011,"bolussnooze":0,"activity":1.0E-4,"lastBolusTime":1704138765000,"time":"2024-01-01T23:52:28.790Z","iobWithZeroTemp":{"iob":-0.749,"basaliob":-0.762,"bolussnooze":0,"activity":-0.0067,"lastBolusTime":1704138765000,"time":"2024-01-01T23:52:28.790Z"}}],"profile":{"max_iob":7,"type":"current","max_daily_basal":0.45,"max_basal":1.35,"min_bg":106.2,"max_bg":106.2,"target_bg":106.2,"carb_ratio":11,"sens":352.8,"max_daily_safety_multiplier":3,"current_basal_safety_multiplier":4,"lgsThreshold":65,"high_temptarget_raises_sensitivity":false,"low_temptarget_lowers_sensitivity":false,"sensitivity_raises_target":true,"resistance_lowers_target":true,"adv_target_adjustments":false,"exercise_mode":false,"half_basal_exercise_target":160,"maxCOB":120,"skip_neutral_temps":false,"remainingCarbsCap":90,"enableUAM":true,"A52_risk_enable":false,"SMBInterval":4,"enableSMB_with_COB":true,"enableSMB_with_temptarget":false,"allowSMB_with_high_temptarget":true,"enableSMB_always":true,"enableSMB_after_carbs":false,"maxSMBBasalMinutes":60,"maxUAMSMBBasalMinutes":60,"bolus_increment":0.05,"carbsReqThreshold":10,"current_basal":0.4,"temptargetSet":false,"autosens_max":1.2,"autosens_min":0.8,"out_units":"mmol\/L","variable_sens":200.6,"insulinDivisor":65,"TDD":8.669136541666667},"autosens_data":{"ratio":1.2515294583327454},"meal_data":{"carbs":23,"mealCOB":5.778738095238105,"slopeFromMaxDeviation":-0.4734545454545456,"slopeFromMinDeviation":5.58875,"lastBolusTime":1704138765000,"lastCarbTime":1704137139000},"microBolusAllowed":true,"currentTime":1704139050992,"flatBGsDetected":false,"tdd1D":21.848083333333335,"tdd7D":24.48151190476191,"tddLast24H":30.63933333333333,"tddLast4H":4.263333333333333,"tddLast8to4H":5.599999999999999},"output":{"temp":"absolute","bg":118,"tick":"+11","eventualBG":156,"targetBG":97,"insulinReq":0.16,"deliverAt":"2024-01-01T19:57:30.992Z","sensitivityRatio":1.2515294583327454,"variable_sens":200.6,"predBGs":{"IOB":[118,128,137,145,152,158,163,167,170,172,172,172,170,169,167,166,165,163,162,162,161,160,159,158,158,157,157,156,156,155,155,155,154,154,154,154,153,153,153,153,153,153,153,152],"ZT":[118,113,109,105,101,98,94,92,90,88,86,85,85,85,86,87,88,90,92,95],"COB":[118,128,137,145,152,159,164,168,172,175,176,177,177,175,173,172,170,169,168,167,165,164,164,163,162,161,161,160,160,159,159,158,158,158,157,157,157,157,156],"UAM":[118,127,135,141,146,149,151,151,149,147,145,143,141,139,138,136,135,133,132,131,130,129,128,128,127,126,126,125,125,124,124,123,123,123,122,122,122,122,121]},"reason":"COB: 5.8, Dev: 5.2, BGI: -0.3, ISF: 11.1, CR: 11, Target: 5.4, minPredBG 7.2, minGuardBG 6.8, IOBpredBG 8.4, COBpredBG 8.7, UAMpredBG 6.7; Eventual BG 8.7 >= 5.4,  insulinReq 0.16. Microbolusing 0.05U. temp 1.12 >~ req 0.82U\/hr. ","COB":5.778738095238105,"IOB":0.289,"units":0.05,"timestamp":"2024-01-01T19:57:31.016Z"}}