{"algorithm":"OpenAPSSMBDynamicISFPlugin","input":{"glucoseStatus":{"glucose":133,"noise":0,"delta":3,"short_avgdelta":2.78,"long_avgdelta":0.68,"date":1704411435162},"currenttemp":{"temp":"absolute","duration":40,"rate":0,"minutesrunning":20},"iob_data":[{"iob":0.536,"basaliob":-0.693,"bolussnooze":0.01,"activity":0.0089,"lastBolusTime":1704409066000,"time":"2024-01-04T23:37:40.777Z","iobWithZeroTemp":{"iob":0.536,"basaliob":-0.693,"bolussnooze":0.01,"activity":0.0089,"lastBolusTime":1704409066000,"time":"2024-01-04T23:37:40.777Z"}},{"iob":0.493,"basaliob":-0.663,"bolussnooze":0.0083,"activity":0.0082,"lastBolusTime":1704409066000,"time":"2024-01-04T23:42:40.777Z","iobWithZeroTemp":{"iob":0.463,"basaliob":-0.693,"bolussnooze":0.0083,"activity":0.0082,"lastBolusTime":1704409066000,"time":"2024-01-04T23:42:40.777Z"}},{"iob":0.454,"basaliob":-0.632,"bolussnooze":0.0068,"activity":0.0076,"lastBolusTime":1704409066000,"time":"2024-01-04T23:47:40.777Z","iobWithZeroTemp":{"iob":0.387,"basaliob":-0.699,"bolussnooze":0.0068,"activity":0.0075,"lastBolusTime":1704409066000,"time":"2024-01-04T23:47:40.777Z"}},{"iob":0.417,"basaliob":-0.602,"bolussnooze":0.0056,"activity":0.007,"lastBolusTime":1704409066000,"time":"2024-01-04T23:52:40.777Z","iobWithZeroTemp":{"iob":0.313,"basaliob":-0.706,"bolussnooze":0.0056,"activity":0.0068,"lastBolusTime":1704409066000,"time":"2024-01-04T23:52:40.777Z"}},{"iob":0.383,"basaliob":-0.572,"bolussnooze":0.0046,"activity":0.0065,"lastBolusTime":1704409066000,"time":"2024-01-04T23:57:40.777Z","iobWithZeroTemp":{"iob":0.243,"basaliob":-0.712,"bolussnooze":0.0046,"activity":0.0061,"lastBolusTime":1704409066000,"time":"2024-01-04T23:57:40.777Z"}},{"iob":0.352,"basaliob":-0.542,"bolussnooze":0.0037,"activity":0.006,"lastBolusTime":1704409066000,"time":"2024-01-05T00:02:40.777Z","iobWithZeroTemp":{"iob":0.185,"basaliob":-0.709,"bolussnooze":0.0037,"activity":0.0055,"lastBolusTime":1704409066000,"time":"2024-01-05T00:02:40.777Z"}},{"iob":0.323,"basaliob":-0.513,"bolussnooze":0.003,"activity":0.0056,"lastBolusTime":1704409066000,"time":"2024-01-05T00:07:40.777Z","iobWithZeroTemp":{"iob":0.129,"basaliob":-0.707,"bolussnooze":0.003,"activity":0.0049,"lastBolusTime":1704409066000,"time":"2024-01-05T00:07:40.777Z"}},{"iob":0.296,"basaliob":-0.485,"bolussnooze":0.0024,"activity":0.0051,"lastBolusTime":1704409066000,"time":"2024-01-05T00:12:40.777Z","iobWithZeroTemp":{"iob":0.077,"basaliob":-0.704,"bolussnooze":0.0024,"activity":0.0042,"lastBolusTime":1704409066000,"time":"2024-01-05T00:12:40.777Z"}},{"iob":0.271,"basaliob":-0.458,"bolussnooze":0.0019,"activity":0.0047,"lastBolusTime":1704409066000,"time":"2024-01-05T00:17:40.777Z","iobWithZeroTemp":{"iob":0.028,"basaliob":-0.701,"bolussnooze":0.0019,"activity":0.0036,"lastBolusTime":1704409066000,"time":"2024-01-05T00:17:40.777Z"}},{"iob":0.249,"basaliob":-0.431,"bolussnooze":0.0015,"activity":0.0044,"lastBolusTime":1704409066000,"time":"2024-01-05T00:22:40.777Z","iobWithZeroTemp":{"iob":-0.017,"basaliob":-0.697,"bolussnooze":0.0015,"activity":0.0031,"lastBolusTime":1704409066000,"time":"2024-01-05T00:22:40.777Z"}},{"iob":0.228,"basaliob":-0.406,"bolussnooze":0.0012,"activity":0.004,"lastBolusTime":1704409066000,"time":"2024-01-05T00:27:40.777Z","iobWithZeroTemp":{"iob":-0.06,"basaliob":-0.694,"bolussnooze":0.0012,"activity":0.0024,"lastBolusTime":1704409066000,"time":"2024-01-05T00:27:40.777Z"}},{"iob":0.209,"basaliob":-0.381,"bolussnooze":9.0E-4,"activity":0.0037,"lastBolusTime":1704409066000,"time":"2024-01-05T00:32:40.777Z","iobWithZeroTemp":{"iob":-0.1,"basaliob":-0.69,"bolussnooze":9.0E-4,"activity":0.0019,"lastBolusTime":1704409066000,"time":"2024-01-05T00:32:40.777Z"}},{"iob":0.191,"basaliob":-0.358,"bolussnooze":7.0E-4,"activity":0.0034,"lastBolusTime":1704409066000,"time":"2024-01-05T00:37:40.777Z","iobWithZeroTemp":{"iob":-0.138,"basaliob":-0.687,"bolussnooze":7.0E-4,"activity":0.0014,"lastBolusTime":1704409066000,"time":"2024-01-05T00:37:40.777Z"}},{"iob":0.174,"basaliob":-0.336,"bolussnooze":6.0E-4,"activity":0.0031,"lastBolusTime":1704409066000,"time":"2024-01-05T00:42:40.777Z","iobWithZeroTemp":{"iob":-0.174,"basaliob":-0.684,"bolussnooze":6.0E-4,"activity":9.0E-4,"lastBolusTime":1704409066000,"time":"2024-01-05T00:42:40.777Z"}},{"iob":0.16,"basaliob":-0.314,"bolussnooze":4.0E-4,"activity":0.0029,"lastBolusTime":1704409066000,"time":"2024-01-05T00:47:40.777Z","iobWithZeroTemp":{"iob":-0.206,"basaliob":-0.68,"bolussnooze":4.0E-4,"activity":5.0E-4,"lastBolusTime":1704409066000,"time":"2024-01-05T00:47:40.777Z"}},{"iob":0.145,"basaliob":-0.294,"bolussnooze":3.0E-4,"activity":0.0027,"lastBolusTime":1704409066000,"time":"2024-01-05T00:52:40.777Z","iobWithZeroTemp":{"iob":-0.237,"basaliob":-0.676,"bolussnooze":3.0E-4,"activity":1.0E-4,"lastBolusTime":1704409066000,"time":"2024-01-05T00:52:40.777Z"}},{"iob":0.132,"basaliob":-0.275,"bolussnooze":2.0E-4,"activity":0.0025,"lastBolusTime":1704409066000,"time":"2024-01-05T00:57:40.777Z","iobWithZeroTemp":{"iob":-0.266,"basaliob":-0.673,"bolussnooze":2.0E-4,"activity":-2.0E-4,"lastBolusTime":1704409066000,"time":"2024-01-05T00:57:40.777Z"}},{"iob":0.12,"basaliob":-0.257,"bolussnooze":2.0E-4,"activity":0.0023,"lastBolusTime":1704409066000,"time":"2024-01-05T01:02:40.777Z","iobWithZeroTemp":{"iob":-0.287,"basaliob":-0.664,"bolussnooze":2.0E-4,"activity":-6.0E-4,"lastBolusTime":1704409066000,"time":"2024-01-05T01:02:40.777Z"}},{"iob":0.109,"basaliob":-0.24,"bolussnooze":1.0E-4,"activity":0.0021,"lastBolusTime":1704409066000,"time":"2024-01-05T01:07:40.777Z","iobWithZeroTemp":{"iob":-0.306,"basaliob":-0.655,"bolussnooze":1.0E-4,"activity":-0.001,"lastBolusTime":1704409066000,"time":"2024-01-05T01:07:40.777Z"}},{"iob":0.1,"basaliob":-0.223,"bolussnooze":1.0E-4,"activity":0.0019,"lastBolusTime":1704409066000,"time":"2024-01-05T01:12:40.777Z","iobWithZeroTemp":{"iob":-0.321,"basaliob":-0.644,"bolussnooze":1.0E-4,"activity":-0.0013,"lastBolusTime":1704409066000,"time":"2024-01-05T01:12:40.777Z"}},{"iob":0.091,"basaliob":-0.208,"bolussnooze":0,"activity":0.0017,"lastBolusTime":1704409066000,"time":"2024-01-05T01:17:40.777Z","iobWithZeroTemp":{"iob":-0.337,"basaliob":-0.636,"bolussnooze":0,"activity":-0.0016,"lastBolusTime":1704409066000,"time":"2024-01-05T01:17:40.777Z"}},{"iob":0.082,"basaliob":-0.194,"bolussnooze":0,"activity":0.0016,"lastBolusTime":1704409066000,"time":"2024-01-05T01:22:40.777Z","iobWithZeroTemp":{"iob":-0.351,"basaliob":-0.627,"bolussnooze":0,"activity":-0.0019,"lastBolusTime":1704409066000,"time":"2024-01-05T01:22:40.777Z"}},{"iob":0.075,"basaliob":-0.18,"bolussnooze":0,"activity":0.0015,"lastBolusTime":1704409066000,"time":"2024-01-05T01:27:40.777Z","iobWithZeroTemp":{"iob":-0.363,"basaliob":-0.618,"bolussnooze":0,"activity":-0.0021,"lastBolusTime":1704409066000,"time":"2024-01-05T01:27:40.777Z"}},{"iob":0.068,"basaliob":-0.167,"bolussnooze":0,"activity":0.0013,"lastBolusTime":1704409066000,"time":"2024-01-05T01:32:40.777Z","iobWithZeroTemp":{"iob":-0.375,"basaliob":-0.61,"bolussnooze":0,"activity":-0.0024,"lastBolusTime":1704409066000,"time":"2024-01-05T01:32:40.777Z"}},{"iob":0.062,"basaliob":-0.155,"bolussnooze":0,"activity":0.0012,"lastBolusTime":1704409066000,"time":"2024-01-05T01:37:40.777Z","iobWithZeroTemp":{"iob":-0.385,"basaliob":-0.602,"bolussnooze":0,"activity":-0.0025,"lastBolusTime":1704409066000,"time":"2024-01-05T01:37:40.777Z"}},{"iob":0.056,"basaliob":-0.144,"bolussnooze":0,"activity":0.0011,"lastBolusTime":1704409066000,"time":"2024-01-05T01:42:40.777Z","iobWithZeroTemp":{"iob":-0.394,"basaliob":-0.594,"bolussnooze":0,"activity":-0.0027,"lastBolusTime":1704409066000,"time":"2024-01-05T01:42:40.777Z"}},{"iob":0.051,"basaliob":-0.133,"bolussnooze":0,"activity":0.0011,"lastBolusTime":1704409066000,"time":"2024-01-05T01:47:40.777Z","iobWithZeroTemp":{"iob":-0.402,"basaliob":-0.586,"bolussnooze":0,"activity":-0.0028,"lastBolusTime":1704409066000,"time":"2024-01-05T01:47:40.777Z"}},{"iob":0.045,"basaliob":-0.124,"bolussnooze":0,"activity":9.0E-4,"lastBolusTime":1704409066000,"time":"2024-01-05T01:52:40.777Z","iobWithZeroTemp":{"iob":-0.411,"basaliob":-0.58,"bolussnooze":0,"activity":-0.0031,"lastBolusTime":1704409066000,"time":"2024-01-05T01:52:40.777Z"}},{"iob":0.042,"basaliob":-0.114,"bolussnooze":0,"activity":8.0E-4,"lastBolusTime":1704409066000,"time":"2024-01-05T01:57:40.777Z","iobWithZeroTemp":{"iob":-0.417,"basaliob":-0.573,"bolussnooze":0,"activity":-0.0032,"lastBolusTime":1704409066000,"time":"2024-01-05T01:57:40.777Z"}},{"iob":0.037,"basaliob":-0.106,"bolussnooze":0,"activity":7.0E-4,"lastBolusTime":1704409066000,"time":"2024-01-05T02:02:40.777Z","iobWithZeroTemp":{"iob":-0.424,"basaliob":-0.567,"bolussnooze":0,"activity":-0.0034,"lastBolusTime":1704409066000,"time":"2024-01-05T02:02:40.777Z"}},{"iob":0.033,"basaliob":-0.098,"bolussnooze":0,"activity":8.0E-4,"lastBolusTime":1704409066000,"time":"2024-01-05T02:07:40.777Z","iobWithZeroTemp":{"iob":-0.43,"basaliob":-0.561,"bolussnooze":0,"activity":-0.0033,"lastBolusTime":1704409066000,"time":"2024-01-05T02:07:40.777Z"}},{"iob":0.03,"basaliob":-0.09,"bolussnooze":0,"activity":7.0E-4,"lastBolusTime":1704409066000,"time":"2024-01-05T02:12:40.777Z","iobWithZeroTemp":{"iob":-0.435,"basaliob":-0.555,"bolussnooze":0,"activity":-0.0035,"lastBolusTime":1704409066000,"time":"2024-01-05T02:12:40.777Z"}},{"iob":0.027,"basaliob":-0.083,"bolussnooze":0,"activity":6.0E-4,"lastBolusTime":1704409066000,"time":"2024-01-05T02:17:40.777Z","iobWithZeroTemp":{"iob":-0.44,"basaliob":-0.55,"bolussnooze":0,"activity":-0.0036,"lastBolusTime":1704409066000,"time":"2024-01-05T02:17:40.777Z"}},{"iob":0.024,"basaliob":-0.077,"bolussnooze":0,"activity":5.0E-4,"lastBolusTime":1704409066000,"time":"2024-01-05T02:22:40.777Z","iobWithZeroTemp":{"iob":-0.444,"basaliob":-0.545,"bolussnooze":0,"activity":-0.0037,"lastBolusTime":1704409066000,"time":"2024-01-05T02:22:40.777Z"}},{"iob":0.022,"basaliob":-0.071,"bolussnooze":0,"activity":4.0E-4,"lastBolusTime":1704409066000,"time":"2024-01-05T02:27:40.777Z","iobWithZeroTemp":{"iob":-0.447,"basaliob":-0.54,"bolussnooze":0,"activity":-0.0039,"lastBolusTime":1704409066000,"time":"2024-01-05T02:27:40.777Z"}},{"iob":0.02,"basaliob":-0.065,"bolussnooze":0,"activity":4.0E-4,"lastBolusTime":1704409066000,"time":"2024-01-05T02:32:40.777Z","iobWithZeroTemp":{"iob":-0.45,"basaliob":-0.535,"bolussnooze":0,"activity":-0.0039,"lastBolusTime":1704409066000,"time":"2024-01-05T02:32:40.777Z"}},{"iob":0.017,"basaliob":-0.06,"bolussnooze":0,"activity":4.0E-4,"lastBolusTime":1704409066000,"time":"2024-01-05T02:37:40.777Z","iobWithZeroTemp":{"iob":-0.454,"basaliob":-0.531,"bolussnooze":0,"activity":-0.0039,"lastBolusTime":1704409066000,"time":"2024-01-05T02:37:40.777Z"}},{"iob":0.016,"basaliob":-0.055,"bolussnooze":0,"activity":4.0E-4,"lastBolusTime":1704409066000,"time":"2024-01-05T02:42:40.777Z","iobWithZeroTemp":{"iob":-0.456,"basaliob":-0.527,"bolussnooze":0,"activity":-0.0039,"lastBolusTime":1704409066000,"time":"2024-01-05T02:42:40.777Z"}},{"iob":0.013,"basaliob":-0.051,"bolussnooze":0,"activity":3.0E-4,"lastBolusTime":1704409066000,"time":"2024-01-05T02:47:40.777Z","iobWithZeroTemp":{"iob":-0.46,"basaliob":-0.524,"bolussnooze":0,"activity":-0.0041,"lastBolusTime":1704409066000,"time":"2024-01-05T02:47:40.777Z"}},{"iob":0.012,"basaliob":-0.047,"bolussnooze":0,"activity":3.0E-4,"lastBolusTime":1704409066000,"time":"2024-01-05T02:52:40.777Z","iobWithZeroTemp":{"iob":-0.462,"basaliob":-0.521,"bolussnooze":0,"activity":-0.0041,"lastBolusTime":1704409066000,"time":"2024-01-05T02:52:40.777Z"}},{"iob":0.011,"basaliob":-0.043,"bolussnooze":0,"activity":3.0E-4,"lastBolusTime":1704409066000,"time":"2024-01-05T02:57:40.777Z","iobWithZeroTemp":{"iob":-0.463,"basaliob":-0.517,"bolussnooze":0,"activity":-0.0041,"lastBolusTime":1704409066000,"time":"2024-01-05T02:57:40.777Z"}},{"iob":0.01,"basaliob":-0.039,"bolussnooze":0,"activity":2.0E-4,"lastBolusTime":1704409066000,"time":"2024-01-05T03:02:40.777Z","iobWithZeroTemp":{"iob":-0.467,"basaliob":-0.516,"bolussnooze":0,"activity":-0.0042,"lastBolusTime":1704409066000,"time":"2024-01-05T03:02:40.777Z"}},{"iob":0.008,"basaliob":-0.036,"bolussnooze":0,"activity":2.0E-4,"lastBolusTime":1704409066000,"time":"2024-01-05T03:07:40.777Z","iobWithZeroTemp":{"iob":-0.472,"basaliob":-0.516,"bolussnooze":0,"activity":-0.0042,"lastBolusTime":1704409066000,"time":"2024-01-05T03:07:40.777Z"}},{"iob":0.007,"basaliob":-0.033,"bolussnooze":0,"activity":2.0E-4,"lastBolusTime":1704409066000,"time":"2024-01-05T03:12:40.777Z","iobWithZeroTemp":{"iob":-0.476,"basaliob":-0.516,"bolussnooze":0,"activity":-0.0043,"lastBolusTime":1704409066000,"time":"2024-01-05T03:12:40.777Z"}},{"iob":0.007,"basaliob":-0.03,"bolussnooze":0,"activity":2.0E-4,"lastBolusTime":1704409066000,"time":"2024-01-05T03:17:40.777Z","iobWithZeroTemp":{"iob":-0.479,"basaliob":-0.516,"bolussnooze":0,"activity":-0.0043,"lastBolusTime":1704409066000,"time":"2024-01-05T03:17:40.777Z"}},{"iob":0.006,"basaliob":-0.027,"bolussnooze":0,"activity":2.0E-4,"lastBolusTime":1704409066000,"time":"2024-01-05T03:22:40.777Z","iobWithZeroTemp":{"iob":-0.482,"basaliob":-0.515,"bolussnooze":0,"activity":-0.0043,"lastBolusTime":1704409066000,"time":"2024-01-05T03:22:40.777Z"}},{"iob":0.005,"basaliob":-0.025,"bolussnooze":0,"activity":1.0E-4,"lastBolusTime":1704409066000,"time":"2024-01-05T03:27:40.777Z","iobWithZeroTemp":{"iob":-0.486,"basaliob":-0.516,"bolussnooze":0,"activity":-0.0044,"lastBolusTime":1704409066000,"time":"2024-01-05T03:27:40.777Z"}},{"iob":0.004,"basaliob":-0.023,"bolussnooze":0,"activity":1.0E-4,"lastBolusTime":1704409066000,"time":"2024-01-05T03:32:40.777Z","iobWithZeroTemp":{"iob":-0.489,"basaliob":-0.516,"bolussnooze":0,"activity":-0.0044,"lastBolusTime":1704409066000,"time":"2024-01-05T03:32:40.777Z"}}],"profile":{"max_iob":7,"type":"current","max_daily_basal":0.45,"max_basal":1.35,"min_bg":106.2,"max_bg":106.2,"target_bg":106.2,"carb_ratio":11,"sens":369,"max_daily_safety_multiplier":3,"current_basal_safety_multiplier":4,"lgsThreshold":65,"high_temptarget_raises_sensitivity":false,"low_temptarget_lowers_sensitivity":false,"sensitivity_raises_target":true,"resistance_lowers_target":true,"adv_target_adjustments":false,"exercise_mode":false,"half_basal_exercise_target":160,"maxCOB":120,"skip_neutral_temps":false,"remainingCarbsCap":90,"enableUAM":true,"A52_risk_enable":false,"SMBInterval":4,"enableSMB_with_COB":true,"enableSMB_with_temptarget":false,"allowSMB_with_high_temptarget":true,"enableSMB_always":true,"enableSMB_after_carbs":false,"maxSMBBasalMinutes":60,"maxUAMSMBBasalMinutes":60,"bolus_increment":0.05,"carbsReqThreshold":10,"current_basal":0.45,"temptargetSet":false,"autosens_max":1.2,"autosens_min":0.8,"out_units":"mmol\/L","variable_sens":179.8,"insulinDivisor":65,"TDD":8.98764529166667},"autosens_data":{"ratio":1.1598378965478642},"meal_data":{"carbs":25,"mealCOB":7.451166334826612,"slopeFromMaxDeviation":-0.8026250000000004,"slopeFromMinDeviation":0.2270000000000003,"lastBolusTime":1704409066000,"lastCarbTime":1704402868000},"microBolusAllowed":true,"currentTime":1704411462919,"flatBGsDetected":false,"tdd1D":28.050416666666692,"tdd7D":23.609261904761915,"tddLast24H":27.38291666666668,"tddLast4H":3.4499999999999997,"tddLast8to4H":6.083333333333332},"output":{"temp":"absolute","bg":133,"tick":"+3","eventualBG":150,"targetBG":100,"insulinReq":0.08,"deliverAt":"2024-01-04T23:37:42.919Z","sensitivityRatio":1.1598378965478642,"variable_sens":179.8,"predBGs":{"IOB":[133,135,137,138,139,140,140,139,139,137,135,132,129,126,123,120,118,115,113,111,109,107,106,104,103,101,100,99,98,97,97,96,95,94,94,93,93,92,92,92,91,91,91,90],"ZT":[133,125,117,110,103,97,91,85,80,76,72,68,66,64,62,62,61,62,63,64,66,68,71,74,77,80,84,87,91,94,98],"COB":[133,135,138,140,143,145,148,150,153,155,157,159,161,162,164,165,165,166,166,166,165,164,163,162,161,160,159,158,157,156,155,155,154,154,153,153,152,152,152,151,151,151,151,151,150],"UAM":[133,135,137,139,140,141,142,142,142,142,141,139,137,135,132,129,127,125,122,120,119,117,115,114,113,111,110,109,108,108,107,106,105,105,104,104,103,103,102,102,102,101,101,101,101,101,100]},"reason":"COB: 7.5, Dev: 3.6, BGI: -0.4, ISF: 10.0, CR: 11, Target: 5.6, minPredBG 6.4, minGuardBG 6.1, IOBpredBG 5.0, COBpredBG 8.3, UAMpredBG 5.6; Eventual BG 8.3 >= 5.6,  insulinReq 0.08. temp 0.00 < 0.68U\/hr. ","COB":7.451166334826612,"IOB":0.536,"duration":30,"rate":0.6819270534465389,"timestamp":"2024-01-04T23:37:42.943Z"}}