{"algorithm":"OpenAPSSMBDynamicISFPlugin","input":{"glucoseStatus":{"glucose":145,"noise":0,"delta":0,"short_avgdelta":3.44,"long_avgdelta":3.08,"date":1704219725194},"currenttemp":{"temp":"absolute","duration":100,"rate":0,"minutesrunning":20},"iob_data":[{"iob":2.097,"basaliob":-0.692,"bolussnooze":0.9496,"activity":0.0173,"lastBolusTime":1704219528000,"time":"2024-01-02T18:22:30.878Z","iobWithZeroTemp":{"iob":2.097,"basaliob":-0.692,"bolussnooze":0.9496,"activity":0.0173,"lastBolusTime":1704219528000,"time":"2024-01-02T18:22:30.878Z"}},{"iob":2.009,"basaliob":-0.66,"bolussnooze":0.8746,"activity":0.0177,"lastBolusTime":1704219528000,"time":"2024-01-02T18:27:30.878Z","iobWithZeroTemp":{"iob":1.982,"basaliob":-0.687,"bolussnooze":0.8746,"activity":0.0177,"lastBolusTime":1704219528000,"time":"2024-01-02T18:27:30.878Z"}},{"iob":1.921,"basaliob":-0.628,"bolussnooze":0.7973,"activity":0.0178,"lastBolusTime":1704219528000,"time":"2024-01-02T18:32:30.878Z","iobWithZeroTemp":{"iob":1.861,"basaliob":-0.688,"bolussnooze":0.7973,"activity":0.0177,"lastBolusTime":1704219528000,"time":"2024-01-02T18:32:30.878Z"}},{"iob":1.832,"basaliob":-0.596,"bolussnooze":0.7207,"activity":0.0178,"lastBolusTime":1704219528000,"time":"2024-01-02T18:37:30.878Z","iobWithZeroTemp":{"iob":1.74,"basaliob":-0.688,"bolussnooze":0.7207,"activity":0.0176,"lastBolusTime":1704219528000,"time":"2024-01-02T18:37:30.878Z"}},{"iob":1.743,"basaliob":-0.565,"bolussnooze":0.6466,"activity":0.0177,"lastBolusTime":1704219528000,"time":"2024-01-02T18:42:30.878Z","iobWithZeroTemp":{"iob":1.618,"basaliob":-0.69,"bolussnooze":0.6466,"activity":0.0174,"lastBolusTime":1704219528000,"time":"2024-01-02T18:42:30.878Z"}},{"iob":1.655,"basaliob":-0.535,"bolussnooze":0.5764,"activity":0.0174,"lastBolusTime":1704219528000,"time":"2024-01-02T18:47:30.878Z","iobWithZeroTemp":{"iob":1.499,"basaliob":-0.691,"bolussnooze":0.5764,"activity":0.0169,"lastBolusTime":1704219528000,"time":"2024-01-02T18:47:30.878Z"}},{"iob":1.57,"basaliob":-0.505,"bolussnooze":0.511,"activity":0.0171,"lastBolusTime":1704219528000,"time":"2024-01-02T18:52:30.878Z","iobWithZeroTemp":{"iob":1.384,"basaliob":-0.691,"bolussnooze":0.511,"activity":0.0164,"lastBolusTime":1704219528000,"time":"2024-01-02T18:52:30.878Z"}},{"iob":1.485,"basaliob":-0.477,"bolussnooze":0.4507,"activity":0.0166,"lastBolusTime":1704219528000,"time":"2024-01-02T18:57:30.878Z","iobWithZeroTemp":{"iob":1.269,"basaliob":-0.693,"bolussnooze":0.4507,"activity":0.0157,"lastBolusTime":1704219528000,"time":"2024-01-02T18:57:30.878Z"}},{"iob":1.404,"basaliob":-0.449,"bolussnooze":0.3957,"activity":0.0162,"lastBolusTime":1704219528000,"time":"2024-01-02T19:02:30.878Z","iobWithZeroTemp":{"iob":1.16,"basaliob":-0.693,"bolussnooze":0.3957,"activity":0.0151,"lastBolusTime":1704219528000,"time":"2024-01-02T19:02:30.878Z"}},{"iob":1.325,"basaliob":-0.422,"bolussnooze":0.3459,"activity":0.0156,"lastBolusTime":1704219528000,"time":"2024-01-02T19:07:30.878Z","iobWithZeroTemp":{"iob":1.053,"basaliob":-0.694,"bolussnooze":0.3459,"activity":0.0143,"lastBolusTime":1704219528000,"time":"2024-01-02T19:07:30.878Z"}},{"iob":1.247,"basaliob":-0.397,"bolussnooze":0.3013,"activity":0.015,"lastBolusTime":1704219528000,"time":"2024-01-02T19:12:30.878Z","iobWithZeroTemp":{"iob":0.949,"basaliob":-0.695,"bolussnooze":0.3013,"activity":0.0135,"lastBolusTime":1704219528000,"time":"2024-01-02T19:12:30.878Z"}},{"iob":1.173,"basaliob":-0.373,"bolussnooze":0.2614,"activity":0.0144,"lastBolusTime":1704219528000,"time":"2024-01-02T19:17:30.878Z","iobWithZeroTemp":{"iob":0.85,"basaliob":-0.696,"bolussnooze":0.2614,"activity":0.0126,"lastBolusTime":1704219528000,"time":"2024-01-02T19:17:30.878Z"}},{"iob":1.103,"basaliob":-0.349,"bolussnooze":0.2261,"activity":0.0138,"lastBolusTime":1704219528000,"time":"2024-01-02T19:22:30.878Z","iobWithZeroTemp":{"iob":0.756,"basaliob":-0.696,"bolussnooze":0.2261,"activity":0.0118,"lastBolusTime":1704219528000,"time":"2024-01-02T19:22:30.878Z"}},{"iob":1.035,"basaliob":-0.327,"bolussnooze":0.1949,"activity":0.0133,"lastBolusTime":1704219528000,"time":"2024-01-02T19:27:30.878Z","iobWithZeroTemp":{"iob":0.665,"basaliob":-0.697,"bolussnooze":0.1949,"activity":0.0111,"lastBolusTime":1704219528000,"time":"2024-01-02T19:27:30.878Z"}},{"iob":0.97,"basaliob":-0.306,"bolussnooze":0.1675,"activity":0.0127,"lastBolusTime":1704219528000,"time":"2024-01-02T19:32:30.878Z","iobWithZeroTemp":{"iob":0.579,"basaliob":-0.697,"bolussnooze":0.1675,"activity":0.0103,"lastBolusTime":1704219528000,"time":"2024-01-02T19:32:30.878Z"}},{"iob":0.909,"basaliob":-0.286,"bolussnooze":0.1435,"activity":0.012,"lastBolusTime":1704219528000,"time":"2024-01-02T19:37:30.878Z","iobWithZeroTemp":{"iob":0.497,"basaliob":-0.698,"bolussnooze":0.1435,"activity":0.0093,"lastBolusTime":1704219528000,"time":"2024-01-02T19:37:30.878Z"}},{"iob":0.85,"basaliob":-0.267,"bolussnooze":0.1226,"activity":0.0114,"lastBolusTime":1704219528000,"time":"2024-01-02T19:42:30.878Z","iobWithZeroTemp":{"iob":0.419,"basaliob":-0.698,"bolussnooze":0.1226,"activity":0.0085,"lastBolusTime":1704219528000,"time":"2024-01-02T19:42:30.878Z"}},{"iob":0.794,"basaliob":-0.249,"bolussnooze":0.1044,"activity":0.0108,"lastBolusTime":1704219528000,"time":"2024-01-02T19:47:30.878Z","iobWithZeroTemp":{"iob":0.344,"basaliob":-0.699,"bolussnooze":0.1044,"activity":0.0077,"lastBolusTime":1704219528000,"time":"2024-01-02T19:47:30.878Z"}},{"iob":0.742,"basaliob":-0.232,"bolussnooze":0.0887,"activity":0.0103,"lastBolusTime":1704219528000,"time":"2024-01-02T19:52:30.878Z","iobWithZeroTemp":{"iob":0.275,"basaliob":-0.699,"bolussnooze":0.0887,"activity":0.007,"lastBolusTime":1704219528000,"time":"2024-01-02T19:52:30.878Z"}},{"iob":0.692,"basaliob":-0.216,"bolussnooze":0.0751,"activity":0.0097,"lastBolusTime":1704219528000,"time":"2024-01-02T19:57:30.878Z","iobWithZeroTemp":{"iob":0.208,"basaliob":-0.7,"bolussnooze":0.0751,"activity":0.0062,"lastBolusTime":1704219528000,"time":"2024-01-02T19:57:30.878Z"}},{"iob":0.645,"basaliob":-0.201,"bolussnooze":0.0635,"activity":0.0092,"lastBolusTime":1704219528000,"time":"2024-01-02T20:02:30.878Z","iobWithZeroTemp":{"iob":0.146,"basaliob":-0.7,"bolussnooze":0.0635,"activity":0.0055,"lastBolusTime":1704219528000,"time":"2024-01-02T20:02:30.878Z"}},{"iob":0.6,"basaliob":-0.187,"bolussnooze":0.0534,"activity":0.0087,"lastBolusTime":1704219528000,"time":"2024-01-02T20:07:30.878Z","iobWithZeroTemp":{"iob":0.086,"basaliob":-0.701,"bolussnooze":0.0534,"activity":0.0048,"lastBolusTime":1704219528000,"time":"2024-01-02T20:07:30.878Z"}},{"iob":0.559,"basaliob":-0.173,"bolussnooze":0.0449,"activity":0.0081,"lastBolusTime":1704219528000,"time":"2024-01-02T20:12:30.878Z","iobWithZeroTemp":{"iob":0.032,"basaliob":-0.7,"bolussnooze":0.0449,"activity":0.0041,"lastBolusTime":1704219528000,"time":"2024-01-02T20:12:30.878Z"}},{"iob":0.519,"basaliob":-0.161,"bolussnooze":0.0376,"activity":0.0077,"lastBolusTime":1704219528000,"time":"2024-01-02T20:17:30.878Z","iobWithZeroTemp":{"iob":-0.021,"basaliob":-0.701,"bolussnooze":0.0376,"activity":0.0035,"lastBolusTime":1704219528000,"time":"2024-01-02T20:17:30.878Z"}},{"iob":0.482,"basaliob":-0.149,"bolussnooze":0.0314,"activity":0.0071,"lastBolusTime":1704219528000,"time":"2024-01-02T20:22:30.878Z","iobWithZeroTemp":{"iob":-0.07,"basaliob":-0.701,"bolussnooze":0.0314,"activity":0.0028,"lastBolusTime":1704219528000,"time":"2024-01-02T20:22:30.878Z"}},{"iob":0.448,"basaliob":-0.138,"bolussnooze":0.0261,"activity":0.0067,"lastBolusTime":1704219528000,"time":"2024-01-02T20:27:30.878Z","iobWithZeroTemp":{"iob":-0.115,"basaliob":-0.701,"bolussnooze":0.0261,"activity":0.0022,"lastBolusTime":1704219528000,"time":"2024-01-02T20:27:30.878Z"}},{"iob":0.415,"basaliob":-0.128,"bolussnooze":0.0216,"activity":0.0063,"lastBolusTime":1704219528000,"time":"2024-01-02T20:32:30.878Z","iobWithZeroTemp":{"iob":-0.159,"basaliob":-0.702,"bolussnooze":0.0216,"activity":0.0017,"lastBolusTime":1704219528000,"time":"2024-01-02T20:32:30.878Z"}},{"iob":0.384,"basaliob":-0.119,"bolussnooze":0.0179,"activity":0.0059,"lastBolusTime":1704219528000,"time":"2024-01-02T20:37:30.878Z","iobWithZeroTemp":{"iob":-0.2,"basaliob":-0.703,"bolussnooze":0.0179,"activity":0.0011,"lastBolusTime":1704219528000,"time":"2024-01-02T20:37:30.878Z"}},{"iob":0.355,"basaliob":-0.11,"bolussnooze":0.0147,"activity":0.0055,"lastBolusTime":1704219528000,"time":"2024-01-02T20:42:30.878Z","iobWithZeroTemp":{"iob":-0.238,"basaliob":-0.703,"bolussnooze":0.0147,"activity":6.0E-4,"lastBolusTime":1704219528000,"time":"2024-01-02T20:42:30.878Z"}},{"iob":0.329,"basaliob":-0.101,"bolussnooze":0.0121,"activity":0.0052,"lastBolusTime":1704219528000,"time":"2024-01-02T20:47:30.878Z","iobWithZeroTemp":{"iob":-0.272,"basaliob":-0.702,"bolussnooze":0.0121,"activity":2.0E-4,"lastBolusTime":1704219528000,"time":"2024-01-02T20:47:30.878Z"}},{"iob":0.305,"basaliob":-0.093,"bolussnooze":0.0098,"activity":0.0048,"lastBolusTime":1704219528000,"time":"2024-01-02T20:52:30.878Z","iobWithZeroTemp":{"iob":-0.304,"basaliob":-0.702,"bolussnooze":0.0098,"activity":-3.0E-4,"lastBolusTime":1704219528000,"time":"2024-01-02T20:52:30.878Z"}},{"iob":0.281,"basaliob":-0.086,"bolussnooze":0.008,"activity":0.0045,"lastBolusTime":1704219528000,"time":"2024-01-02T20:57:30.878Z","iobWithZeroTemp":{"iob":-0.336,"basaliob":-0.703,"bolussnooze":0.008,"activity":-7.0E-4,"lastBolusTime":1704219528000,"time":"2024-01-02T20:57:30.878Z"}},{"iob":0.26,"basaliob":-0.079,"bolussnooze":0.0065,"activity":0.0042,"lastBolusTime":1704219528000,"time":"2024-01-02T21:02:30.878Z","iobWithZeroTemp":{"iob":-0.364,"basaliob":-0.703,"bolussnooze":0.0065,"activity":-0.0011,"lastBolusTime":1704219528000,"time":"2024-01-02T21:02:30.878Z"}},{"iob":0.24,"basaliob":-0.073,"bolussnooze":0.0052,"activity":0.0039,"lastBolusTime":1704219528000,"time":"2024-01-02T21:07:30.878Z","iobWithZeroTemp":{"iob":-0.39,"basaliob":-0.703,"bolussnooze":0.0052,"activity":-0.0015,"lastBolusTime":1704219528000,"time":"2024-01-02T21:07:30.878Z"}},{"iob":0.221,"basaliob":-0.067,"bolussnooze":0.0042,"activity":0.0036,"lastBolusTime":1704219528000,"time":"2024-01-02T21:12:30.878Z","iobWithZeroTemp":{"iob":-0.415,"basaliob":-0.703,"bolussnooze":0.0042,"activity":-0.0019,"lastBolusTime":1704219528000,"time":"2024-01-02T21:12:30.878Z"}},{"iob":0.203,"basaliob":-0.062,"bolussnooze":0.0033,"activity":0.0034,"lastBolusTime":1704219528000,"time":"2024-01-02T21:17:30.878Z","iobWithZeroTemp":{"iob":-0.439,"basaliob":-0.704,"bolussnooze":0.0033,"activity":-0.0022,"lastBolusTime":1704219528000,"time":"2024-01-02T21:17:30.878Z"}},{"iob":0.187,"basaliob":-0.057,"bolussnooze":0.0026,"activity":0.0031,"lastBolusTime":1704219528000,"time":"2024-01-02T21:22:30.878Z","iobWithZeroTemp":{"iob":-0.46,"basaliob":-0.704,"bolussnooze":0.0026,"activity":-0.0026,"lastBolusTime":1704219528000,"time":"2024-01-02T21:22:30.878Z"}},{"iob":0.173,"basaliob":-0.052,"bolussnooze":0.002,"activity":0.0029,"lastBolusTime":1704219528000,"time":"2024-01-02T21:27:30.878Z","iobWithZeroTemp":{"iob":-0.478,"basaliob":-0.703,"bolussnooze":0.002,"activity":-0.0029,"lastBolusTime":1704219528000,"time":"2024-01-02T21:27:30.878Z"}},{"iob":0.158,"basaliob":-0.048,"bolussnooze":0.0016,"activity":0.0027,"lastBolusTime":1704219528000,"time":"2024-01-02T21:32:30.878Z","iobWithZeroTemp":{"iob":-0.498,"basaliob":-0.704,"bolussnooze":0.0016,"activity":-0.0031,"lastBolusTime":1704219528000,"time":"2024-01-02T21:32:30.878Z"}},{"iob":0.145,"basaliob":-0.044,"bolussnooze":0.0012,"activity":0.0024,"lastBolusTime":1704219528000,"time":"2024-01-02T21:37:30.878Z","iobWithZeroTemp":{"iob":-0.515,"basaliob":-0.704,"bolussnooze":0.0012,"activity":-0.0035,"lastBolusTime":1704219528000,"time":"2024-01-02T21:37:30.878Z"}},{"iob":0.134,"basaliob":-0.04,"bolussnooze":9.0E-4,"activity":0.0023,"lastBolusTime":1704219528000,"time":"2024-01-02T21:42:30.878Z","iobWithZeroTemp":{"iob":-0.53,"basaliob":-0.704,"bolussnooze":9.0E-4,"activity":-0.0036,"lastBolusTime":1704219528000,"time":"2024-01-02T21:42:30.878Z"}},{"iob":0.122,"basaliob":-0.037,"bolussnooze":7.0E-4,"activity":0.0021,"lastBolusTime":1704219528000,"time":"2024-01-02T21:47:30.878Z","iobWithZeroTemp":{"iob":-0.545,"basaliob":-0.704,"bolussnooze":7.0E-4,"activity":-0.0039,"lastBolusTime":1704219528000,"time":"2024-01-02T21:47:30.878Z"}},{"iob":0.112,"basaliob":-0.034,"bolussnooze":5.0E-4,"activity":0.002,"lastBolusTime":1704219528000,"time":"2024-01-02T21:52:30.878Z","iobWithZeroTemp":{"iob":-0.558,"basaliob":-0.704,"bolussnooze":5.0E-4,"activity":-0.0041,"lastBolusTime":1704219528000,"time":"2024-01-02T21:52:30.878Z"}},{"iob":0.103,"basaliob":-0.031,"bolussnooze":4.0E-4,"activity":0.0018,"lastBolusTime":1704219528000,"time":"2024-01-02T21:57:30.878Z","iobWithZeroTemp":{"iob":-0.57,"basaliob":-0.704,"bolussnooze":4.0E-4,"activity":-0.0043,"lastBolusTime":1704219528000,"time":"2024-01-02T21:57:30.878Z"}},{"iob":0.094,"basaliob":-0.028,"bolussnooze":3.0E-4,"activity":0.0017,"lastBolusTime":1704219528000,"time":"2024-01-02T22:02:30.878Z","iobWithZeroTemp":{"iob":-0.586,"basaliob":-0.708,"bolussnooze":3.0E-4,"activity":-0.0044,"lastBolusTime":1704219528000,"time":"2024-01-02T22:02:30.878Z"}},{"iob":0.086,"basaliob":-0.026,"bolussnooze":2.0E-4,"activity":0.0015,"lastBolusTime":1704219528000,"time":"2024-01-02T22:07:30.878Z","iobWithZeroTemp":{"iob":-0.601,"basaliob":-0.713,"bolussnooze":2.0E-4,"activity":-0.0047,"lastBolusTime":1704219528000,"time":"2024-01-02T22:07:30.878Z"}},{"iob":0.078,"basaliob":-0.024,"bolussnooze":2.0E-4,"activity":0.0015,"lastBolusTime":1704219528000,"time":"2024-01-02T22:12:30.878Z","iobWithZeroTemp":{"iob":-0.615,"basaliob":-0.717,"bolussnooze":2.0E-4,"activity":-0.0048,"lastBolusTime":1704219528000,"time":"2024-01-02T22:12:30.878Z"}},{"iob":0.071,"basaliob":-0.022,"bolussnooze":1.0E-4,"activity":0.0013,"lastBolusTime":1704219528000,"time":"2024-01-02T22:17:30.878Z","iobWithZeroTemp":{"iob":-0.628,"basaliob":-0.721,"bolussnooze":1.0E-4,"activity":-0.005,"lastBolusTime":1704219528000,"time":"2024-01-02T22:17:30.878Z"}}],"profile":{"max_iob":7,"type":"current","max_daily_basal":0.45,"max_basal":1.35,"min_bg":81.0000000000001,"max_bg":81.0000000000001,"target_bg":81.0000000000001,"carb_ratio":11,"sens":352.8,"max_daily_safety_multiplier":3,"current_basal_safety_multiplier":4,"lgsThreshold":65,"high_temptarget_raises_sensitivity":false,"low_temptarget_lowers_sensitivity":false,"sensitivity_raises_target":true,"resistance_lowers_target":true,"adv_target_adjustments":false,"exercise_mode":false,"half_basal_exercise_target":160,"maxCOB":120,"skip_neutral_temps":false,"remainingCarbsCap":90,"enableUAM":true,"A52_risk_enable":false,"SMBInterval":4,"enableSMB_with_COB":true,"enableSMB_with_temptarget":false,"allowSMB_with_high_temptarget":true,"enableSMB_always":true,"enableSMB_after_carbs":false,"maxSMBBasalMinutes":60,"maxUAMSMBBasalMinutes":60,"bolus_increment":0.05,"carbsReqThreshold":10,"current_basal":0.4,"temptargetSet":true,"autosens_max":1.2,"autosens_min":0.8,"out_units":"mmol\/L","variable_sens":151.7,"insulinDivisor":65,"TDD":10.114757666666666},"autosens_data":{"ratio":0.7780270829791276},"meal_data":{"carbs":73,"mealCOB":28.70028117913834,"slopeFromMaxDeviation":-0.12929999999999992,"slopeFromMinDeviation":4.9353333333333325,"lastBolusTime":1704219528000,"lastCarbTime":1704219570000},"microBolusAllowed":true,"currentTime":1704219753016,"flatBGsDetected":false,"tdd1D":29.029333333333327,"tdd7D":23.806904761904768,"tddLast24H":18.52241666666667,"tddLast4H":6.373333333333334,"tddLast8to4H":4.026666666666667},"output":{"temp":"absolute","bg":145,"tick":"+0","eventualBG":221,"targetBG":81.0000000000001,"insulinReq":0,"deliverAt":"2024-01-02T18:22:33.016Z","sensitivityRatio":0.7780270829791276,"variable_sens":151.7,"predBGs":{"IOB":[145,144,141,137,132,126,118,109,98,85,71,54,39],"ZT":[145,132,118,102,86,67,46,39,39,39,39,39,39,39,39,39,39,39,39,39,39,39,39,39,39,39,39,39,39,39,39,39,39,39,39,39,39,39,39,39,39,39,39,39,39,39,39,39],"COB":[145,145,144,144,143,142,141,140,140,140,140,140,141,142,143,145,147,150,153,156,159,163,167,171,175,179,184,188,191,195,199,202,205,208,211,213,215,217,219,220,222,223,223,223,223,223,222,221],"UAM":[145,143,140,134,126,117,105,90,74,54,39,39,39]},"reason":"COB: 28.7, Dev: 4.4, BGI: -0.7, ISF: 8.4, CR: 11, Target: 4.5, minPredBG -9.7, minGuardBG -11.4, IOBpredBG 2.2, COBpredBG 12.3, UAMpredBG 2.2; minGuardBG -11.4<3.6","COB":28.70028117913834,"IOB":2.097,"duration":120,"rate":0,"timestamp":"2024-01-02T18:22:33.037Z"}}