{"algorithm":"OpenAPSSMBDynamicISFPlugin","input":{"glucoseStatus":{"glucose":76,"noise":0,"delta":3,"short_avgdelta":2.61,"long_avgdelta":2.39,"date":1704157623090},"currenttemp":{"temp":"absolute","duration":15,"rate":0,"minutesrunning":15},"iob_data":[{"iob":-0.436,"basaliob":-0.566,"bolussnooze":0,"activity":-0.0033,"lastBolusTime":1704149566000,"time":"2024-01-02T01:09:23.828Z","iobWithZeroTemp":{"iob":-0.436,"basaliob":-0.566,"bolussnooze":0,"activity":-0.0033,"lastBolusTime":1704149566000,"time":"2024-01-02T01:09:23.828Z"}},{"iob":-0.419,"basaliob":-0.539,"bolussnooze":0,"activity":-0.0034,"lastBolusTime":1704149566000,"time":"2024-01-02T01:14:23.828Z","iobWithZeroTemp":{"iob":-0.437,"basaliob":-0.557,"bolussnooze":0,"activity":-0.0034,"lastBolusTime":1704149566000,"time":"2024-01-02T01:14:23.828Z"}},{"iob":-0.402,"basaliob":-0.513,"bolussnooze":0,"activity":-0.0035,"lastBolusTime":1704149566000,"time":"2024-01-02T01:19:23.828Z","iobWithZeroTemp":{"iob":-0.442,"basaliob":-0.553,"bolussnooze":0,"activity":-0.0036,"lastBolusTime":1704149566000,"time":"2024-01-02T01:19:23.828Z"}},{"iob":-0.384,"basaliob":-0.487,"bolussnooze":0,"activity":-0.0035,"lastBolusTime":1704149566000,"time":"2024-01-02T01:24:23.828Z","iobWithZeroTemp":{"iob":-0.446,"basaliob":-0.549,"bolussnooze":0,"activity":-0.0036,"lastBolusTime":1704149566000,"time":"2024-01-02T01:24:23.828Z"}},{"iob":-0.367,"basaliob":-0.462,"bolussnooze":0,"activity":-0.0035,"lastBolusTime":1704149566000,"time":"2024-01-02T01:29:23.828Z","iobWithZeroTemp":{"iob":-0.451,"basaliob":-0.546,"bolussnooze":0,"activity":-0.0037,"lastBolusTime":1704149566000,"time":"2024-01-02T01:29:23.828Z"}},{"iob":-0.349,"basaliob":-0.437,"bolussnooze":0,"activity":-0.0035,"lastBolusTime":1704149566000,"time":"2024-01-02T01:34:23.828Z","iobWithZeroTemp":{"iob":-0.454,"basaliob":-0.542,"bolussnooze":0,"activity":-0.0038,"lastBolusTime":1704149566000,"time":"2024-01-02T01:34:23.828Z"}},{"iob":-0.332,"basaliob":-0.413,"bolussnooze":0,"activity":-0.0035,"lastBolusTime":1704149566000,"time":"2024-01-02T01:39:23.828Z","iobWithZeroTemp":{"iob":-0.458,"basaliob":-0.539,"bolussnooze":0,"activity":-0.004,"lastBolusTime":1704149566000,"time":"2024-01-02T01:39:23.828Z"}},{"iob":-0.315,"basaliob":-0.389,"bolussnooze":0,"activity":-0.0034,"lastBolusTime":1704149566000,"time":"2024-01-02T01:44:23.828Z","iobWithZeroTemp":{"iob":-0.461,"basaliob":-0.535,"bolussnooze":0,"activity":-0.004,"lastBolusTime":1704149566000,"time":"2024-01-02T01:44:23.828Z"}},{"iob":-0.299,"basaliob":-0.367,"bolussnooze":0,"activity":-0.0033,"lastBolusTime":1704149566000,"time":"2024-01-02T01:49:23.828Z","iobWithZeroTemp":{"iob":-0.464,"basaliob":-0.532,"bolussnooze":0,"activity":-0.004,"lastBolusTime":1704149566000,"time":"2024-01-02T01:49:23.828Z"}},{"iob":-0.282,"basaliob":-0.345,"bolussnooze":0,"activity":-0.0032,"lastBolusTime":1704149566000,"time":"2024-01-02T01:54:23.828Z","iobWithZeroTemp":{"iob":-0.465,"basaliob":-0.528,"bolussnooze":0,"activity":-0.0041,"lastBolusTime":1704149566000,"time":"2024-01-02T01:54:23.828Z"}},{"iob":-0.266,"basaliob":-0.324,"bolussnooze":0,"activity":-0.0031,"lastBolusTime":1704149566000,"time":"2024-01-02T01:59:23.828Z","iobWithZeroTemp":{"iob":-0.467,"basaliob":-0.525,"bolussnooze":0,"activity":-0.0041,"lastBolusTime":1704149566000,"time":"2024-01-02T01:59:23.828Z"}},{"iob":-0.251,"basaliob":-0.304,"bolussnooze":0,"activity":-0.003,"lastBolusTime":1704149566000,"time":"2024-01-02T02:04:23.828Z","iobWithZeroTemp":{"iob":-0.469,"basaliob":-0.522,"bolussnooze":0,"activity":-0.0042,"lastBolusTime":1704149566000,"time":"2024-01-02T02:04:23.828Z"}},{"iob":-0.236,"basaliob":-0.285,"bolussnooze":0,"activity":-0.0029,"lastBolusTime":1704149566000,"time":"2024-01-02T02:09:23.828Z","iobWithZeroTemp":{"iob":-0.47,"basaliob":-0.519,"bolussnooze":0,"activity":-0.0042,"lastBolusTime":1704149566000,"time":"2024-01-02T02:09:23.828Z"}},{"iob":-0.222,"basaliob":-0.267,"bolussnooze":0,"activity":-0.0027,"lastBolusTime":1704149566000,"time":"2024-01-02T02:14:23.828Z","iobWithZeroTemp":{"iob":-0.472,"basaliob":-0.517,"bolussnooze":0,"activity":-0.0042,"lastBolusTime":1704149566000,"time":"2024-01-02T02:14:23.828Z"}},{"iob":-0.209,"basaliob":-0.25,"bolussnooze":0,"activity":-0.0027,"lastBolusTime":1704149566000,"time":"2024-01-02T02:19:23.828Z","iobWithZeroTemp":{"iob":-0.473,"basaliob":-0.514,"bolussnooze":0,"activity":-0.0043,"lastBolusTime":1704149566000,"time":"2024-01-02T02:19:23.828Z"}},{"iob":-0.195,"basaliob":-0.233,"bolussnooze":0,"activity":-0.0025,"lastBolusTime":1704149566000,"time":"2024-01-02T02:24:23.828Z","iobWithZeroTemp":{"iob":-0.473,"basaliob":-0.511,"bolussnooze":0,"activity":-0.0043,"lastBolusTime":1704149566000,"time":"2024-01-02T02:24:23.828Z"}},{"iob":-0.184,"basaliob":-0.218,"bolussnooze":0,"activity":-0.0024,"lastBolusTime":1704149566000,"time":"2024-01-02T02:29:23.828Z","iobWithZeroTemp":{"iob":-0.475,"basaliob":-0.509,"bolussnooze":0,"activity":-0.0043,"lastBolusTime":1704149566000,"time":"2024-01-02T02:29:23.828Z"}},{"iob":-0.171,"basaliob":-0.203,"bolussnooze":0,"activity":-0.0022,"lastBolusTime":1704149566000,"time":"2024-01-02T02:34:23.828Z","iobWithZeroTemp":{"iob":-0.475,"basaliob":-0.507,"bolussnooze":0,"activity":-0.0043,"lastBolusTime":1704149566000,"time":"2024-01-02T02:34:23.828Z"}},{"iob":-0.16,"basaliob":-0.189,"bolussnooze":0,"activity":-0.0022,"lastBolusTime":1704149566000,"time":"2024-01-02T02:39:23.828Z","iobWithZeroTemp":{"iob":-0.475,"basaliob":-0.504,"bolussnooze":0,"activity":-0.0044,"lastBolusTime":1704149566000,"time":"2024-01-02T02:39:23.828Z"}},{"iob":-0.15,"basaliob":-0.176,"bolussnooze":0,"activity":-0.002,"lastBolusTime":1704149566000,"time":"2024-01-02T02:44:23.828Z","iobWithZeroTemp":{"iob":-0.477,"basaliob":-0.503,"bolussnooze":0,"activity":-0.0044,"lastBolusTime":1704149566000,"time":"2024-01-02T02:44:23.828Z"}},{"iob":-0.14,"basaliob":-0.164,"bolussnooze":0,"activity":-0.002,"lastBolusTime":1704149566000,"time":"2024-01-02T02:49:23.828Z","iobWithZeroTemp":{"iob":-0.477,"basaliob":-0.501,"bolussnooze":0,"activity":-0.0045,"lastBolusTime":1704149566000,"time":"2024-01-02T02:49:23.828Z"}},{"iob":-0.13,"basaliob":-0.152,"bolussnooze":0,"activity":-0.0018,"lastBolusTime":1704149566000,"time":"2024-01-02T02:54:23.828Z","iobWithZeroTemp":{"iob":-0.477,"basaliob":-0.499,"bolussnooze":0,"activity":-0.0044,"lastBolusTime":1704149566000,"time":"2024-01-02T02:54:23.828Z"}},{"iob":-0.121,"basaliob":-0.141,"bolussnooze":0,"activity":-0.0017,"lastBolusTime":1704149566000,"time":"2024-01-02T02:59:23.828Z","iobWithZeroTemp":{"iob":-0.477,"basaliob":-0.497,"bolussnooze":0,"activity":-0.0044,"lastBolusTime":1704149566000,"time":"2024-01-02T02:59:23.828Z"}},{"iob":-0.113,"basaliob":-0.131,"bolussnooze":0,"activity":-0.0017,"lastBolusTime":1704149566000,"time":"2024-01-02T03:04:23.828Z","iobWithZeroTemp":{"iob":-0.48,"basaliob":-0.498,"bolussnooze":0,"activity":-0.0045,"lastBolusTime":1704149566000,"time":"2024-01-02T03:04:23.828Z"}},{"iob":-0.105,"basaliob":-0.122,"bolussnooze":0,"activity":-0.0015,"lastBolusTime":1704149566000,"time":"2024-01-02T03:09:23.828Z","iobWithZeroTemp":{"iob":-0.483,"basaliob":-0.5,"bolussnooze":0,"activity":-0.0044,"lastBolusTime":1704149566000,"time":"2024-01-02T03:09:23.828Z"}},{"iob":-0.098,"basaliob":-0.113,"bolussnooze":0,"activity":-0.0014,"lastBolusTime":1704149566000,"time":"2024-01-02T03:14:23.828Z","iobWithZeroTemp":{"iob":-0.486,"basaliob":-0.501,"bolussnooze":0,"activity":-0.0045,"lastBolusTime":1704149566000,"time":"2024-01-02T03:14:23.828Z"}},{"iob":-0.09,"basaliob":-0.104,"bolussnooze":0,"activity":-0.0013,"lastBolusTime":1704149566000,"time":"2024-01-02T03:19:23.828Z","iobWithZeroTemp":{"iob":-0.487,"basaliob":-0.501,"bolussnooze":0,"activity":-0.0045,"lastBolusTime":1704149566000,"time":"2024-01-02T03:19:23.828Z"}},{"iob":-0.085,"basaliob":-0.097,"bolussnooze":0,"activity":-0.0013,"lastBolusTime":1704149566000,"time":"2024-01-02T03:24:23.828Z","iobWithZeroTemp":{"iob":-0.491,"basaliob":-0.503,"bolussnooze":0,"activity":-0.0046,"lastBolusTime":1704149566000,"time":"2024-01-02T03:24:23.828Z"}},{"iob":-0.078,"basaliob":-0.089,"bolussnooze":0,"activity":-0.0012,"lastBolusTime":1704149566000,"time":"2024-01-02T03:29:23.828Z","iobWithZeroTemp":{"iob":-0.492,"basaliob":-0.503,"bolussnooze":0,"activity":-0.0046,"lastBolusTime":1704149566000,"time":"2024-01-02T03:29:23.828Z"}},{"iob":-0.073,"basaliob":-0.083,"bolussnooze":0,"activity":-0.0011,"lastBolusTime":1704149566000,"time":"2024-01-02T03:34:23.828Z","iobWithZeroTemp":{"iob":-0.495,"basaliob":-0.505,"bolussnooze":0,"activity":-0.0046,"lastBolusTime":1704149566000,"time":"2024-01-02T03:34:23.828Z"}},{"iob":-0.067,"basaliob":-0.076,"bolussnooze":0,"activity":-0.001,"lastBolusTime":1704149566000,"time":"2024-01-02T03:39:23.828Z","iobWithZeroTemp":{"iob":-0.497,"basaliob":-0.506,"bolussnooze":0,"activity":-0.0045,"lastBolusTime":1704149566000,"time":"2024-01-02T03:39:23.828Z"}},{"iob":-0.062,"basaliob":-0.07,"bolussnooze":0,"activity":-9.0E-4,"lastBolusTime":1704149566000,"time":"2024-01-02T03:44:23.828Z","iobWithZeroTemp":{"iob":-0.499,"basaliob":-0.507,"bolussnooze":0,"activity":-0.0045,"lastBolusTime":1704149566000,"time":"2024-01-02T03:44:23.828Z"}},{"iob":-0.058,"basaliob":-0.065,"bolussnooze":0,"activity":-9.0E-4,"lastBolusTime":1704149566000,"time":"2024-01-02T03:49:23.828Z","iobWithZeroTemp":{"iob":-0.502,"basaliob":-0.509,"bolussnooze":0,"activity":-0.0046,"lastBolusTime":1704149566000,"time":"2024-01-02T03:49:23.828Z"}},{"iob":-0.053,"basaliob":-0.06,"bolussnooze":0,"activity":-9.0E-4,"lastBolusTime":1704149566000,"time":"2024-01-02T03:54:23.828Z","iobWithZeroTemp":{"iob":-0.503,"basaliob":-0.51,"bolussnooze":0,"activity":-0.0047,"lastBolusTime":1704149566000,"time":"2024-01-02T03:54:23.828Z"}},{"iob":-0.049,"basaliob":-0.055,"bolussnooze":0,"activity":-8.0E-4,"lastBolusTime":1704149566000,"time":"2024-01-02T03:59:23.828Z","iobWithZeroTemp":{"iob":-0.505,"basaliob":-0.511,"bolussnooze":0,"activity":-0.0047,"lastBolusTime":1704149566000,"time":"2024-01-02T03:59:23.828Z"}},{"iob":-0.046,"basaliob":-0.051,"bolussnooze":0,"activity":-7.0E-4,"lastBolusTime":1704149566000,"time":"2024-01-02T04:04:23.828Z","iobWithZeroTemp":{"iob":-0.515,"basaliob":-0.52,"bolussnooze":0,"activity":-0.0047,"lastBolusTime":1704149566000,"time":"2024-01-02T04:04:23.828Z"}},{"iob":-0.041,"basaliob":-0.046,"bolussnooze":0,"activity":-7.0E-4,"lastBolusTime":1704149566000,"time":"2024-01-02T04:09:23.828Z","iobWithZeroTemp":{"iob":-0.524,"basaliob":-0.529,"bolussnooze":0,"activity":-0.0047,"lastBolusTime":1704149566000,"time":"2024-01-02T04:09:23.828Z"}},{"iob":-0.039,"basaliob":-0.043,"bolussnooze":0,"activity":-6.0E-4,"lastBolusTime":1704149566000,"time":"2024-01-02T04:14:23.828Z","iobWithZeroTemp":{"iob":-0.534,"basaliob":-0.538,"bolussnooze":0,"activity":-0.0047,"lastBolusTime":1704149566000,"time":"2024-01-02T04:14:23.828Z"}},{"iob":-0.035,"basaliob":-0.039,"bolussnooze":0,"activity":-6.0E-4,"lastBolusTime":1704149566000,"time":"2024-01-02T04:19:23.828Z","iobWithZeroTemp":{"iob":-0.543,"basaliob":-0.547,"bolussnooze":0,"activity":-0.0048,"lastBolusTime":1704149566000,"time":"2024-01-02T04:19:23.828Z"}},{"iob":-0.032,"basaliob":-0.036,"bolussnooze":0,"activity":-5.0E-4,"lastBolusTime":1704149566000,"time":"2024-01-02T04:24:23.828Z","iobWithZeroTemp":{"iob":-0.552,"basaliob":-0.556,"bolussnooze":0,"activity":-0.0048,"lastBolusTime":1704149566000,"time":"2024-01-02T04:24:23.828Z"}},{"iob":-0.03,"basaliob":-0.033,"bolussnooze":0,"activity":-5.0E-4,"lastBolusTime":1704149566000,"time":"2024-01-02T04:29:23.828Z","iobWithZeroTemp":{"iob":-0.561,"basaliob":-0.564,"bolussnooze":0,"activity":-0.0049,"lastBolusTime":1704149566000,"time":"2024-01-02T04:29:23.828Z"}},{"iob":-0.027,"basaliob":-0.03,"bolussnooze":0,"activity":-4.0E-4,"lastBolusTime":1704149566000,"time":"2024-01-02T04:34:23.828Z","iobWithZeroTemp":{"iob":-0.569,"basaliob":-0.572,"bolussnooze":0,"activity":-0.0049,"lastBolusTime":1704149566000,"time":"2024-01-02T04:34:23.828Z"}},{"iob":-0.025,"basaliob":-0.028,"bolussnooze":0,"activity":-4.0E-4,"lastBolusTime":1704149566000,"time":"2024-01-02T04:39:23.828Z","iobWithZeroTemp":{"iob":-0.577,"basaliob":-0.58,"bolussnooze":0,"activity":-0.005,"lastBolusTime":1704149566000,"time":"2024-01-02T04:39:23.828Z"}},{"iob":-0.023,"basaliob":-0.025,"bolussnooze":0,"activity":-4.0E-4,"lastBolusTime":1704149566000,"time":"2024-01-02T04:44:23.828Z","iobWithZeroTemp":{"iob":-0.585,"basaliob":-0.587,"bolussnooze":0,"activity":-0.0051,"lastBolusTime":1704149566000,"time":"2024-01-02T04:44:23.828Z"}},{"iob":-0.021,"basaliob":-0.023,"bolussnooze":0,"activity":-4.0E-4,"lastBolusTime":1704149566000,"time":"2024-01-02T04:49:23.828Z","iobWithZeroTemp":{"iob":-0.592,"basaliob":-0.594,"bolussnooze":0,"activity":-0.0052,"lastBolusTime":1704149566000,"time":"2024-01-02T04:49:23.828Z"}},{"iob":-0.019,"basaliob":-0.021,"bolussnooze":0,"activity":-4.0E-4,"lastBolusTime":1704149566000,"time":"2024-01-02T04:54:23.828Z","iobWithZeroTemp":{"iob":-0.599,"basaliob":-0.601,"bolussnooze":0,"activity":-0.0053,"lastBolusTime":1704149566000,"time":"2024-01-02T04:54:23.828Z"}},{"iob":-0.017,"basaliob":-0.019,"bolussnooze":0,"activity":-4.0E-4,"lastBolusTime":1704149566000,"time":"2024-01-02T04:59:23.828Z","iobWithZeroTemp":{"iob":-0.606,"basaliob":-0.608,"bolussnooze":0,"activity":-0.0054,"lastBolusTime":1704149566000,"time":"2024-01-02T04:59:23.828Z"}},{"iob":-0.017,"basaliob":-0.018,"bolussnooze":0,"activity":-3.0E-4,"lastBolusTime":1704149566000,"time":"2024-01-02T05:04:23.828Z","iobWithZeroTemp":{"iob":-0.614,"basaliob":-0.615,"bolussnooze":0,"activity":-0.0054,"lastBolusTime":1704149566000,"time":"2024-01-02T05:04:23.828Z"}}],"profile":{"max_iob":7,"type":"current","max_daily_basal":0.45,"max_basal":1.08,"min_bg":144,"max_bg":144,"target_bg":144,"carb_ratio":11,"sens":369,"max_daily_safety_multiplier":3,"current_basal_safety_multiplier":4,"lgsThreshold":65,"high_temptarget_raises_sensitivity":false,"low_temptarget_lowers_sensitivity":false,"sensitivity_raises_target":true,"resistance_lowers_target":true,"adv_target_adjustments":false,"exercise_mode":false,"half_basal_exercise_target":160,"maxCOB":120,"skip_neutral_temps":false,"remainingCarbsCap":90,"enableUAM":true,"A52_risk_enable":false,"SMBInterval":4,"enableSMB_with_COB":true,"enableSMB_with_temptarget":false,"allowSMB_with_high_temptarget":true,"enableSMB_always":true,"enableSMB_after_carbs":false,"maxSMBBasalMinutes":60,"maxUAMSMBBasalMinutes":60,"bolus_increment":0.05,"carbsReqThreshold":10,"current_basal":0.27,"temptargetSet":true,"autosens_max":1.2,"autosens_min":0.8,"out_units":"mmol\/L","variable_sens":322.8,"insulinDivisor":65,"TDD":7.200952541666666},"autosens_data":{"ratio":1.1447449219414136},"meal_data":{"carbs":0,"mealCOB":0,"slopeFromMaxDeviation":0,"slopeFromMinDeviation":0.38785714285714284,"lastBolusTime":1704149566000,"lastCarbTime":0},"microBolusAllowed":true,"currentTime":1704157765488,"flatBGsDetected":false,"tdd1D":29.029333333333327,"tdd7D":23.806904761904768,"tddLast24H":27.252833333333342,"tddLast4H":0.9095833333333333,"tddLast8to4H":2.76},"output":{"temp":"absolute","bg":76,"tick":"+3","eventualBG":199,"targetBG":144,"insulinReq":0,"deliverAt":"2024-01-02T01:09:25.488Z","sensitivityRatio":1.1447449219414136,"variable_sens":322.8,"predBGs":{"IOB":[76,79,82,85,89,92,96,100,103,107,111,114,118,121,125,128,131,133,136,138,140,143,145,146,148,150,151,153,154,155,156,157,158,159,160,161,162,162,163,163,164,164,165,165,166,166,166,167],"ZT":[76,81,87,92,97,102,107,112,117,122,127,132,136,141]},"reason":"COB: 0, Dev: -1.0, BGI: 0.3, ISF: 17.9, CR: 11, Target: 8.0, minPredBG 7.6, minGuardBG 4.4, IOBpredBG 9.3; minGuardBG 4.4<5.1","COB":0,"IOB":-0.436,"duration":60,"rate":0,"timestamp":"2024-01-02T01:09:25.530Z"}}