{"algorithm":"OpenAPSSMBDynamicISFPlugin","input":{"glucoseStatus":{"glucose":123,"noise":0,"delta":6,"short_avgdelta":5.28,"long_avgdelta":2.8,"date":1704402135879},"currenttemp":{"temp":"absolute","duration":10,"rate":0.64,"minutesrunning":5},"iob_data":[{"iob":0.087,"basaliob":-0.498,"bolussnooze":1.0E-4,"activity":0.0035,"lastBolusTime":1704393166000,"time":"2024-01-04T21:02:35.259Z","iobWithZeroTemp":{"iob":0.087,"basaliob":-0.498,"bolussnooze":1.0E-4,"activity":0.0035,"lastBolusTime":1704393166000,"time":"2024-01-04T21:02:35.259Z"}},{"iob":0.07,"basaliob":-0.47,"bolussnooze":0,"activity":0.0031,"lastBolusTime":1704393166000,"time":"2024-01-04T21:07:35.259Z","iobWithZeroTemp":{"iob":0.043,"basaliob":-0.497,"bolussnooze":0,"activity":0.0031,"lastBolusTime":1704393166000,"time":"2024-01-04T21:07:35.259Z"}},{"iob":0.056,"basaliob":-0.443,"bolussnooze":0,"activity":0.0027,"lastBolusTime":1704393166000,"time":"2024-01-04T21:12:35.259Z","iobWithZeroTemp":{"iob":-0.004,"basaliob":-0.503,"bolussnooze":0,"activity":0.0026,"lastBolusTime":1704393166000,"time":"2024-01-04T21:12:35.259Z"}},{"iob":0.043,"basaliob":-0.417,"bolussnooze":0,"activity":0.0023,"lastBolusTime":1704393166000,"time":"2024-01-04T21:17:35.259Z","iobWithZeroTemp":{"iob":-0.049,"basaliob":-0.509,"bolussnooze":0,"activity":0.0021,"lastBolusTime":1704393166000,"time":"2024-01-04T21:17:35.259Z"}},{"iob":0.032,"basaliob":-0.392,"bolussnooze":0,"activity":0.002,"lastBolusTime":1704393166000,"time":"2024-01-04T21:22:35.259Z","iobWithZeroTemp":{"iob":-0.093,"basaliob":-0.517,"bolussnooze":0,"activity":0.0017,"lastBolusTime":1704393166000,"time":"2024-01-04T21:22:35.259Z"}},{"iob":0.023,"basaliob":-0.368,"bolussnooze":0,"activity":0.0017,"lastBolusTime":1704393166000,"time":"2024-01-04T21:27:35.259Z","iobWithZeroTemp":{"iob":-0.133,"basaliob":-0.524,"bolussnooze":0,"activity":0.0012,"lastBolusTime":1704393166000,"time":"2024-01-04T21:27:35.259Z"}},{"iob":0.015,"basaliob":-0.345,"bolussnooze":0,"activity":0.0015,"lastBolusTime":1704393166000,"time":"2024-01-04T21:32:35.259Z","iobWithZeroTemp":{"iob":-0.171,"basaliob":-0.531,"bolussnooze":0,"activity":8.0E-4,"lastBolusTime":1704393166000,"time":"2024-01-04T21:32:35.259Z"}},{"iob":0.008,"basaliob":-0.323,"bolussnooze":0,"activity":0.0012,"lastBolusTime":1704393166000,"time":"2024-01-04T21:37:35.259Z","iobWithZeroTemp":{"iob":-0.208,"basaliob":-0.539,"bolussnooze":0,"activity":3.0E-4,"lastBolusTime":1704393166000,"time":"2024-01-04T21:37:35.259Z"}},{"iob":0.001,"basaliob":-0.303,"bolussnooze":0,"activity":0.001,"lastBolusTime":1704393166000,"time":"2024-01-04T21:42:35.259Z","iobWithZeroTemp":{"iob":-0.243,"basaliob":-0.547,"bolussnooze":0,"activity":-1.0E-4,"lastBolusTime":1704393166000,"time":"2024-01-04T21:42:35.259Z"}},{"iob":-0.004,"basaliob":-0.283,"bolussnooze":0,"activity":0.001,"lastBolusTime":1704393166000,"time":"2024-01-04T21:47:35.259Z","iobWithZeroTemp":{"iob":-0.276,"basaliob":-0.555,"bolussnooze":0,"activity":-3.0E-4,"lastBolusTime":1704393166000,"time":"2024-01-04T21:47:35.259Z"}},{"iob":-0.007,"basaliob":-0.264,"bolussnooze":0,"activity":8.0E-4,"lastBolusTime":1704393166000,"time":"2024-01-04T21:52:35.259Z","iobWithZeroTemp":{"iob":-0.305,"basaliob":-0.562,"bolussnooze":0,"activity":-7.0E-4,"lastBolusTime":1704393166000,"time":"2024-01-04T21:52:35.259Z"}},{"iob":-0.011,"basaliob":-0.246,"bolussnooze":0,"activity":7.0E-4,"lastBolusTime":1704393166000,"time":"2024-01-04T21:57:35.259Z","iobWithZeroTemp":{"iob":-0.334,"basaliob":-0.569,"bolussnooze":0,"activity":-0.0011,"lastBolusTime":1704393166000,"time":"2024-01-04T21:57:35.259Z"}},{"iob":-0.014,"basaliob":-0.23,"bolussnooze":0,"activity":6.0E-4,"lastBolusTime":1704393166000,"time":"2024-01-04T22:02:35.259Z","iobWithZeroTemp":{"iob":-0.365,"basaliob":-0.581,"bolussnooze":0,"activity":-0.0014,"lastBolusTime":1704393166000,"time":"2024-01-04T22:02:35.259Z"}},{"iob":-0.016,"basaliob":-0.214,"bolussnooze":0,"activity":4.0E-4,"lastBolusTime":1704393166000,"time":"2024-01-04T22:07:35.259Z","iobWithZeroTemp":{"iob":-0.394,"basaliob":-0.592,"bolussnooze":0,"activity":-0.0018,"lastBolusTime":1704393166000,"time":"2024-01-04T22:07:35.259Z"}},{"iob":-0.018,"basaliob":-0.199,"bolussnooze":0,"activity":3.0E-4,"lastBolusTime":1704393166000,"time":"2024-01-04T22:12:35.259Z","iobWithZeroTemp":{"iob":-0.422,"basaliob":-0.603,"bolussnooze":0,"activity":-0.0022,"lastBolusTime":1704393166000,"time":"2024-01-04T22:12:35.259Z"}},{"iob":-0.02,"basaliob":-0.185,"bolussnooze":0,"activity":3.0E-4,"lastBolusTime":1704393166000,"time":"2024-01-04T22:17:35.259Z","iobWithZeroTemp":{"iob":-0.448,"basaliob":-0.613,"bolussnooze":0,"activity":-0.0024,"lastBolusTime":1704393166000,"time":"2024-01-04T22:17:35.259Z"}},{"iob":-0.021,"basaliob":-0.172,"bolussnooze":0,"activity":2.0E-4,"lastBolusTime":1704393166000,"time":"2024-01-04T22:22:35.259Z","iobWithZeroTemp":{"iob":-0.472,"basaliob":-0.623,"bolussnooze":0,"activity":-0.0027,"lastBolusTime":1704393166000,"time":"2024-01-04T22:22:35.259Z"}},{"iob":-0.022,"basaliob":-0.16,"bolussnooze":0,"activity":1.0E-4,"lastBolusTime":1704393166000,"time":"2024-01-04T22:27:35.259Z","iobWithZeroTemp":{"iob":-0.496,"basaliob":-0.634,"bolussnooze":0,"activity":-0.0031,"lastBolusTime":1704393166000,"time":"2024-01-04T22:27:35.259Z"}},{"iob":-0.022,"basaliob":-0.148,"bolussnooze":0,"activity":1.0E-4,"lastBolusTime":1704393166000,"time":"2024-01-04T22:32:35.259Z","iobWithZeroTemp":{"iob":-0.517,"basaliob":-0.643,"bolussnooze":0,"activity":-0.0033,"lastBolusTime":1704393166000,"time":"2024-01-04T22:32:35.259Z"}},{"iob":-0.022,"basaliob":-0.137,"bolussnooze":0,"activity":0,"lastBolusTime":1704393166000,"time":"2024-01-04T22:37:35.259Z","iobWithZeroTemp":{"iob":-0.537,"basaliob":-0.652,"bolussnooze":0,"activity":-0.0036,"lastBolusTime":1704393166000,"time":"2024-01-04T22:37:35.259Z"}},{"iob":-0.022,"basaliob":-0.127,"bolussnooze":0,"activity":0,"lastBolusTime":1704393166000,"time":"2024-01-04T22:42:35.259Z","iobWithZeroTemp":{"iob":-0.555,"basaliob":-0.66,"bolussnooze":0,"activity":-0.0038,"lastBolusTime":1704393166000,"time":"2024-01-04T22:42:35.259Z"}},{"iob":-0.023,"basaliob":-0.118,"bolussnooze":0,"activity":0,"lastBolusTime":1704393166000,"time":"2024-01-04T22:47:35.259Z","iobWithZeroTemp":{"iob":-0.574,"basaliob":-0.669,"bolussnooze":0,"activity":-0.004,"lastBolusTime":1704393166000,"time":"2024-01-04T22:47:35.259Z"}},{"iob":-0.022,"basaliob":-0.109,"bolussnooze":0,"activity":0,"lastBolusTime":1704393166000,"time":"2024-01-04T22:52:35.259Z","iobWithZeroTemp":{"iob":-0.59,"basaliob":-0.677,"bolussnooze":0,"activity":-0.0042,"lastBolusTime":1704393166000,"time":"2024-01-04T22:52:35.259Z"}},{"iob":-0.021,"basaliob":-0.1,"bolussnooze":0,"activity":-1.0E-4,"lastBolusTime":1704393166000,"time":"2024-01-04T22:57:35.259Z","iobWithZeroTemp":{"iob":-0.605,"basaliob":-0.684,"bolussnooze":0,"activity":-0.0045,"lastBolusTime":1704393166000,"time":"2024-01-04T22:57:35.259Z"}},{"iob":-0.022,"basaliob":-0.093,"bolussnooze":0,"activity":-1.0E-4,"lastBolusTime":1704393166000,"time":"2024-01-04T23:02:35.259Z","iobWithZeroTemp":{"iob":-0.621,"basaliob":-0.692,"bolussnooze":0,"activity":-0.0047,"lastBolusTime":1704393166000,"time":"2024-01-04T23:02:35.259Z"}},{"iob":-0.021,"basaliob":-0.086,"bolussnooze":0,"activity":-1.0E-4,"lastBolusTime":1704393166000,"time":"2024-01-04T23:07:35.259Z","iobWithZeroTemp":{"iob":-0.634,"basaliob":-0.699,"bolussnooze":0,"activity":-0.0049,"lastBolusTime":1704393166000,"time":"2024-01-04T23:07:35.259Z"}},{"iob":-0.02,"basaliob":-0.079,"bolussnooze":0,"activity":-1.0E-4,"lastBolusTime":1704393166000,"time":"2024-01-04T23:12:35.259Z","iobWithZeroTemp":{"iob":-0.646,"basaliob":-0.705,"bolussnooze":0,"activity":-0.0051,"lastBolusTime":1704393166000,"time":"2024-01-04T23:12:35.259Z"}},{"iob":-0.02,"basaliob":-0.073,"bolussnooze":0,"activity":-1.0E-4,"lastBolusTime":1704393166000,"time":"2024-01-04T23:17:35.259Z","iobWithZeroTemp":{"iob":-0.658,"basaliob":-0.711,"bolussnooze":0,"activity":-0.0052,"lastBolusTime":1704393166000,"time":"2024-01-04T23:17:35.259Z"}},{"iob":-0.019,"basaliob":-0.067,"bolussnooze":0,"activity":-1.0E-4,"lastBolusTime":1704393166000,"time":"2024-01-04T23:22:35.259Z","iobWithZeroTemp":{"iob":-0.668,"basaliob":-0.716,"bolussnooze":0,"activity":-0.0054,"lastBolusTime":1704393166000,"time":"2024-01-04T23:22:35.259Z"}},{"iob":-0.019,"basaliob":-0.062,"bolussnooze":0,"activity":-1.0E-4,"lastBolusTime":1704393166000,"time":"2024-01-04T23:27:35.259Z","iobWithZeroTemp":{"iob":-0.679,"basaliob":-0.722,"bolussnooze":0,"activity":-0.0055,"lastBolusTime":1704393166000,"time":"2024-01-04T23:27:35.259Z"}},{"iob":-0.018,"basaliob":-0.057,"bolussnooze":0,"activity":-2.0E-4,"lastBolusTime":1704393166000,"time":"2024-01-04T23:32:35.259Z","iobWithZeroTemp":{"iob":-0.688,"basaliob":-0.727,"bolussnooze":0,"activity":-0.0058,"lastBolusTime":1704393166000,"time":"2024-01-04T23:32:35.259Z"}},{"iob":-0.017,"basaliob":-0.052,"bolussnooze":0,"activity":-2.0E-4,"lastBolusTime":1704393166000,"time":"2024-01-04T23:37:35.259Z","iobWithZeroTemp":{"iob":-0.696,"basaliob":-0.731,"bolussnooze":0,"activity":-0.0059,"lastBolusTime":1704393166000,"time":"2024-01-04T23:37:35.259Z"}},{"iob":-0.016,"basaliob":-0.048,"bolussnooze":0,"activity":-1.0E-4,"lastBolusTime":1704393166000,"time":"2024-01-04T23:42:35.259Z","iobWithZeroTemp":{"iob":-0.704,"basaliob":-0.736,"bolussnooze":0,"activity":-0.0059,"lastBolusTime":1704393166000,"time":"2024-01-04T23:42:35.259Z"}},{"iob":-0.015,"basaliob":-0.044,"bolussnooze":0,"activity":-2.0E-4,"lastBolusTime":1704393166000,"time":"2024-01-04T23:47:35.259Z","iobWithZeroTemp":{"iob":-0.711,"basaliob":-0.74,"bolussnooze":0,"activity":-0.0061,"lastBolusTime":1704393166000,"time":"2024-01-04T23:47:35.259Z"}},{"iob":-0.014,"basaliob":-0.04,"bolussnooze":0,"activity":-1.0E-4,"lastBolusTime":1704393166000,"time":"2024-01-04T23:52:35.259Z","iobWithZeroTemp":{"iob":-0.718,"basaliob":-0.744,"bolussnooze":0,"activity":-0.0061,"lastBolusTime":1704393166000,"time":"2024-01-04T23:52:35.259Z"}},{"iob":-0.014,"basaliob":-0.037,"bolussnooze":0,"activity":-1.0E-4,"lastBolusTime":1704393166000,"time":"2024-01-04T23:57:35.259Z","iobWithZeroTemp":{"iob":-0.725,"basaliob":-0.748,"bolussnooze":0,"activity":-0.0063,"lastBolusTime":1704393166000,"time":"2024-01-04T23:57:35.259Z"}},{"iob":-0.013,"basaliob":-0.034,"bolussnooze":0,"activity":-1.0E-4,"lastBolusTime":1704393166000,"time":"2024-01-05T00:02:35.259Z","iobWithZeroTemp":{"iob":-0.722,"basaliob":-0.743,"bolussnooze":0,"activity":-0.0063,"lastBolusTime":1704393166000,"time":"2024-01-05T00:02:35.259Z"}},{"iob":-0.013,"basaliob":-0.031,"bolussnooze":0,"activity":-2.0E-4,"lastBolusTime":1704393166000,"time":"2024-01-05T00:07:35.259Z","iobWithZeroTemp":{"iob":-0.72,"basaliob":-0.738,"bolussnooze":0,"activity":-0.0065,"lastBolusTime":1704393166000,"time":"2024-01-05T00:07:35.259Z"}},{"iob":-0.011,"basaliob":-0.028,"bolussnooze":0,"activity":-1.0E-4,"lastBolusTime":1704393166000,"time":"2024-01-05T00:12:35.259Z","iobWithZeroTemp":{"iob":-0.715,"basaliob":-0.732,"bolussnooze":0,"activity":-0.0065,"lastBolusTime":1704393166000,"time":"2024-01-05T00:12:35.259Z"}},{"iob":-0.011,"basaliob":-0.026,"bolussnooze":0,"activity":-2.0E-4,"lastBolusTime":1704393166000,"time":"2024-01-05T00:17:35.259Z","iobWithZeroTemp":{"iob":-0.712,"basaliob":-0.727,"bolussnooze":0,"activity":-0.0066,"lastBolusTime":1704393166000,"time":"2024-01-05T00:17:35.259Z"}},{"iob":-0.01,"basaliob":-0.023,"bolussnooze":0,"activity":-1.0E-4,"lastBolusTime":1704393166000,"time":"2024-01-05T00:22:35.259Z","iobWithZeroTemp":{"iob":-0.709,"basaliob":-0.722,"bolussnooze":0,"activity":-0.0065,"lastBolusTime":1704393166000,"time":"2024-01-05T00:22:35.259Z"}},{"iob":-0.009,"basaliob":-0.021,"bolussnooze":0,"activity":-1.0E-4,"lastBolusTime":1704393166000,"time":"2024-01-05T00:27:35.259Z","iobWithZeroTemp":{"iob":-0.704,"basaliob":-0.716,"bolussnooze":0,"activity":-0.0066,"lastBolusTime":1704393166000,"time":"2024-01-05T00:27:35.259Z"}},{"iob":-0.009,"basaliob":-0.019,"bolussnooze":0,"activity":-1.0E-4,"lastBolusTime":1704393166000,"time":"2024-01-05T00:32:35.259Z","iobWithZeroTemp":{"iob":-0.701,"basaliob":-0.711,"bolussnooze":0,"activity":-0.0066,"lastBolusTime":1704393166000,"time":"2024-01-05T00:32:35.259Z"}},{"iob":-0.009,"basaliob":-0.018,"bolussnooze":0,"activity":-1.0E-4,"lastBolusTime":1704393166000,"time":"2024-01-05T00:37:35.259Z","iobWithZeroTemp":{"iob":-0.698,"basaliob":-0.707,"bolussnooze":0,"activity":-0.0066,"lastBolusTime":1704393166000,"time":"2024-01-05T00:37:35.259Z"}},{"iob":-0.008,"basaliob":-0.016,"bolussnooze":0,"activity":-1.0E-4,"lastBolusTime":1704393166000,"time":"2024-01-05T00:42:35.259Z","iobWithZeroTemp":{"iob":-0.694,"basaliob":-0.702,"bolussnooze":0,"activity":-0.0066,"lastBolusTime":1704393166000,"time":"2024-01-05T00:42:35.259Z"}},{"iob":-0.008,"basaliob":-0.015,"bolussnooze":0,"activity":-1.0E-4,"lastBolusTime":1704393166000,"time":"2024-01-05T00:47:35.259Z","iobWithZeroTemp":{"iob":-0.691,"basaliob":-0.698,"bolussnooze":0,"activity":-0.0066,"lastBolusTime":1704393166000,"time":"2024-01-05T00:47:35.259Z"}},{"iob":-0.007,"basaliob":-0.013,"bolussnooze":0,"activity":-1.0E-4,"lastBolusTime":1704393166000,"time":"2024-01-05T00:52:35.259Z","iobWithZeroTemp":{"iob":-0.686,"basaliob":-0.692,"bolussnooze":0,"activity":-0.0066,"lastBolusTime":1704393166000,"time":"2024-01-05T00:52:35.259Z"}},{"iob":-0.007,"basaliob":-0.012,"bolussnooze":0,"activity":-1.0E-4,"lastBolusTime":1704393166000,"time":"2024-01-05T00:57:35.259Z","iobWithZeroTemp":{"iob":-0.683,"basaliob":-0.688,"bolussnooze":0,"activity":-0.0066,"lastBolusTime":1704393166000,"time":"2024-01-05T00:57:35.259Z"}}],"profile":{"max_iob":7,"type":"current","max_daily_basal":0.45,"max_basal":1.35,"min_bg":106.2,"max_bg":106.2,"target_bg":106.2,"carb_ratio":11,"sens":352.8,"max_daily_safety_multiplier":3,"current_basal_safety_multiplier":4,"lgsThreshold":65,"high_temptarget_raises_sensitivity":false,"low_temptarget_lowers_sensitivity":false,"sensitivity_raises_target":true,"resistance_lowers_target":true,"adv_target_adjustments":false,"exercise_mode":false,"half_basal_exercise_target":160,"maxCOB":120,"skip_neutral_temps":false,"remainingCarbsCap":90,"enableUAM":true,"A52_risk_enable":false,"SMBInterval":4,"enableSMB_with_COB":true,"enableSMB_with_temptarget":false,"allowSMB_with_high_temptarget":true,"enableSMB_always":true,"enableSMB_after_carbs":false,"maxSMBBasalMinutes":60,"maxUAMSMBBasalMinutes":60,"bolus_increment":0.05,"carbsReqThreshold":10,"current_basal":0.4,"temptargetSet":false,"autosens_max":1.2,"autosens_min":0.8,"out_units":"mmol\/L","variable_sens":197.6,"insulinDivisor":65,"TDD":8.578793958333334},"autosens_data":{"ratio":1.1649945114212197},"meal_data":{"carbs":0,"mealCOB":4.778337868480733,"slopeFromMaxDeviation":-1.764333333333334,"slopeFromMinDeviation":0.7749999999999995,"lastBolusTime":1704393166000,"lastCarbTime":0},"microBolusAllowed":true,"currentTime":1704402157456,"flatBGsDetected":false,"tdd1D":20.64108333333334,"tdd7D":22.492595238095245,"tddLast24H":26.20375000000002,"tddLast4H":3.286666666666666,"tddLast8to4H":9.253333333333336},"output":{"temp":"absolute","bg":123,"tick":"+6","eventualBG":184,"targetBG":100,"insulinReq":null,"deliverAt":"2024-01-04T21:02:37.456Z","sensitivityRatio":1.1649945114212197,"variable_sens":197.6,"predBGs":{"IOB":[123,128,132,136,139,143,145,148,150,151,151,151,151,150,150,150,149,149,149,149,149,149,149,149,149,149,149,149,150,150,150,150,150,150,150,150,151,151,151,151,151,151,151,151,151,152],"ZT":[123,120,116,114,112,110,109,108,107,107],"COB":[123,128,133,137,142,146,151,155,159,163,166,169,172,174,176,178,179,180,181,181,181,181,181,181,181,181,182,182,182,182,182,182,182,182,183,183,183,183,183,183,183,184],"UAM":[123,126,129,129,129,127,125,124,123,122,121,120,119,119,118,118,118,117,117,117,117,117,117,117,117,117,118,118,118,118,118,118,118,118,119,119,119,119,119,119,119,120]},"reason":"COB: 4.8, Dev: 2.9, BGI: -0.2, ISF: 11.0, CR: 11, Target: 5.6, minPredBG NaN, minGuardBG NaN, IOBpredBG 8.4, COBpredBG 10.2, UAMpredBG 6.7; Eventual BG 10.2 >= 5.6,  insulinReq NaN. temp 0.64 < NaNU\/hr. ","COB":4.778337868480733,"IOB":0.087,"duration":30,"rate":null,"timestamp":"2024-01-04T21:02:37.482Z"}}