{"algorithm":"OpenAPSSMBDynamicISFPlugin","input":{"glucoseStatus":{"glucose":237,"noise":0,"delta":4,"short_avgdelta":5.11,"long_avgdelta":6.74,"date":1704079022672},"currenttemp":{"temp":"absolute","duration":45,"rate":0,"minutesrunning":15},"iob_data":[{"iob":1.526,"basaliob":-0.076,"bolussnooze":0,"activity":0.0109,"lastBolusTime":1704078458000,"time":"2024-01-01T03:17:24.448Z","iobWithZeroTemp":{"iob":1.526,"basaliob":-0.076,"bolussnooze":0,"activity":0.0109,"lastBolusTime":1704078458000,"time":"2024-01-01T03:17:24.448Z"}},{"iob":1.469,"basaliob":-0.071,"bolussnooze":0,"activity":0.0115,"lastBolusTime":1704078458000,"time":"2024-01-01T03:22:24.448Z","iobWithZeroTemp":{"iob":1.449,"basaliob":-0.091,"bolussnooze":0,"activity":0.0115,"lastBolusTime":1704078458000,"time":"2024-01-01T03:22:24.448Z"}},{"iob":1.411,"basaliob":-0.066,"bolussnooze":0,"activity":0.0119,"lastBolusTime":1704078458000,"time":"2024-01-01T03:27:24.448Z","iobWithZeroTemp":{"iob":1.366,"basaliob":-0.111,"bolussnooze":0,"activity":0.0118,"lastBolusTime":1704078458000,"time":"2024-01-01T03:27:24.448Z"}},{"iob":1.351,"basaliob":-0.062,"bolussnooze":0,"activity":0.012,"lastBolusTime":1704078458000,"time":"2024-01-01T03:32:24.448Z","iobWithZeroTemp":{"iob":1.282,"basaliob":-0.131,"bolussnooze":0,"activity":0.0119,"lastBolusTime":1704078458000,"time":"2024-01-01T03:32:24.448Z"}},{"iob":1.291,"basaliob":-0.057,"bolussnooze":0,"activity":0.0121,"lastBolusTime":1704078458000,"time":"2024-01-01T03:37:24.448Z","iobWithZeroTemp":{"iob":1.198,"basaliob":-0.15,"bolussnooze":0,"activity":0.0119,"lastBolusTime":1704078458000,"time":"2024-01-01T03:37:24.448Z"}},{"iob":1.231,"basaliob":-0.053,"bolussnooze":0,"activity":0.012,"lastBolusTime":1704078458000,"time":"2024-01-01T03:42:24.448Z","iobWithZeroTemp":{"iob":1.114,"basaliob":-0.17,"bolussnooze":0,"activity":0.0116,"lastBolusTime":1704078458000,"time":"2024-01-01T03:42:24.448Z"}},{"iob":1.171,"basaliob":-0.049,"bolussnooze":0,"activity":0.012,"lastBolusTime":1704078458000,"time":"2024-01-01T03:47:24.448Z","iobWithZeroTemp":{"iob":1.031,"basaliob":-0.189,"bolussnooze":0,"activity":0.0115,"lastBolusTime":1704078458000,"time":"2024-01-01T03:47:24.448Z"}},{"iob":1.111,"basaliob":-0.046,"bolussnooze":0,"activity":0.0117,"lastBolusTime":1704078458000,"time":"2024-01-01T03:52:24.448Z","iobWithZeroTemp":{"iob":0.949,"basaliob":-0.208,"bolussnooze":0,"activity":0.011,"lastBolusTime":1704078458000,"time":"2024-01-01T03:52:24.448Z"}},{"iob":1.054,"basaliob":-0.042,"bolussnooze":0,"activity":0.0114,"lastBolusTime":1704078458000,"time":"2024-01-01T03:57:24.448Z","iobWithZeroTemp":{"iob":0.871,"basaliob":-0.225,"bolussnooze":0,"activity":0.0106,"lastBolusTime":1704078458000,"time":"2024-01-01T03:57:24.448Z"}},{"iob":0.997,"basaliob":-0.039,"bolussnooze":0,"activity":0.0112,"lastBolusTime":1704078458000,"time":"2024-01-01T04:02:24.448Z","iobWithZeroTemp":{"iob":0.793,"basaliob":-0.243,"bolussnooze":0,"activity":0.0102,"lastBolusTime":1704078458000,"time":"2024-01-01T04:02:24.448Z"}},{"iob":0.942,"basaliob":-0.036,"bolussnooze":0,"activity":0.0108,"lastBolusTime":1704078458000,"time":"2024-01-01T04:07:24.448Z","iobWithZeroTemp":{"iob":0.702,"basaliob":-0.276,"bolussnooze":0,"activity":0.0096,"lastBolusTime":1704078458000,"time":"2024-01-01T04:07:24.448Z"}},{"iob":0.888,"basaliob":-0.034,"bolussnooze":0,"activity":0.0105,"lastBolusTime":1704078458000,"time":"2024-01-01T04:12:24.448Z","iobWithZeroTemp":{"iob":0.622,"basaliob":-0.3,"bolussnooze":0,"activity":0.0091,"lastBolusTime":1704078458000,"time":"2024-01-01T04:12:24.448Z"}},{"iob":0.837,"basaliob":-0.031,"bolussnooze":0,"activity":0.0101,"lastBolusTime":1704078458000,"time":"2024-01-01T04:17:24.448Z","iobWithZeroTemp":{"iob":0.545,"basaliob":-0.323,"bolussnooze":0,"activity":0.0085,"lastBolusTime":1704078458000,"time":"2024-01-01T04:17:24.448Z"}},{"iob":0.787,"basaliob":-0.029,"bolussnooze":0,"activity":0.0097,"lastBolusTime":1704078458000,"time":"2024-01-01T04:22:24.448Z","iobWithZeroTemp":{"iob":0.47,"basaliob":-0.346,"bolussnooze":0,"activity":0.0079,"lastBolusTime":1704078458000,"time":"2024-01-01T04:22:24.448Z"}},{"iob":0.74,"basaliob":-0.026,"bolussnooze":0,"activity":0.0093,"lastBolusTime":1704078458000,"time":"2024-01-01T04:27:24.448Z","iobWithZeroTemp":{"iob":0.399,"basaliob":-0.367,"bolussnooze":0,"activity":0.0073,"lastBolusTime":1704078458000,"time":"2024-01-01T04:27:24.448Z"}},{"iob":0.694,"basaliob":-0.024,"bolussnooze":0,"activity":0.0089,"lastBolusTime":1704078458000,"time":"2024-01-01T04:32:24.448Z","iobWithZeroTemp":{"iob":0.33,"basaliob":-0.388,"bolussnooze":0,"activity":0.0067,"lastBolusTime":1704078458000,"time":"2024-01-01T04:32:24.448Z"}},{"iob":0.651,"basaliob":-0.022,"bolussnooze":0,"activity":0.0084,"lastBolusTime":1704078458000,"time":"2024-01-01T04:37:24.448Z","iobWithZeroTemp":{"iob":0.266,"basaliob":-0.407,"bolussnooze":0,"activity":0.006,"lastBolusTime":1704078458000,"time":"2024-01-01T04:37:24.448Z"}},{"iob":0.609,"basaliob":-0.021,"bolussnooze":0,"activity":0.0081,"lastBolusTime":1704078458000,"time":"2024-01-01T04:42:24.448Z","iobWithZeroTemp":{"iob":0.203,"basaliob":-0.427,"bolussnooze":0,"activity":0.0055,"lastBolusTime":1704078458000,"time":"2024-01-01T04:42:24.448Z"}},{"iob":0.57,"basaliob":-0.019,"bolussnooze":0,"activity":0.0077,"lastBolusTime":1704078458000,"time":"2024-01-01T04:47:24.448Z","iobWithZeroTemp":{"iob":0.144,"basaliob":-0.445,"bolussnooze":0,"activity":0.0048,"lastBolusTime":1704078458000,"time":"2024-01-01T04:47:24.448Z"}},{"iob":0.533,"basaliob":-0.017,"bolussnooze":0,"activity":0.0073,"lastBolusTime":1704078458000,"time":"2024-01-01T04:52:24.448Z","iobWithZeroTemp":{"iob":0.089,"basaliob":-0.461,"bolussnooze":0,"activity":0.0042,"lastBolusTime":1704078458000,"time":"2024-01-01T04:52:24.448Z"}},{"iob":0.497,"basaliob":-0.016,"bolussnooze":0,"activity":0.0068,"lastBolusTime":1704078458000,"time":"2024-01-01T04:57:24.448Z","iobWithZeroTemp":{"iob":0.035,"basaliob":-0.478,"bolussnooze":0,"activity":0.0035,"lastBolusTime":1704078458000,"time":"2024-01-01T04:57:24.448Z"}},{"iob":0.464,"basaliob":-0.015,"bolussnooze":0,"activity":0.0064,"lastBolusTime":1704078458000,"time":"2024-01-01T05:02:24.448Z","iobWithZeroTemp":{"iob":-0.014,"basaliob":-0.493,"bolussnooze":0,"activity":0.003,"lastBolusTime":1704078458000,"time":"2024-01-01T05:02:24.448Z"}},{"iob":0.433,"basaliob":-0.013,"bolussnooze":0,"activity":0.0062,"lastBolusTime":1704078458000,"time":"2024-01-01T05:07:24.448Z","iobWithZeroTemp":{"iob":-0.061,"basaliob":-0.507,"bolussnooze":0,"activity":0.0026,"lastBolusTime":1704078458000,"time":"2024-01-01T05:07:24.448Z"}},{"iob":0.403,"basaliob":-0.012,"bolussnooze":0,"activity":0.0058,"lastBolusTime":1704078458000,"time":"2024-01-01T05:12:24.448Z","iobWithZeroTemp":{"iob":-0.105,"basaliob":-0.52,"bolussnooze":0,"activity":0.002,"lastBolusTime":1704078458000,"time":"2024-01-01T05:12:24.448Z"}},{"iob":0.375,"basaliob":-0.011,"bolussnooze":0,"activity":0.0054,"lastBolusTime":1704078458000,"time":"2024-01-01T05:17:24.448Z","iobWithZeroTemp":{"iob":-0.147,"basaliob":-0.533,"bolussnooze":0,"activity":0.0014,"lastBolusTime":1704078458000,"time":"2024-01-01T05:17:24.448Z"}},{"iob":0.349,"basaliob":-0.01,"bolussnooze":0,"activity":0.0051,"lastBolusTime":1704078458000,"time":"2024-01-01T05:22:24.448Z","iobWithZeroTemp":{"iob":-0.186,"basaliob":-0.545,"bolussnooze":0,"activity":0.001,"lastBolusTime":1704078458000,"time":"2024-01-01T05:22:24.448Z"}},{"iob":0.324,"basaliob":-0.009,"bolussnooze":0,"activity":0.0048,"lastBolusTime":1704078458000,"time":"2024-01-01T05:27:24.448Z","iobWithZeroTemp":{"iob":-0.223,"basaliob":-0.556,"bolussnooze":0,"activity":5.0E-4,"lastBolusTime":1704078458000,"time":"2024-01-01T05:27:24.448Z"}},{"iob":0.301,"basaliob":-0.008,"bolussnooze":0,"activity":0.0045,"lastBolusTime":1704078458000,"time":"2024-01-01T05:32:24.448Z","iobWithZeroTemp":{"iob":-0.258,"basaliob":-0.567,"bolussnooze":0,"activity":0,"lastBolusTime":1704078458000,"time":"2024-01-01T05:32:24.448Z"}},{"iob":0.278,"basaliob":-0.008,"bolussnooze":0,"activity":0.0043,"lastBolusTime":1704078458000,"time":"2024-01-01T05:37:24.448Z","iobWithZeroTemp":{"iob":-0.292,"basaliob":-0.578,"bolussnooze":0,"activity":-3.0E-4,"lastBolusTime":1704078458000,"time":"2024-01-01T05:37:24.448Z"}},{"iob":0.258,"basaliob":-0.007,"bolussnooze":0,"activity":0.004,"lastBolusTime":1704078458000,"time":"2024-01-01T05:42:24.448Z","iobWithZeroTemp":{"iob":-0.322,"basaliob":-0.587,"bolussnooze":0,"activity":-7.0E-4,"lastBolusTime":1704078458000,"time":"2024-01-01T05:42:24.448Z"}},{"iob":0.24,"basaliob":-0.006,"bolussnooze":0,"activity":0.0037,"lastBolusTime":1704078458000,"time":"2024-01-01T05:47:24.448Z","iobWithZeroTemp":{"iob":-0.349,"basaliob":-0.595,"bolussnooze":0,"activity":-0.0012,"lastBolusTime":1704078458000,"time":"2024-01-01T05:47:24.448Z"}},{"iob":0.221,"basaliob":-0.006,"bolussnooze":0,"activity":0.0035,"lastBolusTime":1704078458000,"time":"2024-01-01T05:52:24.448Z","iobWithZeroTemp":{"iob":-0.377,"basaliob":-0.604,"bolussnooze":0,"activity":-0.0015,"lastBolusTime":1704078458000,"time":"2024-01-01T05:52:24.448Z"}},{"iob":0.205,"basaliob":-0.005,"bolussnooze":0,"activity":0.0032,"lastBolusTime":1704078458000,"time":"2024-01-01T05:57:24.448Z","iobWithZeroTemp":{"iob":-0.401,"basaliob":-0.611,"bolussnooze":0,"activity":-0.0019,"lastBolusTime":1704078458000,"time":"2024-01-01T05:57:24.448Z"}},{"iob":0.189,"basaliob":-0.005,"bolussnooze":0,"activity":0.003,"lastBolusTime":1704078458000,"time":"2024-01-01T06:02:24.448Z","iobWithZeroTemp":{"iob":-0.425,"basaliob":-0.619,"bolussnooze":0,"activity":-0.0022,"lastBolusTime":1704078458000,"time":"2024-01-01T06:02:24.448Z"}},{"iob":0.175,"basaliob":-0.004,"bolussnooze":0,"activity":0.0028,"lastBolusTime":1704078458000,"time":"2024-01-01T06:07:24.448Z","iobWithZeroTemp":{"iob":-0.446,"basaliob":-0.625,"bolussnooze":0,"activity":-0.0025,"lastBolusTime":1704078458000,"time":"2024-01-01T06:07:24.448Z"}},{"iob":0.161,"basaliob":-0.004,"bolussnooze":0,"activity":0.0026,"lastBolusTime":1704078458000,"time":"2024-01-01T06:12:24.448Z","iobWithZeroTemp":{"iob":-0.466,"basaliob":-0.631,"bolussnooze":0,"activity":-0.0028,"lastBolusTime":1704078458000,"time":"2024-01-01T06:12:24.448Z"}},{"iob":0.148,"basaliob":-0.004,"bolussnooze":0,"activity":0.0024,"lastBolusTime":1704078458000,"time":"2024-01-01T06:17:24.448Z","iobWithZeroTemp":{"iob":-0.485,"basaliob":-0.637,"bolussnooze":0,"activity":-0.0031,"lastBolusTime":1704078458000,"time":"2024-01-01T06:17:24.448Z"}},{"iob":0.137,"basaliob":-0.003,"bolussnooze":0,"activity":0.0022,"lastBolusTime":1704078458000,"time":"2024-01-01T06:22:24.448Z","iobWithZeroTemp":{"iob":-0.502,"basaliob":-0.642,"bolussnooze":0,"activity":-0.0034,"lastBolusTime":1704078458000,"time":"2024-01-01T06:22:24.448Z"}},{"iob":0.126,"basaliob":-0.003,"bolussnooze":0,"activity":0.002,"lastBolusTime":1704078458000,"time":"2024-01-01T06:27:24.448Z","iobWithZeroTemp":{"iob":-0.518,"basaliob":-0.647,"bolussnooze":0,"activity":-0.0037,"lastBolusTime":1704078458000,"time":"2024-01-01T06:27:24.448Z"}},{"iob":0.117,"basaliob":-0.002,"bolussnooze":0,"activity":0.002,"lastBolusTime":1704078458000,"time":"2024-01-01T06:32:24.448Z","iobWithZeroTemp":{"iob":-0.532,"basaliob":-0.651,"bolussnooze":0,"activity":-0.0037,"lastBolusTime":1704078458000,"time":"2024-01-01T06:32:24.448Z"}},{"iob":0.107,"basaliob":-0.002,"bolussnooze":0,"activity":0.0018,"lastBolusTime":1704078458000,"time":"2024-01-01T06:37:24.448Z","iobWithZeroTemp":{"iob":-0.547,"basaliob":-0.656,"bolussnooze":0,"activity":-0.004,"lastBolusTime":1704078458000,"time":"2024-01-01T06:37:24.448Z"}},{"iob":0.098,"basaliob":-0.002,"bolussnooze":0,"activity":0.0017,"lastBolusTime":1704078458000,"time":"2024-01-01T06:42:24.448Z","iobWithZeroTemp":{"iob":-0.56,"basaliob":-0.66,"bolussnooze":0,"activity":-0.0042,"lastBolusTime":1704078458000,"time":"2024-01-01T06:42:24.448Z"}},{"iob":0.09,"basaliob":-0.002,"bolussnooze":0,"activity":0.0016,"lastBolusTime":1704078458000,"time":"2024-01-01T06:47:24.448Z","iobWithZeroTemp":{"iob":-0.572,"basaliob":-0.664,"bolussnooze":0,"activity":-0.0043,"lastBolusTime":1704078458000,"time":"2024-01-01T06:47:24.448Z"}},{"iob":0.082,"basaliob":-0.002,"bolussnooze":0,"activity":0.0015,"lastBolusTime":1704078458000,"time":"2024-01-01T06:52:24.448Z","iobWithZeroTemp":{"iob":-0.583,"basaliob":-0.667,"bolussnooze":0,"activity":-0.0045,"lastBolusTime":1704078458000,"time":"2024-01-01T06:52:24.448Z"}},{"iob":0.076,"basaliob":-0.001,"bolussnooze":0,"activity":0.0014,"lastBolusTime":1704078458000,"time":"2024-01-01T06:57:24.448Z","iobWithZeroTemp":{"iob":-0.593,"basaliob":-0.67,"bolussnooze":0,"activity":-0.0046,"lastBolusTime":1704078458000,"time":"2024-01-01T06:57:24.448Z"}},{"iob":0.07,"basaliob":-0.001,"bolussnooze":0,"activity":0.0012,"lastBolusTime":1704078458000,"time":"2024-01-01T07:02:24.448Z","iobWithZeroTemp":{"iob":-0.602,"basaliob":-0.673,"bolussnooze":0,"activity":-0.0049,"lastBolusTime":1704078458000,"time":"2024-01-01T07:02:24.448Z"}},{"iob":0.064,"basaliob":-0.001,"bolussnooze":0,"activity":0.0012,"lastBolusTime":1704078458000,"time":"2024-01-01T07:07:24.448Z","iobWithZeroTemp":{"iob":-0.611,"basaliob":-0.676,"bolussnooze":0,"activity":-0.0049,"lastBolusTime":1704078458000,"time":"2024-01-01T07:07:24.448Z"}},{"iob":0.058,"basaliob":-0.001,"bolussnooze":0,"activity":0.0011,"lastBolusTime":1704078458000,"time":"2024-01-01T07:12:24.448Z","iobWithZeroTemp":{"iob":-0.619,"basaliob":-0.678,"bolussnooze":0,"activity":-0.0051,"lastBolusTime":1704078458000,"time":"2024-01-01T07:12:24.448Z"}}],"profile":{"max_iob":7,"type":"current","max_daily_basal":0.45,"max_basal":1.2,"min_bg":81,"max_bg":81,"target_bg":81,"carb_ratio":11,"sens":369,"max_daily_safety_multiplier":3,"current_basal_safety_multiplier":4,"lgsThreshold":65,"high_temptarget_raises_sensitivity":false,"low_temptarget_lowers_sensitivity":false,"sensitivity_raises_target":true,"resistance_lowers_target":true,"adv_target_adjustments":false,"exercise_mode":false,"half_basal_exercise_target":160,"maxCOB":120,"skip_neutral_temps":false,"remainingCarbsCap":90,"enableUAM":true,"A52_risk_enable":false,"SMBInterval":4,"enableSMB_with_COB":true,"enableSMB_with_temptarget":false,"allowSMB_with_high_temptarget":true,"enableSMB_always":true,"enableSMB_after_carbs":false,"maxSMBBasalMinutes":60,"maxUAMSMBBasalMinutes":60,"bolus_increment":0.05,"carbsReqThreshold":10,"current_basal":0.3,"temptargetSet":true,"autosens_max":1.2,"autosens_min":0.8,"out_units":"mmol\/L","variable_sens":145,"insulinDivisor":65,"TDD":8.082939391666667},"autosens_data":{"ratio":0.9788747290837061},"meal_data":{"carbs":0,"mealCOB":0,"slopeFromMaxDeviation":0,"slopeFromMinDeviation":1.6730000000000003,"lastBolusTime":1704078458000,"lastCarbTime":0},"microBolusAllowed":true,"currentTime":1704079047669,"flatBGsDetected":false,"tdd1D":21.848083333333335,"tdd7D":24.48151190476191,"tddLast24H":23.96433333333334,"tddLast4H":3.2435,"tddLast8to4H":5.16},"output":{"temp":"absolute","bg":237,"tick":"+4","eventualBG":129,"targetBG":81,"insulinReq":-0.08,"deliverAt":"2024-01-01T03:17:27.669Z","sensitivityRatio":0.9788747290837061,"variable_sens":145,"predBGs":{"IOB":[237,240,242,242,241,240,237,233,229,223,217,210,201,193,186,178,170,163,156,149,142,136,129,123,117,111,105,100,94,89,84,79,74,69,65,60,56,52,47,43,39],"ZT":[237,229,221,212,203,193,184,174,165,156,146,137,128,120,111,103,95,88,81,74,68,62,57,53,49,46,44,43,43,44,45,48,51,55,59,63,68,72,77],"UAM":[237,240,243,245,246,246,246,246,245,244,242,240,238,235,232,229,225,221,217,213,208,203,198,193,188,184,179,175,172,168,164,161,158,155,152,150,147,145,143,141,139,137,136,134,133,131,130,129]},"reason":"COB: 0, Dev: 3.9, BGI: -0.4, ISF: 8.1, CR: 11, Target: 4.5, minPredBG 3.9, minGuardBG 7.1, IOBpredBG 2.2, UAMpredBG 7.2; Eventual BG 7.2 >= 4.5,  insulinReq -0.08; setting 60m low temp of 0U\/h. ","COB":0,"IOB":1.526,"rate":0,"duration":60,"timestamp":"2024-01-01T03:17:27.698Z"}}