{"algorithm":"OpenAPSSMBDynamicISFPlugin","input":{"glucoseStatus":{"glucose":71,"noise":0,"delta":7,"short_avgdelta":4.89,"long_avgdelta":-3.91,"date":1704133923565},"currenttemp":{"temp":"absolute","duration":115,"rate":0,"minutesrunning":5},"iob_data":[{"iob":1.477,"basaliob":-0.625,"bolussnooze":0.1701,"activity":0.0222,"lastBolusTime":1704129289000,"time":"2024-01-01T18:32:26.916Z","iobWithZeroTemp":{"iob":1.477,"basaliob":-0.625,"bolussnooze":0.1701,"activity":0.0222,"lastBolusTime":1704129289000,"time":"2024-01-01T18:32:26.916Z"}},{"iob":1.369,"basaliob":-0.596,"bolussnooze":0.1458,"activity":0.0208,"lastBolusTime":1704129289000,"time":"2024-01-01T18:37:26.916Z","iobWithZeroTemp":{"iob":1.342,"basaliob":-0.623,"bolussnooze":0.1458,"activity":0.0208,"lastBolusTime":1704129289000,"time":"2024-01-01T18:37:26.916Z"}},{"iob":1.269,"basaliob":-0.567,"bolussnooze":0.1245,"activity":0.0194,"lastBolusTime":1704129289000,"time":"2024-01-01T18:42:26.916Z","iobWithZeroTemp":{"iob":1.209,"basaliob":-0.627,"bolussnooze":0.1245,"activity":0.0193,"lastBolusTime":1704129289000,"time":"2024-01-01T18:42:26.916Z"}},{"iob":1.175,"basaliob":-0.538,"bolussnooze":0.1061,"activity":0.0181,"lastBolusTime":1704129289000,"time":"2024-01-01T18:47:26.916Z","iobWithZeroTemp":{"iob":1.083,"basaliob":-0.63,"bolussnooze":0.1061,"activity":0.0179,"lastBolusTime":1704129289000,"time":"2024-01-01T18:47:26.916Z"}},{"iob":1.088,"basaliob":-0.51,"bolussnooze":0.0902,"activity":0.0169,"lastBolusTime":1704129289000,"time":"2024-01-01T18:52:26.916Z","iobWithZeroTemp":{"iob":0.963,"basaliob":-0.635,"bolussnooze":0.0902,"activity":0.0166,"lastBolusTime":1704129289000,"time":"2024-01-01T18:52:26.916Z"}},{"iob":1.005,"basaliob":-0.483,"bolussnooze":0.0764,"activity":0.0158,"lastBolusTime":1704129289000,"time":"2024-01-01T18:57:26.916Z","iobWithZeroTemp":{"iob":0.849,"basaliob":-0.639,"bolussnooze":0.0764,"activity":0.0153,"lastBolusTime":1704129289000,"time":"2024-01-01T18:57:26.916Z"}},{"iob":0.929,"basaliob":-0.456,"bolussnooze":0.0645,"activity":0.0147,"lastBolusTime":1704129289000,"time":"2024-01-01T19:02:26.916Z","iobWithZeroTemp":{"iob":0.743,"basaliob":-0.642,"bolussnooze":0.0645,"activity":0.014,"lastBolusTime":1704129289000,"time":"2024-01-01T19:02:26.916Z"}},{"iob":0.858,"basaliob":-0.43,"bolussnooze":0.0543,"activity":0.0137,"lastBolusTime":1704129289000,"time":"2024-01-01T19:07:26.916Z","iobWithZeroTemp":{"iob":0.642,"basaliob":-0.646,"bolussnooze":0.0543,"activity":0.0128,"lastBolusTime":1704129289000,"time":"2024-01-01T19:07:26.916Z"}},{"iob":0.791,"basaliob":-0.406,"bolussnooze":0.0457,"activity":0.0128,"lastBolusTime":1704129289000,"time":"2024-01-01T19:12:26.916Z","iobWithZeroTemp":{"iob":0.547,"basaliob":-0.65,"bolussnooze":0.0457,"activity":0.0117,"lastBolusTime":1704129289000,"time":"2024-01-01T19:12:26.916Z"}},{"iob":0.73,"basaliob":-0.382,"bolussnooze":0.0382,"activity":0.0119,"lastBolusTime":1704129289000,"time":"2024-01-01T19:17:26.916Z","iobWithZeroTemp":{"iob":0.458,"basaliob":-0.654,"bolussnooze":0.0382,"activity":0.0106,"lastBolusTime":1704129289000,"time":"2024-01-01T19:17:26.916Z"}},{"iob":0.672,"basaliob":-0.359,"bolussnooze":0.0319,"activity":0.011,"lastBolusTime":1704129289000,"time":"2024-01-01T19:22:26.916Z","iobWithZeroTemp":{"iob":0.374,"basaliob":-0.657,"bolussnooze":0.0319,"activity":0.0095,"lastBolusTime":1704129289000,"time":"2024-01-01T19:22:26.916Z"}},{"iob":0.62,"basaliob":-0.336,"bolussnooze":0.0266,"activity":0.0102,"lastBolusTime":1704129289000,"time":"2024-01-01T19:27:26.916Z","iobWithZeroTemp":{"iob":0.297,"basaliob":-0.659,"bolussnooze":0.0266,"activity":0.0084,"lastBolusTime":1704129289000,"time":"2024-01-01T19:27:26.916Z"}},{"iob":0.571,"basaliob":-0.315,"bolussnooze":0.0221,"activity":0.0095,"lastBolusTime":1704129289000,"time":"2024-01-01T19:32:26.916Z","iobWithZeroTemp":{"iob":0.224,"basaliob":-0.662,"bolussnooze":0.0221,"activity":0.0075,"lastBolusTime":1704129289000,"time":"2024-01-01T19:32:26.916Z"}},{"iob":0.525,"basaliob":-0.295,"bolussnooze":0.0183,"activity":0.0088,"lastBolusTime":1704129289000,"time":"2024-01-01T19:37:26.916Z","iobWithZeroTemp":{"iob":0.155,"basaliob":-0.665,"bolussnooze":0.0183,"activity":0.0066,"lastBolusTime":1704129289000,"time":"2024-01-01T19:37:26.916Z"}},{"iob":0.483,"basaliob":-0.276,"bolussnooze":0.0151,"activity":0.0082,"lastBolusTime":1704129289000,"time":"2024-01-01T19:42:26.916Z","iobWithZeroTemp":{"iob":0.092,"basaliob":-0.667,"bolussnooze":0.0151,"activity":0.0058,"lastBolusTime":1704129289000,"time":"2024-01-01T19:42:26.916Z"}},{"iob":0.443,"basaliob":-0.258,"bolussnooze":0.0124,"activity":0.0076,"lastBolusTime":1704129289000,"time":"2024-01-01T19:47:26.916Z","iobWithZeroTemp":{"iob":0.031,"basaliob":-0.67,"bolussnooze":0.0124,"activity":0.0049,"lastBolusTime":1704129289000,"time":"2024-01-01T19:47:26.916Z"}},{"iob":0.407,"basaliob":-0.241,"bolussnooze":0.0101,"activity":0.007,"lastBolusTime":1704129289000,"time":"2024-01-01T19:52:26.916Z","iobWithZeroTemp":{"iob":-0.024,"basaliob":-0.672,"bolussnooze":0.0101,"activity":0.0041,"lastBolusTime":1704129289000,"time":"2024-01-01T19:52:26.916Z"}},{"iob":0.373,"basaliob":-0.225,"bolussnooze":0.0083,"activity":0.0065,"lastBolusTime":1704129289000,"time":"2024-01-01T19:57:26.916Z","iobWithZeroTemp":{"iob":-0.077,"basaliob":-0.675,"bolussnooze":0.0083,"activity":0.0034,"lastBolusTime":1704129289000,"time":"2024-01-01T19:57:26.916Z"}},{"iob":0.342,"basaliob":-0.21,"bolussnooze":0.0067,"activity":0.0059,"lastBolusTime":1704129289000,"time":"2024-01-01T20:02:26.916Z","iobWithZeroTemp":{"iob":-0.125,"basaliob":-0.677,"bolussnooze":0.0067,"activity":0.0026,"lastBolusTime":1704129289000,"time":"2024-01-01T20:02:26.916Z"}},{"iob":0.313,"basaliob":-0.195,"bolussnooze":0.0054,"activity":0.0055,"lastBolusTime":1704129289000,"time":"2024-01-01T20:07:26.916Z","iobWithZeroTemp":{"iob":-0.171,"basaliob":-0.679,"bolussnooze":0.0054,"activity":0.002,"lastBolusTime":1704129289000,"time":"2024-01-01T20:07:26.916Z"}},{"iob":0.286,"basaliob":-0.182,"bolussnooze":0.0044,"activity":0.0051,"lastBolusTime":1704129289000,"time":"2024-01-01T20:12:26.916Z","iobWithZeroTemp":{"iob":-0.213,"basaliob":-0.681,"bolussnooze":0.0044,"activity":0.0014,"lastBolusTime":1704129289000,"time":"2024-01-01T20:12:26.916Z"}},{"iob":0.262,"basaliob":-0.169,"bolussnooze":0.0035,"activity":0.0047,"lastBolusTime":1704129289000,"time":"2024-01-01T20:17:26.916Z","iobWithZeroTemp":{"iob":-0.252,"basaliob":-0.683,"bolussnooze":0.0035,"activity":8.0E-4,"lastBolusTime":1704129289000,"time":"2024-01-01T20:17:26.916Z"}},{"iob":0.239,"basaliob":-0.157,"bolussnooze":0.0028,"activity":0.0044,"lastBolusTime":1704129289000,"time":"2024-01-01T20:22:26.916Z","iobWithZeroTemp":{"iob":-0.288,"basaliob":-0.684,"bolussnooze":0.0028,"activity":4.0E-4,"lastBolusTime":1704129289000,"time":"2024-01-01T20:22:26.916Z"}},{"iob":0.218,"basaliob":-0.146,"bolussnooze":0.0022,"activity":0.004,"lastBolusTime":1704129289000,"time":"2024-01-01T20:27:26.916Z","iobWithZeroTemp":{"iob":-0.322,"basaliob":-0.686,"bolussnooze":0.0022,"activity":-2.0E-4,"lastBolusTime":1704129289000,"time":"2024-01-01T20:27:26.916Z"}},{"iob":0.2,"basaliob":-0.135,"bolussnooze":0.0018,"activity":0.0037,"lastBolusTime":1704129289000,"time":"2024-01-01T20:32:26.916Z","iobWithZeroTemp":{"iob":-0.352,"basaliob":-0.687,"bolussnooze":0.0018,"activity":-6.0E-4,"lastBolusTime":1704129289000,"time":"2024-01-01T20:32:26.916Z"}},{"iob":0.182,"basaliob":-0.125,"bolussnooze":0.0014,"activity":0.0034,"lastBolusTime":1704129289000,"time":"2024-01-01T20:37:26.916Z","iobWithZeroTemp":{"iob":-0.381,"basaliob":-0.688,"bolussnooze":0.0014,"activity":-0.0011,"lastBolusTime":1704129289000,"time":"2024-01-01T20:37:26.916Z"}},{"iob":0.166,"basaliob":-0.116,"bolussnooze":0.0011,"activity":0.0031,"lastBolusTime":1704129289000,"time":"2024-01-01T20:42:26.916Z","iobWithZeroTemp":{"iob":-0.408,"basaliob":-0.69,"bolussnooze":0.0011,"activity":-0.0015,"lastBolusTime":1704129289000,"time":"2024-01-01T20:42:26.916Z"}},{"iob":0.151,"basaliob":-0.107,"bolussnooze":8.0E-4,"activity":0.0028,"lastBolusTime":1704129289000,"time":"2024-01-01T20:47:26.916Z","iobWithZeroTemp":{"iob":-0.433,"basaliob":-0.691,"bolussnooze":8.0E-4,"activity":-0.002,"lastBolusTime":1704129289000,"time":"2024-01-01T20:47:26.916Z"}},{"iob":0.137,"basaliob":-0.099,"bolussnooze":6.0E-4,"activity":0.0026,"lastBolusTime":1704129289000,"time":"2024-01-01T20:52:26.916Z","iobWithZeroTemp":{"iob":-0.456,"basaliob":-0.692,"bolussnooze":6.0E-4,"activity":-0.0023,"lastBolusTime":1704129289000,"time":"2024-01-01T20:52:26.916Z"}},{"iob":0.124,"basaliob":-0.092,"bolussnooze":4.0E-4,"activity":0.0024,"lastBolusTime":1704129289000,"time":"2024-01-01T20:57:26.916Z","iobWithZeroTemp":{"iob":-0.477,"basaliob":-0.693,"bolussnooze":4.0E-4,"activity":-0.0026,"lastBolusTime":1704129289000,"time":"2024-01-01T20:57:26.916Z"}},{"iob":0.113,"basaliob":-0.085,"bolussnooze":3.0E-4,"activity":0.0022,"lastBolusTime":1704129289000,"time":"2024-01-01T21:02:26.916Z","iobWithZeroTemp":{"iob":-0.496,"basaliob":-0.694,"bolussnooze":3.0E-4,"activity":-0.0029,"lastBolusTime":1704129289000,"time":"2024-01-01T21:02:26.916Z"}},{"iob":0.103,"basaliob":-0.078,"bolussnooze":2.0E-4,"activity":0.002,"lastBolusTime":1704129289000,"time":"2024-01-01T21:07:26.916Z","iobWithZeroTemp":{"iob":-0.514,"basaliob":-0.695,"bolussnooze":2.0E-4,"activity":-0.0032,"lastBolusTime":1704129289000,"time":"2024-01-01T21:07:26.916Z"}},{"iob":0.093,"basaliob":-0.072,"bolussnooze":2.0E-4,"activity":0.0018,"lastBolusTime":1704129289000,"time":"2024-01-01T21:12:26.916Z","iobWithZeroTemp":{"iob":-0.531,"basaliob":-0.696,"bolussnooze":2.0E-4,"activity":-0.0035,"lastBolusTime":1704129289000,"time":"2024-01-01T21:12:26.916Z"}},{"iob":0.084,"basaliob":-0.066,"bolussnooze":1.0E-4,"activity":0.0017,"lastBolusTime":1704129289000,"time":"2024-01-01T21:17:26.916Z","iobWithZeroTemp":{"iob":-0.546,"basaliob":-0.696,"bolussnooze":1.0E-4,"activity":-0.0037,"lastBolusTime":1704129289000,"time":"2024-01-01T21:17:26.916Z"}},{"iob":0.076,"basaliob":-0.061,"bolussnooze":1.0E-4,"activity":0.0016,"lastBolusTime":1704129289000,"time":"2024-01-01T21:22:26.916Z","iobWithZeroTemp":{"iob":-0.56,"basaliob":-0.697,"bolussnooze":1.0E-4,"activity":-0.0039,"lastBolusTime":1704129289000,"time":"2024-01-01T21:22:26.916Z"}},{"iob":0.069,"basaliob":-0.056,"bolussnooze":0,"activity":0.0015,"lastBolusTime":1704129289000,"time":"2024-01-01T21:27:26.916Z","iobWithZeroTemp":{"iob":-0.573,"basaliob":-0.698,"bolussnooze":0,"activity":-0.0041,"lastBolusTime":1704129289000,"time":"2024-01-01T21:27:26.916Z"}},{"iob":0.062,"basaliob":-0.052,"bolussnooze":0,"activity":0.0013,"lastBolusTime":1704129289000,"time":"2024-01-01T21:32:26.916Z","iobWithZeroTemp":{"iob":-0.585,"basaliob":-0.699,"bolussnooze":0,"activity":-0.0044,"lastBolusTime":1704129289000,"time":"2024-01-01T21:32:26.916Z"}},{"iob":0.056,"basaliob":-0.047,"bolussnooze":0,"activity":0.0012,"lastBolusTime":1704129289000,"time":"2024-01-01T21:37:26.916Z","iobWithZeroTemp":{"iob":-0.595,"basaliob":-0.698,"bolussnooze":0,"activity":-0.0046,"lastBolusTime":1704129289000,"time":"2024-01-01T21:37:26.916Z"}},{"iob":0.05,"basaliob":-0.044,"bolussnooze":0,"activity":0.0011,"lastBolusTime":1704129289000,"time":"2024-01-01T21:42:26.916Z","iobWithZeroTemp":{"iob":-0.606,"basaliob":-0.7,"bolussnooze":0,"activity":-0.0047,"lastBolusTime":1704129289000,"time":"2024-01-01T21:42:26.916Z"}},{"iob":0.045,"basaliob":-0.04,"bolussnooze":0,"activity":0.001,"lastBolusTime":1704129289000,"time":"2024-01-01T21:47:26.916Z","iobWithZeroTemp":{"iob":-0.615,"basaliob":-0.7,"bolussnooze":0,"activity":-0.0049,"lastBolusTime":1704129289000,"time":"2024-01-01T21:47:26.916Z"}},{"iob":0.04,"basaliob":-0.037,"bolussnooze":0,"activity":9.0E-4,"lastBolusTime":1704129289000,"time":"2024-01-01T21:52:26.916Z","iobWithZeroTemp":{"iob":-0.624,"basaliob":-0.701,"bolussnooze":0,"activity":-0.005,"lastBolusTime":1704129289000,"time":"2024-01-01T21:52:26.916Z"}},{"iob":0.036,"basaliob":-0.034,"bolussnooze":0,"activity":8.0E-4,"lastBolusTime":1704129289000,"time":"2024-01-01T21:57:26.916Z","iobWithZeroTemp":{"iob":-0.631,"basaliob":-0.701,"bolussnooze":0,"activity":-0.0052,"lastBolusTime":1704129289000,"time":"2024-01-01T21:57:26.916Z"}},{"iob":0.032,"basaliob":-0.031,"bolussnooze":0,"activity":8.0E-4,"lastBolusTime":1704129289000,"time":"2024-01-01T22:02:26.916Z","iobWithZeroTemp":{"iob":-0.638,"basaliob":-0.701,"bolussnooze":0,"activity":-0.0053,"lastBolusTime":1704129289000,"time":"2024-01-01T22:02:26.916Z"}},{"iob":0.029,"basaliob":-0.028,"bolussnooze":0,"activity":7.0E-4,"lastBolusTime":1704129289000,"time":"2024-01-01T22:07:26.916Z","iobWithZeroTemp":{"iob":-0.653,"basaliob":-0.71,"bolussnooze":0,"activity":-0.0054,"lastBolusTime":1704129289000,"time":"2024-01-01T22:07:26.916Z"}},{"iob":0.025,"basaliob":-0.026,"bolussnooze":0,"activity":6.0E-4,"lastBolusTime":1704129289000,"time":"2024-01-01T22:12:26.916Z","iobWithZeroTemp":{"iob":-0.663,"basaliob":-0.714,"bolussnooze":0,"activity":-0.0056,"lastBolusTime":1704129289000,"time":"2024-01-01T22:12:26.916Z"}},{"iob":0.023,"basaliob":-0.023,"bolussnooze":0,"activity":6.0E-4,"lastBolusTime":1704129289000,"time":"2024-01-01T22:17:26.916Z","iobWithZeroTemp":{"iob":-0.672,"basaliob":-0.718,"bolussnooze":0,"activity":-0.0056,"lastBolusTime":1704129289000,"time":"2024-01-01T22:17:26.916Z"}},{"iob":0.021,"basaliob":-0.021,"bolussnooze":0,"activity":5.0E-4,"lastBolusTime":1704129289000,"time":"2024-01-01T22:22:26.916Z","iobWithZeroTemp":{"iob":-0.68,"basaliob":-0.722,"bolussnooze":0,"activity":-0.0058,"lastBolusTime":1704129289000,"time":"2024-01-01T22:22:26.916Z"}},{"iob":0.018,"basaliob":-0.019,"bolussnooze":0,"activity":4.0E-4,"lastBolusTime":1704129289000,"time":"2024-01-01T22:27:26.916Z","iobWithZeroTemp":{"iob":-0.689,"basaliob":-0.726,"bolussnooze":0,"activity":-0.0059,"lastBolusTime":1704129289000,"time":"2024-01-01T22:27:26.916Z"}}],"profile":{"max_iob":7,"type":"current","max_daily_basal":0.45,"max_basal":1.35,"min_bg":81.0000000000001,"max_bg":81.0000000000001,"target_bg":81.0000000000001,"carb_ratio":11,"sens":352.8,"max_daily_safety_multiplier":3,"current_basal_safety_multiplier":4,"lgsThreshold":65,"high_temptarget_raises_sensitivity":false,"low_temptarget_lowers_sensitivity":false,"sensitivity_raises_target":true,"resistance_lowers_target":true,"adv_target_adjustments":false,"exercise_mode":false,"half_basal_exercise_target":160,"maxCOB":120,"skip_neutral_temps":false,"remainingCarbsCap":90,"enableUAM":true,"A52_risk_enable":false,"SMBInterval":4,"enableSMB_with_COB":true,"enableSMB_with_temptarget":false,"allowSMB_with_high_temptarget":true,"enableSMB_always":true,"enableSMB_after_carbs":false,"maxSMBBasalMinutes":60,"maxUAMSMBBasalMinutes":60,"bolus_increment":0.05,"carbsReqThreshold":10,"current_basal":0.4,"temptargetSet":true,"autosens_max":1.2,"autosens_min":0.8,"out_units":"mmol\/L","variable_sens":246.3,"insulinDivisor":65,"TDD":9.897594541666667},"autosens_data":{"ratio":1.3850996403019378},"meal_data":{"carbs":70,"mealCOB":16.343272108843546,"slopeFromMaxDeviation":-1.337818181818182,"slopeFromMinDeviation":1.6283333333333325,"lastBolusTime":1704129289000,"lastCarbTime":1704125623000},"microBolusAllowed":true,"currentTime":1704133949077,"flatBGsDetected":false,"tdd1D":21.848083333333335,"tdd7D":24.48151190476191,"tddLast24H":33.90933333333333,"tddLast4H":8.08,"tddLast8to4H":2.6033333333333335},"output":{"temp":"absolute","bg":71,"tick":"+7","eventualBG":176,"targetBG":81.0000000000001,"insulinReq":-0.14,"deliverAt":"2024-01-01T18:32:29.077Z","sensitivityRatio":1.3850996403019378,"variable_sens":246.3,"predBGs":{"IOB":[71,73,75,76,76,75,73,68,62,52,39,39,39],"ZT":[71,44,39,39,39,39,39,39,39,39,39,39,39,39,39,39,39,39,39,39,39,39,39,39,39,39,39,39,39,39,39,39,39,39,39,39,39,39,39,39,39,39,39,39,39,39,39,39],"COB":[71,74,78,82,86,91,95,99,103,107,110,113,116,118,120,120,121,120,119,117,114,110,105,100,95,90,86,82,79,76,73,70,68,65,63,61,60,58,56,55,54,53,52,51,50,49,48],"UAM":[71,75,79,85,93,101,110,119,128,138,147,156,165,172,180,186,192,197,201,203,205,206,206,204,202,200,197,195,193,192,190,189,187,186,185,184,183,182,181,180,180,179,179,178,178,177,177,176]},"reason":"COB: 16.3, Dev: 10.7, BGI: -1.5, ISF: 13.7, CR: 11, Target: 4.5, minPredBG 2.6, minGuardBG 3.8, IOBpredBG 2.2, COBpredBG 2.7, UAMpredBG 9.8; Eventual BG 9.8 >= 4.5,  insulinReq -0.14; setting 60m low temp of 0U\/h. ","COB":16.343272108843546,"IOB":1.477,"rate":0,"duration":60,"timestamp":"2024-01-01T18:32:29.103Z"}}