{"algorithm":"OpenAPSSMBDynamicISFPlugin","input":{"glucoseStatus":{"glucose":114,"noise":0,"delta":11,"short_avgdelta":9.78,"long_avgdelta":-0.22,"date":1704391634445},"currenttemp":{"temp":"absolute","duration":75,"rate":0,"minutesrunning":45},"iob_data":[{"iob":2.215,"basaliob":-0.695,"bolussnooze":0.2569,"activity":0.0242,"lastBolusTime":1704391369000,"time":"2024-01-04T18:07:39.771Z","iobWithZeroTemp":{"iob":2.215,"basaliob":-0.695,"bolussnooze":0.2569,"activity":0.0242,"lastBolusTime":1704391369000,"time":"2024-01-04T18:07:39.771Z"}},{"iob":2.095,"basaliob":-0.663,"bolussnooze":0.2217,"activity":0.0236,"lastBolusTime":1704391369000,"time":"2024-01-04T18:12:39.771Z","iobWithZeroTemp":{"iob":2.068,"basaliob":-0.69,"bolussnooze":0.2217,"activity":0.0236,"lastBolusTime":1704391369000,"time":"2024-01-04T18:12:39.771Z"}},{"iob":1.979,"basaliob":-0.631,"bolussnooze":0.1907,"activity":0.0229,"lastBolusTime":1704391369000,"time":"2024-01-04T18:17:39.771Z","iobWithZeroTemp":{"iob":1.919,"basaliob":-0.691,"bolussnooze":0.1907,"activity":0.0228,"lastBolusTime":1704391369000,"time":"2024-01-04T18:17:39.771Z"}},{"iob":1.866,"basaliob":-0.599,"bolussnooze":0.1636,"activity":0.0221,"lastBolusTime":1704391369000,"time":"2024-01-04T18:22:39.771Z","iobWithZeroTemp":{"iob":1.774,"basaliob":-0.691,"bolussnooze":0.1636,"activity":0.0219,"lastBolusTime":1704391369000,"time":"2024-01-04T18:22:39.771Z"}},{"iob":1.758,"basaliob":-0.568,"bolussnooze":0.1399,"activity":0.0213,"lastBolusTime":1704391369000,"time":"2024-01-04T18:27:39.771Z","iobWithZeroTemp":{"iob":1.633,"basaliob":-0.693,"bolussnooze":0.1399,"activity":0.021,"lastBolusTime":1704391369000,"time":"2024-01-04T18:27:39.771Z"}},{"iob":1.654,"basaliob":-0.537,"bolussnooze":0.1193,"activity":0.0205,"lastBolusTime":1704391369000,"time":"2024-01-04T18:32:39.771Z","iobWithZeroTemp":{"iob":1.498,"basaliob":-0.693,"bolussnooze":0.1193,"activity":0.02,"lastBolusTime":1704391369000,"time":"2024-01-04T18:32:39.771Z"}},{"iob":1.554,"basaliob":-0.507,"bolussnooze":0.1014,"activity":0.0197,"lastBolusTime":1704391369000,"time":"2024-01-04T18:37:39.771Z","iobWithZeroTemp":{"iob":1.368,"basaliob":-0.693,"bolussnooze":0.1014,"activity":0.019,"lastBolusTime":1704391369000,"time":"2024-01-04T18:37:39.771Z"}},{"iob":1.457,"basaliob":-0.479,"bolussnooze":0.086,"activity":0.0187,"lastBolusTime":1704391369000,"time":"2024-01-04T18:42:39.771Z","iobWithZeroTemp":{"iob":1.241,"basaliob":-0.695,"bolussnooze":0.086,"activity":0.0178,"lastBolusTime":1704391369000,"time":"2024-01-04T18:42:39.771Z"}},{"iob":1.366,"basaliob":-0.451,"bolussnooze":0.0727,"activity":0.0179,"lastBolusTime":1704391369000,"time":"2024-01-04T18:47:39.771Z","iobWithZeroTemp":{"iob":1.122,"basaliob":-0.695,"bolussnooze":0.0727,"activity":0.0168,"lastBolusTime":1704391369000,"time":"2024-01-04T18:47:39.771Z"}},{"iob":1.279,"basaliob":-0.424,"bolussnooze":0.0614,"activity":0.017,"lastBolusTime":1704391369000,"time":"2024-01-04T18:52:39.771Z","iobWithZeroTemp":{"iob":1.007,"basaliob":-0.696,"bolussnooze":0.0614,"activity":0.0157,"lastBolusTime":1704391369000,"time":"2024-01-04T18:52:39.771Z"}},{"iob":1.196,"basaliob":-0.399,"bolussnooze":0.0516,"activity":0.0161,"lastBolusTime":1704391369000,"time":"2024-01-04T18:57:39.771Z","iobWithZeroTemp":{"iob":0.898,"basaliob":-0.697,"bolussnooze":0.0516,"activity":0.0146,"lastBolusTime":1704391369000,"time":"2024-01-04T18:57:39.771Z"}},{"iob":1.118,"basaliob":-0.374,"bolussnooze":0.0433,"activity":0.0153,"lastBolusTime":1704391369000,"time":"2024-01-04T19:02:39.771Z","iobWithZeroTemp":{"iob":0.795,"basaliob":-0.697,"bolussnooze":0.0433,"activity":0.0135,"lastBolusTime":1704391369000,"time":"2024-01-04T19:02:39.771Z"}},{"iob":1.043,"basaliob":-0.351,"bolussnooze":0.0362,"activity":0.0144,"lastBolusTime":1704391369000,"time":"2024-01-04T19:07:39.771Z","iobWithZeroTemp":{"iob":0.696,"basaliob":-0.698,"bolussnooze":0.0362,"activity":0.0124,"lastBolusTime":1704391369000,"time":"2024-01-04T19:07:39.771Z"}},{"iob":0.973,"basaliob":-0.328,"bolussnooze":0.0302,"activity":0.0136,"lastBolusTime":1704391369000,"time":"2024-01-04T19:12:39.771Z","iobWithZeroTemp":{"iob":0.603,"basaliob":-0.698,"bolussnooze":0.0302,"activity":0.0114,"lastBolusTime":1704391369000,"time":"2024-01-04T19:12:39.771Z"}},{"iob":0.906,"basaliob":-0.307,"bolussnooze":0.0251,"activity":0.0129,"lastBolusTime":1704391369000,"time":"2024-01-04T19:17:39.771Z","iobWithZeroTemp":{"iob":0.515,"basaliob":-0.698,"bolussnooze":0.0251,"activity":0.0105,"lastBolusTime":1704391369000,"time":"2024-01-04T19:17:39.771Z"}},{"iob":0.844,"basaliob":-0.287,"bolussnooze":0.0208,"activity":0.0122,"lastBolusTime":1704391369000,"time":"2024-01-04T19:22:39.771Z","iobWithZeroTemp":{"iob":0.432,"basaliob":-0.699,"bolussnooze":0.0208,"activity":0.0095,"lastBolusTime":1704391369000,"time":"2024-01-04T19:22:39.771Z"}},{"iob":0.785,"basaliob":-0.268,"bolussnooze":0.0172,"activity":0.0114,"lastBolusTime":1704391369000,"time":"2024-01-04T19:27:39.771Z","iobWithZeroTemp":{"iob":0.354,"basaliob":-0.699,"bolussnooze":0.0172,"activity":0.0085,"lastBolusTime":1704391369000,"time":"2024-01-04T19:27:39.771Z"}},{"iob":0.729,"basaliob":-0.25,"bolussnooze":0.0142,"activity":0.0108,"lastBolusTime":1704391369000,"time":"2024-01-04T19:32:39.771Z","iobWithZeroTemp":{"iob":0.279,"basaliob":-0.7,"bolussnooze":0.0142,"activity":0.0077,"lastBolusTime":1704391369000,"time":"2024-01-04T19:32:39.771Z"}},{"iob":0.677,"basaliob":-0.233,"bolussnooze":0.0117,"activity":0.0101,"lastBolusTime":1704391369000,"time":"2024-01-04T19:37:39.771Z","iobWithZeroTemp":{"iob":0.21,"basaliob":-0.7,"bolussnooze":0.0117,"activity":0.0068,"lastBolusTime":1704391369000,"time":"2024-01-04T19:37:39.771Z"}},{"iob":0.628,"basaliob":-0.217,"bolussnooze":0.0095,"activity":0.0095,"lastBolusTime":1704391369000,"time":"2024-01-04T19:42:39.771Z","iobWithZeroTemp":{"iob":0.144,"basaliob":-0.701,"bolussnooze":0.0095,"activity":0.006,"lastBolusTime":1704391369000,"time":"2024-01-04T19:42:39.771Z"}},{"iob":0.582,"basaliob":-0.202,"bolussnooze":0.0078,"activity":0.0089,"lastBolusTime":1704391369000,"time":"2024-01-04T19:47:39.771Z","iobWithZeroTemp":{"iob":0.083,"basaliob":-0.701,"bolussnooze":0.0078,"activity":0.0052,"lastBolusTime":1704391369000,"time":"2024-01-04T19:47:39.771Z"}},{"iob":0.54,"basaliob":-0.187,"bolussnooze":0.0063,"activity":0.0082,"lastBolusTime":1704391369000,"time":"2024-01-04T19:52:39.771Z","iobWithZeroTemp":{"iob":0.026,"basaliob":-0.701,"bolussnooze":0.0063,"activity":0.0043,"lastBolusTime":1704391369000,"time":"2024-01-04T19:52:39.771Z"}},{"iob":0.5,"basaliob":-0.174,"bolussnooze":0.0051,"activity":0.0077,"lastBolusTime":1704391369000,"time":"2024-01-04T19:57:39.771Z","iobWithZeroTemp":{"iob":-0.027,"basaliob":-0.701,"bolussnooze":0.0051,"activity":0.0037,"lastBolusTime":1704391369000,"time":"2024-01-04T19:57:39.771Z"}},{"iob":0.462,"basaliob":-0.162,"bolussnooze":0.004,"activity":0.0073,"lastBolusTime":1704391369000,"time":"2024-01-04T20:02:39.771Z","iobWithZeroTemp":{"iob":-0.078,"basaliob":-0.702,"bolussnooze":0.004,"activity":0.0031,"lastBolusTime":1704391369000,"time":"2024-01-04T20:02:39.771Z"}},{"iob":0.427,"basaliob":-0.15,"bolussnooze":0.0032,"activity":0.0067,"lastBolusTime":1704391369000,"time":"2024-01-04T20:07:39.771Z","iobWithZeroTemp":{"iob":-0.125,"basaliob":-0.702,"bolussnooze":0.0032,"activity":0.0024,"lastBolusTime":1704391369000,"time":"2024-01-04T20:07:39.771Z"}},{"iob":0.394,"basaliob":-0.139,"bolussnooze":0.0025,"activity":0.0063,"lastBolusTime":1704391369000,"time":"2024-01-04T20:12:39.771Z","iobWithZeroTemp":{"iob":-0.169,"basaliob":-0.702,"bolussnooze":0.0025,"activity":0.0018,"lastBolusTime":1704391369000,"time":"2024-01-04T20:12:39.771Z"}},{"iob":0.364,"basaliob":-0.129,"bolussnooze":0.002,"activity":0.0059,"lastBolusTime":1704391369000,"time":"2024-01-04T20:17:39.771Z","iobWithZeroTemp":{"iob":-0.21,"basaliob":-0.703,"bolussnooze":0.002,"activity":0.0013,"lastBolusTime":1704391369000,"time":"2024-01-04T20:17:39.771Z"}},{"iob":0.336,"basaliob":-0.119,"bolussnooze":0.0015,"activity":0.0054,"lastBolusTime":1704391369000,"time":"2024-01-04T20:22:39.771Z","iobWithZeroTemp":{"iob":-0.248,"basaliob":-0.703,"bolussnooze":0.0015,"activity":6.0E-4,"lastBolusTime":1704391369000,"time":"2024-01-04T20:22:39.771Z"}},{"iob":0.31,"basaliob":-0.11,"bolussnooze":0.0012,"activity":0.0051,"lastBolusTime":1704391369000,"time":"2024-01-04T20:27:39.771Z","iobWithZeroTemp":{"iob":-0.283,"basaliob":-0.703,"bolussnooze":0.0012,"activity":2.0E-4,"lastBolusTime":1704391369000,"time":"2024-01-04T20:27:39.771Z"}},{"iob":0.285,"basaliob":-0.102,"bolussnooze":9.0E-4,"activity":0.0047,"lastBolusTime":1704391369000,"time":"2024-01-04T20:32:39.771Z","iobWithZeroTemp":{"iob":-0.316,"basaliob":-0.703,"bolussnooze":9.0E-4,"activity":-3.0E-4,"lastBolusTime":1704391369000,"time":"2024-01-04T20:32:39.771Z"}},{"iob":0.262,"basaliob":-0.094,"bolussnooze":6.0E-4,"activity":0.0044,"lastBolusTime":1704391369000,"time":"2024-01-04T20:37:39.771Z","iobWithZeroTemp":{"iob":-0.347,"basaliob":-0.703,"bolussnooze":6.0E-4,"activity":-7.0E-4,"lastBolusTime":1704391369000,"time":"2024-01-04T20:37:39.771Z"}},{"iob":0.241,"basaliob":-0.087,"bolussnooze":5.0E-4,"activity":0.0041,"lastBolusTime":1704391369000,"time":"2024-01-04T20:42:39.771Z","iobWithZeroTemp":{"iob":-0.376,"basaliob":-0.704,"bolussnooze":5.0E-4,"activity":-0.0011,"lastBolusTime":1704391369000,"time":"2024-01-04T20:42:39.771Z"}},{"iob":0.222,"basaliob":-0.08,"bolussnooze":3.0E-4,"activity":0.0038,"lastBolusTime":1704391369000,"time":"2024-01-04T20:47:39.771Z","iobWithZeroTemp":{"iob":-0.402,"basaliob":-0.704,"bolussnooze":3.0E-4,"activity":-0.0015,"lastBolusTime":1704391369000,"time":"2024-01-04T20:47:39.771Z"}},{"iob":0.204,"basaliob":-0.073,"bolussnooze":2.0E-4,"activity":0.0035,"lastBolusTime":1704391369000,"time":"2024-01-04T20:52:39.771Z","iobWithZeroTemp":{"iob":-0.426,"basaliob":-0.703,"bolussnooze":2.0E-4,"activity":-0.0019,"lastBolusTime":1704391369000,"time":"2024-01-04T20:52:39.771Z"}},{"iob":0.187,"basaliob":-0.068,"bolussnooze":1.0E-4,"activity":0.0032,"lastBolusTime":1704391369000,"time":"2024-01-04T20:57:39.771Z","iobWithZeroTemp":{"iob":-0.449,"basaliob":-0.704,"bolussnooze":1.0E-4,"activity":-0.0023,"lastBolusTime":1704391369000,"time":"2024-01-04T20:57:39.771Z"}},{"iob":0.172,"basaliob":-0.062,"bolussnooze":1.0E-4,"activity":0.003,"lastBolusTime":1704391369000,"time":"2024-01-04T21:02:39.771Z","iobWithZeroTemp":{"iob":-0.47,"basaliob":-0.704,"bolussnooze":1.0E-4,"activity":-0.0026,"lastBolusTime":1704391369000,"time":"2024-01-04T21:02:39.771Z"}},{"iob":0.157,"basaliob":-0.057,"bolussnooze":0,"activity":0.0027,"lastBolusTime":1704391369000,"time":"2024-01-04T21:07:39.771Z","iobWithZeroTemp":{"iob":-0.49,"basaliob":-0.704,"bolussnooze":0,"activity":-0.003,"lastBolusTime":1704391369000,"time":"2024-01-04T21:07:39.771Z"}},{"iob":0.143,"basaliob":-0.053,"bolussnooze":0,"activity":0.0025,"lastBolusTime":1704391369000,"time":"2024-01-04T21:12:39.771Z","iobWithZeroTemp":{"iob":-0.508,"basaliob":-0.704,"bolussnooze":0,"activity":-0.0033,"lastBolusTime":1704391369000,"time":"2024-01-04T21:12:39.771Z"}},{"iob":0.132,"basaliob":-0.048,"bolussnooze":0,"activity":0.0024,"lastBolusTime":1704391369000,"time":"2024-01-04T21:17:39.771Z","iobWithZeroTemp":{"iob":-0.524,"basaliob":-0.704,"bolussnooze":0,"activity":-0.0034,"lastBolusTime":1704391369000,"time":"2024-01-04T21:17:39.771Z"}},{"iob":0.121,"basaliob":-0.044,"bolussnooze":0,"activity":0.0021,"lastBolusTime":1704391369000,"time":"2024-01-04T21:22:39.771Z","iobWithZeroTemp":{"iob":-0.539,"basaliob":-0.704,"bolussnooze":0,"activity":-0.0038,"lastBolusTime":1704391369000,"time":"2024-01-04T21:22:39.771Z"}},{"iob":0.109,"basaliob":-0.041,"bolussnooze":0,"activity":0.002,"lastBolusTime":1704391369000,"time":"2024-01-04T21:27:39.771Z","iobWithZeroTemp":{"iob":-0.555,"basaliob":-0.705,"bolussnooze":0,"activity":-0.0039,"lastBolusTime":1704391369000,"time":"2024-01-04T21:27:39.771Z"}},{"iob":0.1,"basaliob":-0.037,"bolussnooze":0,"activity":0.0018,"lastBolusTime":1704391369000,"time":"2024-01-04T21:32:39.771Z","iobWithZeroTemp":{"iob":-0.567,"basaliob":-0.704,"bolussnooze":0,"activity":-0.0042,"lastBolusTime":1704391369000,"time":"2024-01-04T21:32:39.771Z"}},{"iob":0.092,"basaliob":-0.034,"bolussnooze":0,"activity":0.0017,"lastBolusTime":1704391369000,"time":"2024-01-04T21:37:39.771Z","iobWithZeroTemp":{"iob":-0.578,"basaliob":-0.704,"bolussnooze":0,"activity":-0.0044,"lastBolusTime":1704391369000,"time":"2024-01-04T21:37:39.771Z"}},{"iob":0.083,"basaliob":-0.031,"bolussnooze":0,"activity":0.0015,"lastBolusTime":1704391369000,"time":"2024-01-04T21:42:39.771Z","iobWithZeroTemp":{"iob":-0.59,"basaliob":-0.704,"bolussnooze":0,"activity":-0.0046,"lastBolusTime":1704391369000,"time":"2024-01-04T21:42:39.771Z"}},{"iob":0.076,"basaliob":-0.028,"bolussnooze":0,"activity":0.0014,"lastBolusTime":1704391369000,"time":"2024-01-04T21:47:39.771Z","iobWithZeroTemp":{"iob":-0.6,"basaliob":-0.704,"bolussnooze":0,"activity":-0.0047,"lastBolusTime":1704391369000,"time":"2024-01-04T21:47:39.771Z"}},{"iob":0.069,"basaliob":-0.026,"bolussnooze":0,"activity":0.0013,"lastBolusTime":1704391369000,"time":"2024-01-04T21:52:39.771Z","iobWithZeroTemp":{"iob":-0.61,"basaliob":-0.705,"bolussnooze":0,"activity":-0.0049,"lastBolusTime":1704391369000,"time":"2024-01-04T21:52:39.771Z"}},{"iob":0.062,"basaliob":-0.024,"bolussnooze":0,"activity":0.0012,"lastBolusTime":1704391369000,"time":"2024-01-04T21:57:39.771Z","iobWithZeroTemp":{"iob":-0.619,"basaliob":-0.705,"bolussnooze":0,"activity":-0.005,"lastBolusTime":1704391369000,"time":"2024-01-04T21:57:39.771Z"}},{"iob":0.057,"basaliob":-0.022,"bolussnooze":0,"activity":0.0011,"lastBolusTime":1704391369000,"time":"2024-01-04T22:02:39.771Z","iobWithZeroTemp":{"iob":-0.63,"basaliob":-0.709,"bolussnooze":0,"activity":-0.0052,"lastBolusTime":1704391369000,"time":"2024-01-04T22:02:39.771Z"}}],"profile":{"max_iob":7,"type":"current","max_daily_basal":0.45,"max_basal":1.35,"min_bg":81.0000000000001,"max_bg":81.0000000000001,"target_bg":81.0000000000001,"carb_ratio":11,"sens":352.8,"max_daily_safety_multiplier":3,"current_basal_safety_multiplier":4,"lgsThreshold":65,"high_temptarget_raises_sensitivity":false,"low_temptarget_lowers_sensitivity":false,"sensitivity_raises_target":true,"resistance_lowers_target":true,"adv_target_adjustments":false,"exercise_mode":false,"half_basal_exercise_target":160,"maxCOB":120,"skip_neutral_temps":false,"remainingCarbsCap":90,"enableUAM":true,"A52_risk_enable":false,"SMBInterval":4,"enableSMB_with_COB":true,"enableSMB_with_temptarget":false,"allowSMB_with_high_temptarget":true,"enableSMB_always":true,"enableSMB_after_carbs":false,"maxSMBBasalMinutes":60,"maxUAMSMBBasalMinutes":60,"bolus_increment":0.05,"carbsReqThreshold":10,"current_basal":0.4,"temptargetSet":true,"autosens_max":1.2,"autosens_min":0.8,"out_units":"mmol\/L","variable_sens":178.2,"insulinDivisor":65,"TDD":9.971261958333335},"autosens_data":{"ratio":1.1796660064846742},"meal_data":{"carbs":67,"mealCOB":40.15634580498867,"slopeFromMaxDeviation":-1.0854545454545452,"slopeFromMinDeviation":2.7065,"lastBolusTime":1704391369000,"lastCarbTime":1704387670000},"microBolusAllowed":true,"currentTime":1704391662077,"flatBGsDetected":false,"tdd1D":20.64108333333334,"tdd7D":22.492595238095245,"tddLast24H":26.53375000000002,"tddLast4H":7.65,"tddLast8to4H":5.77},"output":{"temp":"absolute","bg":114,"tick":"+11","eventualBG":354,"targetBG":81.0000000000001,"insulinReq":1.05,"deliverAt":"2024-01-04T18:07:42.077Z","sensitivityRatio":1.1796660064846742,"variable_sens":178.2,"predBGs":{"IOB":[114,121,127,131,134,135,134,132,127,120,110,98,83,67,50,39],"ZT":[114,92,68,40,39,39,39,39,39,39,39,39,39,39,39,39,39,39,39,39,39,39,39,39,39,39,39,39,39,39,39,39,39,39,39,39,39,39,39,39,39,39,39,39,39,39,39,39],"COB":[114,123,132,140,149,158,166,175,183,192,200,209,218,226,235,243,252,260,268,276,284,292,299,306,313,319,326,331,337,342,346,350,354,357,359,361,363,364,364,364,364,362,361,359,358,356,355,354],"UAM":[114,123,132,141,151,161,170,180,190,200,209,218,227,236,244,251,258,265,270,275,280,283,286,288,289,290,290,288,286,283,281,279,276,274,272,271,269,267,266,265,264,262,261,261,260,259,258,257]},"reason":"COB: 40.2, Dev: 10.4, BGI: -1.2, ISF: 9.9, CR: 11, Target: 4.5, minPredBG 14.9, minGuardBG 6.8, IOBpredBG 2.2, COBpredBG 19.7, UAMpredBG 14.3; Eventual BG 19.7 >= 4.5,  insulinReq 1.05; maxBolus 0.4; setting 60m low temp of 0U\/h. Microbolusing 0.4U. ","COB":40.15634580498867,"IOB":2.215,"units":0.4,"rate":0,"duration":60,"timestamp":"2024-01-04T18:07:42.102Z"}}