{"algorithm":"OpenAPSSMBDynamicISFPlugin","input":{"glucoseStatus":{"glucose":161,"noise":0,"delta":-7,"short_avgdelta":-6.78,"long_avgdelta":-8.8,"date":1704369131199},"currenttemp":{"temp":"absolute","duration":110,"rate":0,"minutesrunning":10},"iob_data":[{"iob":1.577,"basaliob":-0.681,"bolussnooze":0.0646,"activity":0.0204,"lastBolusTime":1704365566000,"time":"2024-01-04T11:52:35.199Z","iobWithZeroTemp":{"iob":1.577,"basaliob":-0.681,"bolussnooze":0.0646,"activity":0.0204,"lastBolusTime":1704365566000,"time":"2024-01-04T11:52:35.199Z"}},{"iob":1.478,"basaliob":-0.65,"bolussnooze":0.0546,"activity":0.0194,"lastBolusTime":1704365566000,"time":"2024-01-04T11:57:35.199Z","iobWithZeroTemp":{"iob":1.451,"basaliob":-0.677,"bolussnooze":0.0546,"activity":0.0194,"lastBolusTime":1704365566000,"time":"2024-01-04T11:57:35.199Z"}},{"iob":1.383,"basaliob":-0.619,"bolussnooze":0.046,"activity":0.0185,"lastBolusTime":1704365566000,"time":"2024-01-04T12:02:35.199Z","iobWithZeroTemp":{"iob":1.323,"basaliob":-0.679,"bolussnooze":0.046,"activity":0.0184,"lastBolusTime":1704365566000,"time":"2024-01-04T12:02:35.199Z"}},{"iob":1.293,"basaliob":-0.588,"bolussnooze":0.0386,"activity":0.0174,"lastBolusTime":1704365566000,"time":"2024-01-04T12:07:35.199Z","iobWithZeroTemp":{"iob":1.201,"basaliob":-0.68,"bolussnooze":0.0386,"activity":0.0172,"lastBolusTime":1704365566000,"time":"2024-01-04T12:07:35.199Z"}},{"iob":1.208,"basaliob":-0.557,"bolussnooze":0.0323,"activity":0.0166,"lastBolusTime":1704365566000,"time":"2024-01-04T12:12:35.199Z","iobWithZeroTemp":{"iob":1.083,"basaliob":-0.682,"bolussnooze":0.0323,"activity":0.0163,"lastBolusTime":1704365566000,"time":"2024-01-04T12:12:35.199Z"}},{"iob":1.128,"basaliob":-0.527,"bolussnooze":0.027,"activity":0.0156,"lastBolusTime":1704365566000,"time":"2024-01-04T12:17:35.199Z","iobWithZeroTemp":{"iob":0.972,"basaliob":-0.683,"bolussnooze":0.027,"activity":0.0151,"lastBolusTime":1704365566000,"time":"2024-01-04T12:17:35.199Z"}},{"iob":1.052,"basaliob":-0.498,"bolussnooze":0.0225,"activity":0.0148,"lastBolusTime":1704365566000,"time":"2024-01-04T12:22:35.199Z","iobWithZeroTemp":{"iob":0.866,"basaliob":-0.684,"bolussnooze":0.0225,"activity":0.0141,"lastBolusTime":1704365566000,"time":"2024-01-04T12:22:35.199Z"}},{"iob":0.98,"basaliob":-0.47,"bolussnooze":0.0186,"activity":0.014,"lastBolusTime":1704365566000,"time":"2024-01-04T12:27:35.199Z","iobWithZeroTemp":{"iob":0.764,"basaliob":-0.686,"bolussnooze":0.0186,"activity":0.0131,"lastBolusTime":1704365566000,"time":"2024-01-04T12:27:35.199Z"}},{"iob":0.912,"basaliob":-0.443,"bolussnooze":0.0154,"activity":0.0132,"lastBolusTime":1704365566000,"time":"2024-01-04T12:32:35.199Z","iobWithZeroTemp":{"iob":0.668,"basaliob":-0.687,"bolussnooze":0.0154,"activity":0.0121,"lastBolusTime":1704365566000,"time":"2024-01-04T12:32:35.199Z"}},{"iob":0.848,"basaliob":-0.417,"bolussnooze":0.0127,"activity":0.0124,"lastBolusTime":1704365566000,"time":"2024-01-04T12:37:35.199Z","iobWithZeroTemp":{"iob":0.576,"basaliob":-0.689,"bolussnooze":0.0127,"activity":0.0111,"lastBolusTime":1704365566000,"time":"2024-01-04T12:37:35.199Z"}},{"iob":0.788,"basaliob":-0.392,"bolussnooze":0.0104,"activity":0.0116,"lastBolusTime":1704365566000,"time":"2024-01-04T12:42:35.199Z","iobWithZeroTemp":{"iob":0.49,"basaliob":-0.69,"bolussnooze":0.0104,"activity":0.0101,"lastBolusTime":1704365566000,"time":"2024-01-04T12:42:35.199Z"}},{"iob":0.732,"basaliob":-0.368,"bolussnooze":0.0085,"activity":0.0109,"lastBolusTime":1704365566000,"time":"2024-01-04T12:47:35.199Z","iobWithZeroTemp":{"iob":0.409,"basaliob":-0.691,"bolussnooze":0.0085,"activity":0.0091,"lastBolusTime":1704365566000,"time":"2024-01-04T12:47:35.199Z"}},{"iob":0.679,"basaliob":-0.345,"bolussnooze":0.0069,"activity":0.0102,"lastBolusTime":1704365566000,"time":"2024-01-04T12:52:35.199Z","iobWithZeroTemp":{"iob":0.332,"basaliob":-0.692,"bolussnooze":0.0069,"activity":0.0082,"lastBolusTime":1704365566000,"time":"2024-01-04T12:52:35.199Z"}},{"iob":0.63,"basaliob":-0.323,"bolussnooze":0.0055,"activity":0.0095,"lastBolusTime":1704365566000,"time":"2024-01-04T12:57:35.199Z","iobWithZeroTemp":{"iob":0.26,"basaliob":-0.693,"bolussnooze":0.0055,"activity":0.0073,"lastBolusTime":1704365566000,"time":"2024-01-04T12:57:35.199Z"}},{"iob":0.584,"basaliob":-0.302,"bolussnooze":0.0044,"activity":0.0089,"lastBolusTime":1704365566000,"time":"2024-01-04T13:02:35.199Z","iobWithZeroTemp":{"iob":0.193,"basaliob":-0.693,"bolussnooze":0.0044,"activity":0.0065,"lastBolusTime":1704365566000,"time":"2024-01-04T13:02:35.199Z"}},{"iob":0.541,"basaliob":-0.282,"bolussnooze":0.0035,"activity":0.0084,"lastBolusTime":1704365566000,"time":"2024-01-04T13:07:35.199Z","iobWithZeroTemp":{"iob":0.129,"basaliob":-0.694,"bolussnooze":0.0035,"activity":0.0057,"lastBolusTime":1704365566000,"time":"2024-01-04T13:07:35.199Z"}},{"iob":0.5,"basaliob":-0.264,"bolussnooze":0.0028,"activity":0.0078,"lastBolusTime":1704365566000,"time":"2024-01-04T13:12:35.199Z","iobWithZeroTemp":{"iob":0.069,"basaliob":-0.695,"bolussnooze":0.0028,"activity":0.0049,"lastBolusTime":1704365566000,"time":"2024-01-04T13:12:35.199Z"}},{"iob":0.462,"basaliob":-0.246,"bolussnooze":0.0022,"activity":0.0073,"lastBolusTime":1704365566000,"time":"2024-01-04T13:17:35.199Z","iobWithZeroTemp":{"iob":0.012,"basaliob":-0.696,"bolussnooze":0.0022,"activity":0.0042,"lastBolusTime":1704365566000,"time":"2024-01-04T13:17:35.199Z"}},{"iob":0.427,"basaliob":-0.229,"bolussnooze":0.0017,"activity":0.0068,"lastBolusTime":1704365566000,"time":"2024-01-04T13:22:35.199Z","iobWithZeroTemp":{"iob":-0.04,"basaliob":-0.696,"bolussnooze":0.0017,"activity":0.0035,"lastBolusTime":1704365566000,"time":"2024-01-04T13:22:35.199Z"}},{"iob":0.394,"basaliob":-0.214,"bolussnooze":0.0013,"activity":0.0063,"lastBolusTime":1704365566000,"time":"2024-01-04T13:27:35.199Z","iobWithZeroTemp":{"iob":-0.09,"basaliob":-0.698,"bolussnooze":0.0013,"activity":0.0028,"lastBolusTime":1704365566000,"time":"2024-01-04T13:27:35.199Z"}},{"iob":0.364,"basaliob":-0.199,"bolussnooze":0.001,"activity":0.0059,"lastBolusTime":1704365566000,"time":"2024-01-04T13:32:35.199Z","iobWithZeroTemp":{"iob":-0.135,"basaliob":-0.698,"bolussnooze":0.001,"activity":0.0022,"lastBolusTime":1704365566000,"time":"2024-01-04T13:32:35.199Z"}},{"iob":0.335,"basaliob":-0.185,"bolussnooze":7.0E-4,"activity":0.0055,"lastBolusTime":1704365566000,"time":"2024-01-04T13:37:35.199Z","iobWithZeroTemp":{"iob":-0.179,"basaliob":-0.699,"bolussnooze":7.0E-4,"activity":0.0016,"lastBolusTime":1704365566000,"time":"2024-01-04T13:37:35.199Z"}},{"iob":0.309,"basaliob":-0.172,"bolussnooze":5.0E-4,"activity":0.0051,"lastBolusTime":1704365566000,"time":"2024-01-04T13:42:35.199Z","iobWithZeroTemp":{"iob":-0.218,"basaliob":-0.699,"bolussnooze":5.0E-4,"activity":0.0011,"lastBolusTime":1704365566000,"time":"2024-01-04T13:42:35.199Z"}},{"iob":0.285,"basaliob":-0.159,"bolussnooze":4.0E-4,"activity":0.0047,"lastBolusTime":1704365566000,"time":"2024-01-04T13:47:35.199Z","iobWithZeroTemp":{"iob":-0.255,"basaliob":-0.699,"bolussnooze":4.0E-4,"activity":5.0E-4,"lastBolusTime":1704365566000,"time":"2024-01-04T13:47:35.199Z"}},{"iob":0.262,"basaliob":-0.148,"bolussnooze":3.0E-4,"activity":0.0044,"lastBolusTime":1704365566000,"time":"2024-01-04T13:52:35.199Z","iobWithZeroTemp":{"iob":-0.29,"basaliob":-0.7,"bolussnooze":3.0E-4,"activity":1.0E-4,"lastBolusTime":1704365566000,"time":"2024-01-04T13:52:35.199Z"}},{"iob":0.241,"basaliob":-0.137,"bolussnooze":2.0E-4,"activity":0.0041,"lastBolusTime":1704365566000,"time":"2024-01-04T13:57:35.199Z","iobWithZeroTemp":{"iob":-0.322,"basaliob":-0.7,"bolussnooze":2.0E-4,"activity":-4.0E-4,"lastBolusTime":1704365566000,"time":"2024-01-04T13:57:35.199Z"}},{"iob":0.221,"basaliob":-0.127,"bolussnooze":1.0E-4,"activity":0.0037,"lastBolusTime":1704365566000,"time":"2024-01-04T14:02:35.199Z","iobWithZeroTemp":{"iob":-0.353,"basaliob":-0.701,"bolussnooze":1.0E-4,"activity":-9.0E-4,"lastBolusTime":1704365566000,"time":"2024-01-04T14:02:35.199Z"}},{"iob":0.203,"basaliob":-0.117,"bolussnooze":1.0E-4,"activity":0.0035,"lastBolusTime":1704365566000,"time":"2024-01-04T14:07:35.199Z","iobWithZeroTemp":{"iob":-0.381,"basaliob":-0.701,"bolussnooze":1.0E-4,"activity":-0.0013,"lastBolusTime":1704365566000,"time":"2024-01-04T14:07:35.199Z"}},{"iob":0.187,"basaliob":-0.108,"bolussnooze":0,"activity":0.0032,"lastBolusTime":1704365566000,"time":"2024-01-04T14:12:35.199Z","iobWithZeroTemp":{"iob":-0.406,"basaliob":-0.701,"bolussnooze":0,"activity":-0.0017,"lastBolusTime":1704365566000,"time":"2024-01-04T14:12:35.199Z"}},{"iob":0.171,"basaliob":-0.1,"bolussnooze":0,"activity":0.003,"lastBolusTime":1704365566000,"time":"2024-01-04T14:17:35.199Z","iobWithZeroTemp":{"iob":-0.43,"basaliob":-0.701,"bolussnooze":0,"activity":-0.002,"lastBolusTime":1704365566000,"time":"2024-01-04T14:17:35.199Z"}},{"iob":0.157,"basaliob":-0.092,"bolussnooze":0,"activity":0.0027,"lastBolusTime":1704365566000,"time":"2024-01-04T14:22:35.199Z","iobWithZeroTemp":{"iob":-0.452,"basaliob":-0.701,"bolussnooze":0,"activity":-0.0024,"lastBolusTime":1704365566000,"time":"2024-01-04T14:22:35.199Z"}},{"iob":0.144,"basaliob":-0.085,"bolussnooze":0,"activity":0.0025,"lastBolusTime":1704365566000,"time":"2024-01-04T14:27:35.199Z","iobWithZeroTemp":{"iob":-0.473,"basaliob":-0.702,"bolussnooze":0,"activity":-0.0027,"lastBolusTime":1704365566000,"time":"2024-01-04T14:27:35.199Z"}},{"iob":0.131,"basaliob":-0.079,"bolussnooze":0,"activity":0.0023,"lastBolusTime":1704365566000,"time":"2024-01-04T14:32:35.199Z","iobWithZeroTemp":{"iob":-0.493,"basaliob":-0.703,"bolussnooze":0,"activity":-0.003,"lastBolusTime":1704365566000,"time":"2024-01-04T14:32:35.199Z"}},{"iob":0.12,"basaliob":-0.072,"bolussnooze":0,"activity":0.0022,"lastBolusTime":1704365566000,"time":"2024-01-04T14:37:35.199Z","iobWithZeroTemp":{"iob":-0.51,"basaliob":-0.702,"bolussnooze":0,"activity":-0.0032,"lastBolusTime":1704365566000,"time":"2024-01-04T14:37:35.199Z"}},{"iob":0.109,"basaliob":-0.067,"bolussnooze":0,"activity":0.002,"lastBolusTime":1704365566000,"time":"2024-01-04T14:42:35.199Z","iobWithZeroTemp":{"iob":-0.527,"basaliob":-0.703,"bolussnooze":0,"activity":-0.0035,"lastBolusTime":1704365566000,"time":"2024-01-04T14:42:35.199Z"}},{"iob":0.1,"basaliob":-0.061,"bolussnooze":0,"activity":0.0019,"lastBolusTime":1704365566000,"time":"2024-01-04T14:47:35.199Z","iobWithZeroTemp":{"iob":-0.542,"basaliob":-0.703,"bolussnooze":0,"activity":-0.0037,"lastBolusTime":1704365566000,"time":"2024-01-04T14:47:35.199Z"}},{"iob":0.092,"basaliob":-0.056,"bolussnooze":0,"activity":0.0016,"lastBolusTime":1704365566000,"time":"2024-01-04T14:52:35.199Z","iobWithZeroTemp":{"iob":-0.555,"basaliob":-0.703,"bolussnooze":0,"activity":-0.0041,"lastBolusTime":1704365566000,"time":"2024-01-04T14:52:35.199Z"}},{"iob":0.083,"basaliob":-0.052,"bolussnooze":0,"activity":0.0015,"lastBolusTime":1704365566000,"time":"2024-01-04T14:57:35.199Z","iobWithZeroTemp":{"iob":-0.568,"basaliob":-0.703,"bolussnooze":0,"activity":-0.0043,"lastBolusTime":1704365566000,"time":"2024-01-04T14:57:35.199Z"}},{"iob":0.075,"basaliob":-0.048,"bolussnooze":0,"activity":0.0014,"lastBolusTime":1704365566000,"time":"2024-01-04T15:02:35.199Z","iobWithZeroTemp":{"iob":-0.581,"basaliob":-0.704,"bolussnooze":0,"activity":-0.0044,"lastBolusTime":1704365566000,"time":"2024-01-04T15:02:35.199Z"}},{"iob":0.069,"basaliob":-0.044,"bolussnooze":0,"activity":0.0013,"lastBolusTime":1704365566000,"time":"2024-01-04T15:07:35.199Z","iobWithZeroTemp":{"iob":-0.591,"basaliob":-0.704,"bolussnooze":0,"activity":-0.0046,"lastBolusTime":1704365566000,"time":"2024-01-04T15:07:35.199Z"}},{"iob":0.063,"basaliob":-0.04,"bolussnooze":0,"activity":0.0012,"lastBolusTime":1704365566000,"time":"2024-01-04T15:12:35.199Z","iobWithZeroTemp":{"iob":-0.601,"basaliob":-0.704,"bolussnooze":0,"activity":-0.0047,"lastBolusTime":1704365566000,"time":"2024-01-04T15:12:35.199Z"}},{"iob":0.057,"basaliob":-0.037,"bolussnooze":0,"activity":0.0011,"lastBolusTime":1704365566000,"time":"2024-01-04T15:17:35.199Z","iobWithZeroTemp":{"iob":-0.61,"basaliob":-0.704,"bolussnooze":0,"activity":-0.0049,"lastBolusTime":1704365566000,"time":"2024-01-04T15:17:35.199Z"}},{"iob":0.051,"basaliob":-0.034,"bolussnooze":0,"activity":0.001,"lastBolusTime":1704365566000,"time":"2024-01-04T15:22:35.199Z","iobWithZeroTemp":{"iob":-0.619,"basaliob":-0.704,"bolussnooze":0,"activity":-0.0051,"lastBolusTime":1704365566000,"time":"2024-01-04T15:22:35.199Z"}},{"iob":0.046,"basaliob":-0.031,"bolussnooze":0,"activity":0.001,"lastBolusTime":1704365566000,"time":"2024-01-04T15:27:35.199Z","iobWithZeroTemp":{"iob":-0.627,"basaliob":-0.704,"bolussnooze":0,"activity":-0.0051,"lastBolusTime":1704365566000,"time":"2024-01-04T15:27:35.199Z"}},{"iob":0.042,"basaliob":-0.028,"bolussnooze":0,"activity":9.0E-4,"lastBolusTime":1704365566000,"time":"2024-01-04T15:32:35.199Z","iobWithZeroTemp":{"iob":-0.634,"basaliob":-0.704,"bolussnooze":0,"activity":-0.0052,"lastBolusTime":1704365566000,"time":"2024-01-04T15:32:35.199Z"}},{"iob":0.038,"basaliob":-0.026,"bolussnooze":0,"activity":7.0E-4,"lastBolusTime":1704365566000,"time":"2024-01-04T15:37:35.199Z","iobWithZeroTemp":{"iob":-0.641,"basaliob":-0.705,"bolussnooze":0,"activity":-0.0055,"lastBolusTime":1704365566000,"time":"2024-01-04T15:37:35.199Z"}},{"iob":0.035,"basaliob":-0.023,"bolussnooze":0,"activity":7.0E-4,"lastBolusTime":1704365566000,"time":"2024-01-04T15:42:35.199Z","iobWithZeroTemp":{"iob":-0.646,"basaliob":-0.704,"bolussnooze":0,"activity":-0.0055,"lastBolusTime":1704365566000,"time":"2024-01-04T15:42:35.199Z"}},{"iob":0.032,"basaliob":-0.021,"bolussnooze":0,"activity":6.0E-4,"lastBolusTime":1704365566000,"time":"2024-01-04T15:47:35.199Z","iobWithZeroTemp":{"iob":-0.651,"basaliob":-0.704,"bolussnooze":0,"activity":-0.0057,"lastBolusTime":1704365566000,"time":"2024-01-04T15:47:35.199Z"}}],"profile":{"max_iob":7,"type":"current","max_daily_basal":0.45,"max_basal":1.35,"min_bg":81.0000000000001,"max_bg":81.0000000000001,"target_bg":81.0000000000001,"carb_ratio":11,"sens":352.8,"max_daily_safety_multiplier":3,"current_basal_safety_multiplier":4,"lgsThreshold":65,"high_temptarget_raises_sensitivity":false,"low_temptarget_lowers_sensitivity":false,"sensitivity_raises_target":true,"resistance_lowers_target":true,"adv_target_adjustments":false,"exercise_mode":false,"half_basal_exercise_target":160,"maxCOB":120,"skip_neutral_temps":false,"remainingCarbsCap":90,"enableUAM":true,"A52_risk_enable":false,"SMBInterval":4,"enableSMB_with_COB":true,"enableSMB_with_temptarget":false,"allowSMB_with_high_temptarget":true,"enableSMB_always":true,"enableSMB_after_carbs":false,"maxSMBBasalMinutes":60,"maxUAMSMBBasalMinutes":60,"bolus_increment":0.05,"carbsReqThreshold":10,"current_basal":0.4,"temptargetSet":true,"autosens_max":1.2,"autosens_min":0.8,"out_units":"mmol\/L","variable_sens":171.6,"insulinDivisor":65,"TDD":8.418248958333335},"autosens_data":{"ratio":1.098157700576592},"meal_data":{"carbs":50,"mealCOB":27.10070181405895,"slopeFromMaxDeviation":-1.4296363636363638,"slopeFromMinDeviation":1.252,"lastBolusTime":1704365566000,"lastCarbTime":1704364863000},"microBolusAllowed":true,"currentTime":1704369157567,"flatBGsDetected":false,"tdd1D":20.64108333333334,"tdd7D":22.492595238095245,"tddLast24H":24.700416666666676,"tddLast4H":5,"tddLast8to4H":4.483333333333332},"output":{"temp":"absolute","bg":161,"tick":-7,"eventualBG":297,"targetBG":81.0000000000001,"insulinReq":0,"deliverAt":"2024-01-04T11:52:37.567Z","sensitivityRatio":1.098157700576592,"variable_sens":171.6,"predBGs":{"IOB":[161,153,145,136,126,116,105,93,79,64,47,39,39],"ZT":[161,144,126,107,89,68,46,39,39,39,39,39,39,39,39,39,39,39,39,39,39,39,39,39,39,39,39,39,39,39,39,39,39,39,39,39,39,39,39,39,39,39,39,39,39,39,39,39],"COB":[161,154,148,142,138,134,131,129,128,127,127,127,128,130,132,135,138,142,146,151,156,161,167,173,179,186,193,200,207,214,221,227,234,240,245,251,256,262,266,271,275,279,283,286,289,292,295,297],"UAM":[161,153,143,132,120,107,91,74,54,39,39,39,39]},"reason":"COB: 27.1, Dev: 3.5, BGI: -1.0, ISF: 9.5, CR: 11, Target: 4.5, minPredBG -0.1, minGuardBG -5.2, IOBpredBG 2.2, COBpredBG 16.5, UAMpredBG 2.2; minGuardBG -5.2<3.6","COB":27.10070181405895,"IOB":1.577,"duration":120,"rate":0,"timestamp":"2024-01-04T11:52:37.593Z"}}