{"algorithm":"OpenAPSSMBDynamicISFPlugin","input":{"glucoseStatus":{"glucose":167,"noise":0,"delta":6,"short_avgdelta":6.44,"long_avgdelta":4.94,"date":1704413832003},"currenttemp":{"temp":"absolute","duration":60,"rate":0,"minutesrunning":0},"iob_data":[{"iob":0.946,"basaliob":-0.319,"bolussnooze":0.0019,"activity":0.0063,"lastBolusTime":1704413876000,"time":"2024-01-05T00:18:05.115Z","iobWithZeroTemp":{"iob":0.946,"basaliob":-0.319,"bolussnooze":0.0019,"activity":0.0063,"lastBolusTime":1704413876000,"time":"2024-01-05T00:18:05.115Z"}},{"iob":0.915,"basaliob":-0.294,"bolussnooze":0.0015,"activity":0.0067,"lastBolusTime":1704413876000,"time":"2024-01-05T00:23:05.115Z","iobWithZeroTemp":{"iob":0.892,"basaliob":-0.317,"bolussnooze":0.0015,"activity":0.0067,"lastBolusTime":1704413876000,"time":"2024-01-05T00:23:05.115Z"}},{"iob":0.881,"basaliob":-0.271,"bolussnooze":0.0012,"activity":0.007,"lastBolusTime":1704413876000,"time":"2024-01-05T00:28:05.115Z","iobWithZeroTemp":{"iob":0.829,"basaliob":-0.323,"bolussnooze":0.0012,"activity":0.0069,"lastBolusTime":1704413876000,"time":"2024-01-05T00:28:05.115Z"}},{"iob":0.845,"basaliob":-0.25,"bolussnooze":9.0E-4,"activity":0.0072,"lastBolusTime":1704413876000,"time":"2024-01-05T00:33:05.115Z","iobWithZeroTemp":{"iob":0.764,"basaliob":-0.331,"bolussnooze":9.0E-4,"activity":0.007,"lastBolusTime":1704413876000,"time":"2024-01-05T00:33:05.115Z"}},{"iob":0.808,"basaliob":-0.231,"bolussnooze":7.0E-4,"activity":0.0072,"lastBolusTime":1704413876000,"time":"2024-01-05T00:38:05.115Z","iobWithZeroTemp":{"iob":0.699,"basaliob":-0.34,"bolussnooze":7.0E-4,"activity":0.0069,"lastBolusTime":1704413876000,"time":"2024-01-05T00:38:05.115Z"}},{"iob":0.772,"basaliob":-0.213,"bolussnooze":5.0E-4,"activity":0.0073,"lastBolusTime":1704413876000,"time":"2024-01-05T00:43:05.115Z","iobWithZeroTemp":{"iob":0.636,"basaliob":-0.349,"bolussnooze":5.0E-4,"activity":0.0069,"lastBolusTime":1704413876000,"time":"2024-01-05T00:43:05.115Z"}},{"iob":0.735,"basaliob":-0.196,"bolussnooze":4.0E-4,"activity":0.0073,"lastBolusTime":1704413876000,"time":"2024-01-05T00:48:05.115Z","iobWithZeroTemp":{"iob":0.572,"basaliob":-0.359,"bolussnooze":4.0E-4,"activity":0.0067,"lastBolusTime":1704413876000,"time":"2024-01-05T00:48:05.115Z"}},{"iob":0.699,"basaliob":-0.181,"bolussnooze":3.0E-4,"activity":0.0072,"lastBolusTime":1704413876000,"time":"2024-01-05T00:53:05.115Z","iobWithZeroTemp":{"iob":0.51,"basaliob":-0.37,"bolussnooze":3.0E-4,"activity":0.0064,"lastBolusTime":1704413876000,"time":"2024-01-05T00:53:05.115Z"}},{"iob":0.663,"basaliob":-0.166,"bolussnooze":2.0E-4,"activity":0.0071,"lastBolusTime":1704413876000,"time":"2024-01-05T00:58:05.115Z","iobWithZeroTemp":{"iob":0.449,"basaliob":-0.38,"bolussnooze":2.0E-4,"activity":0.0061,"lastBolusTime":1704413876000,"time":"2024-01-05T00:58:05.115Z"}},{"iob":0.628,"basaliob":-0.153,"bolussnooze":1.0E-4,"activity":0.0069,"lastBolusTime":1704413876000,"time":"2024-01-05T01:03:05.115Z","iobWithZeroTemp":{"iob":0.397,"basaliob":-0.384,"bolussnooze":1.0E-4,"activity":0.0058,"lastBolusTime":1704413876000,"time":"2024-01-05T01:03:05.115Z"}},{"iob":0.594,"basaliob":-0.14,"bolussnooze":1.0E-4,"activity":0.0067,"lastBolusTime":1704413876000,"time":"2024-01-05T01:08:05.115Z","iobWithZeroTemp":{"iob":0.346,"basaliob":-0.388,"bolussnooze":1.0E-4,"activity":0.0054,"lastBolusTime":1704413876000,"time":"2024-01-05T01:08:05.115Z"}},{"iob":0.561,"basaliob":-0.129,"bolussnooze":1.0E-4,"activity":0.0065,"lastBolusTime":1704413876000,"time":"2024-01-05T01:13:05.115Z","iobWithZeroTemp":{"iob":0.298,"basaliob":-0.392,"bolussnooze":1.0E-4,"activity":0.005,"lastBolusTime":1704413876000,"time":"2024-01-05T01:13:05.115Z"}},{"iob":0.529,"basaliob":-0.118,"bolussnooze":0,"activity":0.0063,"lastBolusTime":1704413876000,"time":"2024-01-05T01:18:05.115Z","iobWithZeroTemp":{"iob":0.251,"basaliob":-0.396,"bolussnooze":0,"activity":0.0046,"lastBolusTime":1704413876000,"time":"2024-01-05T01:18:05.115Z"}},{"iob":0.497,"basaliob":-0.109,"bolussnooze":0,"activity":0.0061,"lastBolusTime":1704413876000,"time":"2024-01-05T01:23:05.115Z","iobWithZeroTemp":{"iob":0.205,"basaliob":-0.401,"bolussnooze":0,"activity":0.0043,"lastBolusTime":1704413876000,"time":"2024-01-05T01:23:05.115Z"}},{"iob":0.469,"basaliob":-0.099,"bolussnooze":0,"activity":0.0059,"lastBolusTime":1704413876000,"time":"2024-01-05T01:28:05.115Z","iobWithZeroTemp":{"iob":0.164,"basaliob":-0.404,"bolussnooze":0,"activity":0.0039,"lastBolusTime":1704413876000,"time":"2024-01-05T01:28:05.115Z"}},{"iob":0.44,"basaliob":-0.091,"bolussnooze":0,"activity":0.0056,"lastBolusTime":1704413876000,"time":"2024-01-05T01:33:05.115Z","iobWithZeroTemp":{"iob":0.123,"basaliob":-0.408,"bolussnooze":0,"activity":0.0034,"lastBolusTime":1704413876000,"time":"2024-01-05T01:33:05.115Z"}},{"iob":0.413,"basaliob":-0.083,"bolussnooze":0,"activity":0.0053,"lastBolusTime":1704413876000,"time":"2024-01-05T01:38:05.115Z","iobWithZeroTemp":{"iob":0.085,"basaliob":-0.411,"bolussnooze":0,"activity":0.003,"lastBolusTime":1704413876000,"time":"2024-01-05T01:38:05.115Z"}},{"iob":0.387,"basaliob":-0.076,"bolussnooze":0,"activity":0.005,"lastBolusTime":1704413876000,"time":"2024-01-05T01:43:05.115Z","iobWithZeroTemp":{"iob":0.048,"basaliob":-0.415,"bolussnooze":0,"activity":0.0026,"lastBolusTime":1704413876000,"time":"2024-01-05T01:43:05.115Z"}},{"iob":0.361,"basaliob":-0.07,"bolussnooze":0,"activity":0.0048,"lastBolusTime":1704413876000,"time":"2024-01-05T01:48:05.115Z","iobWithZeroTemp":{"iob":0.012,"basaliob":-0.419,"bolussnooze":0,"activity":0.0022,"lastBolusTime":1704413876000,"time":"2024-01-05T01:48:05.115Z"}},{"iob":0.338,"basaliob":-0.064,"bolussnooze":0,"activity":0.0045,"lastBolusTime":1704413876000,"time":"2024-01-05T01:53:05.115Z","iobWithZeroTemp":{"iob":-0.02,"basaliob":-0.422,"bolussnooze":0,"activity":0.0018,"lastBolusTime":1704413876000,"time":"2024-01-05T01:53:05.115Z"}},{"iob":0.316,"basaliob":-0.058,"bolussnooze":0,"activity":0.0043,"lastBolusTime":1704413876000,"time":"2024-01-05T01:58:05.115Z","iobWithZeroTemp":{"iob":-0.051,"basaliob":-0.425,"bolussnooze":0,"activity":0.0015,"lastBolusTime":1704413876000,"time":"2024-01-05T01:58:05.115Z"}},{"iob":0.295,"basaliob":-0.053,"bolussnooze":0,"activity":0.0041,"lastBolusTime":1704413876000,"time":"2024-01-05T02:03:05.115Z","iobWithZeroTemp":{"iob":-0.08,"basaliob":-0.428,"bolussnooze":0,"activity":0.0012,"lastBolusTime":1704413876000,"time":"2024-01-05T02:03:05.115Z"}},{"iob":0.275,"basaliob":-0.048,"bolussnooze":0,"activity":0.0039,"lastBolusTime":1704413876000,"time":"2024-01-05T02:08:05.115Z","iobWithZeroTemp":{"iob":-0.108,"basaliob":-0.431,"bolussnooze":0,"activity":9.0E-4,"lastBolusTime":1704413876000,"time":"2024-01-05T02:08:05.115Z"}},{"iob":0.256,"basaliob":-0.044,"bolussnooze":0,"activity":0.0037,"lastBolusTime":1704413876000,"time":"2024-01-05T02:13:05.115Z","iobWithZeroTemp":{"iob":-0.134,"basaliob":-0.434,"bolussnooze":0,"activity":6.0E-4,"lastBolusTime":1704413876000,"time":"2024-01-05T02:13:05.115Z"}},{"iob":0.238,"basaliob":-0.04,"bolussnooze":0,"activity":0.0034,"lastBolusTime":1704413876000,"time":"2024-01-05T02:18:05.115Z","iobWithZeroTemp":{"iob":-0.159,"basaliob":-0.437,"bolussnooze":0,"activity":2.0E-4,"lastBolusTime":1704413876000,"time":"2024-01-05T02:18:05.115Z"}},{"iob":0.222,"basaliob":-0.036,"bolussnooze":0,"activity":0.0032,"lastBolusTime":1704413876000,"time":"2024-01-05T02:23:05.115Z","iobWithZeroTemp":{"iob":-0.181,"basaliob":-0.439,"bolussnooze":0,"activity":-1.0E-4,"lastBolusTime":1704413876000,"time":"2024-01-05T02:23:05.115Z"}},{"iob":0.206,"basaliob":-0.033,"bolussnooze":0,"activity":0.0031,"lastBolusTime":1704413876000,"time":"2024-01-05T02:28:05.115Z","iobWithZeroTemp":{"iob":-0.202,"basaliob":-0.441,"bolussnooze":0,"activity":-3.0E-4,"lastBolusTime":1704413876000,"time":"2024-01-05T02:28:05.115Z"}},{"iob":0.191,"basaliob":-0.03,"bolussnooze":0,"activity":0.0028,"lastBolusTime":1704413876000,"time":"2024-01-05T02:33:05.115Z","iobWithZeroTemp":{"iob":-0.223,"basaliob":-0.444,"bolussnooze":0,"activity":-7.0E-4,"lastBolusTime":1704413876000,"time":"2024-01-05T02:33:05.115Z"}},{"iob":0.178,"basaliob":-0.027,"bolussnooze":0,"activity":0.0027,"lastBolusTime":1704413876000,"time":"2024-01-05T02:38:05.115Z","iobWithZeroTemp":{"iob":-0.241,"basaliob":-0.446,"bolussnooze":0,"activity":-9.0E-4,"lastBolusTime":1704413876000,"time":"2024-01-05T02:38:05.115Z"}},{"iob":0.164,"basaliob":-0.025,"bolussnooze":0,"activity":0.0025,"lastBolusTime":1704413876000,"time":"2024-01-05T02:43:05.115Z","iobWithZeroTemp":{"iob":-0.259,"basaliob":-0.448,"bolussnooze":0,"activity":-0.0011,"lastBolusTime":1704413876000,"time":"2024-01-05T02:43:05.115Z"}},{"iob":0.153,"basaliob":-0.022,"bolussnooze":0,"activity":0.0024,"lastBolusTime":1704413876000,"time":"2024-01-05T02:48:05.115Z","iobWithZeroTemp":{"iob":-0.275,"basaliob":-0.45,"bolussnooze":0,"activity":-0.0013,"lastBolusTime":1704413876000,"time":"2024-01-05T02:48:05.115Z"}},{"iob":0.141,"basaliob":-0.02,"bolussnooze":0,"activity":0.0022,"lastBolusTime":1704413876000,"time":"2024-01-05T02:53:05.115Z","iobWithZeroTemp":{"iob":-0.29,"basaliob":-0.451,"bolussnooze":0,"activity":-0.0015,"lastBolusTime":1704413876000,"time":"2024-01-05T02:53:05.115Z"}},{"iob":0.131,"basaliob":-0.018,"bolussnooze":0,"activity":0.002,"lastBolusTime":1704413876000,"time":"2024-01-05T02:58:05.115Z","iobWithZeroTemp":{"iob":-0.304,"basaliob":-0.453,"bolussnooze":0,"activity":-0.0018,"lastBolusTime":1704413876000,"time":"2024-01-05T02:58:05.115Z"}},{"iob":0.12,"basaliob":-0.017,"bolussnooze":0,"activity":0.0019,"lastBolusTime":1704413876000,"time":"2024-01-05T03:03:05.115Z","iobWithZeroTemp":{"iob":-0.321,"basaliob":-0.458,"bolussnooze":0,"activity":-0.002,"lastBolusTime":1704413876000,"time":"2024-01-05T03:03:05.115Z"}},{"iob":0.111,"basaliob":-0.015,"bolussnooze":0,"activity":0.0018,"lastBolusTime":1704413876000,"time":"2024-01-05T03:08:05.115Z","iobWithZeroTemp":{"iob":-0.336,"basaliob":-0.462,"bolussnooze":0,"activity":-0.0021,"lastBolusTime":1704413876000,"time":"2024-01-05T03:08:05.115Z"}},{"iob":0.103,"basaliob":-0.013,"bolussnooze":0,"activity":0.0016,"lastBolusTime":1704413876000,"time":"2024-01-05T03:13:05.115Z","iobWithZeroTemp":{"iob":-0.349,"basaliob":-0.465,"bolussnooze":0,"activity":-0.0024,"lastBolusTime":1704413876000,"time":"2024-01-05T03:13:05.115Z"}},{"iob":0.095,"basaliob":-0.012,"bolussnooze":0,"activity":0.0015,"lastBolusTime":1704413876000,"time":"2024-01-05T03:18:05.115Z","iobWithZeroTemp":{"iob":-0.362,"basaliob":-0.469,"bolussnooze":0,"activity":-0.0025,"lastBolusTime":1704413876000,"time":"2024-01-05T03:18:05.115Z"}},{"iob":0.087,"basaliob":-0.011,"bolussnooze":0,"activity":0.0015,"lastBolusTime":1704413876000,"time":"2024-01-05T03:23:05.115Z","iobWithZeroTemp":{"iob":-0.375,"basaliob":-0.473,"bolussnooze":0,"activity":-0.0026,"lastBolusTime":1704413876000,"time":"2024-01-05T03:23:05.115Z"}},{"iob":0.08,"basaliob":-0.01,"bolussnooze":0,"activity":0.0013,"lastBolusTime":1704413876000,"time":"2024-01-05T03:28:05.115Z","iobWithZeroTemp":{"iob":-0.386,"basaliob":-0.476,"bolussnooze":0,"activity":-0.0028,"lastBolusTime":1704413876000,"time":"2024-01-05T03:28:05.115Z"}},{"iob":0.074,"basaliob":-0.009,"bolussnooze":0,"activity":0.0012,"lastBolusTime":1704413876000,"time":"2024-01-05T03:33:05.115Z","iobWithZeroTemp":{"iob":-0.396,"basaliob":-0.479,"bolussnooze":0,"activity":-0.003,"lastBolusTime":1704413876000,"time":"2024-01-05T03:33:05.115Z"}},{"iob":0.068,"basaliob":-0.008,"bolussnooze":0,"activity":0.0011,"lastBolusTime":1704413876000,"time":"2024-01-05T03:38:05.115Z","iobWithZeroTemp":{"iob":-0.407,"basaliob":-0.483,"bolussnooze":0,"activity":-0.0031,"lastBolusTime":1704413876000,"time":"2024-01-05T03:38:05.115Z"}},{"iob":0.062,"basaliob":-0.007,"bolussnooze":0,"activity":0.001,"lastBolusTime":1704413876000,"time":"2024-01-05T03:43:05.115Z","iobWithZeroTemp":{"iob":-0.416,"basaliob":-0.485,"bolussnooze":0,"activity":-0.0033,"lastBolusTime":1704413876000,"time":"2024-01-05T03:43:05.115Z"}},{"iob":0.058,"basaliob":-0.006,"bolussnooze":0,"activity":0.001,"lastBolusTime":1704413876000,"time":"2024-01-05T03:48:05.115Z","iobWithZeroTemp":{"iob":-0.424,"basaliob":-0.488,"bolussnooze":0,"activity":-0.0033,"lastBolusTime":1704413876000,"time":"2024-01-05T03:48:05.115Z"}},{"iob":0.052,"basaliob":-0.006,"bolussnooze":0,"activity":9.0E-4,"lastBolusTime":1704413876000,"time":"2024-01-05T03:53:05.115Z","iobWithZeroTemp":{"iob":-0.433,"basaliob":-0.491,"bolussnooze":0,"activity":-0.0035,"lastBolusTime":1704413876000,"time":"2024-01-05T03:53:05.115Z"}},{"iob":0.048,"basaliob":-0.005,"bolussnooze":0,"activity":9.0E-4,"lastBolusTime":1704413876000,"time":"2024-01-05T03:58:05.115Z","iobWithZeroTemp":{"iob":-0.44,"basaliob":-0.493,"bolussnooze":0,"activity":-0.0035,"lastBolusTime":1704413876000,"time":"2024-01-05T03:58:05.115Z"}},{"iob":0.045,"basaliob":-0.004,"bolussnooze":0,"activity":8.0E-4,"lastBolusTime":1704413876000,"time":"2024-01-05T04:03:05.115Z","iobWithZeroTemp":{"iob":-0.455,"basaliob":-0.504,"bolussnooze":0,"activity":-0.0036,"lastBolusTime":1704413876000,"time":"2024-01-05T04:03:05.115Z"}},{"iob":0.04,"basaliob":-0.004,"bolussnooze":0,"activity":7.0E-4,"lastBolusTime":1704413876000,"time":"2024-01-05T04:08:05.115Z","iobWithZeroTemp":{"iob":-0.471,"basaliob":-0.515,"bolussnooze":0,"activity":-0.0038,"lastBolusTime":1704413876000,"time":"2024-01-05T04:08:05.115Z"}},{"iob":0.037,"basaliob":-0.003,"bolussnooze":0,"activity":6.0E-4,"lastBolusTime":1704413876000,"time":"2024-01-05T04:13:05.115Z","iobWithZeroTemp":{"iob":-0.484,"basaliob":-0.524,"bolussnooze":0,"activity":-0.004,"lastBolusTime":1704413876000,"time":"2024-01-05T04:13:05.115Z"}}],"profile":{"max_iob":7,"type":"current","max_daily_basal":0.45,"max_basal":1.35,"min_bg":81,"max_bg":81,"target_bg":81,"carb_ratio":11,"sens":369,"max_daily_safety_multiplier":3,"current_basal_safety_multiplier":4,"lgsThreshold":65,"high_temptarget_raises_sensitivity":false,"low_temptarget_lowers_sensitivity":false,"sensitivity_raises_target":true,"resistance_lowers_target":true,"adv_target_adjustments":false,"exercise_mode":false,"half_basal_exercise_target":160,"maxCOB":120,"skip_neutral_temps":false,"remainingCarbsCap":90,"enableUAM":true,"A52_risk_enable":false,"SMBInterval":4,"enableSMB_with_COB":true,"enableSMB_with_temptarget":false,"allowSMB_with_high_temptarget":true,"enableSMB_always":true,"enableSMB_after_carbs":false,"maxSMBBasalMinutes":60,"maxUAMSMBBasalMinutes":60,"bolus_increment":0.05,"carbsReqThreshold":10,"current_basal":0.35,"temptargetSet":true,"autosens_max":1.2,"autosens_min":0.8,"out_units":"mmol\/L","variable_sens":154.1,"insulinDivisor":65,"TDD":9.180472541666672},"autosens_data":{"ratio":1.1646029756280072},"meal_data":{"carbs":25,"mealCOB":2.866685305016314,"slopeFromMaxDeviation":-0.09962500000000007,"slopeFromMinDeviation":1.111,"lastBolusTime":1704413876000,"lastCarbTime":1704402868000},"microBolusAllowed":true,"currentTime":1704413886623,"flatBGsDetected":false,"tdd1D":28.050416666666692,"tdd7D":23.609261904761915,"tddLast24H":27.495416666666678,"tddLast4H":4.2975,"tddLast8to4H":5.033333333333333},"output":{"temp":"absolute","bg":167,"tick":"+6","eventualBG":194,"targetBG":81,"insulinReq":0.26,"deliverAt":"2024-01-05T00:18:06.623Z","sensitivityRatio":1.1646029756280072,"variable_sens":154.1,"predBGs":{"IOB":[167,172,176,179,181,182,182,181,180,177,174,170,165,160,155,150,146,141,137,133,129,125,121,118,114,111,108,105,102,99,96,94,91,89,87,85,83,81,79,78,76,75,74,72,71,70,69,68],"ZT":[167,162,157,151,146,140,134,128,122,117,111,106,101,96,91,87,83,80,76,74,71,69,68,66,66,65,65,66,67,68,70,71,73,76,78,81],"COB":[167,172,174,175,175,173,169,164,159,153,148,143,138,133,128,124,119,115,111,108,104,101,98,95,92,89,87,84,82,80,78,76,75,73,72,70,69,68,67,66,65,64,63,62,62,61,60],"UAM":[167,173,178,182,186,190,194,197,200,202,205,207,209,211,212,214,215,216,217,218,218,218,218,218,218,217,216,215,214,212,210,209,207,206,205,203,202,201,200,199,198,198,197,196,196,195,194]},"reason":"COB: 2.9, Dev: 3.6, BGI: -0.3, ISF: 8.6, CR: 11, Target: 4.5, minPredBG 6.7, minGuardBG 8.9, IOBpredBG 3.8, COBpredBG 3.3, UAMpredBG 10.8; Eventual BG 10.8 >= 4.5,  insulinReq 0.26; setting 30m low temp of 0U\/h. Waiting 4m 48s to microbolus again. ","COB":2.866685305016314,"IOB":0.946,"rate":0,"duration":30,"timestamp":"2024-01-05T00:18:06.661Z"}}