{"algorithm":"OpenAPSSMBDynamicISFPlugin","input":{"glucoseStatus":{"glucose":90,"noise":0,"delta":-9,"short_avgdelta":-8,"long_avgdelta":-5.86,"date":1704273726797},"currenttemp":{"temp":"absolute","duration":15,"rate":0,"minutesrunning":45},"iob_data":[{"iob":0.321,"basaliob":-0.622,"bolussnooze":0.0128,"activity":0.0065,"lastBolusTime":1704271366000,"time":"2024-01-03T09:22:48.940Z","iobWithZeroTemp":{"iob":0.321,"basaliob":-0.622,"bolussnooze":0.0128,"activity":0.0065,"lastBolusTime":1704271366000,"time":"2024-01-03T09:22:48.940Z"}},{"iob":0.29,"basaliob":-0.595,"bolussnooze":0.0104,"activity":0.0059,"lastBolusTime":1704271366000,"time":"2024-01-03T09:27:48.940Z","iobWithZeroTemp":{"iob":0.263,"basaliob":-0.622,"bolussnooze":0.0104,"activity":0.0059,"lastBolusTime":1704271366000,"time":"2024-01-03T09:27:48.940Z"}},{"iob":0.262,"basaliob":-0.568,"bolussnooze":0.0084,"activity":0.0054,"lastBolusTime":1704271366000,"time":"2024-01-03T09:32:48.940Z","iobWithZeroTemp":{"iob":0.202,"basaliob":-0.628,"bolussnooze":0.0084,"activity":0.0053,"lastBolusTime":1704271366000,"time":"2024-01-03T09:32:48.940Z"}},{"iob":0.237,"basaliob":-0.541,"bolussnooze":0.0067,"activity":0.0049,"lastBolusTime":1704271366000,"time":"2024-01-03T09:37:48.940Z","iobWithZeroTemp":{"iob":0.145,"basaliob":-0.633,"bolussnooze":0.0067,"activity":0.0047,"lastBolusTime":1704271366000,"time":"2024-01-03T09:37:48.940Z"}},{"iob":0.214,"basaliob":-0.514,"bolussnooze":0.0054,"activity":0.0044,"lastBolusTime":1704271366000,"time":"2024-01-03T09:42:48.940Z","iobWithZeroTemp":{"iob":0.089,"basaliob":-0.639,"bolussnooze":0.0054,"activity":0.0041,"lastBolusTime":1704271366000,"time":"2024-01-03T09:42:48.940Z"}},{"iob":0.192,"basaliob":-0.488,"bolussnooze":0.0042,"activity":0.004,"lastBolusTime":1704271366000,"time":"2024-01-03T09:47:48.940Z","iobWithZeroTemp":{"iob":0.036,"basaliob":-0.644,"bolussnooze":0.0042,"activity":0.0035,"lastBolusTime":1704271366000,"time":"2024-01-03T09:47:48.940Z"}},{"iob":0.173,"basaliob":-0.462,"bolussnooze":0.0033,"activity":0.0037,"lastBolusTime":1704271366000,"time":"2024-01-03T09:52:48.940Z","iobWithZeroTemp":{"iob":-0.013,"basaliob":-0.648,"bolussnooze":0.0033,"activity":0.003,"lastBolusTime":1704271366000,"time":"2024-01-03T09:52:48.940Z"}},{"iob":0.156,"basaliob":-0.437,"bolussnooze":0.0026,"activity":0.0033,"lastBolusTime":1704271366000,"time":"2024-01-03T09:57:48.940Z","iobWithZeroTemp":{"iob":-0.06,"basaliob":-0.653,"bolussnooze":0.0026,"activity":0.0024,"lastBolusTime":1704271366000,"time":"2024-01-03T09:57:48.940Z"}},{"iob":0.14,"basaliob":-0.412,"bolussnooze":0.002,"activity":0.003,"lastBolusTime":1704271366000,"time":"2024-01-03T10:02:48.940Z","iobWithZeroTemp":{"iob":-0.104,"basaliob":-0.656,"bolussnooze":0.002,"activity":0.0019,"lastBolusTime":1704271366000,"time":"2024-01-03T10:02:48.940Z"}},{"iob":0.125,"basaliob":-0.389,"bolussnooze":0.0015,"activity":0.0028,"lastBolusTime":1704271366000,"time":"2024-01-03T10:07:48.940Z","iobWithZeroTemp":{"iob":-0.147,"basaliob":-0.661,"bolussnooze":0.0015,"activity":0.0015,"lastBolusTime":1704271366000,"time":"2024-01-03T10:07:48.940Z"}},{"iob":0.113,"basaliob":-0.366,"bolussnooze":0.0011,"activity":0.0024,"lastBolusTime":1704271366000,"time":"2024-01-03T10:12:48.940Z","iobWithZeroTemp":{"iob":-0.185,"basaliob":-0.664,"bolussnooze":0.0011,"activity":9.0E-4,"lastBolusTime":1704271366000,"time":"2024-01-03T10:12:48.940Z"}},{"iob":0.101,"basaliob":-0.344,"bolussnooze":8.0E-4,"activity":0.0022,"lastBolusTime":1704271366000,"time":"2024-01-03T10:17:48.940Z","iobWithZeroTemp":{"iob":-0.222,"basaliob":-0.667,"bolussnooze":8.0E-4,"activity":4.0E-4,"lastBolusTime":1704271366000,"time":"2024-01-03T10:17:48.940Z"}},{"iob":0.09,"basaliob":-0.323,"bolussnooze":6.0E-4,"activity":0.002,"lastBolusTime":1704271366000,"time":"2024-01-03T10:22:48.940Z","iobWithZeroTemp":{"iob":-0.257,"basaliob":-0.67,"bolussnooze":6.0E-4,"activity":0,"lastBolusTime":1704271366000,"time":"2024-01-03T10:22:48.940Z"}},{"iob":0.081,"basaliob":-0.303,"bolussnooze":4.0E-4,"activity":0.0018,"lastBolusTime":1704271366000,"time":"2024-01-03T10:27:48.940Z","iobWithZeroTemp":{"iob":-0.289,"basaliob":-0.673,"bolussnooze":4.0E-4,"activity":-4.0E-4,"lastBolusTime":1704271366000,"time":"2024-01-03T10:27:48.940Z"}},{"iob":0.072,"basaliob":-0.284,"bolussnooze":3.0E-4,"activity":0.0017,"lastBolusTime":1704271366000,"time":"2024-01-03T10:32:48.940Z","iobWithZeroTemp":{"iob":-0.319,"basaliob":-0.675,"bolussnooze":3.0E-4,"activity":-7.0E-4,"lastBolusTime":1704271366000,"time":"2024-01-03T10:32:48.940Z"}},{"iob":0.064,"basaliob":-0.266,"bolussnooze":2.0E-4,"activity":0.0015,"lastBolusTime":1704271366000,"time":"2024-01-03T10:37:48.940Z","iobWithZeroTemp":{"iob":-0.348,"basaliob":-0.678,"bolussnooze":2.0E-4,"activity":-0.0012,"lastBolusTime":1704271366000,"time":"2024-01-03T10:37:48.940Z"}},{"iob":0.057,"basaliob":-0.248,"bolussnooze":1.0E-4,"activity":0.0013,"lastBolusTime":1704271366000,"time":"2024-01-03T10:42:48.940Z","iobWithZeroTemp":{"iob":-0.374,"basaliob":-0.679,"bolussnooze":1.0E-4,"activity":-0.0016,"lastBolusTime":1704271366000,"time":"2024-01-03T10:42:48.940Z"}},{"iob":0.051,"basaliob":-0.232,"bolussnooze":0,"activity":0.0012,"lastBolusTime":1704271366000,"time":"2024-01-03T10:47:48.940Z","iobWithZeroTemp":{"iob":-0.399,"basaliob":-0.682,"bolussnooze":0,"activity":-0.0019,"lastBolusTime":1704271366000,"time":"2024-01-03T10:47:48.940Z"}},{"iob":0.044,"basaliob":-0.217,"bolussnooze":0,"activity":0.0011,"lastBolusTime":1704271366000,"time":"2024-01-03T10:52:48.940Z","iobWithZeroTemp":{"iob":-0.423,"basaliob":-0.684,"bolussnooze":0,"activity":-0.0022,"lastBolusTime":1704271366000,"time":"2024-01-03T10:52:48.940Z"}},{"iob":0.039,"basaliob":-0.202,"bolussnooze":0,"activity":0.001,"lastBolusTime":1704271366000,"time":"2024-01-03T10:57:48.940Z","iobWithZeroTemp":{"iob":-0.445,"basaliob":-0.686,"bolussnooze":0,"activity":-0.0025,"lastBolusTime":1704271366000,"time":"2024-01-03T10:57:48.940Z"}},{"iob":0.035,"basaliob":-0.188,"bolussnooze":0,"activity":9.0E-4,"lastBolusTime":1704271366000,"time":"2024-01-03T11:02:48.940Z","iobWithZeroTemp":{"iob":-0.464,"basaliob":-0.687,"bolussnooze":0,"activity":-0.0028,"lastBolusTime":1704271366000,"time":"2024-01-03T11:02:48.940Z"}},{"iob":0.031,"basaliob":-0.175,"bolussnooze":0,"activity":8.0E-4,"lastBolusTime":1704271366000,"time":"2024-01-03T11:07:48.940Z","iobWithZeroTemp":{"iob":-0.483,"basaliob":-0.689,"bolussnooze":0,"activity":-0.0031,"lastBolusTime":1704271366000,"time":"2024-01-03T11:07:48.940Z"}},{"iob":0.027,"basaliob":-0.163,"bolussnooze":0,"activity":7.0E-4,"lastBolusTime":1704271366000,"time":"2024-01-03T11:12:48.940Z","iobWithZeroTemp":{"iob":-0.5,"basaliob":-0.69,"bolussnooze":0,"activity":-0.0033,"lastBolusTime":1704271366000,"time":"2024-01-03T11:12:48.940Z"}},{"iob":0.024,"basaliob":-0.151,"bolussnooze":0,"activity":7.0E-4,"lastBolusTime":1704271366000,"time":"2024-01-03T11:17:48.940Z","iobWithZeroTemp":{"iob":-0.516,"basaliob":-0.691,"bolussnooze":0,"activity":-0.0035,"lastBolusTime":1704271366000,"time":"2024-01-03T11:17:48.940Z"}},{"iob":0.02,"basaliob":-0.141,"bolussnooze":0,"activity":6.0E-4,"lastBolusTime":1704271366000,"time":"2024-01-03T11:22:48.940Z","iobWithZeroTemp":{"iob":-0.532,"basaliob":-0.693,"bolussnooze":0,"activity":-0.0037,"lastBolusTime":1704271366000,"time":"2024-01-03T11:22:48.940Z"}},{"iob":0.018,"basaliob":-0.13,"bolussnooze":0,"activity":5.0E-4,"lastBolusTime":1704271366000,"time":"2024-01-03T11:27:48.940Z","iobWithZeroTemp":{"iob":-0.545,"basaliob":-0.693,"bolussnooze":0,"activity":-0.004,"lastBolusTime":1704271366000,"time":"2024-01-03T11:27:48.940Z"}},{"iob":0.015,"basaliob":-0.121,"bolussnooze":0,"activity":5.0E-4,"lastBolusTime":1704271366000,"time":"2024-01-03T11:32:48.940Z","iobWithZeroTemp":{"iob":-0.559,"basaliob":-0.695,"bolussnooze":0,"activity":-0.0041,"lastBolusTime":1704271366000,"time":"2024-01-03T11:32:48.940Z"}},{"iob":0.013,"basaliob":-0.112,"bolussnooze":0,"activity":4.0E-4,"lastBolusTime":1704271366000,"time":"2024-01-03T11:37:48.940Z","iobWithZeroTemp":{"iob":-0.571,"basaliob":-0.696,"bolussnooze":0,"activity":-0.0044,"lastBolusTime":1704271366000,"time":"2024-01-03T11:37:48.940Z"}},{"iob":0.011,"basaliob":-0.104,"bolussnooze":0,"activity":4.0E-4,"lastBolusTime":1704271366000,"time":"2024-01-03T11:42:48.940Z","iobWithZeroTemp":{"iob":-0.582,"basaliob":-0.697,"bolussnooze":0,"activity":-0.0045,"lastBolusTime":1704271366000,"time":"2024-01-03T11:42:48.940Z"}},{"iob":0.009,"basaliob":-0.096,"bolussnooze":0,"activity":3.0E-4,"lastBolusTime":1704271366000,"time":"2024-01-03T11:47:48.940Z","iobWithZeroTemp":{"iob":-0.592,"basaliob":-0.697,"bolussnooze":0,"activity":-0.0047,"lastBolusTime":1704271366000,"time":"2024-01-03T11:47:48.940Z"}},{"iob":0.007,"basaliob":-0.089,"bolussnooze":0,"activity":3.0E-4,"lastBolusTime":1704271366000,"time":"2024-01-03T11:52:48.940Z","iobWithZeroTemp":{"iob":-0.602,"basaliob":-0.698,"bolussnooze":0,"activity":-0.0048,"lastBolusTime":1704271366000,"time":"2024-01-03T11:52:48.940Z"}},{"iob":0.006,"basaliob":-0.082,"bolussnooze":0,"activity":3.0E-4,"lastBolusTime":1704271366000,"time":"2024-01-03T11:57:48.940Z","iobWithZeroTemp":{"iob":-0.611,"basaliob":-0.699,"bolussnooze":0,"activity":-0.0049,"lastBolusTime":1704271366000,"time":"2024-01-03T11:57:48.940Z"}},{"iob":0.005,"basaliob":-0.076,"bolussnooze":0,"activity":2.0E-4,"lastBolusTime":1704271366000,"time":"2024-01-03T12:02:48.940Z","iobWithZeroTemp":{"iob":-0.619,"basaliob":-0.7,"bolussnooze":0,"activity":-0.0051,"lastBolusTime":1704271366000,"time":"2024-01-03T12:02:48.940Z"}},{"iob":0.004,"basaliob":-0.07,"bolussnooze":0,"activity":2.0E-4,"lastBolusTime":1704271366000,"time":"2024-01-03T12:07:48.940Z","iobWithZeroTemp":{"iob":-0.626,"basaliob":-0.7,"bolussnooze":0,"activity":-0.0052,"lastBolusTime":1704271366000,"time":"2024-01-03T12:07:48.940Z"}},{"iob":0.003,"basaliob":-0.064,"bolussnooze":0,"activity":1.0E-4,"lastBolusTime":1704271366000,"time":"2024-01-03T12:12:48.940Z","iobWithZeroTemp":{"iob":-0.633,"basaliob":-0.7,"bolussnooze":0,"activity":-0.0054,"lastBolusTime":1704271366000,"time":"2024-01-03T12:12:48.940Z"}},{"iob":0.003,"basaliob":-0.059,"bolussnooze":0,"activity":1.0E-4,"lastBolusTime":1704271366000,"time":"2024-01-03T12:17:48.940Z","iobWithZeroTemp":{"iob":-0.639,"basaliob":-0.701,"bolussnooze":0,"activity":-0.0055,"lastBolusTime":1704271366000,"time":"2024-01-03T12:17:48.940Z"}},{"iob":0.002,"basaliob":-0.054,"bolussnooze":0,"activity":1.0E-4,"lastBolusTime":1704271366000,"time":"2024-01-03T12:22:48.940Z","iobWithZeroTemp":{"iob":-0.645,"basaliob":-0.701,"bolussnooze":0,"activity":-0.0056,"lastBolusTime":1704271366000,"time":"2024-01-03T12:22:48.940Z"}},{"iob":0.001,"basaliob":-0.05,"bolussnooze":0,"activity":2.0E-4,"lastBolusTime":1704271366000,"time":"2024-01-03T12:27:48.940Z","iobWithZeroTemp":{"iob":-0.65,"basaliob":-0.701,"bolussnooze":0,"activity":-0.0056,"lastBolusTime":1704271366000,"time":"2024-01-03T12:27:48.940Z"}},{"iob":0.001,"basaliob":-0.046,"bolussnooze":0,"activity":1.0E-4,"lastBolusTime":1704271366000,"time":"2024-01-03T12:32:48.940Z","iobWithZeroTemp":{"iob":-0.655,"basaliob":-0.702,"bolussnooze":0,"activity":-0.0057,"lastBolusTime":1704271366000,"time":"2024-01-03T12:32:48.940Z"}},{"iob":0,"basaliob":-0.042,"bolussnooze":0,"activity":1.0E-4,"lastBolusTime":1704271366000,"time":"2024-01-03T12:37:48.940Z","iobWithZeroTemp":{"iob":-0.66,"basaliob":-0.702,"bolussnooze":0,"activity":-0.0058,"lastBolusTime":1704271366000,"time":"2024-01-03T12:37:48.940Z"}},{"iob":0,"basaliob":-0.039,"bolussnooze":0,"activity":0,"lastBolusTime":1704271366000,"time":"2024-01-03T12:42:48.940Z","iobWithZeroTemp":{"iob":-0.664,"basaliob":-0.703,"bolussnooze":0,"activity":-0.0059,"lastBolusTime":1704271366000,"time":"2024-01-03T12:42:48.940Z"}},{"iob":-0.001,"basaliob":-0.036,"bolussnooze":0,"activity":1.0E-4,"lastBolusTime":1704271366000,"time":"2024-01-03T12:47:48.940Z","iobWithZeroTemp":{"iob":-0.668,"basaliob":-0.703,"bolussnooze":0,"activity":-0.0059,"lastBolusTime":1704271366000,"time":"2024-01-03T12:47:48.940Z"}},{"iob":-0.001,"basaliob":-0.033,"bolussnooze":0,"activity":0,"lastBolusTime":1704271366000,"time":"2024-01-03T12:52:48.940Z","iobWithZeroTemp":{"iob":-0.671,"basaliob":-0.703,"bolussnooze":0,"activity":-0.0061,"lastBolusTime":1704271366000,"time":"2024-01-03T12:52:48.940Z"}},{"iob":-0.001,"basaliob":-0.03,"bolussnooze":0,"activity":1.0E-4,"lastBolusTime":1704271366000,"time":"2024-01-03T12:57:48.940Z","iobWithZeroTemp":{"iob":-0.674,"basaliob":-0.703,"bolussnooze":0,"activity":-0.006,"lastBolusTime":1704271366000,"time":"2024-01-03T12:57:48.940Z"}},{"iob":-0.001,"basaliob":-0.027,"bolussnooze":0,"activity":0,"lastBolusTime":1704271366000,"time":"2024-01-03T13:02:48.940Z","iobWithZeroTemp":{"iob":-0.677,"basaliob":-0.703,"bolussnooze":0,"activity":-0.0061,"lastBolusTime":1704271366000,"time":"2024-01-03T13:02:48.940Z"}},{"iob":-0.001,"basaliob":-0.025,"bolussnooze":0,"activity":1.0E-4,"lastBolusTime":1704271366000,"time":"2024-01-03T13:07:48.940Z","iobWithZeroTemp":{"iob":-0.679,"basaliob":-0.703,"bolussnooze":0,"activity":-0.0061,"lastBolusTime":1704271366000,"time":"2024-01-03T13:07:48.940Z"}},{"iob":-0.002,"basaliob":-0.023,"bolussnooze":0,"activity":0,"lastBolusTime":1704271366000,"time":"2024-01-03T13:12:48.940Z","iobWithZeroTemp":{"iob":-0.683,"basaliob":-0.704,"bolussnooze":0,"activity":-0.0062,"lastBolusTime":1704271366000,"time":"2024-01-03T13:12:48.940Z"}},{"iob":-0.002,"basaliob":-0.021,"bolussnooze":0,"activity":0,"lastBolusTime":1704271366000,"time":"2024-01-03T13:17:48.940Z","iobWithZeroTemp":{"iob":-0.685,"basaliob":-0.704,"bolussnooze":0,"activity":-0.0063,"lastBolusTime":1704271366000,"time":"2024-01-03T13:17:48.940Z"}}],"profile":{"max_iob":7,"type":"current","max_daily_basal":0.45,"max_basal":1.35,"min_bg":143.99999999999991,"max_bg":143.99999999999991,"target_bg":143.99999999999991,"carb_ratio":11,"sens":352.8,"max_daily_safety_multiplier":3,"current_basal_safety_multiplier":4,"lgsThreshold":65,"high_temptarget_raises_sensitivity":false,"low_temptarget_lowers_sensitivity":false,"sensitivity_raises_target":true,"resistance_lowers_target":true,"adv_target_adjustments":false,"exercise_mode":false,"half_basal_exercise_target":160,"maxCOB":120,"skip_neutral_temps":false,"remainingCarbsCap":90,"enableUAM":true,"A52_risk_enable":false,"SMBInterval":4,"enableSMB_with_COB":true,"enableSMB_with_temptarget":false,"allowSMB_with_high_temptarget":true,"enableSMB_always":true,"enableSMB_after_carbs":false,"maxSMBBasalMinutes":60,"maxUAMSMBBasalMinutes":60,"bolus_increment":0.05,"carbsReqThreshold":10,"current_basal":0.4,"temptargetSet":true,"autosens_max":1.2,"autosens_min":0.8,"out_units":"mmol\/L","variable_sens":294,"insulinDivisor":65,"TDD":7.045737133333335},"autosens_data":{"ratio":0.9186658861690814},"meal_data":{"carbs":25,"mealCOB":6.836848072562355,"slopeFromMaxDeviation":-3.1901428571428574,"slopeFromMinDeviation":0,"lastBolusTime":1704271366000,"lastCarbTime":1704264042000},"microBolusAllowed":true,"currentTime":1704273770504,"flatBGsDetected":false,"tdd1D":19.209083333333343,"tdd7D":22.16738095238096,"tddLast24H":20.36441666666667,"tddLast4H":3.9399999999999995,"tddLast8to4H":1.3365833333333335},"output":{"temp":"absolute","bg":90,"tick":-9,"eventualBG":102,"targetBG":143.99999999999991,"insulinReq":0,"deliverAt":"2024-01-03T09:22:50.504Z","sensitivityRatio":0.9186658861690814,"variable_sens":294,"predBGs":{"IOB":[90,81,72,63,55,46,39,39,39,39,39,39,39],"ZT":[90,80,71,62,53,44,39,39,39,39,39,39,39,39,39,39,39,39,39,39,39,44,52,59,66,73,80,86,93,99,106,112,118,125,131,137,143],"COB":[90,81,73,66,60,54,49,45,41,39,39,39,39,39,39,39,39,39,39,39,39,39,39,39,39,39,39,39,41,43,46,48,51,54,57,60,63,66,69,72,76,80,83,87,91,94,98,102],"UAM":[90,80,71,62,52,43,39,39,39,39,39,39,39]},"reason":"COB: 6.8, Dev: 0.2, BGI: -0.5, ISF: 16.3, CR: 11, Target: 8.0, minPredBG 0.4, minGuardBG -2.3, IOBpredBG 2.2, COBpredBG 5.7, UAMpredBG 2.2; minGuardBG -2.3<5.1","COB":6.836848072562355,"IOB":0.321,"duration":90,"rate":0,"timestamp":"2024-01-03T09:22:50.524Z"}}