{"algorithm":"OpenAPSSMBDynamicISFPlugin","input":{"glucoseStatus":{"glucose":250,"noise":0,"delta":-23,"short_avgdelta":-19.56,"long_avgdelta":-5.43,"date":1704366731024},"currenttemp":{"temp":"absolute","duration":29,"rate":0,"minutesrunning":31},"iob_data":[{"iob":2.736,"basaliob":-0.66,"bolussnooze":0.2166,"activity":0.0245,"lastBolusTime":1704365566000,"time":"2024-01-04T11:13:49.906Z","iobWithZeroTemp":{"iob":2.736,"basaliob":-0.66,"bolussnooze":0.2166,"activity":0.0245,"lastBolusTime":1704365566000,"time":"2024-01-04T11:13:49.906Z"}},{"iob":2.613,"basaliob":-0.63,"bolussnooze":0.1872,"activity":0.0246,"lastBolusTime":1704365566000,"time":"2024-01-04T11:18:49.906Z","iobWithZeroTemp":{"iob":2.586,"basaliob":-0.657,"bolussnooze":0.1872,"activity":0.0246,"lastBolusTime":1704365566000,"time":"2024-01-04T11:18:49.906Z"}},{"iob":2.49,"basaliob":-0.6,"bolussnooze":0.1612,"activity":0.0245,"lastBolusTime":1704365566000,"time":"2024-01-04T11:23:49.906Z","iobWithZeroTemp":{"iob":2.43,"basaliob":-0.66,"bolussnooze":0.1612,"activity":0.0244,"lastBolusTime":1704365566000,"time":"2024-01-04T11:23:49.906Z"}},{"iob":2.368,"basaliob":-0.57,"bolussnooze":0.1385,"activity":0.0243,"lastBolusTime":1704365566000,"time":"2024-01-04T11:28:49.906Z","iobWithZeroTemp":{"iob":2.276,"basaliob":-0.662,"bolussnooze":0.1385,"activity":0.0241,"lastBolusTime":1704365566000,"time":"2024-01-04T11:28:49.906Z"}},{"iob":2.248,"basaliob":-0.541,"bolussnooze":0.1186,"activity":0.0239,"lastBolusTime":1704365566000,"time":"2024-01-04T11:33:49.906Z","iobWithZeroTemp":{"iob":2.123,"basaliob":-0.666,"bolussnooze":0.1186,"activity":0.0236,"lastBolusTime":1704365566000,"time":"2024-01-04T11:33:49.906Z"}},{"iob":2.13,"basaliob":-0.512,"bolussnooze":0.1012,"activity":0.0233,"lastBolusTime":1704365566000,"time":"2024-01-04T11:38:49.906Z","iobWithZeroTemp":{"iob":1.974,"basaliob":-0.668,"bolussnooze":0.1012,"activity":0.0228,"lastBolusTime":1704365566000,"time":"2024-01-04T11:38:49.906Z"}},{"iob":2.015,"basaliob":-0.484,"bolussnooze":0.0862,"activity":0.0227,"lastBolusTime":1704365566000,"time":"2024-01-04T11:43:49.906Z","iobWithZeroTemp":{"iob":1.829,"basaliob":-0.67,"bolussnooze":0.0862,"activity":0.022,"lastBolusTime":1704365566000,"time":"2024-01-04T11:43:49.906Z"}},{"iob":1.903,"basaliob":-0.457,"bolussnooze":0.0732,"activity":0.0221,"lastBolusTime":1704365566000,"time":"2024-01-04T11:48:49.906Z","iobWithZeroTemp":{"iob":1.687,"basaliob":-0.673,"bolussnooze":0.0732,"activity":0.0212,"lastBolusTime":1704365566000,"time":"2024-01-04T11:48:49.906Z"}},{"iob":1.794,"basaliob":-0.431,"bolussnooze":0.062,"activity":0.0212,"lastBolusTime":1704365566000,"time":"2024-01-04T11:53:49.906Z","iobWithZeroTemp":{"iob":1.55,"basaliob":-0.675,"bolussnooze":0.062,"activity":0.0201,"lastBolusTime":1704365566000,"time":"2024-01-04T11:53:49.906Z"}},{"iob":1.691,"basaliob":-0.405,"bolussnooze":0.0523,"activity":0.0204,"lastBolusTime":1704365566000,"time":"2024-01-04T11:58:49.906Z","iobWithZeroTemp":{"iob":1.419,"basaliob":-0.677,"bolussnooze":0.0523,"activity":0.0191,"lastBolusTime":1704365566000,"time":"2024-01-04T11:58:49.906Z"}},{"iob":1.59,"basaliob":-0.381,"bolussnooze":0.044,"activity":0.0196,"lastBolusTime":1704365566000,"time":"2024-01-04T12:03:49.906Z","iobWithZeroTemp":{"iob":1.292,"basaliob":-0.679,"bolussnooze":0.044,"activity":0.0181,"lastBolusTime":1704365566000,"time":"2024-01-04T12:03:49.906Z"}},{"iob":1.494,"basaliob":-0.358,"bolussnooze":0.037,"activity":0.0188,"lastBolusTime":1704365566000,"time":"2024-01-04T12:08:49.906Z","iobWithZeroTemp":{"iob":1.171,"basaliob":-0.681,"bolussnooze":0.037,"activity":0.017,"lastBolusTime":1704365566000,"time":"2024-01-04T12:08:49.906Z"}},{"iob":1.402,"basaliob":-0.335,"bolussnooze":0.0309,"activity":0.018,"lastBolusTime":1704365566000,"time":"2024-01-04T12:13:49.906Z","iobWithZeroTemp":{"iob":1.055,"basaliob":-0.682,"bolussnooze":0.0309,"activity":0.016,"lastBolusTime":1704365566000,"time":"2024-01-04T12:13:49.906Z"}},{"iob":1.314,"basaliob":-0.314,"bolussnooze":0.0258,"activity":0.0172,"lastBolusTime":1704365566000,"time":"2024-01-04T12:18:49.906Z","iobWithZeroTemp":{"iob":0.944,"basaliob":-0.684,"bolussnooze":0.0258,"activity":0.015,"lastBolusTime":1704365566000,"time":"2024-01-04T12:18:49.906Z"}},{"iob":1.23,"basaliob":-0.294,"bolussnooze":0.0214,"activity":0.0163,"lastBolusTime":1704365566000,"time":"2024-01-04T12:23:49.906Z","iobWithZeroTemp":{"iob":0.839,"basaliob":-0.685,"bolussnooze":0.0214,"activity":0.0139,"lastBolusTime":1704365566000,"time":"2024-01-04T12:23:49.906Z"}},{"iob":1.151,"basaliob":-0.275,"bolussnooze":0.0178,"activity":0.0155,"lastBolusTime":1704365566000,"time":"2024-01-04T12:28:49.906Z","iobWithZeroTemp":{"iob":0.739,"basaliob":-0.687,"bolussnooze":0.0178,"activity":0.0128,"lastBolusTime":1704365566000,"time":"2024-01-04T12:28:49.906Z"}},{"iob":1.075,"basaliob":-0.257,"bolussnooze":0.0147,"activity":0.0147,"lastBolusTime":1704365566000,"time":"2024-01-04T12:33:49.906Z","iobWithZeroTemp":{"iob":0.644,"basaliob":-0.688,"bolussnooze":0.0147,"activity":0.0118,"lastBolusTime":1704365566000,"time":"2024-01-04T12:33:49.906Z"}},{"iob":1.004,"basaliob":-0.239,"bolussnooze":0.0121,"activity":0.0139,"lastBolusTime":1704365566000,"time":"2024-01-04T12:38:49.906Z","iobWithZeroTemp":{"iob":0.554,"basaliob":-0.689,"bolussnooze":0.0121,"activity":0.0108,"lastBolusTime":1704365566000,"time":"2024-01-04T12:38:49.906Z"}},{"iob":0.937,"basaliob":-0.223,"bolussnooze":0.0099,"activity":0.0131,"lastBolusTime":1704365566000,"time":"2024-01-04T12:43:49.906Z","iobWithZeroTemp":{"iob":0.47,"basaliob":-0.69,"bolussnooze":0.0099,"activity":0.0098,"lastBolusTime":1704365566000,"time":"2024-01-04T12:43:49.906Z"}},{"iob":0.873,"basaliob":-0.208,"bolussnooze":0.008,"activity":0.0124,"lastBolusTime":1704365566000,"time":"2024-01-04T12:48:49.906Z","iobWithZeroTemp":{"iob":0.389,"basaliob":-0.692,"bolussnooze":0.008,"activity":0.0089,"lastBolusTime":1704365566000,"time":"2024-01-04T12:48:49.906Z"}},{"iob":0.813,"basaliob":-0.193,"bolussnooze":0.0065,"activity":0.0117,"lastBolusTime":1704365566000,"time":"2024-01-04T12:53:49.906Z","iobWithZeroTemp":{"iob":0.314,"basaliob":-0.692,"bolussnooze":0.0065,"activity":0.008,"lastBolusTime":1704365566000,"time":"2024-01-04T12:53:49.906Z"}},{"iob":0.756,"basaliob":-0.18,"bolussnooze":0.0052,"activity":0.011,"lastBolusTime":1704365566000,"time":"2024-01-04T12:58:49.906Z","iobWithZeroTemp":{"iob":0.242,"basaliob":-0.694,"bolussnooze":0.0052,"activity":0.0071,"lastBolusTime":1704365566000,"time":"2024-01-04T12:58:49.906Z"}},{"iob":0.703,"basaliob":-0.167,"bolussnooze":0.0042,"activity":0.0103,"lastBolusTime":1704365566000,"time":"2024-01-04T13:03:49.906Z","iobWithZeroTemp":{"iob":0.176,"basaliob":-0.694,"bolussnooze":0.0042,"activity":0.0063,"lastBolusTime":1704365566000,"time":"2024-01-04T13:03:49.906Z"}},{"iob":0.653,"basaliob":-0.155,"bolussnooze":0.0033,"activity":0.0097,"lastBolusTime":1704365566000,"time":"2024-01-04T13:08:49.906Z","iobWithZeroTemp":{"iob":0.113,"basaliob":-0.695,"bolussnooze":0.0033,"activity":0.0055,"lastBolusTime":1704365566000,"time":"2024-01-04T13:08:49.906Z"}},{"iob":0.606,"basaliob":-0.144,"bolussnooze":0.0026,"activity":0.0091,"lastBolusTime":1704365566000,"time":"2024-01-04T13:13:49.906Z","iobWithZeroTemp":{"iob":0.054,"basaliob":-0.696,"bolussnooze":0.0026,"activity":0.0048,"lastBolusTime":1704365566000,"time":"2024-01-04T13:13:49.906Z"}},{"iob":0.562,"basaliob":-0.133,"bolussnooze":0.0021,"activity":0.0085,"lastBolusTime":1704365566000,"time":"2024-01-04T13:18:49.906Z","iobWithZeroTemp":{"iob":-0.001,"basaliob":-0.696,"bolussnooze":0.0021,"activity":0.004,"lastBolusTime":1704365566000,"time":"2024-01-04T13:18:49.906Z"}},{"iob":0.52,"basaliob":-0.124,"bolussnooze":0.0016,"activity":0.008,"lastBolusTime":1704365566000,"time":"2024-01-04T13:23:49.906Z","iobWithZeroTemp":{"iob":-0.054,"basaliob":-0.698,"bolussnooze":0.0016,"activity":0.0034,"lastBolusTime":1704365566000,"time":"2024-01-04T13:23:49.906Z"}},{"iob":0.482,"basaliob":-0.114,"bolussnooze":0.0012,"activity":0.0074,"lastBolusTime":1704365566000,"time":"2024-01-04T13:28:49.906Z","iobWithZeroTemp":{"iob":-0.102,"basaliob":-0.698,"bolussnooze":0.0012,"activity":0.0026,"lastBolusTime":1704365566000,"time":"2024-01-04T13:28:49.906Z"}},{"iob":0.446,"basaliob":-0.106,"bolussnooze":9.0E-4,"activity":0.0069,"lastBolusTime":1704365566000,"time":"2024-01-04T13:33:49.906Z","iobWithZeroTemp":{"iob":-0.147,"basaliob":-0.699,"bolussnooze":9.0E-4,"activity":0.002,"lastBolusTime":1704365566000,"time":"2024-01-04T13:33:49.906Z"}},{"iob":0.412,"basaliob":-0.098,"bolussnooze":7.0E-4,"activity":0.0065,"lastBolusTime":1704365566000,"time":"2024-01-04T13:38:49.906Z","iobWithZeroTemp":{"iob":-0.189,"basaliob":-0.699,"bolussnooze":7.0E-4,"activity":0.0015,"lastBolusTime":1704365566000,"time":"2024-01-04T13:38:49.906Z"}},{"iob":0.381,"basaliob":-0.09,"bolussnooze":5.0E-4,"activity":0.0061,"lastBolusTime":1704365566000,"time":"2024-01-04T13:43:49.906Z","iobWithZeroTemp":{"iob":-0.228,"basaliob":-0.699,"bolussnooze":5.0E-4,"activity":0.001,"lastBolusTime":1704365566000,"time":"2024-01-04T13:43:49.906Z"}},{"iob":0.352,"basaliob":-0.083,"bolussnooze":4.0E-4,"activity":0.0057,"lastBolusTime":1704365566000,"time":"2024-01-04T13:48:49.906Z","iobWithZeroTemp":{"iob":-0.265,"basaliob":-0.7,"bolussnooze":4.0E-4,"activity":5.0E-4,"lastBolusTime":1704365566000,"time":"2024-01-04T13:48:49.906Z"}},{"iob":0.324,"basaliob":-0.077,"bolussnooze":2.0E-4,"activity":0.0052,"lastBolusTime":1704365566000,"time":"2024-01-04T13:53:49.906Z","iobWithZeroTemp":{"iob":-0.3,"basaliob":-0.701,"bolussnooze":2.0E-4,"activity":-1.0E-4,"lastBolusTime":1704365566000,"time":"2024-01-04T13:53:49.906Z"}},{"iob":0.299,"basaliob":-0.071,"bolussnooze":2.0E-4,"activity":0.0048,"lastBolusTime":1704365566000,"time":"2024-01-04T13:58:49.906Z","iobWithZeroTemp":{"iob":-0.331,"basaliob":-0.701,"bolussnooze":2.0E-4,"activity":-6.0E-4,"lastBolusTime":1704365566000,"time":"2024-01-04T13:58:49.906Z"}},{"iob":0.276,"basaliob":-0.065,"bolussnooze":1.0E-4,"activity":0.0045,"lastBolusTime":1704365566000,"time":"2024-01-04T14:03:49.906Z","iobWithZeroTemp":{"iob":-0.36,"basaliob":-0.701,"bolussnooze":1.0E-4,"activity":-0.001,"lastBolusTime":1704365566000,"time":"2024-01-04T14:03:49.906Z"}},{"iob":0.254,"basaliob":-0.06,"bolussnooze":1.0E-4,"activity":0.0042,"lastBolusTime":1704365566000,"time":"2024-01-04T14:08:49.906Z","iobWithZeroTemp":{"iob":-0.388,"basaliob":-0.702,"bolussnooze":1.0E-4,"activity":-0.0014,"lastBolusTime":1704365566000,"time":"2024-01-04T14:08:49.906Z"}},{"iob":0.234,"basaliob":-0.055,"bolussnooze":0,"activity":0.0039,"lastBolusTime":1704365566000,"time":"2024-01-04T14:13:49.906Z","iobWithZeroTemp":{"iob":-0.413,"basaliob":-0.702,"bolussnooze":0,"activity":-0.0018,"lastBolusTime":1704365566000,"time":"2024-01-04T14:13:49.906Z"}},{"iob":0.215,"basaliob":-0.051,"bolussnooze":0,"activity":0.0036,"lastBolusTime":1704365566000,"time":"2024-01-04T14:18:49.906Z","iobWithZeroTemp":{"iob":-0.436,"basaliob":-0.702,"bolussnooze":0,"activity":-0.0022,"lastBolusTime":1704365566000,"time":"2024-01-04T14:18:49.906Z"}},{"iob":0.198,"basaliob":-0.046,"bolussnooze":0,"activity":0.0034,"lastBolusTime":1704365566000,"time":"2024-01-04T14:23:49.906Z","iobWithZeroTemp":{"iob":-0.458,"basaliob":-0.702,"bolussnooze":0,"activity":-0.0024,"lastBolusTime":1704365566000,"time":"2024-01-04T14:23:49.906Z"}},{"iob":0.181,"basaliob":-0.043,"bolussnooze":0,"activity":0.0031,"lastBolusTime":1704365566000,"time":"2024-01-04T14:28:49.906Z","iobWithZeroTemp":{"iob":-0.479,"basaliob":-0.703,"bolussnooze":0,"activity":-0.0028,"lastBolusTime":1704365566000,"time":"2024-01-04T14:28:49.906Z"}},{"iob":0.166,"basaliob":-0.039,"bolussnooze":0,"activity":0.0029,"lastBolusTime":1704365566000,"time":"2024-01-04T14:33:49.906Z","iobWithZeroTemp":{"iob":-0.498,"basaliob":-0.703,"bolussnooze":0,"activity":-0.003,"lastBolusTime":1704365566000,"time":"2024-01-04T14:33:49.906Z"}},{"iob":0.152,"basaliob":-0.036,"bolussnooze":0,"activity":0.0027,"lastBolusTime":1704365566000,"time":"2024-01-04T14:38:49.906Z","iobWithZeroTemp":{"iob":-0.515,"basaliob":-0.703,"bolussnooze":0,"activity":-0.0033,"lastBolusTime":1704365566000,"time":"2024-01-04T14:38:49.906Z"}},{"iob":0.14,"basaliob":-0.033,"bolussnooze":0,"activity":0.0024,"lastBolusTime":1704365566000,"time":"2024-01-04T14:43:49.906Z","iobWithZeroTemp":{"iob":-0.53,"basaliob":-0.703,"bolussnooze":0,"activity":-0.0037,"lastBolusTime":1704365566000,"time":"2024-01-04T14:43:49.906Z"}},{"iob":0.128,"basaliob":-0.03,"bolussnooze":0,"activity":0.0023,"lastBolusTime":1704365566000,"time":"2024-01-04T14:48:49.906Z","iobWithZeroTemp":{"iob":-0.545,"basaliob":-0.703,"bolussnooze":0,"activity":-0.0038,"lastBolusTime":1704365566000,"time":"2024-01-04T14:48:49.906Z"}},{"iob":0.117,"basaliob":-0.027,"bolussnooze":0,"activity":0.0021,"lastBolusTime":1704365566000,"time":"2024-01-04T14:53:49.906Z","iobWithZeroTemp":{"iob":-0.559,"basaliob":-0.703,"bolussnooze":0,"activity":-0.004,"lastBolusTime":1704365566000,"time":"2024-01-04T14:53:49.906Z"}},{"iob":0.107,"basaliob":-0.025,"bolussnooze":0,"activity":0.0019,"lastBolusTime":1704365566000,"time":"2024-01-04T14:58:49.906Z","iobWithZeroTemp":{"iob":-0.571,"basaliob":-0.703,"bolussnooze":0,"activity":-0.0043,"lastBolusTime":1704365566000,"time":"2024-01-04T14:58:49.906Z"}},{"iob":0.098,"basaliob":-0.023,"bolussnooze":0,"activity":0.0018,"lastBolusTime":1704365566000,"time":"2024-01-04T15:03:49.906Z","iobWithZeroTemp":{"iob":-0.583,"basaliob":-0.704,"bolussnooze":0,"activity":-0.0044,"lastBolusTime":1704365566000,"time":"2024-01-04T15:03:49.906Z"}},{"iob":0.089,"basaliob":-0.021,"bolussnooze":0,"activity":0.0016,"lastBolusTime":1704365566000,"time":"2024-01-04T15:08:49.906Z","iobWithZeroTemp":{"iob":-0.594,"basaliob":-0.704,"bolussnooze":0,"activity":-0.0047,"lastBolusTime":1704365566000,"time":"2024-01-04T15:08:49.906Z"}}],"profile":{"max_iob":7,"type":"current","max_daily_basal":0.45,"max_basal":1.35,"min_bg":81.0000000000001,"max_bg":81.0000000000001,"target_bg":81.0000000000001,"carb_ratio":11,"sens":352.8,"max_daily_safety_multiplier":3,"current_basal_safety_multiplier":4,"lgsThreshold":65,"high_temptarget_raises_sensitivity":false,"low_temptarget_lowers_sensitivity":false,"sensitivity_raises_target":true,"resistance_lowers_target":true,"adv_target_adjustments":false,"exercise_mode":false,"half_basal_exercise_target":160,"maxCOB":120,"skip_neutral_temps":false,"remainingCarbsCap":90,"enableUAM":true,"A52_risk_enable":false,"SMBInterval":4,"enableSMB_with_COB":true,"enableSMB_with_temptarget":false,"allowSMB_with_high_temptarget":true,"enableSMB_always":true,"enableSMB_after_carbs":false,"maxSMBBasalMinutes":60,"maxUAMSMBBasalMinutes":60,"bolus_increment":0.05,"carbsReqThreshold":10,"current_basal":0.4,"temptargetSet":true,"autosens_max":1.2,"autosens_min":0.8,"out_units":"mmol\/L","variable_sens":131.6,"insulinDivisor":65,"TDD":8.667728958333333},"autosens_data":{"ratio":1.098157700576592},"meal_data":{"carbs":50,"mealCOB":34.13939229024943,"slopeFromMaxDeviation":-4.458666666666668,"slopeFromMinDeviation":1.7494545454545452,"lastBolusTime":1704365566000,"lastCarbTime":1704364863000},"microBolusAllowed":true,"currentTime":1704366831562,"flatBGsDetected":false,"tdd1D":20.64108333333334,"tdd7D":22.492595238095245,"tddLast24H":24.700416666666676,"tddLast4H":5.8999999999999995,"tddLast8to4H":3.583333333333332},"output":{"temp":"absolute","bg":250,"tick":-23,"eventualBG":265,"targetBG":81.0000000000001,"insulinReq":0,"deliverAt":"2024-01-04T11:13:51.562Z","sensitivityRatio":1.098157700576592,"variable_sens":131.6,"predBGs":{"IOB":[250,228,205,182,158,134,109,82,52,39,39,39,39],"ZT":[250,234,217,200,182,164,145,125,105,83,59,39,39,39,39,39,39,39,39,39,39,39,39,39,39,39,39,39,39,39,39,39,39,39,39,39,39,39,39,39,39,39,39,39,39,39,39,39],"COB":[250,228,208,190,172,157,144,132,122,114,108,105,103,102,103,106,109,115,121,129,139,149,161,172,182,192,201,210,219,227,234,241,247,252,257,261,265,268,270,271,272,272,271,270,268,267,266,265],"UAM":[250,228,205,182,158,134,109,82,52,39,39,39,39]},"reason":"COB: 34.1, Dev: 3.6, BGI: -0.9, ISF: 7.3, CR: 11, Target: 4.5, minPredBG -2.7, minGuardBG -8.8, IOBpredBG 2.2, COBpredBG 14.7, UAMpredBG 2.2; minGuardBG -8.8<3.6","COB":34.13939229024943,"IOB":2.736,"duration":120,"rate":0,"timestamp":"2024-01-04T11:13:51.590Z"}}