{"algorithm":"OpenAPSSMBDynamicISFPlugin","input":{"glucoseStatus":{"glucose":143,"noise":0,"delta":0,"short_avgdelta":-0.89,"long_avgdelta":-5.02,"date":1704465740011},"currenttemp":{"temp":"absolute","duration":5,"rate":0,"minutesrunning":55},"iob_data":[{"iob":1.266,"basaliob":-0.678,"bolussnooze":0.2485,"activity":0.0177,"lastBolusTime":1704462481000,"time":"2024-01-05T14:42:38.385Z","iobWithZeroTemp":{"iob":1.266,"basaliob":-0.678,"bolussnooze":0.2485,"activity":0.0177,"lastBolusTime":1704462481000,"time":"2024-01-05T14:42:38.385Z"}},{"iob":1.18,"basaliob":-0.647,"bolussnooze":0.2127,"activity":0.0166,"lastBolusTime":1704462481000,"time":"2024-01-05T14:47:38.385Z","iobWithZeroTemp":{"iob":1.153,"basaliob":-0.674,"bolussnooze":0.2127,"activity":0.0166,"lastBolusTime":1704462481000,"time":"2024-01-05T14:47:38.385Z"}},{"iob":1.099,"basaliob":-0.616,"bolussnooze":0.1816,"activity":0.0157,"lastBolusTime":1704462481000,"time":"2024-01-05T14:52:38.385Z","iobWithZeroTemp":{"iob":1.039,"basaliob":-0.676,"bolussnooze":0.1816,"activity":0.0156,"lastBolusTime":1704462481000,"time":"2024-01-05T14:52:38.385Z"}},{"iob":1.024,"basaliob":-0.585,"bolussnooze":0.1546,"activity":0.0148,"lastBolusTime":1704462481000,"time":"2024-01-05T14:57:38.385Z","iobWithZeroTemp":{"iob":0.932,"basaliob":-0.677,"bolussnooze":0.1546,"activity":0.0146,"lastBolusTime":1704462481000,"time":"2024-01-05T14:57:38.385Z"}},{"iob":0.952,"basaliob":-0.555,"bolussnooze":0.1312,"activity":0.0139,"lastBolusTime":1704462481000,"time":"2024-01-05T15:02:38.385Z","iobWithZeroTemp":{"iob":0.827,"basaliob":-0.68,"bolussnooze":0.1312,"activity":0.0136,"lastBolusTime":1704462481000,"time":"2024-01-05T15:02:38.385Z"}},{"iob":0.885,"basaliob":-0.525,"bolussnooze":0.1111,"activity":0.013,"lastBolusTime":1704462481000,"time":"2024-01-05T15:07:38.385Z","iobWithZeroTemp":{"iob":0.729,"basaliob":-0.681,"bolussnooze":0.1111,"activity":0.0125,"lastBolusTime":1704462481000,"time":"2024-01-05T15:07:38.385Z"}},{"iob":0.822,"basaliob":-0.496,"bolussnooze":0.0938,"activity":0.0122,"lastBolusTime":1704462481000,"time":"2024-01-05T15:12:38.385Z","iobWithZeroTemp":{"iob":0.636,"basaliob":-0.682,"bolussnooze":0.0938,"activity":0.0115,"lastBolusTime":1704462481000,"time":"2024-01-05T15:12:38.385Z"}},{"iob":0.762,"basaliob":-0.468,"bolussnooze":0.0789,"activity":0.0115,"lastBolusTime":1704462481000,"time":"2024-01-05T15:17:38.385Z","iobWithZeroTemp":{"iob":0.546,"basaliob":-0.684,"bolussnooze":0.0789,"activity":0.0106,"lastBolusTime":1704462481000,"time":"2024-01-05T15:17:38.385Z"}},{"iob":0.707,"basaliob":-0.441,"bolussnooze":0.0662,"activity":0.0107,"lastBolusTime":1704462481000,"time":"2024-01-05T15:22:38.385Z","iobWithZeroTemp":{"iob":0.463,"basaliob":-0.685,"bolussnooze":0.0662,"activity":0.0096,"lastBolusTime":1704462481000,"time":"2024-01-05T15:22:38.385Z"}},{"iob":0.655,"basaliob":-0.415,"bolussnooze":0.0554,"activity":0.01,"lastBolusTime":1704462481000,"time":"2024-01-05T15:27:38.385Z","iobWithZeroTemp":{"iob":0.383,"basaliob":-0.687,"bolussnooze":0.0554,"activity":0.0087,"lastBolusTime":1704462481000,"time":"2024-01-05T15:27:38.385Z"}},{"iob":0.606,"basaliob":-0.39,"bolussnooze":0.0462,"activity":0.0094,"lastBolusTime":1704462481000,"time":"2024-01-05T15:32:38.385Z","iobWithZeroTemp":{"iob":0.308,"basaliob":-0.688,"bolussnooze":0.0462,"activity":0.0079,"lastBolusTime":1704462481000,"time":"2024-01-05T15:32:38.385Z"}},{"iob":0.561,"basaliob":-0.366,"bolussnooze":0.0384,"activity":0.0087,"lastBolusTime":1704462481000,"time":"2024-01-05T15:37:38.385Z","iobWithZeroTemp":{"iob":0.238,"basaliob":-0.689,"bolussnooze":0.0384,"activity":0.0069,"lastBolusTime":1704462481000,"time":"2024-01-05T15:37:38.385Z"}},{"iob":0.519,"basaliob":-0.343,"bolussnooze":0.0318,"activity":0.0081,"lastBolusTime":1704462481000,"time":"2024-01-05T15:42:38.385Z","iobWithZeroTemp":{"iob":0.172,"basaliob":-0.69,"bolussnooze":0.0318,"activity":0.0061,"lastBolusTime":1704462481000,"time":"2024-01-05T15:42:38.385Z"}},{"iob":0.479,"basaliob":-0.322,"bolussnooze":0.0263,"activity":0.0077,"lastBolusTime":1704462481000,"time":"2024-01-05T15:47:38.385Z","iobWithZeroTemp":{"iob":0.109,"basaliob":-0.692,"bolussnooze":0.0263,"activity":0.0055,"lastBolusTime":1704462481000,"time":"2024-01-05T15:47:38.385Z"}},{"iob":0.442,"basaliob":-0.301,"bolussnooze":0.0216,"activity":0.0071,"lastBolusTime":1704462481000,"time":"2024-01-05T15:52:38.385Z","iobWithZeroTemp":{"iob":0.051,"basaliob":-0.692,"bolussnooze":0.0216,"activity":0.0047,"lastBolusTime":1704462481000,"time":"2024-01-05T15:52:38.385Z"}},{"iob":0.408,"basaliob":-0.281,"bolussnooze":0.0177,"activity":0.0066,"lastBolusTime":1704462481000,"time":"2024-01-05T15:57:38.385Z","iobWithZeroTemp":{"iob":-0.004,"basaliob":-0.693,"bolussnooze":0.0177,"activity":0.0039,"lastBolusTime":1704462481000,"time":"2024-01-05T15:57:38.385Z"}},{"iob":0.376,"basaliob":-0.263,"bolussnooze":0.0144,"activity":0.0062,"lastBolusTime":1704462481000,"time":"2024-01-05T16:02:38.385Z","iobWithZeroTemp":{"iob":-0.055,"basaliob":-0.694,"bolussnooze":0.0144,"activity":0.0033,"lastBolusTime":1704462481000,"time":"2024-01-05T16:02:38.385Z"}},{"iob":0.347,"basaliob":-0.245,"bolussnooze":0.0117,"activity":0.0057,"lastBolusTime":1704462481000,"time":"2024-01-05T16:07:38.385Z","iobWithZeroTemp":{"iob":-0.103,"basaliob":-0.695,"bolussnooze":0.0117,"activity":0.0026,"lastBolusTime":1704462481000,"time":"2024-01-05T16:07:38.385Z"}},{"iob":0.32,"basaliob":-0.228,"bolussnooze":0.0094,"activity":0.0053,"lastBolusTime":1704462481000,"time":"2024-01-05T16:12:38.385Z","iobWithZeroTemp":{"iob":-0.147,"basaliob":-0.695,"bolussnooze":0.0094,"activity":0.002,"lastBolusTime":1704462481000,"time":"2024-01-05T16:12:38.385Z"}},{"iob":0.293,"basaliob":-0.213,"bolussnooze":0.0076,"activity":0.005,"lastBolusTime":1704462481000,"time":"2024-01-05T16:17:38.385Z","iobWithZeroTemp":{"iob":-0.191,"basaliob":-0.697,"bolussnooze":0.0076,"activity":0.0015,"lastBolusTime":1704462481000,"time":"2024-01-05T16:17:38.385Z"}},{"iob":0.27,"basaliob":-0.198,"bolussnooze":0.006,"activity":0.0045,"lastBolusTime":1704462481000,"time":"2024-01-05T16:22:38.385Z","iobWithZeroTemp":{"iob":-0.229,"basaliob":-0.697,"bolussnooze":0.006,"activity":8.0E-4,"lastBolusTime":1704462481000,"time":"2024-01-05T16:22:38.385Z"}},{"iob":0.248,"basaliob":-0.184,"bolussnooze":0.0048,"activity":0.0042,"lastBolusTime":1704462481000,"time":"2024-01-05T16:27:38.385Z","iobWithZeroTemp":{"iob":-0.266,"basaliob":-0.698,"bolussnooze":0.0048,"activity":3.0E-4,"lastBolusTime":1704462481000,"time":"2024-01-05T16:27:38.385Z"}},{"iob":0.228,"basaliob":-0.171,"bolussnooze":0.0037,"activity":0.0039,"lastBolusTime":1704462481000,"time":"2024-01-05T16:32:38.385Z","iobWithZeroTemp":{"iob":-0.299,"basaliob":-0.698,"bolussnooze":0.0037,"activity":-1.0E-4,"lastBolusTime":1704462481000,"time":"2024-01-05T16:32:38.385Z"}},{"iob":0.209,"basaliob":-0.159,"bolussnooze":0.0029,"activity":0.0036,"lastBolusTime":1704462481000,"time":"2024-01-05T16:37:38.385Z","iobWithZeroTemp":{"iob":-0.331,"basaliob":-0.699,"bolussnooze":0.0029,"activity":-6.0E-4,"lastBolusTime":1704462481000,"time":"2024-01-05T16:37:38.385Z"}},{"iob":0.192,"basaliob":-0.147,"bolussnooze":0.0022,"activity":0.0034,"lastBolusTime":1704462481000,"time":"2024-01-05T16:42:38.385Z","iobWithZeroTemp":{"iob":-0.36,"basaliob":-0.699,"bolussnooze":0.0022,"activity":-9.0E-4,"lastBolusTime":1704462481000,"time":"2024-01-05T16:42:38.385Z"}},{"iob":0.176,"basaliob":-0.136,"bolussnooze":0.0017,"activity":0.0031,"lastBolusTime":1704462481000,"time":"2024-01-05T16:47:38.385Z","iobWithZeroTemp":{"iob":-0.387,"basaliob":-0.699,"bolussnooze":0.0017,"activity":-0.0014,"lastBolusTime":1704462481000,"time":"2024-01-05T16:47:38.385Z"}},{"iob":0.161,"basaliob":-0.126,"bolussnooze":0.0013,"activity":0.0029,"lastBolusTime":1704462481000,"time":"2024-01-05T16:52:38.385Z","iobWithZeroTemp":{"iob":-0.413,"basaliob":-0.7,"bolussnooze":0.0013,"activity":-0.0017,"lastBolusTime":1704462481000,"time":"2024-01-05T16:52:38.385Z"}},{"iob":0.147,"basaliob":-0.117,"bolussnooze":9.0E-4,"activity":0.0026,"lastBolusTime":1704462481000,"time":"2024-01-05T16:57:38.385Z","iobWithZeroTemp":{"iob":-0.437,"basaliob":-0.701,"bolussnooze":9.0E-4,"activity":-0.0022,"lastBolusTime":1704462481000,"time":"2024-01-05T16:57:38.385Z"}},{"iob":0.135,"basaliob":-0.108,"bolussnooze":7.0E-4,"activity":0.0024,"lastBolusTime":1704462481000,"time":"2024-01-05T17:02:38.385Z","iobWithZeroTemp":{"iob":-0.458,"basaliob":-0.701,"bolussnooze":7.0E-4,"activity":-0.0025,"lastBolusTime":1704462481000,"time":"2024-01-05T17:02:38.385Z"}},{"iob":0.123,"basaliob":-0.1,"bolussnooze":5.0E-4,"activity":0.0022,"lastBolusTime":1704462481000,"time":"2024-01-05T17:07:38.385Z","iobWithZeroTemp":{"iob":-0.478,"basaliob":-0.701,"bolussnooze":5.0E-4,"activity":-0.0028,"lastBolusTime":1704462481000,"time":"2024-01-05T17:07:38.385Z"}},{"iob":0.112,"basaliob":-0.092,"bolussnooze":3.0E-4,"activity":0.002,"lastBolusTime":1704462481000,"time":"2024-01-05T17:12:38.385Z","iobWithZeroTemp":{"iob":-0.497,"basaliob":-0.701,"bolussnooze":3.0E-4,"activity":-0.0031,"lastBolusTime":1704462481000,"time":"2024-01-05T17:12:38.385Z"}},{"iob":0.102,"basaliob":-0.085,"bolussnooze":2.0E-4,"activity":0.0019,"lastBolusTime":1704462481000,"time":"2024-01-05T17:17:38.385Z","iobWithZeroTemp":{"iob":-0.515,"basaliob":-0.702,"bolussnooze":2.0E-4,"activity":-0.0033,"lastBolusTime":1704462481000,"time":"2024-01-05T17:17:38.385Z"}},{"iob":0.094,"basaliob":-0.078,"bolussnooze":1.0E-4,"activity":0.0017,"lastBolusTime":1704462481000,"time":"2024-01-05T17:22:38.385Z","iobWithZeroTemp":{"iob":-0.53,"basaliob":-0.702,"bolussnooze":1.0E-4,"activity":-0.0036,"lastBolusTime":1704462481000,"time":"2024-01-05T17:22:38.385Z"}},{"iob":0.085,"basaliob":-0.072,"bolussnooze":1.0E-4,"activity":0.0016,"lastBolusTime":1704462481000,"time":"2024-01-05T17:27:38.385Z","iobWithZeroTemp":{"iob":-0.545,"basaliob":-0.702,"bolussnooze":1.0E-4,"activity":-0.0038,"lastBolusTime":1704462481000,"time":"2024-01-05T17:27:38.385Z"}},{"iob":0.077,"basaliob":-0.067,"bolussnooze":0,"activity":0.0015,"lastBolusTime":1704462481000,"time":"2024-01-05T17:32:38.385Z","iobWithZeroTemp":{"iob":-0.559,"basaliob":-0.703,"bolussnooze":0,"activity":-0.004,"lastBolusTime":1704462481000,"time":"2024-01-05T17:32:38.385Z"}},{"iob":0.07,"basaliob":-0.061,"bolussnooze":0,"activity":0.0014,"lastBolusTime":1704462481000,"time":"2024-01-05T17:37:38.385Z","iobWithZeroTemp":{"iob":-0.572,"basaliob":-0.703,"bolussnooze":0,"activity":-0.0042,"lastBolusTime":1704462481000,"time":"2024-01-05T17:37:38.385Z"}},{"iob":0.064,"basaliob":-0.056,"bolussnooze":0,"activity":0.0013,"lastBolusTime":1704462481000,"time":"2024-01-05T17:42:38.385Z","iobWithZeroTemp":{"iob":-0.583,"basaliob":-0.703,"bolussnooze":0,"activity":-0.0044,"lastBolusTime":1704462481000,"time":"2024-01-05T17:42:38.385Z"}},{"iob":0.058,"basaliob":-0.052,"bolussnooze":0,"activity":0.0011,"lastBolusTime":1704462481000,"time":"2024-01-05T17:47:38.385Z","iobWithZeroTemp":{"iob":-0.593,"basaliob":-0.703,"bolussnooze":0,"activity":-0.0047,"lastBolusTime":1704462481000,"time":"2024-01-05T17:47:38.385Z"}},{"iob":0.053,"basaliob":-0.047,"bolussnooze":0,"activity":0.0011,"lastBolusTime":1704462481000,"time":"2024-01-05T17:52:38.385Z","iobWithZeroTemp":{"iob":-0.603,"basaliob":-0.703,"bolussnooze":0,"activity":-0.0047,"lastBolusTime":1704462481000,"time":"2024-01-05T17:52:38.385Z"}},{"iob":0.047,"basaliob":-0.044,"bolussnooze":0,"activity":9.0E-4,"lastBolusTime":1704462481000,"time":"2024-01-05T17:57:38.385Z","iobWithZeroTemp":{"iob":-0.613,"basaliob":-0.704,"bolussnooze":0,"activity":-0.005,"lastBolusTime":1704462481000,"time":"2024-01-05T17:57:38.385Z"}},{"iob":0.043,"basaliob":-0.04,"bolussnooze":0,"activity":9.0E-4,"lastBolusTime":1704462481000,"time":"2024-01-05T18:02:38.385Z","iobWithZeroTemp":{"iob":-0.621,"basaliob":-0.704,"bolussnooze":0,"activity":-0.005,"lastBolusTime":1704462481000,"time":"2024-01-05T18:02:38.385Z"}},{"iob":0.038,"basaliob":-0.037,"bolussnooze":0,"activity":8.0E-4,"lastBolusTime":1704462481000,"time":"2024-01-05T18:07:38.385Z","iobWithZeroTemp":{"iob":-0.629,"basaliob":-0.704,"bolussnooze":0,"activity":-0.0052,"lastBolusTime":1704462481000,"time":"2024-01-05T18:07:38.385Z"}},{"iob":0.035,"basaliob":-0.034,"bolussnooze":0,"activity":7.0E-4,"lastBolusTime":1704462481000,"time":"2024-01-05T18:12:38.385Z","iobWithZeroTemp":{"iob":-0.635,"basaliob":-0.704,"bolussnooze":0,"activity":-0.0054,"lastBolusTime":1704462481000,"time":"2024-01-05T18:12:38.385Z"}},{"iob":0.031,"basaliob":-0.031,"bolussnooze":0,"activity":7.0E-4,"lastBolusTime":1704462481000,"time":"2024-01-05T18:17:38.385Z","iobWithZeroTemp":{"iob":-0.642,"basaliob":-0.704,"bolussnooze":0,"activity":-0.0054,"lastBolusTime":1704462481000,"time":"2024-01-05T18:17:38.385Z"}},{"iob":0.029,"basaliob":-0.028,"bolussnooze":0,"activity":6.0E-4,"lastBolusTime":1704462481000,"time":"2024-01-05T18:22:38.385Z","iobWithZeroTemp":{"iob":-0.647,"basaliob":-0.704,"bolussnooze":0,"activity":-0.0055,"lastBolusTime":1704462481000,"time":"2024-01-05T18:22:38.385Z"}},{"iob":0.025,"basaliob":-0.026,"bolussnooze":0,"activity":5.0E-4,"lastBolusTime":1704462481000,"time":"2024-01-05T18:27:38.385Z","iobWithZeroTemp":{"iob":-0.653,"basaliob":-0.704,"bolussnooze":0,"activity":-0.0057,"lastBolusTime":1704462481000,"time":"2024-01-05T18:27:38.385Z"}},{"iob":0.023,"basaliob":-0.023,"bolussnooze":0,"activity":5.0E-4,"lastBolusTime":1704462481000,"time":"2024-01-05T18:32:38.385Z","iobWithZeroTemp":{"iob":-0.658,"basaliob":-0.704,"bolussnooze":0,"activity":-0.0057,"lastBolusTime":1704462481000,"time":"2024-01-05T18:32:38.385Z"}},{"iob":0.021,"basaliob":-0.021,"bolussnooze":0,"activity":4.0E-4,"lastBolusTime":1704462481000,"time":"2024-01-05T18:37:38.385Z","iobWithZeroTemp":{"iob":-0.662,"basaliob":-0.704,"bolussnooze":0,"activity":-0.0059,"lastBolusTime":1704462481000,"time":"2024-01-05T18:37:38.385Z"}}],"profile":{"max_iob":7,"type":"current","max_daily_basal":0.45,"max_basal":1.35,"min_bg":81.0000000000001,"max_bg":81.0000000000001,"target_bg":81.0000000000001,"carb_ratio":11,"sens":352.8,"max_daily_safety_multiplier":3,"current_basal_safety_multiplier":4,"lgsThreshold":65,"high_temptarget_raises_sensitivity":false,"low_temptarget_lowers_sensitivity":false,"sensitivity_raises_target":true,"resistance_lowers_target":true,"adv_target_adjustments":false,"exercise_mode":false,"half_basal_exercise_target":160,"maxCOB":120,"skip_neutral_temps":false,"remainingCarbsCap":90,"enableUAM":true,"A52_risk_enable":false,"SMBInterval":4,"enableSMB_with_COB":true,"enableSMB_with_temptarget":false,"allowSMB_with_high_temptarget":true,"enableSMB_always":true,"enableSMB_after_carbs":false,"maxSMBBasalMinutes":60,"maxUAMSMBBasalMinutes":60,"bolus_increment":0.05,"carbsReqThreshold":10,"current_basal":0.4,"temptargetSet":true,"autosens_max":1.2,"autosens_min":0.8,"out_units":"mmol\/L","variable_sens":160.5,"insulinDivisor":65,"TDD":9.640682291666671},"autosens_data":{"ratio":1.2520474712809433},"meal_data":{"carbs":60,"mealCOB":31.584469387755096,"slopeFromMaxDeviation":-1.8275555555555554,"slopeFromMinDeviation":1.2454999999999998,"lastBolusTime":1704462481000,"lastCarbTime":1704463401000},"microBolusAllowed":true,"currentTime":1704465760607,"flatBGsDetected":false,"tdd1D":28.050416666666692,"tdd7D":23.609261904761915,"tddLast24H":29.559916666666663,"tddLast4H":5.263333333333333,"tddLast8to4H":4.993333333333333},"output":{"temp":"absolute","bg":143,"tick":"+0","eventualBG":390,"targetBG":81.0000000000001,"insulinReq":0,"deliverAt":"2024-01-05T14:42:40.607Z","sensitivityRatio":1.2520474712809433,"variable_sens":160.5,"predBGs":{"IOB":[143,141,139,136,132,128,124,119,113,106,99,91,81,72,62,52,42,39],"ZT":[143,129,115,100,86,71,55,39,39,39,39,39,39,39,39,39,39,39,39,39,39,39,39,39,39,39,39,39,39,39,39,39,39,39,39,39,39,39,39,39,39,39,39,39,39,47,57,65],"COB":[143,142,142,144,145,148,152,156,161,167,174,181,189,197,206,216,226,237,248,259,271,283,294,305,315,325,334,342,350,358,364,370,376,380,384,388,390,392,394,394,394,393,393,392,392,391,391,390],"UAM":[143,140,136,131,125,117,107,96,84,72,60,46,39]},"reason":"COB: 31.6, Dev: 4.4, BGI: -0.8, ISF: 8.9, CR: 11, Target: 4.5, minPredBG 6.8, minGuardBG -0.4, IOBpredBG 2.2, COBpredBG 21.7, UAMpredBG 2.2; minGuardBG -0.4<3.6","COB":31.584469387755096,"IOB":1.266,"duration":90,"rate":0,"timestamp":"2024-01-05T14:42:40.632Z"}}