{"algorithm":"OpenAPSSMBDynamicISFPlugin","input":{"glucoseStatus":{"glucose":72,"noise":0,"delta":-6,"short_avgdelta":-8.39,"long_avgdelta":-11.08,"date":1704225129494},"currenttemp":{"temp":"absolute","duration":10,"rate":0,"minutesrunning":50},"iob_data":[{"iob":1.466,"basaliob":-0.673,"bolussnooze":0.2892,"activity":0.0194,"lastBolusTime":1704222172000,"time":"2024-01-02T19:52:31.247Z","iobWithZeroTemp":{"iob":1.466,"basaliob":-0.673,"bolussnooze":0.2892,"activity":0.0194,"lastBolusTime":1704222172000,"time":"2024-01-02T19:52:31.247Z"}},{"iob":1.372,"basaliob":-0.641,"bolussnooze":0.2481,"activity":0.0184,"lastBolusTime":1704222172000,"time":"2024-01-02T19:57:31.247Z","iobWithZeroTemp":{"iob":1.345,"basaliob":-0.668,"bolussnooze":0.2481,"activity":0.0184,"lastBolusTime":1704222172000,"time":"2024-01-02T19:57:31.247Z"}},{"iob":1.282,"basaliob":-0.61,"bolussnooze":0.2122,"activity":0.0174,"lastBolusTime":1704222172000,"time":"2024-01-02T20:02:31.247Z","iobWithZeroTemp":{"iob":1.222,"basaliob":-0.67,"bolussnooze":0.2122,"activity":0.0173,"lastBolusTime":1704222172000,"time":"2024-01-02T20:02:31.247Z"}},{"iob":1.198,"basaliob":-0.579,"bolussnooze":0.181,"activity":0.0165,"lastBolusTime":1704222172000,"time":"2024-01-02T20:07:31.247Z","iobWithZeroTemp":{"iob":1.106,"basaliob":-0.671,"bolussnooze":0.181,"activity":0.0163,"lastBolusTime":1704222172000,"time":"2024-01-02T20:07:31.247Z"}},{"iob":1.118,"basaliob":-0.548,"bolussnooze":0.1539,"activity":0.0156,"lastBolusTime":1704222172000,"time":"2024-01-02T20:12:31.247Z","iobWithZeroTemp":{"iob":0.993,"basaliob":-0.673,"bolussnooze":0.1539,"activity":0.0153,"lastBolusTime":1704222172000,"time":"2024-01-02T20:12:31.247Z"}},{"iob":1.041,"basaliob":-0.519,"bolussnooze":0.1306,"activity":0.0147,"lastBolusTime":1704222172000,"time":"2024-01-02T20:17:31.247Z","iobWithZeroTemp":{"iob":0.885,"basaliob":-0.675,"bolussnooze":0.1306,"activity":0.0142,"lastBolusTime":1704222172000,"time":"2024-01-02T20:17:31.247Z"}},{"iob":0.97,"basaliob":-0.49,"bolussnooze":0.1104,"activity":0.0139,"lastBolusTime":1704222172000,"time":"2024-01-02T20:22:31.247Z","iobWithZeroTemp":{"iob":0.784,"basaliob":-0.676,"bolussnooze":0.1104,"activity":0.0132,"lastBolusTime":1704222172000,"time":"2024-01-02T20:22:31.247Z"}},{"iob":0.903,"basaliob":-0.462,"bolussnooze":0.0931,"activity":0.0131,"lastBolusTime":1704222172000,"time":"2024-01-02T20:27:31.247Z","iobWithZeroTemp":{"iob":0.687,"basaliob":-0.678,"bolussnooze":0.0931,"activity":0.0122,"lastBolusTime":1704222172000,"time":"2024-01-02T20:27:31.247Z"}},{"iob":0.84,"basaliob":-0.435,"bolussnooze":0.0783,"activity":0.0123,"lastBolusTime":1704222172000,"time":"2024-01-02T20:32:31.247Z","iobWithZeroTemp":{"iob":0.596,"basaliob":-0.679,"bolussnooze":0.0783,"activity":0.0112,"lastBolusTime":1704222172000,"time":"2024-01-02T20:32:31.247Z"}},{"iob":0.78,"basaliob":-0.409,"bolussnooze":0.0656,"activity":0.0115,"lastBolusTime":1704222172000,"time":"2024-01-02T20:37:31.247Z","iobWithZeroTemp":{"iob":0.508,"basaliob":-0.681,"bolussnooze":0.0656,"activity":0.0102,"lastBolusTime":1704222172000,"time":"2024-01-02T20:37:31.247Z"}},{"iob":0.724,"basaliob":-0.384,"bolussnooze":0.0549,"activity":0.0108,"lastBolusTime":1704222172000,"time":"2024-01-02T20:42:31.247Z","iobWithZeroTemp":{"iob":0.426,"basaliob":-0.682,"bolussnooze":0.0549,"activity":0.0093,"lastBolusTime":1704222172000,"time":"2024-01-02T20:42:31.247Z"}},{"iob":0.672,"basaliob":-0.36,"bolussnooze":0.0457,"activity":0.0102,"lastBolusTime":1704222172000,"time":"2024-01-02T20:47:31.247Z","iobWithZeroTemp":{"iob":0.349,"basaliob":-0.683,"bolussnooze":0.0457,"activity":0.0084,"lastBolusTime":1704222172000,"time":"2024-01-02T20:47:31.247Z"}},{"iob":0.622,"basaliob":-0.338,"bolussnooze":0.0379,"activity":0.0095,"lastBolusTime":1704222172000,"time":"2024-01-02T20:52:31.247Z","iobWithZeroTemp":{"iob":0.275,"basaliob":-0.685,"bolussnooze":0.0379,"activity":0.0075,"lastBolusTime":1704222172000,"time":"2024-01-02T20:52:31.247Z"}},{"iob":0.577,"basaliob":-0.316,"bolussnooze":0.0314,"activity":0.0089,"lastBolusTime":1704222172000,"time":"2024-01-02T20:57:31.247Z","iobWithZeroTemp":{"iob":0.207,"basaliob":-0.686,"bolussnooze":0.0314,"activity":0.0067,"lastBolusTime":1704222172000,"time":"2024-01-02T20:57:31.247Z"}},{"iob":0.534,"basaliob":-0.296,"bolussnooze":0.0259,"activity":0.0083,"lastBolusTime":1704222172000,"time":"2024-01-02T21:02:31.247Z","iobWithZeroTemp":{"iob":0.143,"basaliob":-0.687,"bolussnooze":0.0259,"activity":0.0059,"lastBolusTime":1704222172000,"time":"2024-01-02T21:02:31.247Z"}},{"iob":0.494,"basaliob":-0.276,"bolussnooze":0.0213,"activity":0.0077,"lastBolusTime":1704222172000,"time":"2024-01-02T21:07:31.247Z","iobWithZeroTemp":{"iob":0.082,"basaliob":-0.688,"bolussnooze":0.0213,"activity":0.005,"lastBolusTime":1704222172000,"time":"2024-01-02T21:07:31.247Z"}},{"iob":0.456,"basaliob":-0.258,"bolussnooze":0.0174,"activity":0.0072,"lastBolusTime":1704222172000,"time":"2024-01-02T21:12:31.247Z","iobWithZeroTemp":{"iob":0.025,"basaliob":-0.689,"bolussnooze":0.0174,"activity":0.0043,"lastBolusTime":1704222172000,"time":"2024-01-02T21:12:31.247Z"}},{"iob":0.422,"basaliob":-0.24,"bolussnooze":0.0141,"activity":0.0067,"lastBolusTime":1704222172000,"time":"2024-01-02T21:17:31.247Z","iobWithZeroTemp":{"iob":-0.028,"basaliob":-0.69,"bolussnooze":0.0141,"activity":0.0036,"lastBolusTime":1704222172000,"time":"2024-01-02T21:17:31.247Z"}},{"iob":0.389,"basaliob":-0.224,"bolussnooze":0.0115,"activity":0.0063,"lastBolusTime":1704222172000,"time":"2024-01-02T21:22:31.247Z","iobWithZeroTemp":{"iob":-0.078,"basaliob":-0.691,"bolussnooze":0.0115,"activity":0.003,"lastBolusTime":1704222172000,"time":"2024-01-02T21:22:31.247Z"}},{"iob":0.359,"basaliob":-0.208,"bolussnooze":0.0092,"activity":0.0058,"lastBolusTime":1704222172000,"time":"2024-01-02T21:27:31.247Z","iobWithZeroTemp":{"iob":-0.125,"basaliob":-0.692,"bolussnooze":0.0092,"activity":0.0023,"lastBolusTime":1704222172000,"time":"2024-01-02T21:27:31.247Z"}},{"iob":0.331,"basaliob":-0.194,"bolussnooze":0.0074,"activity":0.0054,"lastBolusTime":1704222172000,"time":"2024-01-02T21:32:31.247Z","iobWithZeroTemp":{"iob":-0.168,"basaliob":-0.693,"bolussnooze":0.0074,"activity":0.0017,"lastBolusTime":1704222172000,"time":"2024-01-02T21:32:31.247Z"}},{"iob":0.305,"basaliob":-0.18,"bolussnooze":0.0059,"activity":0.005,"lastBolusTime":1704222172000,"time":"2024-01-02T21:37:31.247Z","iobWithZeroTemp":{"iob":-0.209,"basaliob":-0.694,"bolussnooze":0.0059,"activity":0.0011,"lastBolusTime":1704222172000,"time":"2024-01-02T21:37:31.247Z"}},{"iob":0.281,"basaliob":-0.167,"bolussnooze":0.0047,"activity":0.0047,"lastBolusTime":1704222172000,"time":"2024-01-02T21:42:31.247Z","iobWithZeroTemp":{"iob":-0.246,"basaliob":-0.694,"bolussnooze":0.0047,"activity":7.0E-4,"lastBolusTime":1704222172000,"time":"2024-01-02T21:42:31.247Z"}},{"iob":0.258,"basaliob":-0.155,"bolussnooze":0.0037,"activity":0.0044,"lastBolusTime":1704222172000,"time":"2024-01-02T21:47:31.247Z","iobWithZeroTemp":{"iob":-0.282,"basaliob":-0.695,"bolussnooze":0.0037,"activity":2.0E-4,"lastBolusTime":1704222172000,"time":"2024-01-02T21:47:31.247Z"}},{"iob":0.237,"basaliob":-0.144,"bolussnooze":0.0029,"activity":0.004,"lastBolusTime":1704222172000,"time":"2024-01-02T21:52:31.247Z","iobWithZeroTemp":{"iob":-0.315,"basaliob":-0.696,"bolussnooze":0.0029,"activity":-3.0E-4,"lastBolusTime":1704222172000,"time":"2024-01-02T21:52:31.247Z"}},{"iob":0.218,"basaliob":-0.133,"bolussnooze":0.0022,"activity":0.0038,"lastBolusTime":1704222172000,"time":"2024-01-02T21:57:31.247Z","iobWithZeroTemp":{"iob":-0.345,"basaliob":-0.696,"bolussnooze":0.0022,"activity":-7.0E-4,"lastBolusTime":1704222172000,"time":"2024-01-02T21:57:31.247Z"}},{"iob":0.2,"basaliob":-0.123,"bolussnooze":0.0017,"activity":0.0035,"lastBolusTime":1704222172000,"time":"2024-01-02T22:02:31.247Z","iobWithZeroTemp":{"iob":-0.378,"basaliob":-0.701,"bolussnooze":0.0017,"activity":-0.0011,"lastBolusTime":1704222172000,"time":"2024-01-02T22:02:31.247Z"}},{"iob":0.183,"basaliob":-0.114,"bolussnooze":0.0013,"activity":0.0032,"lastBolusTime":1704222172000,"time":"2024-01-02T22:07:31.247Z","iobWithZeroTemp":{"iob":-0.409,"basaliob":-0.706,"bolussnooze":0.0013,"activity":-0.0016,"lastBolusTime":1704222172000,"time":"2024-01-02T22:07:31.247Z"}},{"iob":0.168,"basaliob":-0.105,"bolussnooze":9.0E-4,"activity":0.0029,"lastBolusTime":1704222172000,"time":"2024-01-02T22:12:31.247Z","iobWithZeroTemp":{"iob":-0.437,"basaliob":-0.71,"bolussnooze":9.0E-4,"activity":-0.002,"lastBolusTime":1704222172000,"time":"2024-01-02T22:12:31.247Z"}},{"iob":0.154,"basaliob":-0.097,"bolussnooze":7.0E-4,"activity":0.0027,"lastBolusTime":1704222172000,"time":"2024-01-02T22:17:31.247Z","iobWithZeroTemp":{"iob":-0.464,"basaliob":-0.715,"bolussnooze":7.0E-4,"activity":-0.0024,"lastBolusTime":1704222172000,"time":"2024-01-02T22:17:31.247Z"}},{"iob":0.141,"basaliob":-0.09,"bolussnooze":5.0E-4,"activity":0.0026,"lastBolusTime":1704222172000,"time":"2024-01-02T22:22:31.247Z","iobWithZeroTemp":{"iob":-0.488,"basaliob":-0.719,"bolussnooze":5.0E-4,"activity":-0.0026,"lastBolusTime":1704222172000,"time":"2024-01-02T22:22:31.247Z"}},{"iob":0.129,"basaliob":-0.083,"bolussnooze":3.0E-4,"activity":0.0024,"lastBolusTime":1704222172000,"time":"2024-01-02T22:27:31.247Z","iobWithZeroTemp":{"iob":-0.512,"basaliob":-0.724,"bolussnooze":3.0E-4,"activity":-0.0029,"lastBolusTime":1704222172000,"time":"2024-01-02T22:27:31.247Z"}},{"iob":0.118,"basaliob":-0.076,"bolussnooze":2.0E-4,"activity":0.0021,"lastBolusTime":1704222172000,"time":"2024-01-02T22:32:31.247Z","iobWithZeroTemp":{"iob":-0.533,"basaliob":-0.727,"bolussnooze":2.0E-4,"activity":-0.0034,"lastBolusTime":1704222172000,"time":"2024-01-02T22:32:31.247Z"}},{"iob":0.108,"basaliob":-0.07,"bolussnooze":1.0E-4,"activity":0.0019,"lastBolusTime":1704222172000,"time":"2024-01-02T22:37:31.247Z","iobWithZeroTemp":{"iob":-0.553,"basaliob":-0.731,"bolussnooze":1.0E-4,"activity":-0.0037,"lastBolusTime":1704222172000,"time":"2024-01-02T22:37:31.247Z"}},{"iob":0.098,"basaliob":-0.065,"bolussnooze":1.0E-4,"activity":0.0018,"lastBolusTime":1704222172000,"time":"2024-01-02T22:42:31.247Z","iobWithZeroTemp":{"iob":-0.572,"basaliob":-0.735,"bolussnooze":1.0E-4,"activity":-0.0039,"lastBolusTime":1704222172000,"time":"2024-01-02T22:42:31.247Z"}},{"iob":0.089,"basaliob":-0.06,"bolussnooze":0,"activity":0.0017,"lastBolusTime":1704222172000,"time":"2024-01-02T22:47:31.247Z","iobWithZeroTemp":{"iob":-0.59,"basaliob":-0.739,"bolussnooze":0,"activity":-0.0041,"lastBolusTime":1704222172000,"time":"2024-01-02T22:47:31.247Z"}},{"iob":0.081,"basaliob":-0.055,"bolussnooze":0,"activity":0.0016,"lastBolusTime":1704222172000,"time":"2024-01-02T22:52:31.247Z","iobWithZeroTemp":{"iob":-0.606,"basaliob":-0.742,"bolussnooze":0,"activity":-0.0043,"lastBolusTime":1704222172000,"time":"2024-01-02T22:52:31.247Z"}},{"iob":0.074,"basaliob":-0.05,"bolussnooze":0,"activity":0.0014,"lastBolusTime":1704222172000,"time":"2024-01-02T22:57:31.247Z","iobWithZeroTemp":{"iob":-0.621,"basaliob":-0.745,"bolussnooze":0,"activity":-0.0046,"lastBolusTime":1704222172000,"time":"2024-01-02T22:57:31.247Z"}},{"iob":0.067,"basaliob":-0.046,"bolussnooze":0,"activity":0.0013,"lastBolusTime":1704222172000,"time":"2024-01-02T23:02:31.247Z","iobWithZeroTemp":{"iob":-0.635,"basaliob":-0.748,"bolussnooze":0,"activity":-0.0048,"lastBolusTime":1704222172000,"time":"2024-01-02T23:02:31.247Z"}},{"iob":0.061,"basaliob":-0.042,"bolussnooze":0,"activity":0.0012,"lastBolusTime":1704222172000,"time":"2024-01-02T23:07:31.247Z","iobWithZeroTemp":{"iob":-0.648,"basaliob":-0.751,"bolussnooze":0,"activity":-0.005,"lastBolusTime":1704222172000,"time":"2024-01-02T23:07:31.247Z"}},{"iob":0.055,"basaliob":-0.039,"bolussnooze":0,"activity":0.0011,"lastBolusTime":1704222172000,"time":"2024-01-02T23:12:31.247Z","iobWithZeroTemp":{"iob":-0.66,"basaliob":-0.754,"bolussnooze":0,"activity":-0.0052,"lastBolusTime":1704222172000,"time":"2024-01-02T23:12:31.247Z"}},{"iob":0.05,"basaliob":-0.036,"bolussnooze":0,"activity":0.001,"lastBolusTime":1704222172000,"time":"2024-01-02T23:17:31.247Z","iobWithZeroTemp":{"iob":-0.671,"basaliob":-0.757,"bolussnooze":0,"activity":-0.0054,"lastBolusTime":1704222172000,"time":"2024-01-02T23:17:31.247Z"}},{"iob":0.045,"basaliob":-0.033,"bolussnooze":0,"activity":9.0E-4,"lastBolusTime":1704222172000,"time":"2024-01-02T23:22:31.247Z","iobWithZeroTemp":{"iob":-0.682,"basaliob":-0.76,"bolussnooze":0,"activity":-0.0055,"lastBolusTime":1704222172000,"time":"2024-01-02T23:22:31.247Z"}},{"iob":0.041,"basaliob":-0.03,"bolussnooze":0,"activity":9.0E-4,"lastBolusTime":1704222172000,"time":"2024-01-02T23:27:31.247Z","iobWithZeroTemp":{"iob":-0.691,"basaliob":-0.762,"bolussnooze":0,"activity":-0.0056,"lastBolusTime":1704222172000,"time":"2024-01-02T23:27:31.247Z"}},{"iob":0.037,"basaliob":-0.027,"bolussnooze":0,"activity":7.0E-4,"lastBolusTime":1704222172000,"time":"2024-01-02T23:32:31.247Z","iobWithZeroTemp":{"iob":-0.7,"basaliob":-0.764,"bolussnooze":0,"activity":-0.0059,"lastBolusTime":1704222172000,"time":"2024-01-02T23:32:31.247Z"}},{"iob":0.033,"basaliob":-0.025,"bolussnooze":0,"activity":6.0E-4,"lastBolusTime":1704222172000,"time":"2024-01-02T23:37:31.247Z","iobWithZeroTemp":{"iob":-0.708,"basaliob":-0.766,"bolussnooze":0,"activity":-0.006,"lastBolusTime":1704222172000,"time":"2024-01-02T23:37:31.247Z"}},{"iob":0.03,"basaliob":-0.023,"bolussnooze":0,"activity":6.0E-4,"lastBolusTime":1704222172000,"time":"2024-01-02T23:42:31.247Z","iobWithZeroTemp":{"iob":-0.715,"basaliob":-0.768,"bolussnooze":0,"activity":-0.0061,"lastBolusTime":1704222172000,"time":"2024-01-02T23:42:31.247Z"}},{"iob":0.027,"basaliob":-0.021,"bolussnooze":0,"activity":6.0E-4,"lastBolusTime":1704222172000,"time":"2024-01-02T23:47:31.247Z","iobWithZeroTemp":{"iob":-0.722,"basaliob":-0.77,"bolussnooze":0,"activity":-0.0062,"lastBolusTime":1704222172000,"time":"2024-01-02T23:47:31.247Z"}}],"profile":{"max_iob":7,"type":"current","max_daily_basal":0.45,"max_basal":1.35,"min_bg":143.99999999999991,"max_bg":143.99999999999991,"target_bg":143.99999999999991,"carb_ratio":11,"sens":352.8,"max_daily_safety_multiplier":3,"current_basal_safety_multiplier":4,"lgsThreshold":65,"high_temptarget_raises_sensitivity":false,"low_temptarget_lowers_sensitivity":false,"sensitivity_raises_target":true,"resistance_lowers_target":true,"adv_target_adjustments":false,"exercise_mode":false,"half_basal_exercise_target":160,"maxCOB":120,"skip_neutral_temps":false,"remainingCarbsCap":90,"enableUAM":true,"A52_risk_enable":false,"SMBInterval":4,"enableSMB_with_COB":true,"enableSMB_with_temptarget":false,"allowSMB_with_high_temptarget":true,"enableSMB_always":true,"enableSMB_after_carbs":false,"maxSMBBasalMinutes":60,"maxUAMSMBBasalMinutes":60,"bolus_increment":0.05,"carbsReqThreshold":10,"current_basal":0.4,"temptargetSet":true,"autosens_max":1.2,"autosens_min":0.8,"out_units":"mmol\/L","variable_sens":245.6,"insulinDivisor":65,"TDD":9.830396666666665},"autosens_data":{"ratio":0.8505550610567162},"meal_data":{"carbs":51,"mealCOB":34.718783446712024,"slopeFromMaxDeviation":-1.8881000000000001,"slopeFromMinDeviation":0.6996666666666668,"lastBolusTime":1704222172000,"lastCarbTime":1704222160000},"microBolusAllowed":true,"currentTime":1704225153388,"flatBGsDetected":false,"tdd1D":29.029333333333327,"tdd7D":23.806904761904768,"tddLast24H":20.24908333333334,"tddLast4H":5.489999999999999,"tddLast8to4H":4.72},"output":{"temp":"absolute","bg":72,"tick":-6,"eventualBG":401,"targetBG":143.99999999999991,"insulinReq":0,"deliverAt":"2024-01-02T19:52:33.388Z","sensitivityRatio":0.8505550610567162,"variable_sens":245.6,"predBGs":{"IOB":[72,62,50,39,39,39,39,39,39,39,39,39,39],"ZT":[72,48,39,39,39,39,39,39,39,39,39,39,39,39,39,39,39,39,39,39,39,39,39,39,39,39,39,39,39,39,39,39,39,39,39,39,39,39,39,39,39,39,39,39,39,39,39,39],"COB":[72,64,57,51,47,44,42,41,42,43,46,49,54,59,65,73,81,90,99,109,120,132,144,157,170,184,198,212,228,243,258,273,287,301,314,327,339,351,363,373,384,393,401],"UAM":[72,62,48,39,39,39,39,39,39,39,39,39,39]},"reason":"COB: 34.7, Dev: 5.2, BGI: -1.3, ISF: 13.6, CR: 11, Target: 8.0, minPredBG 5.5, minGuardBG -5.9, IOBpredBG 2.2, COBpredBG 22.3, UAMpredBG 2.2; minGuardBG -5.9<5.1","COB":34.718783446712024,"IOB":1.466,"duration":120,"rate":0,"timestamp":"2024-01-02T19:52:33.422Z"}}