{"algorithm":"OpenAPSSMBDynamicISFPlugin","input":{"glucoseStatus":{"glucose":141,"noise":0,"delta":0,"short_avgdelta":-0.17,"long_avgdelta":-0.6,"date":1704283026589},"currenttemp":{"temp":"absolute","duration":5,"rate":0.48,"minutesrunning":10},"iob_data":[{"iob":0.315,"basaliob":-0.612,"bolussnooze":0.056,"activity":0.0058,"lastBolusTime":1704278556000,"time":"2024-01-03T11:57:33.621Z","iobWithZeroTemp":{"iob":0.315,"basaliob":-0.612,"bolussnooze":0.056,"activity":0.0058,"lastBolusTime":1704278556000,"time":"2024-01-03T11:57:33.621Z"}},{"iob":0.288,"basaliob":-0.58,"bolussnooze":0.0472,"activity":0.0053,"lastBolusTime":1704278556000,"time":"2024-01-03T12:02:33.621Z","iobWithZeroTemp":{"iob":0.261,"basaliob":-0.607,"bolussnooze":0.0472,"activity":0.0053,"lastBolusTime":1704278556000,"time":"2024-01-03T12:02:33.621Z"}},{"iob":0.262,"basaliob":-0.55,"bolussnooze":0.0396,"activity":0.0048,"lastBolusTime":1704278556000,"time":"2024-01-03T12:07:33.621Z","iobWithZeroTemp":{"iob":0.202,"basaliob":-0.61,"bolussnooze":0.0396,"activity":0.0047,"lastBolusTime":1704278556000,"time":"2024-01-03T12:07:33.621Z"}},{"iob":0.238,"basaliob":-0.52,"bolussnooze":0.0332,"activity":0.0045,"lastBolusTime":1704278556000,"time":"2024-01-03T12:12:33.621Z","iobWithZeroTemp":{"iob":0.146,"basaliob":-0.612,"bolussnooze":0.0332,"activity":0.0043,"lastBolusTime":1704278556000,"time":"2024-01-03T12:12:33.621Z"}},{"iob":0.217,"basaliob":-0.491,"bolussnooze":0.0277,"activity":0.0041,"lastBolusTime":1704278556000,"time":"2024-01-03T12:17:33.621Z","iobWithZeroTemp":{"iob":0.092,"basaliob":-0.616,"bolussnooze":0.0277,"activity":0.0038,"lastBolusTime":1704278556000,"time":"2024-01-03T12:17:33.621Z"}},{"iob":0.197,"basaliob":-0.463,"bolussnooze":0.0231,"activity":0.0038,"lastBolusTime":1704278556000,"time":"2024-01-03T12:22:33.621Z","iobWithZeroTemp":{"iob":0.041,"basaliob":-0.619,"bolussnooze":0.0231,"activity":0.0033,"lastBolusTime":1704278556000,"time":"2024-01-03T12:22:33.621Z"}},{"iob":0.179,"basaliob":-0.436,"bolussnooze":0.0192,"activity":0.0034,"lastBolusTime":1704278556000,"time":"2024-01-03T12:27:33.621Z","iobWithZeroTemp":{"iob":-0.007,"basaliob":-0.622,"bolussnooze":0.0192,"activity":0.0027,"lastBolusTime":1704278556000,"time":"2024-01-03T12:27:33.621Z"}},{"iob":0.163,"basaliob":-0.41,"bolussnooze":0.0158,"activity":0.0031,"lastBolusTime":1704278556000,"time":"2024-01-03T12:32:33.621Z","iobWithZeroTemp":{"iob":-0.053,"basaliob":-0.626,"bolussnooze":0.0158,"activity":0.0022,"lastBolusTime":1704278556000,"time":"2024-01-03T12:32:33.621Z"}},{"iob":0.148,"basaliob":-0.385,"bolussnooze":0.013,"activity":0.0029,"lastBolusTime":1704278556000,"time":"2024-01-03T12:37:33.621Z","iobWithZeroTemp":{"iob":-0.096,"basaliob":-0.629,"bolussnooze":0.013,"activity":0.0018,"lastBolusTime":1704278556000,"time":"2024-01-03T12:37:33.621Z"}},{"iob":0.134,"basaliob":-0.361,"bolussnooze":0.0107,"activity":0.0026,"lastBolusTime":1704278556000,"time":"2024-01-03T12:42:33.621Z","iobWithZeroTemp":{"iob":-0.138,"basaliob":-0.633,"bolussnooze":0.0107,"activity":0.0013,"lastBolusTime":1704278556000,"time":"2024-01-03T12:42:33.621Z"}},{"iob":0.122,"basaliob":-0.338,"bolussnooze":0.0087,"activity":0.0024,"lastBolusTime":1704278556000,"time":"2024-01-03T12:47:33.621Z","iobWithZeroTemp":{"iob":-0.176,"basaliob":-0.636,"bolussnooze":0.0087,"activity":9.0E-4,"lastBolusTime":1704278556000,"time":"2024-01-03T12:47:33.621Z"}},{"iob":0.11,"basaliob":-0.317,"bolussnooze":0.0071,"activity":0.0022,"lastBolusTime":1704278556000,"time":"2024-01-03T12:52:33.621Z","iobWithZeroTemp":{"iob":-0.213,"basaliob":-0.64,"bolussnooze":0.0071,"activity":4.0E-4,"lastBolusTime":1704278556000,"time":"2024-01-03T12:52:33.621Z"}},{"iob":0.1,"basaliob":-0.296,"bolussnooze":0.0057,"activity":0.002,"lastBolusTime":1704278556000,"time":"2024-01-03T12:57:33.621Z","iobWithZeroTemp":{"iob":-0.247,"basaliob":-0.643,"bolussnooze":0.0057,"activity":0,"lastBolusTime":1704278556000,"time":"2024-01-03T12:57:33.621Z"}},{"iob":0.091,"basaliob":-0.276,"bolussnooze":0.0046,"activity":0.0018,"lastBolusTime":1704278556000,"time":"2024-01-03T13:02:33.621Z","iobWithZeroTemp":{"iob":-0.279,"basaliob":-0.646,"bolussnooze":0.0046,"activity":-4.0E-4,"lastBolusTime":1704278556000,"time":"2024-01-03T13:02:33.621Z"}},{"iob":0.081,"basaliob":-0.258,"bolussnooze":0.0037,"activity":0.0017,"lastBolusTime":1704278556000,"time":"2024-01-03T13:07:33.621Z","iobWithZeroTemp":{"iob":-0.31,"basaliob":-0.649,"bolussnooze":0.0037,"activity":-7.0E-4,"lastBolusTime":1704278556000,"time":"2024-01-03T13:07:33.621Z"}},{"iob":0.073,"basaliob":-0.241,"bolussnooze":0.0029,"activity":0.0015,"lastBolusTime":1704278556000,"time":"2024-01-03T13:12:33.621Z","iobWithZeroTemp":{"iob":-0.339,"basaliob":-0.653,"bolussnooze":0.0029,"activity":-0.0012,"lastBolusTime":1704278556000,"time":"2024-01-03T13:12:33.621Z"}},{"iob":0.066,"basaliob":-0.224,"bolussnooze":0.0023,"activity":0.0014,"lastBolusTime":1704278556000,"time":"2024-01-03T13:17:33.621Z","iobWithZeroTemp":{"iob":-0.365,"basaliob":-0.655,"bolussnooze":0.0023,"activity":-0.0015,"lastBolusTime":1704278556000,"time":"2024-01-03T13:17:33.621Z"}},{"iob":0.059,"basaliob":-0.209,"bolussnooze":0.0018,"activity":0.0013,"lastBolusTime":1704278556000,"time":"2024-01-03T13:22:33.621Z","iobWithZeroTemp":{"iob":-0.391,"basaliob":-0.659,"bolussnooze":0.0018,"activity":-0.0018,"lastBolusTime":1704278556000,"time":"2024-01-03T13:22:33.621Z"}},{"iob":0.054,"basaliob":-0.194,"bolussnooze":0.0014,"activity":0.0012,"lastBolusTime":1704278556000,"time":"2024-01-03T13:27:33.621Z","iobWithZeroTemp":{"iob":-0.413,"basaliob":-0.661,"bolussnooze":0.0014,"activity":-0.0021,"lastBolusTime":1704278556000,"time":"2024-01-03T13:27:33.621Z"}},{"iob":0.048,"basaliob":-0.18,"bolussnooze":0.001,"activity":0.001,"lastBolusTime":1704278556000,"time":"2024-01-03T13:32:33.621Z","iobWithZeroTemp":{"iob":-0.436,"basaliob":-0.664,"bolussnooze":0.001,"activity":-0.0025,"lastBolusTime":1704278556000,"time":"2024-01-03T13:32:33.621Z"}},{"iob":0.044,"basaliob":-0.167,"bolussnooze":8.0E-4,"activity":9.0E-4,"lastBolusTime":1704278556000,"time":"2024-01-03T13:37:33.621Z","iobWithZeroTemp":{"iob":-0.455,"basaliob":-0.666,"bolussnooze":8.0E-4,"activity":-0.0028,"lastBolusTime":1704278556000,"time":"2024-01-03T13:37:33.621Z"}},{"iob":0.039,"basaliob":-0.155,"bolussnooze":6.0E-4,"activity":9.0E-4,"lastBolusTime":1704278556000,"time":"2024-01-03T13:42:33.621Z","iobWithZeroTemp":{"iob":-0.475,"basaliob":-0.669,"bolussnooze":6.0E-4,"activity":-0.003,"lastBolusTime":1704278556000,"time":"2024-01-03T13:42:33.621Z"}},{"iob":0.035,"basaliob":-0.144,"bolussnooze":4.0E-4,"activity":8.0E-4,"lastBolusTime":1704278556000,"time":"2024-01-03T13:47:33.621Z","iobWithZeroTemp":{"iob":-0.492,"basaliob":-0.671,"bolussnooze":4.0E-4,"activity":-0.0032,"lastBolusTime":1704278556000,"time":"2024-01-03T13:47:33.621Z"}},{"iob":0.031,"basaliob":-0.133,"bolussnooze":3.0E-4,"activity":7.0E-4,"lastBolusTime":1704278556000,"time":"2024-01-03T13:52:33.621Z","iobWithZeroTemp":{"iob":-0.509,"basaliob":-0.673,"bolussnooze":3.0E-4,"activity":-0.0035,"lastBolusTime":1704278556000,"time":"2024-01-03T13:52:33.621Z"}},{"iob":0.028,"basaliob":-0.123,"bolussnooze":2.0E-4,"activity":7.0E-4,"lastBolusTime":1704278556000,"time":"2024-01-03T13:57:33.621Z","iobWithZeroTemp":{"iob":-0.524,"basaliob":-0.675,"bolussnooze":2.0E-4,"activity":-0.0036,"lastBolusTime":1704278556000,"time":"2024-01-03T13:57:33.621Z"}},{"iob":0.025,"basaliob":-0.114,"bolussnooze":1.0E-4,"activity":6.0E-4,"lastBolusTime":1704278556000,"time":"2024-01-03T14:02:33.621Z","iobWithZeroTemp":{"iob":-0.538,"basaliob":-0.677,"bolussnooze":1.0E-4,"activity":-0.0039,"lastBolusTime":1704278556000,"time":"2024-01-03T14:02:33.621Z"}},{"iob":0.022,"basaliob":-0.105,"bolussnooze":1.0E-4,"activity":5.0E-4,"lastBolusTime":1704278556000,"time":"2024-01-03T14:07:33.621Z","iobWithZeroTemp":{"iob":-0.552,"basaliob":-0.679,"bolussnooze":1.0E-4,"activity":-0.0041,"lastBolusTime":1704278556000,"time":"2024-01-03T14:07:33.621Z"}},{"iob":0.02,"basaliob":-0.097,"bolussnooze":0,"activity":4.0E-4,"lastBolusTime":1704278556000,"time":"2024-01-03T14:12:33.621Z","iobWithZeroTemp":{"iob":-0.564,"basaliob":-0.681,"bolussnooze":0,"activity":-0.0044,"lastBolusTime":1704278556000,"time":"2024-01-03T14:12:33.621Z"}},{"iob":0.017,"basaliob":-0.09,"bolussnooze":0,"activity":5.0E-4,"lastBolusTime":1704278556000,"time":"2024-01-03T14:17:33.621Z","iobWithZeroTemp":{"iob":-0.576,"basaliob":-0.683,"bolussnooze":0,"activity":-0.0044,"lastBolusTime":1704278556000,"time":"2024-01-03T14:17:33.621Z"}},{"iob":0.015,"basaliob":-0.083,"bolussnooze":0,"activity":4.0E-4,"lastBolusTime":1704278556000,"time":"2024-01-03T14:22:33.621Z","iobWithZeroTemp":{"iob":-0.586,"basaliob":-0.684,"bolussnooze":0,"activity":-0.0046,"lastBolusTime":1704278556000,"time":"2024-01-03T14:22:33.621Z"}},{"iob":0.014,"basaliob":-0.076,"bolussnooze":0,"activity":3.0E-4,"lastBolusTime":1704278556000,"time":"2024-01-03T14:27:33.621Z","iobWithZeroTemp":{"iob":-0.595,"basaliob":-0.685,"bolussnooze":0,"activity":-0.0048,"lastBolusTime":1704278556000,"time":"2024-01-03T14:27:33.621Z"}},{"iob":0.012,"basaliob":-0.07,"bolussnooze":0,"activity":3.0E-4,"lastBolusTime":1704278556000,"time":"2024-01-03T14:32:33.621Z","iobWithZeroTemp":{"iob":-0.605,"basaliob":-0.687,"bolussnooze":0,"activity":-0.0049,"lastBolusTime":1704278556000,"time":"2024-01-03T14:32:33.621Z"}},{"iob":0.01,"basaliob":-0.065,"bolussnooze":0,"activity":3.0E-4,"lastBolusTime":1704278556000,"time":"2024-01-03T14:37:33.621Z","iobWithZeroTemp":{"iob":-0.614,"basaliob":-0.689,"bolussnooze":0,"activity":-0.005,"lastBolusTime":1704278556000,"time":"2024-01-03T14:37:33.621Z"}},{"iob":0.009,"basaliob":-0.06,"bolussnooze":0,"activity":2.0E-4,"lastBolusTime":1704278556000,"time":"2024-01-03T14:42:33.621Z","iobWithZeroTemp":{"iob":-0.621,"basaliob":-0.69,"bolussnooze":0,"activity":-0.0052,"lastBolusTime":1704278556000,"time":"2024-01-03T14:42:33.621Z"}},{"iob":0.008,"basaliob":-0.055,"bolussnooze":0,"activity":2.0E-4,"lastBolusTime":1704278556000,"time":"2024-01-03T14:47:33.621Z","iobWithZeroTemp":{"iob":-0.628,"basaliob":-0.691,"bolussnooze":0,"activity":-0.0053,"lastBolusTime":1704278556000,"time":"2024-01-03T14:47:33.621Z"}},{"iob":0.007,"basaliob":-0.05,"bolussnooze":0,"activity":2.0E-4,"lastBolusTime":1704278556000,"time":"2024-01-03T14:52:33.621Z","iobWithZeroTemp":{"iob":-0.635,"basaliob":-0.692,"bolussnooze":0,"activity":-0.0054,"lastBolusTime":1704278556000,"time":"2024-01-03T14:52:33.621Z"}},{"iob":0.006,"basaliob":-0.046,"bolussnooze":0,"activity":2.0E-4,"lastBolusTime":1704278556000,"time":"2024-01-03T14:57:33.621Z","iobWithZeroTemp":{"iob":-0.641,"basaliob":-0.693,"bolussnooze":0,"activity":-0.0055,"lastBolusTime":1704278556000,"time":"2024-01-03T14:57:33.621Z"}},{"iob":0.005,"basaliob":-0.042,"bolussnooze":0,"activity":2.0E-4,"lastBolusTime":1704278556000,"time":"2024-01-03T15:02:33.621Z","iobWithZeroTemp":{"iob":-0.646,"basaliob":-0.693,"bolussnooze":0,"activity":-0.0056,"lastBolusTime":1704278556000,"time":"2024-01-03T15:02:33.621Z"}},{"iob":0.004,"basaliob":-0.039,"bolussnooze":0,"activity":1.0E-4,"lastBolusTime":1704278556000,"time":"2024-01-03T15:07:33.621Z","iobWithZeroTemp":{"iob":-0.652,"basaliob":-0.695,"bolussnooze":0,"activity":-0.0057,"lastBolusTime":1704278556000,"time":"2024-01-03T15:07:33.621Z"}},{"iob":0.004,"basaliob":-0.035,"bolussnooze":0,"activity":2.0E-4,"lastBolusTime":1704278556000,"time":"2024-01-03T15:12:33.621Z","iobWithZeroTemp":{"iob":-0.656,"basaliob":-0.695,"bolussnooze":0,"activity":-0.0057,"lastBolusTime":1704278556000,"time":"2024-01-03T15:12:33.621Z"}},{"iob":0.003,"basaliob":-0.032,"bolussnooze":0,"activity":1.0E-4,"lastBolusTime":1704278556000,"time":"2024-01-03T15:17:33.621Z","iobWithZeroTemp":{"iob":-0.661,"basaliob":-0.696,"bolussnooze":0,"activity":-0.0058,"lastBolusTime":1704278556000,"time":"2024-01-03T15:17:33.621Z"}},{"iob":0.002,"basaliob":-0.03,"bolussnooze":0,"activity":1.0E-4,"lastBolusTime":1704278556000,"time":"2024-01-03T15:22:33.621Z","iobWithZeroTemp":{"iob":-0.665,"basaliob":-0.697,"bolussnooze":0,"activity":-0.0059,"lastBolusTime":1704278556000,"time":"2024-01-03T15:22:33.621Z"}},{"iob":0.002,"basaliob":-0.027,"bolussnooze":0,"activity":1.0E-4,"lastBolusTime":1704278556000,"time":"2024-01-03T15:27:33.621Z","iobWithZeroTemp":{"iob":-0.668,"basaliob":-0.697,"bolussnooze":0,"activity":-0.006,"lastBolusTime":1704278556000,"time":"2024-01-03T15:27:33.621Z"}},{"iob":0.001,"basaliob":-0.025,"bolussnooze":0,"activity":0,"lastBolusTime":1704278556000,"time":"2024-01-03T15:32:33.621Z","iobWithZeroTemp":{"iob":-0.672,"basaliob":-0.698,"bolussnooze":0,"activity":-0.0061,"lastBolusTime":1704278556000,"time":"2024-01-03T15:32:33.621Z"}},{"iob":0.001,"basaliob":-0.023,"bolussnooze":0,"activity":1.0E-4,"lastBolusTime":1704278556000,"time":"2024-01-03T15:37:33.621Z","iobWithZeroTemp":{"iob":-0.675,"basaliob":-0.699,"bolussnooze":0,"activity":-0.006,"lastBolusTime":1704278556000,"time":"2024-01-03T15:37:33.621Z"}},{"iob":0.002,"basaliob":-0.02,"bolussnooze":0,"activity":0,"lastBolusTime":1704278556000,"time":"2024-01-03T15:42:33.621Z","iobWithZeroTemp":{"iob":-0.676,"basaliob":-0.698,"bolussnooze":0,"activity":-0.0062,"lastBolusTime":1704278556000,"time":"2024-01-03T15:42:33.621Z"}},{"iob":0.001,"basaliob":-0.019,"bolussnooze":0,"activity":1.0E-4,"lastBolusTime":1704278556000,"time":"2024-01-03T15:47:33.621Z","iobWithZeroTemp":{"iob":-0.68,"basaliob":-0.7,"bolussnooze":0,"activity":-0.0061,"lastBolusTime":1704278556000,"time":"2024-01-03T15:47:33.621Z"}},{"iob":0.001,"basaliob":-0.017,"bolussnooze":0,"activity":1.0E-4,"lastBolusTime":1704278556000,"time":"2024-01-03T15:52:33.621Z","iobWithZeroTemp":{"iob":-0.682,"basaliob":-0.7,"bolussnooze":0,"activity":-0.0062,"lastBolusTime":1704278556000,"time":"2024-01-03T15:52:33.621Z"}}],"profile":{"max_iob":7,"type":"current","max_daily_basal":0.45,"max_basal":1.35,"min_bg":106.2,"max_bg":106.2,"target_bg":106.2,"carb_ratio":11,"sens":352.8,"max_daily_safety_multiplier":3,"current_basal_safety_multiplier":4,"lgsThreshold":65,"high_temptarget_raises_sensitivity":false,"low_temptarget_lowers_sensitivity":false,"sensitivity_raises_target":true,"resistance_lowers_target":true,"adv_target_adjustments":false,"exercise_mode":false,"half_basal_exercise_target":160,"maxCOB":120,"skip_neutral_temps":false,"remainingCarbsCap":90,"enableUAM":true,"A52_risk_enable":false,"SMBInterval":4,"enableSMB_with_COB":true,"enableSMB_with_temptarget":false,"allowSMB_with_high_temptarget":true,"enableSMB_always":true,"enableSMB_after_carbs":false,"maxSMBBasalMinutes":60,"maxUAMSMBBasalMinutes":60,"bolus_increment":0.05,"carbsReqThreshold":10,"current_basal":0.4,"temptargetSet":false,"autosens_max":1.2,"autosens_min":0.8,"out_units":"mmol\/L","variable_sens":223.3,"insulinDivisor":65,"TDD":6.986907208333334},"autosens_data":{"ratio":0.9043806322030439},"meal_data":{"carbs":15,"mealCOB":6.843947845804983,"slopeFromMaxDeviation":-1.48975,"slopeFromMinDeviation":0,"lastBolusTime":1704278556000,"lastCarbTime":1704275188000},"microBolusAllowed":true,"currentTime":1704283056396,"flatBGsDetected":false,"tdd1D":19.209083333333343,"tdd7D":22.16738095238096,"tddLast24H":20.047750000000004,"tddLast4H":2.5333333333333337,"tddLast8to4H":4.335833333333332},"output":{"temp":"absolute","bg":141,"tick":"+0","eventualBG":203,"targetBG":111,"insulinReq":0.07,"deliverAt":"2024-01-03T11:57:36.396Z","sensitivityRatio":0.9043806322030439,"variable_sens":223.3,"predBGs":{"IOB":[141,140,140,139,138,137,136,135,133,131,129,127,125,122,120,118,116,114,113,111,110,109,107,106,105,104,104,103,102,102,101,101,100,100,100,99,99,99,99,98,98,98,98,98,98,98,98,97],"ZT":[141,135,128,123,118,113,109,105,102,100,98,97,96,96,97,98,99,101,104,107,110],"COB":[141,141,141,141,142,143,144,146,147,149,151,153,155,158,160,162,164,167,169,171,174,176,178,180,182,184,186,188,190,191,193,195,196,197,198,200,200,201,202,203],"UAM":[141,139,137,133,128,123,119,115,111,107,103,100,97,94,92,89,87,85,83,81,79,78,76,75,74,73,72,71,70,69,69,68,68,67,67,66,66,65,65,65,65,64]},"reason":"COB: 6.8, Dev: 2.1, BGI: -0.4, ISF: 12.4, CR: 11, Target: 6.2, minPredBG 7.1, minGuardBG 5.5, IOBpredBG 5.4, COBpredBG 11.3, UAMpredBG 3.6; Eventual BG 11.3 >= 6.2,  insulinReq 0.07. temp 0.48 < 0.5U\/hr. ","COB":6.843947845804983,"IOB":0.315,"duration":30,"rate":0.5017522528812176,"timestamp":"2024-01-03T11:57:36.421Z"}}