{"algorithm":"OpenAPSSMBDynamicISFPlugin","input":{"glucoseStatus":{"glucose":123,"noise":0,"delta":-4,"short_avgdelta":-3.67,"long_avgdelta":-5.89,"date":1704299829787},"currenttemp":{"temp":"absolute","duration":20,"rate":0,"minutesrunning":40},"iob_data":[{"iob":2.158,"basaliob":-0.546,"bolussnooze":1.5015,"activity":0.0092,"lastBolusTime":1704299795000,"time":"2024-01-03T16:37:32.674Z","iobWithZeroTemp":{"iob":2.158,"basaliob":-0.546,"bolussnooze":1.5015,"activity":0.0092,"lastBolusTime":1704299795000,"time":"2024-01-03T16:37:32.674Z"}},{"iob":2.108,"basaliob":-0.522,"bolussnooze":1.4706,"activity":0.011,"lastBolusTime":1704299795000,"time":"2024-01-03T16:42:32.674Z","iobWithZeroTemp":{"iob":2.081,"basaliob":-0.549,"bolussnooze":1.4706,"activity":0.011,"lastBolusTime":1704299795000,"time":"2024-01-03T16:42:32.674Z"}},{"iob":2.049,"basaliob":-0.498,"bolussnooze":1.4076,"activity":0.0124,"lastBolusTime":1704299795000,"time":"2024-01-03T16:47:32.674Z","iobWithZeroTemp":{"iob":1.989,"basaliob":-0.558,"bolussnooze":1.4076,"activity":0.0123,"lastBolusTime":1704299795000,"time":"2024-01-03T16:47:32.674Z"}},{"iob":1.984,"basaliob":-0.474,"bolussnooze":1.3237,"activity":0.0135,"lastBolusTime":1704299795000,"time":"2024-01-03T16:52:32.674Z","iobWithZeroTemp":{"iob":1.892,"basaliob":-0.566,"bolussnooze":1.3237,"activity":0.0133,"lastBolusTime":1704299795000,"time":"2024-01-03T16:52:32.674Z"}},{"iob":1.914,"basaliob":-0.451,"bolussnooze":1.2277,"activity":0.0143,"lastBolusTime":1704299795000,"time":"2024-01-03T16:57:32.674Z","iobWithZeroTemp":{"iob":1.789,"basaliob":-0.576,"bolussnooze":1.2277,"activity":0.014,"lastBolusTime":1704299795000,"time":"2024-01-03T16:57:32.674Z"}},{"iob":1.841,"basaliob":-0.428,"bolussnooze":1.126,"activity":0.0148,"lastBolusTime":1704299795000,"time":"2024-01-03T17:02:32.674Z","iobWithZeroTemp":{"iob":1.685,"basaliob":-0.584,"bolussnooze":1.126,"activity":0.0143,"lastBolusTime":1704299795000,"time":"2024-01-03T17:02:32.674Z"}},{"iob":1.766,"basaliob":-0.405,"bolussnooze":1.023,"activity":0.0152,"lastBolusTime":1704299795000,"time":"2024-01-03T17:07:32.674Z","iobWithZeroTemp":{"iob":1.58,"basaliob":-0.591,"bolussnooze":1.023,"activity":0.0145,"lastBolusTime":1704299795000,"time":"2024-01-03T17:07:32.674Z"}},{"iob":1.689,"basaliob":-0.383,"bolussnooze":0.9222,"activity":0.0153,"lastBolusTime":1704299795000,"time":"2024-01-03T17:12:32.674Z","iobWithZeroTemp":{"iob":1.473,"basaliob":-0.599,"bolussnooze":0.9222,"activity":0.0144,"lastBolusTime":1704299795000,"time":"2024-01-03T17:12:32.674Z"}},{"iob":1.613,"basaliob":-0.361,"bolussnooze":0.8255,"activity":0.0154,"lastBolusTime":1704299795000,"time":"2024-01-03T17:17:32.674Z","iobWithZeroTemp":{"iob":1.369,"basaliob":-0.605,"bolussnooze":0.8255,"activity":0.0143,"lastBolusTime":1704299795000,"time":"2024-01-03T17:17:32.674Z"}},{"iob":1.535,"basaliob":-0.341,"bolussnooze":0.7346,"activity":0.0153,"lastBolusTime":1704299795000,"time":"2024-01-03T17:22:32.674Z","iobWithZeroTemp":{"iob":1.263,"basaliob":-0.613,"bolussnooze":0.7346,"activity":0.014,"lastBolusTime":1704299795000,"time":"2024-01-03T17:22:32.674Z"}},{"iob":1.459,"basaliob":-0.321,"bolussnooze":0.6502,"activity":0.0151,"lastBolusTime":1704299795000,"time":"2024-01-03T17:27:32.674Z","iobWithZeroTemp":{"iob":1.161,"basaliob":-0.619,"bolussnooze":0.6502,"activity":0.0136,"lastBolusTime":1704299795000,"time":"2024-01-03T17:27:32.674Z"}},{"iob":1.385,"basaliob":-0.301,"bolussnooze":0.5728,"activity":0.0148,"lastBolusTime":1704299795000,"time":"2024-01-03T17:32:32.674Z","iobWithZeroTemp":{"iob":1.062,"basaliob":-0.624,"bolussnooze":0.5728,"activity":0.013,"lastBolusTime":1704299795000,"time":"2024-01-03T17:32:32.674Z"}},{"iob":1.311,"basaliob":-0.283,"bolussnooze":0.5024,"activity":0.0145,"lastBolusTime":1704299795000,"time":"2024-01-03T17:37:32.674Z","iobWithZeroTemp":{"iob":0.964,"basaliob":-0.63,"bolussnooze":0.5024,"activity":0.0125,"lastBolusTime":1704299795000,"time":"2024-01-03T17:37:32.674Z"}},{"iob":1.24,"basaliob":-0.265,"bolussnooze":0.4389,"activity":0.0141,"lastBolusTime":1704299795000,"time":"2024-01-03T17:42:32.674Z","iobWithZeroTemp":{"iob":0.87,"basaliob":-0.635,"bolussnooze":0.4389,"activity":0.0119,"lastBolusTime":1704299795000,"time":"2024-01-03T17:42:32.674Z"}},{"iob":1.17,"basaliob":-0.249,"bolussnooze":0.382,"activity":0.0136,"lastBolusTime":1704299795000,"time":"2024-01-03T17:47:32.674Z","iobWithZeroTemp":{"iob":0.779,"basaliob":-0.64,"bolussnooze":0.382,"activity":0.0112,"lastBolusTime":1704299795000,"time":"2024-01-03T17:47:32.674Z"}},{"iob":1.103,"basaliob":-0.233,"bolussnooze":0.3313,"activity":0.0132,"lastBolusTime":1704299795000,"time":"2024-01-03T17:52:32.674Z","iobWithZeroTemp":{"iob":0.691,"basaliob":-0.645,"bolussnooze":0.3313,"activity":0.0105,"lastBolusTime":1704299795000,"time":"2024-01-03T17:52:32.674Z"}},{"iob":1.039,"basaliob":-0.217,"bolussnooze":0.2864,"activity":0.0126,"lastBolusTime":1704299795000,"time":"2024-01-03T17:57:32.674Z","iobWithZeroTemp":{"iob":0.608,"basaliob":-0.648,"bolussnooze":0.2864,"activity":0.0097,"lastBolusTime":1704299795000,"time":"2024-01-03T17:57:32.674Z"}},{"iob":0.977,"basaliob":-0.203,"bolussnooze":0.2468,"activity":0.0122,"lastBolusTime":1704299795000,"time":"2024-01-03T18:02:32.674Z","iobWithZeroTemp":{"iob":0.527,"basaliob":-0.653,"bolussnooze":0.2468,"activity":0.0091,"lastBolusTime":1704299795000,"time":"2024-01-03T18:02:32.674Z"}},{"iob":0.918,"basaliob":-0.189,"bolussnooze":0.212,"activity":0.0117,"lastBolusTime":1704299795000,"time":"2024-01-03T18:07:32.674Z","iobWithZeroTemp":{"iob":0.451,"basaliob":-0.656,"bolussnooze":0.212,"activity":0.0084,"lastBolusTime":1704299795000,"time":"2024-01-03T18:07:32.674Z"}},{"iob":0.86,"basaliob":-0.177,"bolussnooze":0.1816,"activity":0.0111,"lastBolusTime":1704299795000,"time":"2024-01-03T18:12:32.674Z","iobWithZeroTemp":{"iob":0.376,"basaliob":-0.661,"bolussnooze":0.1816,"activity":0.0076,"lastBolusTime":1704299795000,"time":"2024-01-03T18:12:32.674Z"}},{"iob":0.805,"basaliob":-0.165,"bolussnooze":0.1552,"activity":0.0105,"lastBolusTime":1704299795000,"time":"2024-01-03T18:17:32.674Z","iobWithZeroTemp":{"iob":0.306,"basaliob":-0.664,"bolussnooze":0.1552,"activity":0.0068,"lastBolusTime":1704299795000,"time":"2024-01-03T18:17:32.674Z"}},{"iob":0.754,"basaliob":-0.153,"bolussnooze":0.1322,"activity":0.0101,"lastBolusTime":1704299795000,"time":"2024-01-03T18:22:32.674Z","iobWithZeroTemp":{"iob":0.24,"basaliob":-0.667,"bolussnooze":0.1322,"activity":0.0062,"lastBolusTime":1704299795000,"time":"2024-01-03T18:22:32.674Z"}},{"iob":0.706,"basaliob":-0.142,"bolussnooze":0.1122,"activity":0.0095,"lastBolusTime":1704299795000,"time":"2024-01-03T18:27:32.674Z","iobWithZeroTemp":{"iob":0.179,"basaliob":-0.669,"bolussnooze":0.1122,"activity":0.0055,"lastBolusTime":1704299795000,"time":"2024-01-03T18:27:32.674Z"}},{"iob":0.659,"basaliob":-0.132,"bolussnooze":0.0951,"activity":0.009,"lastBolusTime":1704299795000,"time":"2024-01-03T18:32:32.674Z","iobWithZeroTemp":{"iob":0.119,"basaliob":-0.672,"bolussnooze":0.0951,"activity":0.0048,"lastBolusTime":1704299795000,"time":"2024-01-03T18:32:32.674Z"}},{"iob":0.615,"basaliob":-0.123,"bolussnooze":0.0803,"activity":0.0086,"lastBolusTime":1704299795000,"time":"2024-01-03T18:37:32.674Z","iobWithZeroTemp":{"iob":0.063,"basaliob":-0.675,"bolussnooze":0.0803,"activity":0.0043,"lastBolusTime":1704299795000,"time":"2024-01-03T18:37:32.674Z"}},{"iob":0.573,"basaliob":-0.114,"bolussnooze":0.0676,"activity":0.0081,"lastBolusTime":1704299795000,"time":"2024-01-03T18:42:32.674Z","iobWithZeroTemp":{"iob":0.01,"basaliob":-0.677,"bolussnooze":0.0676,"activity":0.0036,"lastBolusTime":1704299795000,"time":"2024-01-03T18:42:32.674Z"}},{"iob":0.534,"basaliob":-0.106,"bolussnooze":0.0568,"activity":0.0076,"lastBolusTime":1704299795000,"time":"2024-01-03T18:47:32.674Z","iobWithZeroTemp":{"iob":-0.04,"basaliob":-0.68,"bolussnooze":0.0568,"activity":0.003,"lastBolusTime":1704299795000,"time":"2024-01-03T18:47:32.674Z"}},{"iob":0.497,"basaliob":-0.098,"bolussnooze":0.0475,"activity":0.0072,"lastBolusTime":1704299795000,"time":"2024-01-03T18:52:32.674Z","iobWithZeroTemp":{"iob":-0.087,"basaliob":-0.682,"bolussnooze":0.0475,"activity":0.0024,"lastBolusTime":1704299795000,"time":"2024-01-03T18:52:32.674Z"}},{"iob":0.463,"basaliob":-0.09,"bolussnooze":0.0397,"activity":0.0068,"lastBolusTime":1704299795000,"time":"2024-01-03T18:57:32.674Z","iobWithZeroTemp":{"iob":-0.13,"basaliob":-0.683,"bolussnooze":0.0397,"activity":0.0019,"lastBolusTime":1704299795000,"time":"2024-01-03T18:57:32.674Z"}},{"iob":0.429,"basaliob":-0.084,"bolussnooze":0.033,"activity":0.0064,"lastBolusTime":1704299795000,"time":"2024-01-03T19:02:32.674Z","iobWithZeroTemp":{"iob":-0.172,"basaliob":-0.685,"bolussnooze":0.033,"activity":0.0014,"lastBolusTime":1704299795000,"time":"2024-01-03T19:02:32.674Z"}},{"iob":0.399,"basaliob":-0.077,"bolussnooze":0.0273,"activity":0.006,"lastBolusTime":1704299795000,"time":"2024-01-03T19:07:32.674Z","iobWithZeroTemp":{"iob":-0.21,"basaliob":-0.686,"bolussnooze":0.0273,"activity":9.0E-4,"lastBolusTime":1704299795000,"time":"2024-01-03T19:07:32.674Z"}},{"iob":0.371,"basaliob":-0.071,"bolussnooze":0.0226,"activity":0.0056,"lastBolusTime":1704299795000,"time":"2024-01-03T19:12:32.674Z","iobWithZeroTemp":{"iob":-0.246,"basaliob":-0.688,"bolussnooze":0.0226,"activity":4.0E-4,"lastBolusTime":1704299795000,"time":"2024-01-03T19:12:32.674Z"}},{"iob":0.343,"basaliob":-0.066,"bolussnooze":0.0186,"activity":0.0052,"lastBolusTime":1704299795000,"time":"2024-01-03T19:17:32.674Z","iobWithZeroTemp":{"iob":-0.281,"basaliob":-0.69,"bolussnooze":0.0186,"activity":-1.0E-4,"lastBolusTime":1704299795000,"time":"2024-01-03T19:17:32.674Z"}},{"iob":0.318,"basaliob":-0.061,"bolussnooze":0.0152,"activity":0.0049,"lastBolusTime":1704299795000,"time":"2024-01-03T19:22:32.674Z","iobWithZeroTemp":{"iob":-0.312,"basaliob":-0.691,"bolussnooze":0.0152,"activity":-5.0E-4,"lastBolusTime":1704299795000,"time":"2024-01-03T19:22:32.674Z"}},{"iob":0.294,"basaliob":-0.056,"bolussnooze":0.0124,"activity":0.0046,"lastBolusTime":1704299795000,"time":"2024-01-03T19:27:32.674Z","iobWithZeroTemp":{"iob":-0.342,"basaliob":-0.692,"bolussnooze":0.0124,"activity":-9.0E-4,"lastBolusTime":1704299795000,"time":"2024-01-03T19:27:32.674Z"}},{"iob":0.272,"basaliob":-0.052,"bolussnooze":0.0101,"activity":0.0042,"lastBolusTime":1704299795000,"time":"2024-01-03T19:32:32.674Z","iobWithZeroTemp":{"iob":-0.37,"basaliob":-0.694,"bolussnooze":0.0101,"activity":-0.0014,"lastBolusTime":1704299795000,"time":"2024-01-03T19:32:32.674Z"}},{"iob":0.252,"basaliob":-0.047,"bolussnooze":0.0081,"activity":0.004,"lastBolusTime":1704299795000,"time":"2024-01-03T19:37:32.674Z","iobWithZeroTemp":{"iob":-0.395,"basaliob":-0.694,"bolussnooze":0.0081,"activity":-0.0017,"lastBolusTime":1704299795000,"time":"2024-01-03T19:37:32.674Z"}},{"iob":0.232,"basaliob":-0.044,"bolussnooze":0.0065,"activity":0.0037,"lastBolusTime":1704299795000,"time":"2024-01-03T19:42:32.674Z","iobWithZeroTemp":{"iob":-0.419,"basaliob":-0.695,"bolussnooze":0.0065,"activity":-0.0021,"lastBolusTime":1704299795000,"time":"2024-01-03T19:42:32.674Z"}},{"iob":0.215,"basaliob":-0.04,"bolussnooze":0.0052,"activity":0.0034,"lastBolusTime":1704299795000,"time":"2024-01-03T19:47:32.674Z","iobWithZeroTemp":{"iob":-0.441,"basaliob":-0.696,"bolussnooze":0.0052,"activity":-0.0024,"lastBolusTime":1704299795000,"time":"2024-01-03T19:47:32.674Z"}},{"iob":0.198,"basaliob":-0.037,"bolussnooze":0.0041,"activity":0.0032,"lastBolusTime":1704299795000,"time":"2024-01-03T19:52:32.674Z","iobWithZeroTemp":{"iob":-0.462,"basaliob":-0.697,"bolussnooze":0.0041,"activity":-0.0027,"lastBolusTime":1704299795000,"time":"2024-01-03T19:52:32.674Z"}},{"iob":0.182,"basaliob":-0.034,"bolussnooze":0.0032,"activity":0.003,"lastBolusTime":1704299795000,"time":"2024-01-03T19:57:32.674Z","iobWithZeroTemp":{"iob":-0.482,"basaliob":-0.698,"bolussnooze":0.0032,"activity":-0.0029,"lastBolusTime":1704299795000,"time":"2024-01-03T19:57:32.674Z"}},{"iob":0.168,"basaliob":-0.031,"bolussnooze":0.0025,"activity":0.0028,"lastBolusTime":1704299795000,"time":"2024-01-03T20:02:32.674Z","iobWithZeroTemp":{"iob":-0.499,"basaliob":-0.698,"bolussnooze":0.0025,"activity":-0.0032,"lastBolusTime":1704299795000,"time":"2024-01-03T20:02:32.674Z"}},{"iob":0.155,"basaliob":-0.028,"bolussnooze":0.0019,"activity":0.0026,"lastBolusTime":1704299795000,"time":"2024-01-03T20:07:32.674Z","iobWithZeroTemp":{"iob":-0.515,"basaliob":-0.698,"bolussnooze":0.0019,"activity":-0.0035,"lastBolusTime":1704299795000,"time":"2024-01-03T20:07:32.674Z"}},{"iob":0.142,"basaliob":-0.026,"bolussnooze":0.0014,"activity":0.0023,"lastBolusTime":1704299795000,"time":"2024-01-03T20:12:32.674Z","iobWithZeroTemp":{"iob":-0.531,"basaliob":-0.699,"bolussnooze":0.0014,"activity":-0.0038,"lastBolusTime":1704299795000,"time":"2024-01-03T20:12:32.674Z"}},{"iob":0.131,"basaliob":-0.024,"bolussnooze":0.0011,"activity":0.0022,"lastBolusTime":1704299795000,"time":"2024-01-03T20:17:32.674Z","iobWithZeroTemp":{"iob":-0.545,"basaliob":-0.7,"bolussnooze":0.0011,"activity":-0.0039,"lastBolusTime":1704299795000,"time":"2024-01-03T20:17:32.674Z"}},{"iob":0.12,"basaliob":-0.022,"bolussnooze":8.0E-4,"activity":0.002,"lastBolusTime":1704299795000,"time":"2024-01-03T20:22:32.674Z","iobWithZeroTemp":{"iob":-0.558,"basaliob":-0.7,"bolussnooze":8.0E-4,"activity":-0.0042,"lastBolusTime":1704299795000,"time":"2024-01-03T20:22:32.674Z"}},{"iob":0.11,"basaliob":-0.02,"bolussnooze":6.0E-4,"activity":0.0019,"lastBolusTime":1704299795000,"time":"2024-01-03T20:27:32.674Z","iobWithZeroTemp":{"iob":-0.571,"basaliob":-0.701,"bolussnooze":6.0E-4,"activity":-0.0043,"lastBolusTime":1704299795000,"time":"2024-01-03T20:27:32.674Z"}},{"iob":0.101,"basaliob":-0.018,"bolussnooze":4.0E-4,"activity":0.0018,"lastBolusTime":1704299795000,"time":"2024-01-03T20:32:32.674Z","iobWithZeroTemp":{"iob":-0.582,"basaliob":-0.701,"bolussnooze":4.0E-4,"activity":-0.0045,"lastBolusTime":1704299795000,"time":"2024-01-03T20:32:32.674Z"}}],"profile":{"max_iob":7,"type":"current","max_daily_basal":0.45,"max_basal":1.35,"min_bg":81.0000000000001,"max_bg":81.0000000000001,"target_bg":81.0000000000001,"carb_ratio":11,"sens":352.8,"max_daily_safety_multiplier":3,"current_basal_safety_multiplier":4,"lgsThreshold":65,"high_temptarget_raises_sensitivity":false,"low_temptarget_lowers_sensitivity":false,"sensitivity_raises_target":true,"resistance_lowers_target":true,"adv_target_adjustments":false,"exercise_mode":false,"half_basal_exercise_target":160,"maxCOB":120,"skip_neutral_temps":false,"remainingCarbsCap":90,"enableUAM":true,"A52_risk_enable":false,"SMBInterval":4,"enableSMB_with_COB":true,"enableSMB_with_temptarget":false,"allowSMB_with_high_temptarget":true,"enableSMB_always":true,"enableSMB_after_carbs":false,"maxSMBBasalMinutes":60,"maxUAMSMBBasalMinutes":60,"bolus_increment":0.05,"carbsReqThreshold":10,"current_basal":0.4,"temptargetSet":true,"autosens_max":1.2,"autosens_min":0.8,"out_units":"mmol\/L","variable_sens":209.9,"insulinDivisor":65,"TDD":8.074397458333335},"autosens_data":{"ratio":0.9146058666208393},"meal_data":{"carbs":55,"mealCOB":12.986793650793649,"slopeFromMaxDeviation":-0.834714285714286,"slopeFromMinDeviation":1.9799999999999986,"lastBolusTime":1704299795000,"lastCarbTime":1704299796909},"microBolusAllowed":true,"currentTime":1704299855587,"flatBGsDetected":false,"tdd1D":19.209083333333343,"tdd7D":22.16738095238096,"tddLast24H":20.274416666666674,"tddLast4H":5.323333333333333,"tddLast8to4H":3.0566666666666666},"output":{"temp":"absolute","bg":123,"tick":-4,"eventualBG":39,"targetBG":81.0000000000001,"insulinReq":0,"deliverAt":"2024-01-03T16:37:35.587Z","sensitivityRatio":0.9146058666208393,"variable_sens":209.9,"predBGs":{"IOB":[123,119,112,102,90,75,56,39,39,39,39,39,39],"ZT":[123,113,101,87,69,48,39,39,39,39,39,39,39,39,39,39,39,39,39,39,39,39,39,39,39,39,39,39,39,39,39,39,39,39,39,39,39,39,39,39,39,39,39,39,39,39,39,39],"COB":[123,119,114,107,99,91,82,74,65,56,48,40,39],"UAM":[123,118,110,100,86,69,46,39,39,39,39,39,39]},"reason":"COB: 13, Dev: 1.9, BGI: -0.5, ISF: 11.7, CR: 11, Target: 4.5, minPredBG -26.1, minGuardBG -33.1, IOBpredBG 2.2, COBpredBG 2.2, UAMpredBG 2.2; 31 add'l carbs req w\/in 45m; minGuardBG -33.1<3.6","COB":12.986793650793649,"IOB":2.158,"carbsReq":31,"carbsReqWithin":45,"duration":120,"rate":0,"timestamp":"2024-01-03T16:37:35.612Z"}}