{"algorithm":"OpenAPSSMBDynamicISFPlugin","input":{"glucoseStatus":{"glucose":102,"noise":0,"delta":2,"short_avgdelta":2.28,"long_avgdelta":0.43,"date":1704247626099},"currenttemp":{"temp":"absolute","duration":10,"rate":0.32400000000000007,"minutesrunning":5},"iob_data":[{"iob":-0.113,"basaliob":-0.159,"bolussnooze":0,"activity":-9.0E-4,"lastBolusTime":1704242867000,"time":"2024-01-03T02:07:38.981Z","iobWithZeroTemp":{"iob":-0.113,"basaliob":-0.159,"bolussnooze":0,"activity":-9.0E-4,"lastBolusTime":1704242867000,"time":"2024-01-03T02:07:38.981Z"}},{"iob":-0.11,"basaliob":-0.152,"bolussnooze":0,"activity":-9.0E-4,"lastBolusTime":1704242867000,"time":"2024-01-03T02:12:38.981Z","iobWithZeroTemp":{"iob":-0.128,"basaliob":-0.17,"bolussnooze":0,"activity":-9.0E-4,"lastBolusTime":1704242867000,"time":"2024-01-03T02:12:38.981Z"}},{"iob":-0.104,"basaliob":-0.144,"bolussnooze":0,"activity":-9.0E-4,"lastBolusTime":1704242867000,"time":"2024-01-03T02:17:38.981Z","iobWithZeroTemp":{"iob":-0.144,"basaliob":-0.184,"bolussnooze":0,"activity":-0.001,"lastBolusTime":1704242867000,"time":"2024-01-03T02:17:38.981Z"}},{"iob":-0.1,"basaliob":-0.137,"bolussnooze":0,"activity":-0.001,"lastBolusTime":1704242867000,"time":"2024-01-03T02:22:38.981Z","iobWithZeroTemp":{"iob":-0.162,"basaliob":-0.199,"bolussnooze":0,"activity":-0.0011,"lastBolusTime":1704242867000,"time":"2024-01-03T02:22:38.981Z"}},{"iob":-0.096,"basaliob":-0.13,"bolussnooze":0,"activity":-9.0E-4,"lastBolusTime":1704242867000,"time":"2024-01-03T02:27:38.981Z","iobWithZeroTemp":{"iob":-0.18,"basaliob":-0.214,"bolussnooze":0,"activity":-0.0011,"lastBolusTime":1704242867000,"time":"2024-01-03T02:27:38.981Z"}},{"iob":-0.091,"basaliob":-0.123,"bolussnooze":0,"activity":-9.0E-4,"lastBolusTime":1704242867000,"time":"2024-01-03T02:32:38.981Z","iobWithZeroTemp":{"iob":-0.196,"basaliob":-0.228,"bolussnooze":0,"activity":-0.0012,"lastBolusTime":1704242867000,"time":"2024-01-03T02:32:38.981Z"}},{"iob":-0.087,"basaliob":-0.116,"bolussnooze":0,"activity":-9.0E-4,"lastBolusTime":1704242867000,"time":"2024-01-03T02:37:38.981Z","iobWithZeroTemp":{"iob":-0.213,"basaliob":-0.242,"bolussnooze":0,"activity":-0.0014,"lastBolusTime":1704242867000,"time":"2024-01-03T02:37:38.981Z"}},{"iob":-0.082,"basaliob":-0.109,"bolussnooze":0,"activity":-9.0E-4,"lastBolusTime":1704242867000,"time":"2024-01-03T02:42:38.981Z","iobWithZeroTemp":{"iob":-0.228,"basaliob":-0.255,"bolussnooze":0,"activity":-0.0015,"lastBolusTime":1704242867000,"time":"2024-01-03T02:42:38.981Z"}},{"iob":-0.078,"basaliob":-0.103,"bolussnooze":0,"activity":-9.0E-4,"lastBolusTime":1704242867000,"time":"2024-01-03T02:47:38.981Z","iobWithZeroTemp":{"iob":-0.243,"basaliob":-0.268,"bolussnooze":0,"activity":-0.0016,"lastBolusTime":1704242867000,"time":"2024-01-03T02:47:38.981Z"}},{"iob":-0.074,"basaliob":-0.097,"bolussnooze":0,"activity":-8.0E-4,"lastBolusTime":1704242867000,"time":"2024-01-03T02:52:38.981Z","iobWithZeroTemp":{"iob":-0.257,"basaliob":-0.28,"bolussnooze":0,"activity":-0.0017,"lastBolusTime":1704242867000,"time":"2024-01-03T02:52:38.981Z"}},{"iob":-0.069,"basaliob":-0.091,"bolussnooze":0,"activity":-8.0E-4,"lastBolusTime":1704242867000,"time":"2024-01-03T02:57:38.981Z","iobWithZeroTemp":{"iob":-0.27,"basaliob":-0.292,"bolussnooze":0,"activity":-0.0018,"lastBolusTime":1704242867000,"time":"2024-01-03T02:57:38.981Z"}},{"iob":-0.065,"basaliob":-0.085,"bolussnooze":0,"activity":-8.0E-4,"lastBolusTime":1704242867000,"time":"2024-01-03T03:02:38.981Z","iobWithZeroTemp":{"iob":-0.285,"basaliob":-0.305,"bolussnooze":0,"activity":-0.002,"lastBolusTime":1704242867000,"time":"2024-01-03T03:02:38.981Z"}},{"iob":-0.061,"basaliob":-0.08,"bolussnooze":0,"activity":-7.0E-4,"lastBolusTime":1704242867000,"time":"2024-01-03T03:07:38.981Z","iobWithZeroTemp":{"iob":-0.3,"basaliob":-0.319,"bolussnooze":0,"activity":-0.0021,"lastBolusTime":1704242867000,"time":"2024-01-03T03:07:38.981Z"}},{"iob":-0.058,"basaliob":-0.075,"bolussnooze":0,"activity":-7.0E-4,"lastBolusTime":1704242867000,"time":"2024-01-03T03:12:38.981Z","iobWithZeroTemp":{"iob":-0.315,"basaliob":-0.332,"bolussnooze":0,"activity":-0.0022,"lastBolusTime":1704242867000,"time":"2024-01-03T03:12:38.981Z"}},{"iob":-0.054,"basaliob":-0.07,"bolussnooze":0,"activity":-6.0E-4,"lastBolusTime":1704242867000,"time":"2024-01-03T03:17:38.981Z","iobWithZeroTemp":{"iob":-0.328,"basaliob":-0.344,"bolussnooze":0,"activity":-0.0023,"lastBolusTime":1704242867000,"time":"2024-01-03T03:17:38.981Z"}},{"iob":-0.05,"basaliob":-0.065,"bolussnooze":0,"activity":-7.0E-4,"lastBolusTime":1704242867000,"time":"2024-01-03T03:22:38.981Z","iobWithZeroTemp":{"iob":-0.34,"basaliob":-0.355,"bolussnooze":0,"activity":-0.0025,"lastBolusTime":1704242867000,"time":"2024-01-03T03:22:38.981Z"}},{"iob":-0.047,"basaliob":-0.061,"bolussnooze":0,"activity":-6.0E-4,"lastBolusTime":1704242867000,"time":"2024-01-03T03:27:38.981Z","iobWithZeroTemp":{"iob":-0.352,"basaliob":-0.366,"bolussnooze":0,"activity":-0.0026,"lastBolusTime":1704242867000,"time":"2024-01-03T03:27:38.981Z"}},{"iob":-0.045,"basaliob":-0.057,"bolussnooze":0,"activity":-6.0E-4,"lastBolusTime":1704242867000,"time":"2024-01-03T03:32:38.981Z","iobWithZeroTemp":{"iob":-0.365,"basaliob":-0.377,"bolussnooze":0,"activity":-0.0028,"lastBolusTime":1704242867000,"time":"2024-01-03T03:32:38.981Z"}},{"iob":-0.042,"basaliob":-0.053,"bolussnooze":0,"activity":-6.0E-4,"lastBolusTime":1704242867000,"time":"2024-01-03T03:37:38.981Z","iobWithZeroTemp":{"iob":-0.376,"basaliob":-0.387,"bolussnooze":0,"activity":-0.0029,"lastBolusTime":1704242867000,"time":"2024-01-03T03:37:38.981Z"}},{"iob":-0.038,"basaliob":-0.049,"bolussnooze":0,"activity":-5.0E-4,"lastBolusTime":1704242867000,"time":"2024-01-03T03:42:38.981Z","iobWithZeroTemp":{"iob":-0.385,"basaliob":-0.396,"bolussnooze":0,"activity":-0.003,"lastBolusTime":1704242867000,"time":"2024-01-03T03:42:38.981Z"}},{"iob":-0.036,"basaliob":-0.046,"bolussnooze":0,"activity":-5.0E-4,"lastBolusTime":1704242867000,"time":"2024-01-03T03:47:38.981Z","iobWithZeroTemp":{"iob":-0.395,"basaliob":-0.405,"bolussnooze":0,"activity":-0.0031,"lastBolusTime":1704242867000,"time":"2024-01-03T03:47:38.981Z"}},{"iob":-0.034,"basaliob":-0.043,"bolussnooze":0,"activity":-5.0E-4,"lastBolusTime":1704242867000,"time":"2024-01-03T03:52:38.981Z","iobWithZeroTemp":{"iob":-0.405,"basaliob":-0.414,"bolussnooze":0,"activity":-0.0032,"lastBolusTime":1704242867000,"time":"2024-01-03T03:52:38.981Z"}},{"iob":-0.032,"basaliob":-0.04,"bolussnooze":0,"activity":-5.0E-4,"lastBolusTime":1704242867000,"time":"2024-01-03T03:57:38.981Z","iobWithZeroTemp":{"iob":-0.414,"basaliob":-0.422,"bolussnooze":0,"activity":-0.0034,"lastBolusTime":1704242867000,"time":"2024-01-03T03:57:38.981Z"}},{"iob":-0.029,"basaliob":-0.037,"bolussnooze":0,"activity":-5.0E-4,"lastBolusTime":1704242867000,"time":"2024-01-03T04:02:38.981Z","iobWithZeroTemp":{"iob":-0.43,"basaliob":-0.438,"bolussnooze":0,"activity":-0.0035,"lastBolusTime":1704242867000,"time":"2024-01-03T04:02:38.981Z"}},{"iob":-0.027,"basaliob":-0.034,"bolussnooze":0,"activity":-4.0E-4,"lastBolusTime":1704242867000,"time":"2024-01-03T04:07:38.981Z","iobWithZeroTemp":{"iob":-0.446,"basaliob":-0.453,"bolussnooze":0,"activity":-0.0035,"lastBolusTime":1704242867000,"time":"2024-01-03T04:07:38.981Z"}},{"iob":-0.026,"basaliob":-0.032,"bolussnooze":0,"activity":-4.0E-4,"lastBolusTime":1704242867000,"time":"2024-01-03T04:12:38.981Z","iobWithZeroTemp":{"iob":-0.462,"basaliob":-0.468,"bolussnooze":0,"activity":-0.0037,"lastBolusTime":1704242867000,"time":"2024-01-03T04:12:38.981Z"}},{"iob":-0.023,"basaliob":-0.029,"bolussnooze":0,"activity":-4.0E-4,"lastBolusTime":1704242867000,"time":"2024-01-03T04:17:38.981Z","iobWithZeroTemp":{"iob":-0.475,"basaliob":-0.481,"bolussnooze":0,"activity":-0.0038,"lastBolusTime":1704242867000,"time":"2024-01-03T04:17:38.981Z"}},{"iob":-0.022,"basaliob":-0.027,"bolussnooze":0,"activity":-3.0E-4,"lastBolusTime":1704242867000,"time":"2024-01-03T04:22:38.981Z","iobWithZeroTemp":{"iob":-0.49,"basaliob":-0.495,"bolussnooze":0,"activity":-0.0039,"lastBolusTime":1704242867000,"time":"2024-01-03T04:22:38.981Z"}},{"iob":-0.02,"basaliob":-0.025,"bolussnooze":0,"activity":-3.0E-4,"lastBolusTime":1704242867000,"time":"2024-01-03T04:27:38.981Z","iobWithZeroTemp":{"iob":-0.503,"basaliob":-0.508,"bolussnooze":0,"activity":-0.004,"lastBolusTime":1704242867000,"time":"2024-01-03T04:27:38.981Z"}},{"iob":-0.019,"basaliob":-0.023,"bolussnooze":0,"activity":-3.0E-4,"lastBolusTime":1704242867000,"time":"2024-01-03T04:32:38.981Z","iobWithZeroTemp":{"iob":-0.516,"basaliob":-0.52,"bolussnooze":0,"activity":-0.0042,"lastBolusTime":1704242867000,"time":"2024-01-03T04:32:38.981Z"}},{"iob":-0.017,"basaliob":-0.021,"bolussnooze":0,"activity":-2.0E-4,"lastBolusTime":1704242867000,"time":"2024-01-03T04:37:38.981Z","iobWithZeroTemp":{"iob":-0.528,"basaliob":-0.532,"bolussnooze":0,"activity":-0.0042,"lastBolusTime":1704242867000,"time":"2024-01-03T04:37:38.981Z"}},{"iob":-0.016,"basaliob":-0.02,"bolussnooze":0,"activity":-2.0E-4,"lastBolusTime":1704242867000,"time":"2024-01-03T04:42:38.981Z","iobWithZeroTemp":{"iob":-0.54,"basaliob":-0.544,"bolussnooze":0,"activity":-0.0044,"lastBolusTime":1704242867000,"time":"2024-01-03T04:42:38.981Z"}},{"iob":-0.015,"basaliob":-0.018,"bolussnooze":0,"activity":-2.0E-4,"lastBolusTime":1704242867000,"time":"2024-01-03T04:47:38.981Z","iobWithZeroTemp":{"iob":-0.551,"basaliob":-0.554,"bolussnooze":0,"activity":-0.0045,"lastBolusTime":1704242867000,"time":"2024-01-03T04:47:38.981Z"}},{"iob":-0.014,"basaliob":-0.017,"bolussnooze":0,"activity":-2.0E-4,"lastBolusTime":1704242867000,"time":"2024-01-03T04:52:38.981Z","iobWithZeroTemp":{"iob":-0.561,"basaliob":-0.564,"bolussnooze":0,"activity":-0.0046,"lastBolusTime":1704242867000,"time":"2024-01-03T04:52:38.981Z"}},{"iob":-0.012,"basaliob":-0.015,"bolussnooze":0,"activity":-2.0E-4,"lastBolusTime":1704242867000,"time":"2024-01-03T04:57:38.981Z","iobWithZeroTemp":{"iob":-0.57,"basaliob":-0.573,"bolussnooze":0,"activity":-0.0048,"lastBolusTime":1704242867000,"time":"2024-01-03T04:57:38.981Z"}},{"iob":-0.011,"basaliob":-0.014,"bolussnooze":0,"activity":-2.0E-4,"lastBolusTime":1704242867000,"time":"2024-01-03T05:02:38.981Z","iobWithZeroTemp":{"iob":-0.579,"basaliob":-0.582,"bolussnooze":0,"activity":-0.0049,"lastBolusTime":1704242867000,"time":"2024-01-03T05:02:38.981Z"}},{"iob":-0.011,"basaliob":-0.013,"bolussnooze":0,"activity":-2.0E-4,"lastBolusTime":1704242867000,"time":"2024-01-03T05:07:38.981Z","iobWithZeroTemp":{"iob":-0.589,"basaliob":-0.591,"bolussnooze":0,"activity":-0.005,"lastBolusTime":1704242867000,"time":"2024-01-03T05:07:38.981Z"}},{"iob":-0.01,"basaliob":-0.012,"bolussnooze":0,"activity":-2.0E-4,"lastBolusTime":1704242867000,"time":"2024-01-03T05:12:38.981Z","iobWithZeroTemp":{"iob":-0.597,"basaliob":-0.599,"bolussnooze":0,"activity":-0.0051,"lastBolusTime":1704242867000,"time":"2024-01-03T05:12:38.981Z"}},{"iob":-0.009,"basaliob":-0.011,"bolussnooze":0,"activity":-2.0E-4,"lastBolusTime":1704242867000,"time":"2024-01-03T05:17:38.981Z","iobWithZeroTemp":{"iob":-0.605,"basaliob":-0.607,"bolussnooze":0,"activity":-0.0052,"lastBolusTime":1704242867000,"time":"2024-01-03T05:17:38.981Z"}},{"iob":-0.008,"basaliob":-0.01,"bolussnooze":0,"activity":-2.0E-4,"lastBolusTime":1704242867000,"time":"2024-01-03T05:22:38.981Z","iobWithZeroTemp":{"iob":-0.612,"basaliob":-0.614,"bolussnooze":0,"activity":-0.0053,"lastBolusTime":1704242867000,"time":"2024-01-03T05:22:38.981Z"}},{"iob":-0.007,"basaliob":-0.009,"bolussnooze":0,"activity":-2.0E-4,"lastBolusTime":1704242867000,"time":"2024-01-03T05:27:38.981Z","iobWithZeroTemp":{"iob":-0.618,"basaliob":-0.62,"bolussnooze":0,"activity":-0.0054,"lastBolusTime":1704242867000,"time":"2024-01-03T05:27:38.981Z"}},{"iob":-0.007,"basaliob":-0.008,"bolussnooze":0,"activity":-1.0E-4,"lastBolusTime":1704242867000,"time":"2024-01-03T05:32:38.981Z","iobWithZeroTemp":{"iob":-0.625,"basaliob":-0.626,"bolussnooze":0,"activity":-0.0054,"lastBolusTime":1704242867000,"time":"2024-01-03T05:32:38.981Z"}},{"iob":-0.007,"basaliob":-0.008,"bolussnooze":0,"activity":-1.0E-4,"lastBolusTime":1704242867000,"time":"2024-01-03T05:37:38.981Z","iobWithZeroTemp":{"iob":-0.631,"basaliob":-0.632,"bolussnooze":0,"activity":-0.0055,"lastBolusTime":1704242867000,"time":"2024-01-03T05:37:38.981Z"}},{"iob":-0.006,"basaliob":-0.007,"bolussnooze":0,"activity":-1.0E-4,"lastBolusTime":1704242867000,"time":"2024-01-03T05:42:38.981Z","iobWithZeroTemp":{"iob":-0.637,"basaliob":-0.638,"bolussnooze":0,"activity":-0.0056,"lastBolusTime":1704242867000,"time":"2024-01-03T05:42:38.981Z"}},{"iob":-0.005,"basaliob":-0.006,"bolussnooze":0,"activity":-1.0E-4,"lastBolusTime":1704242867000,"time":"2024-01-03T05:47:38.981Z","iobWithZeroTemp":{"iob":-0.641,"basaliob":-0.642,"bolussnooze":0,"activity":-0.0057,"lastBolusTime":1704242867000,"time":"2024-01-03T05:47:38.981Z"}},{"iob":-0.005,"basaliob":-0.006,"bolussnooze":0,"activity":-1.0E-4,"lastBolusTime":1704242867000,"time":"2024-01-03T05:52:38.981Z","iobWithZeroTemp":{"iob":-0.646,"basaliob":-0.647,"bolussnooze":0,"activity":-0.0057,"lastBolusTime":1704242867000,"time":"2024-01-03T05:52:38.981Z"}},{"iob":-0.004,"basaliob":-0.005,"bolussnooze":0,"activity":-1.0E-4,"lastBolusTime":1704242867000,"time":"2024-01-03T05:57:38.981Z","iobWithZeroTemp":{"iob":-0.65,"basaliob":-0.651,"bolussnooze":0,"activity":-0.0058,"lastBolusTime":1704242867000,"time":"2024-01-03T05:57:38.981Z"}},{"iob":-0.004,"basaliob":-0.005,"bolussnooze":0,"activity":-1.0E-4,"lastBolusTime":1704242867000,"time":"2024-01-03T06:02:38.981Z","iobWithZeroTemp":{"iob":-0.655,"basaliob":-0.656,"bolussnooze":0,"activity":-0.0059,"lastBolusTime":1704242867000,"time":"2024-01-03T06:02:38.981Z"}}],"profile":{"max_iob":7,"type":"current","max_daily_basal":0.45,"max_basal":1.08,"min_bg":106.2,"max_bg":106.2,"target_bg":106.2,"carb_ratio":11,"sens":369,"max_daily_safety_multiplier":3,"current_basal_safety_multiplier":4,"lgsThreshold":65,"high_temptarget_raises_sensitivity":false,"low_temptarget_lowers_sensitivity":false,"sensitivity_raises_target":true,"resistance_lowers_target":true,"adv_target_adjustments":false,"exercise_mode":false,"half_basal_exercise_target":160,"maxCOB":120,"skip_neutral_temps":false,"remainingCarbsCap":90,"enableUAM":true,"A52_risk_enable":false,"SMBInterval":4,"enableSMB_with_COB":true,"enableSMB_with_temptarget":false,"allowSMB_with_high_temptarget":true,"enableSMB_always":true,"enableSMB_after_carbs":false,"maxSMBBasalMinutes":60,"maxUAMSMBBasalMinutes":60,"bolus_increment":0.05,"carbsReqThreshold":10,"current_basal":0.27,"temptargetSet":false,"autosens_max":1.2,"autosens_min":0.8,"out_units":"mmol\/L","variable_sens":301,"insulinDivisor":65,"TDD":6.337826083333335},"autosens_data":{"ratio":0.8974861175257509},"meal_data":{"carbs":0,"mealCOB":0,"slopeFromMaxDeviation":-0.08063636363636364,"slopeFromMinDeviation":0.919,"lastBolusTime":1704242867000,"lastCarbTime":0},"microBolusAllowed":true,"currentTime":1704247661143,"flatBGsDetected":false,"tdd1D":19.209083333333343,"tdd7D":22.16738095238096,"tddLast24H":19.89491666666667,"tddLast4H":1.412083333333333,"tddLast8to4H":3.83},"output":{"temp":"absolute","bg":102,"tick":"+2","eventualBG":140,"targetBG":111,"insulinReq":0.05,"deliverAt":"2024-01-03T02:07:41.143Z","sensitivityRatio":0.8974861175257509,"variable_sens":301,"predBGs":{"IOB":[102,104,106,108,109,111,113,114,116,117,118,119,120,121,122,123,124,125,126,126,127,128,128,129,130,130,131,131,132,132,132,133,133,133,133,134,134,134,134,135,135,135,135,135,136],"ZT":[102,103,105,106,108,109,111],"UAM":[102,104,105,106,108,109,110,112,113,114,115,116,118,119,119,120,121,122,123,124,124,125,126,126,127,128,128,129,129,129,130,130,130,131,131,131,131,132,132,132,132,133]},"reason":"COB: 0, Dev: 0.2, BGI: 0.1, ISF: 16.7, CR: 11, Target: 6.2, minPredBG 7.0, minGuardBG 5.8, IOBpredBG 7.6, UAMpredBG 7.4; Eventual BG 7.8 >= 6.2,  insulinReq 0.05. temp 0.32 < 0.34U\/hr. ","COB":0,"IOB":-0.113,"duration":30,"rate":0.34232125173195277,"timestamp":"2024-01-03T02:07:41.170Z"}}