{"algorithm":"OpenAPSSMBDynamicISFPlugin","input":{"glucoseStatus":{"glucose":88,"noise":0,"delta":8,"short_avgdelta":7.5,"long_avgdelta":3.53,"date":1704148325504},"currenttemp":{"temp":"absolute","duration":10,"rate":0.855,"minutesrunning":5},"iob_data":[{"iob":-0.014,"basaliob":-0.539,"bolussnooze":0.0201,"activity":0.0017,"lastBolusTime":1704148062000,"time":"2024-01-01T22:32:30.440Z","iobWithZeroTemp":{"iob":-0.014,"basaliob":-0.539,"bolussnooze":0.0201,"activity":0.0017,"lastBolusTime":1704148062000,"time":"2024-01-01T22:32:30.440Z"}},{"iob":-0.022,"basaliob":-0.514,"bolussnooze":0.0166,"activity":0.0014,"lastBolusTime":1704148062000,"time":"2024-01-01T22:37:30.440Z","iobWithZeroTemp":{"iob":-0.052,"basaliob":-0.544,"bolussnooze":0.0166,"activity":0.0014,"lastBolusTime":1704148062000,"time":"2024-01-01T22:37:30.440Z"}},{"iob":-0.029,"basaliob":-0.489,"bolussnooze":0.0137,"activity":0.0012,"lastBolusTime":1704148062000,"time":"2024-01-01T22:42:30.440Z","iobWithZeroTemp":{"iob":-0.096,"basaliob":-0.556,"bolussnooze":0.0137,"activity":0.0011,"lastBolusTime":1704148062000,"time":"2024-01-01T22:42:30.440Z"}},{"iob":-0.034,"basaliob":-0.464,"bolussnooze":0.0112,"activity":0.001,"lastBolusTime":1704148062000,"time":"2024-01-01T22:47:30.440Z","iobWithZeroTemp":{"iob":-0.138,"basaliob":-0.568,"bolussnooze":0.0112,"activity":8.0E-4,"lastBolusTime":1704148062000,"time":"2024-01-01T22:47:30.440Z"}},{"iob":-0.038,"basaliob":-0.44,"bolussnooze":0.0092,"activity":7.0E-4,"lastBolusTime":1704148062000,"time":"2024-01-01T22:52:30.440Z","iobWithZeroTemp":{"iob":-0.178,"basaliob":-0.58,"bolussnooze":0.0092,"activity":3.0E-4,"lastBolusTime":1704148062000,"time":"2024-01-01T22:52:30.440Z"}},{"iob":-0.041,"basaliob":-0.416,"bolussnooze":0.0075,"activity":5.0E-4,"lastBolusTime":1704148062000,"time":"2024-01-01T22:57:30.440Z","iobWithZeroTemp":{"iob":-0.216,"basaliob":-0.591,"bolussnooze":0.0075,"activity":-1.0E-4,"lastBolusTime":1704148062000,"time":"2024-01-01T22:57:30.440Z"}},{"iob":-0.044,"basaliob":-0.393,"bolussnooze":0.006,"activity":3.0E-4,"lastBolusTime":1704148062000,"time":"2024-01-01T23:02:30.440Z","iobWithZeroTemp":{"iob":-0.254,"basaliob":-0.603,"bolussnooze":0.006,"activity":-5.0E-4,"lastBolusTime":1704148062000,"time":"2024-01-01T23:02:30.440Z"}},{"iob":-0.045,"basaliob":-0.37,"bolussnooze":0.0049,"activity":3.0E-4,"lastBolusTime":1704148062000,"time":"2024-01-01T23:07:30.440Z","iobWithZeroTemp":{"iob":-0.288,"basaliob":-0.613,"bolussnooze":0.0049,"activity":-7.0E-4,"lastBolusTime":1704148062000,"time":"2024-01-01T23:07:30.440Z"}},{"iob":-0.047,"basaliob":-0.349,"bolussnooze":0.0039,"activity":2.0E-4,"lastBolusTime":1704148062000,"time":"2024-01-01T23:12:30.440Z","iobWithZeroTemp":{"iob":-0.322,"basaliob":-0.624,"bolussnooze":0.0039,"activity":-0.001,"lastBolusTime":1704148062000,"time":"2024-01-01T23:12:30.440Z"}},{"iob":-0.047,"basaliob":-0.328,"bolussnooze":0.0031,"activity":0,"lastBolusTime":1704148062000,"time":"2024-01-01T23:17:30.440Z","iobWithZeroTemp":{"iob":-0.353,"basaliob":-0.634,"bolussnooze":0.0031,"activity":-0.0015,"lastBolusTime":1704148062000,"time":"2024-01-01T23:17:30.440Z"}},{"iob":-0.047,"basaliob":-0.308,"bolussnooze":0.0024,"activity":0,"lastBolusTime":1704148062000,"time":"2024-01-01T23:22:30.440Z","iobWithZeroTemp":{"iob":-0.382,"basaliob":-0.643,"bolussnooze":0.0024,"activity":-0.0017,"lastBolusTime":1704148062000,"time":"2024-01-01T23:22:30.440Z"}},{"iob":-0.047,"basaliob":-0.289,"bolussnooze":0.0019,"activity":-1.0E-4,"lastBolusTime":1704148062000,"time":"2024-01-01T23:27:30.440Z","iobWithZeroTemp":{"iob":-0.41,"basaliob":-0.652,"bolussnooze":0.0019,"activity":-0.0021,"lastBolusTime":1704148062000,"time":"2024-01-01T23:27:30.440Z"}},{"iob":-0.046,"basaliob":-0.271,"bolussnooze":0.0015,"activity":-1.0E-4,"lastBolusTime":1704148062000,"time":"2024-01-01T23:32:30.440Z","iobWithZeroTemp":{"iob":-0.436,"basaliob":-0.661,"bolussnooze":0.0015,"activity":-0.0023,"lastBolusTime":1704148062000,"time":"2024-01-01T23:32:30.440Z"}},{"iob":-0.045,"basaliob":-0.253,"bolussnooze":0.0011,"activity":-2.0E-4,"lastBolusTime":1704148062000,"time":"2024-01-01T23:37:30.440Z","iobWithZeroTemp":{"iob":-0.461,"basaliob":-0.669,"bolussnooze":0.0011,"activity":-0.0027,"lastBolusTime":1704148062000,"time":"2024-01-01T23:37:30.440Z"}},{"iob":-0.044,"basaliob":-0.237,"bolussnooze":8.0E-4,"activity":-2.0E-4,"lastBolusTime":1704148062000,"time":"2024-01-01T23:42:30.440Z","iobWithZeroTemp":{"iob":-0.484,"basaliob":-0.677,"bolussnooze":8.0E-4,"activity":-0.0029,"lastBolusTime":1704148062000,"time":"2024-01-01T23:42:30.440Z"}},{"iob":-0.043,"basaliob":-0.221,"bolussnooze":6.0E-4,"activity":-2.0E-4,"lastBolusTime":1704148062000,"time":"2024-01-01T23:47:30.440Z","iobWithZeroTemp":{"iob":-0.506,"basaliob":-0.684,"bolussnooze":6.0E-4,"activity":-0.0032,"lastBolusTime":1704148062000,"time":"2024-01-01T23:47:30.440Z"}},{"iob":-0.042,"basaliob":-0.207,"bolussnooze":4.0E-4,"activity":-3.0E-4,"lastBolusTime":1704148062000,"time":"2024-01-01T23:52:30.440Z","iobWithZeroTemp":{"iob":-0.527,"basaliob":-0.692,"bolussnooze":4.0E-4,"activity":-0.0035,"lastBolusTime":1704148062000,"time":"2024-01-01T23:52:30.440Z"}},{"iob":-0.041,"basaliob":-0.193,"bolussnooze":3.0E-4,"activity":-3.0E-4,"lastBolusTime":1704148062000,"time":"2024-01-01T23:57:30.440Z","iobWithZeroTemp":{"iob":-0.547,"basaliob":-0.699,"bolussnooze":3.0E-4,"activity":-0.0038,"lastBolusTime":1704148062000,"time":"2024-01-01T23:57:30.440Z"}},{"iob":-0.039,"basaliob":-0.18,"bolussnooze":2.0E-4,"activity":-3.0E-4,"lastBolusTime":1704148062000,"time":"2024-01-02T00:02:30.440Z","iobWithZeroTemp":{"iob":-0.556,"basaliob":-0.697,"bolussnooze":2.0E-4,"activity":-0.004,"lastBolusTime":1704148062000,"time":"2024-01-02T00:02:30.440Z"}},{"iob":-0.037,"basaliob":-0.167,"bolussnooze":1.0E-4,"activity":-3.0E-4,"lastBolusTime":1704148062000,"time":"2024-01-02T00:07:30.440Z","iobWithZeroTemp":{"iob":-0.565,"basaliob":-0.695,"bolussnooze":1.0E-4,"activity":-0.0042,"lastBolusTime":1704148062000,"time":"2024-01-02T00:07:30.440Z"}},{"iob":-0.036,"basaliob":-0.156,"bolussnooze":1.0E-4,"activity":-3.0E-4,"lastBolusTime":1704148062000,"time":"2024-01-02T00:12:30.440Z","iobWithZeroTemp":{"iob":-0.573,"basaliob":-0.693,"bolussnooze":1.0E-4,"activity":-0.0044,"lastBolusTime":1704148062000,"time":"2024-01-02T00:12:30.440Z"}},{"iob":-0.035,"basaliob":-0.145,"bolussnooze":0,"activity":-3.0E-4,"lastBolusTime":1704148062000,"time":"2024-01-02T00:17:30.440Z","iobWithZeroTemp":{"iob":-0.58,"basaliob":-0.69,"bolussnooze":0,"activity":-0.0045,"lastBolusTime":1704148062000,"time":"2024-01-02T00:17:30.440Z"}},{"iob":-0.032,"basaliob":-0.134,"bolussnooze":0,"activity":-3.0E-4,"lastBolusTime":1704148062000,"time":"2024-01-02T00:22:30.440Z","iobWithZeroTemp":{"iob":-0.585,"basaliob":-0.687,"bolussnooze":0,"activity":-0.0047,"lastBolusTime":1704148062000,"time":"2024-01-02T00:22:30.440Z"}},{"iob":-0.032,"basaliob":-0.125,"bolussnooze":0,"activity":-3.0E-4,"lastBolusTime":1704148062000,"time":"2024-01-02T00:27:30.440Z","iobWithZeroTemp":{"iob":-0.592,"basaliob":-0.685,"bolussnooze":0,"activity":-0.0048,"lastBolusTime":1704148062000,"time":"2024-01-02T00:27:30.440Z"}},{"iob":-0.029,"basaliob":-0.115,"bolussnooze":0,"activity":-4.0E-4,"lastBolusTime":1704148062000,"time":"2024-01-02T00:32:30.440Z","iobWithZeroTemp":{"iob":-0.595,"basaliob":-0.681,"bolussnooze":0,"activity":-0.0051,"lastBolusTime":1704148062000,"time":"2024-01-02T00:32:30.440Z"}},{"iob":-0.028,"basaliob":-0.107,"bolussnooze":0,"activity":-3.0E-4,"lastBolusTime":1704148062000,"time":"2024-01-02T00:37:30.440Z","iobWithZeroTemp":{"iob":-0.6,"basaliob":-0.679,"bolussnooze":0,"activity":-0.0051,"lastBolusTime":1704148062000,"time":"2024-01-02T00:37:30.440Z"}},{"iob":-0.026,"basaliob":-0.099,"bolussnooze":0,"activity":-3.0E-4,"lastBolusTime":1704148062000,"time":"2024-01-02T00:42:30.440Z","iobWithZeroTemp":{"iob":-0.603,"basaliob":-0.676,"bolussnooze":0,"activity":-0.0052,"lastBolusTime":1704148062000,"time":"2024-01-02T00:42:30.440Z"}},{"iob":-0.025,"basaliob":-0.092,"bolussnooze":0,"activity":-3.0E-4,"lastBolusTime":1704148062000,"time":"2024-01-02T00:47:30.440Z","iobWithZeroTemp":{"iob":-0.606,"basaliob":-0.673,"bolussnooze":0,"activity":-0.0053,"lastBolusTime":1704148062000,"time":"2024-01-02T00:47:30.440Z"}},{"iob":-0.023,"basaliob":-0.084,"bolussnooze":0,"activity":-2.0E-4,"lastBolusTime":1704148062000,"time":"2024-01-02T00:52:30.440Z","iobWithZeroTemp":{"iob":-0.608,"basaliob":-0.669,"bolussnooze":0,"activity":-0.0053,"lastBolusTime":1704148062000,"time":"2024-01-02T00:52:30.440Z"}},{"iob":-0.022,"basaliob":-0.078,"bolussnooze":0,"activity":-2.0E-4,"lastBolusTime":1704148062000,"time":"2024-01-02T00:57:30.440Z","iobWithZeroTemp":{"iob":-0.611,"basaliob":-0.667,"bolussnooze":0,"activity":-0.0053,"lastBolusTime":1704148062000,"time":"2024-01-02T00:57:30.440Z"}},{"iob":-0.021,"basaliob":-0.072,"bolussnooze":0,"activity":-3.0E-4,"lastBolusTime":1704148062000,"time":"2024-01-02T01:02:30.440Z","iobWithZeroTemp":{"iob":-0.607,"basaliob":-0.658,"bolussnooze":0,"activity":-0.0055,"lastBolusTime":1704148062000,"time":"2024-01-02T01:02:30.440Z"}},{"iob":-0.019,"basaliob":-0.066,"bolussnooze":0,"activity":-3.0E-4,"lastBolusTime":1704148062000,"time":"2024-01-02T01:07:30.440Z","iobWithZeroTemp":{"iob":-0.601,"basaliob":-0.648,"bolussnooze":0,"activity":-0.0056,"lastBolusTime":1704148062000,"time":"2024-01-02T01:07:30.440Z"}},{"iob":-0.018,"basaliob":-0.061,"bolussnooze":0,"activity":-2.0E-4,"lastBolusTime":1704148062000,"time":"2024-01-02T01:12:30.440Z","iobWithZeroTemp":{"iob":-0.596,"basaliob":-0.639,"bolussnooze":0,"activity":-0.0055,"lastBolusTime":1704148062000,"time":"2024-01-02T01:12:30.440Z"}},{"iob":-0.017,"basaliob":-0.056,"bolussnooze":0,"activity":-2.0E-4,"lastBolusTime":1704148062000,"time":"2024-01-02T01:17:30.440Z","iobWithZeroTemp":{"iob":-0.591,"basaliob":-0.63,"bolussnooze":0,"activity":-0.0055,"lastBolusTime":1704148062000,"time":"2024-01-02T01:17:30.440Z"}},{"iob":-0.016,"basaliob":-0.052,"bolussnooze":0,"activity":-2.0E-4,"lastBolusTime":1704148062000,"time":"2024-01-02T01:22:30.440Z","iobWithZeroTemp":{"iob":-0.586,"basaliob":-0.622,"bolussnooze":0,"activity":-0.0055,"lastBolusTime":1704148062000,"time":"2024-01-02T01:22:30.440Z"}},{"iob":-0.015,"basaliob":-0.048,"bolussnooze":0,"activity":-2.0E-4,"lastBolusTime":1704148062000,"time":"2024-01-02T01:27:30.440Z","iobWithZeroTemp":{"iob":-0.581,"basaliob":-0.614,"bolussnooze":0,"activity":-0.0055,"lastBolusTime":1704148062000,"time":"2024-01-02T01:27:30.440Z"}},{"iob":-0.014,"basaliob":-0.044,"bolussnooze":0,"activity":-1.0E-4,"lastBolusTime":1704148062000,"time":"2024-01-02T01:32:30.440Z","iobWithZeroTemp":{"iob":-0.576,"basaliob":-0.606,"bolussnooze":0,"activity":-0.0054,"lastBolusTime":1704148062000,"time":"2024-01-02T01:32:30.440Z"}},{"iob":-0.013,"basaliob":-0.04,"bolussnooze":0,"activity":-2.0E-4,"lastBolusTime":1704148062000,"time":"2024-01-02T01:37:30.440Z","iobWithZeroTemp":{"iob":-0.571,"basaliob":-0.598,"bolussnooze":0,"activity":-0.0055,"lastBolusTime":1704148062000,"time":"2024-01-02T01:37:30.440Z"}},{"iob":-0.012,"basaliob":-0.037,"bolussnooze":0,"activity":-1.0E-4,"lastBolusTime":1704148062000,"time":"2024-01-02T01:42:30.440Z","iobWithZeroTemp":{"iob":-0.566,"basaliob":-0.591,"bolussnooze":0,"activity":-0.0054,"lastBolusTime":1704148062000,"time":"2024-01-02T01:42:30.440Z"}},{"iob":-0.012,"basaliob":-0.034,"bolussnooze":0,"activity":-2.0E-4,"lastBolusTime":1704148062000,"time":"2024-01-02T01:47:30.440Z","iobWithZeroTemp":{"iob":-0.562,"basaliob":-0.584,"bolussnooze":0,"activity":-0.0055,"lastBolusTime":1704148062000,"time":"2024-01-02T01:47:30.440Z"}},{"iob":-0.011,"basaliob":-0.031,"bolussnooze":0,"activity":-1.0E-4,"lastBolusTime":1704148062000,"time":"2024-01-02T01:52:30.440Z","iobWithZeroTemp":{"iob":-0.557,"basaliob":-0.577,"bolussnooze":0,"activity":-0.0054,"lastBolusTime":1704148062000,"time":"2024-01-02T01:52:30.440Z"}},{"iob":-0.01,"basaliob":-0.029,"bolussnooze":0,"activity":-1.0E-4,"lastBolusTime":1704148062000,"time":"2024-01-02T01:57:30.440Z","iobWithZeroTemp":{"iob":-0.552,"basaliob":-0.571,"bolussnooze":0,"activity":-0.0054,"lastBolusTime":1704148062000,"time":"2024-01-02T01:57:30.440Z"}},{"iob":-0.009,"basaliob":-0.026,"bolussnooze":0,"activity":-2.0E-4,"lastBolusTime":1704148062000,"time":"2024-01-02T02:02:30.440Z","iobWithZeroTemp":{"iob":-0.547,"basaliob":-0.564,"bolussnooze":0,"activity":-0.0054,"lastBolusTime":1704148062000,"time":"2024-01-02T02:02:30.440Z"}},{"iob":-0.009,"basaliob":-0.024,"bolussnooze":0,"activity":-1.0E-4,"lastBolusTime":1704148062000,"time":"2024-01-02T02:07:30.440Z","iobWithZeroTemp":{"iob":-0.544,"basaliob":-0.559,"bolussnooze":0,"activity":-0.0053,"lastBolusTime":1704148062000,"time":"2024-01-02T02:07:30.440Z"}},{"iob":-0.008,"basaliob":-0.022,"bolussnooze":0,"activity":-1.0E-4,"lastBolusTime":1704148062000,"time":"2024-01-02T02:12:30.440Z","iobWithZeroTemp":{"iob":-0.539,"basaliob":-0.553,"bolussnooze":0,"activity":-0.0053,"lastBolusTime":1704148062000,"time":"2024-01-02T02:12:30.440Z"}},{"iob":-0.007,"basaliob":-0.02,"bolussnooze":0,"activity":-1.0E-4,"lastBolusTime":1704148062000,"time":"2024-01-02T02:17:30.440Z","iobWithZeroTemp":{"iob":-0.535,"basaliob":-0.548,"bolussnooze":0,"activity":-0.0053,"lastBolusTime":1704148062000,"time":"2024-01-02T02:17:30.440Z"}},{"iob":-0.007,"basaliob":-0.018,"bolussnooze":0,"activity":-1.0E-4,"lastBolusTime":1704148062000,"time":"2024-01-02T02:22:30.440Z","iobWithZeroTemp":{"iob":-0.532,"basaliob":-0.543,"bolussnooze":0,"activity":-0.0052,"lastBolusTime":1704148062000,"time":"2024-01-02T02:22:30.440Z"}},{"iob":-0.007,"basaliob":-0.017,"bolussnooze":0,"activity":-1.0E-4,"lastBolusTime":1704148062000,"time":"2024-01-02T02:27:30.440Z","iobWithZeroTemp":{"iob":-0.529,"basaliob":-0.539,"bolussnooze":0,"activity":-0.0052,"lastBolusTime":1704148062000,"time":"2024-01-02T02:27:30.440Z"}}],"profile":{"max_iob":7,"type":"current","max_daily_basal":0.45,"max_basal":1.35,"min_bg":106.2,"max_bg":106.2,"target_bg":106.2,"carb_ratio":11,"sens":369,"max_daily_safety_multiplier":3,"current_basal_safety_multiplier":4,"lgsThreshold":65,"high_temptarget_raises_sensitivity":false,"low_temptarget_lowers_sensitivity":false,"sensitivity_raises_target":true,"resistance_lowers_target":true,"adv_target_adjustments":false,"exercise_mode":false,"half_basal_exercise_target":160,"maxCOB":120,"skip_neutral_temps":false,"remainingCarbsCap":90,"enableUAM":true,"A52_risk_enable":false,"SMBInterval":4,"enableSMB_with_COB":true,"enableSMB_with_temptarget":false,"allowSMB_with_high_temptarget":true,"enableSMB_always":true,"enableSMB_after_carbs":false,"maxSMBBasalMinutes":60,"maxUAMSMBBasalMinutes":60,"bolus_increment":0.05,"carbsReqThreshold":10,"current_basal":0.45,"temptargetSet":false,"autosens_max":1.2,"autosens_min":0.8,"out_units":"mmol\/L","variable_sens":235,"insulinDivisor":65,"TDD":8.947514666666665},"autosens_data":{"ratio":1.1500585064357076},"meal_data":{"carbs":15,"mealCOB":4.192914606493003,"slopeFromMaxDeviation":-1.0946363636363634,"slopeFromMinDeviation":1.448,"lastBolusTime":1704148062000,"lastCarbTime":1704139782000},"microBolusAllowed":true,"currentTime":1704148352620,"flatBGsDetected":false,"tdd1D":29.029333333333327,"tdd7D":23.806904761904768,"tddLast24H":27.379333333333335,"tddLast4H":2.23,"tddLast8to4H":8.08},"output":{"temp":"absolute","bg":88,"tick":"+8","eventualBG":173,"targetBG":100,"insulinReq":0.16,"deliverAt":"2024-01-01T22:32:32.620Z","sensitivityRatio":1.1500585064357076,"variable_sens":235,"predBGs":{"IOB":[88,95,101,107,112,117,121,125,128,130,132,132,133,133,133,133,133,133,134,134,134,134,135,135,135,136,136,136,136,137,137,137,137,138,138,138,138,138,138,138,139],"ZT":[88,86,84,83,82,82,82,82,83,84,86,88,91,93,96,100],"COB":[88,95,102,108,115,121,127,132,138,142,147,151,154,157,160,162,164,165,166,166,167,167,167,168,168,169,169,169,170,170,170,170,171,171,171,171,172,172,172,172,172,173],"UAM":[88,94,100,105,109,113,115,117,117,117,117,117,117,117,117,117,118,118,118,119,119,119,119,120,120,120,121,121,121,121,122,122,122,122,123,123,123,123,123,123,123,124]},"reason":"COB: 4.2, Dev: 3.2, BGI: -0.1, ISF: 13.1, CR: 11, Target: 5.6, minPredBG 7.7, minGuardBG 5.2, IOBpredBG 7.7, COBpredBG 9.6, UAMpredBG 6.9; Eventual BG 9.6 >= 5.6,  insulinReq 0.16. Microbolusing 0.05U. temp 0.85 >~ req 0.84U\/hr. ","COB":4.192914606493003,"IOB":-0.014,"units":0.05,"timestamp":"2024-01-01T22:32:32.644Z"}}