{"algorithm":"OpenAPSSMBDynamicISFPlugin","input":{"glucoseStatus":{"glucose":178,"noise":0,"delta":3,"short_avgdelta":0.33,"long_avgdelta":-2.6,"date":1704096429230},"currenttemp":{"temp":"absolute","duration":50,"rate":0,"minutesrunning":70},"iob_data":[{"iob":1.481,"basaliob":-0.652,"bolussnooze":0.0473,"activity":0.0174,"lastBolusTime":1704094963000,"time":"2024-01-01T08:07:26.413Z","iobWithZeroTemp":{"iob":1.481,"basaliob":-0.652,"bolussnooze":0.0473,"activity":0.0174,"lastBolusTime":1704094963000,"time":"2024-01-01T08:07:26.413Z"}},{"iob":1.395,"basaliob":-0.623,"bolussnooze":0.04,"activity":0.0168,"lastBolusTime":1704094963000,"time":"2024-01-01T08:12:26.413Z","iobWithZeroTemp":{"iob":1.368,"basaliob":-0.65,"bolussnooze":0.04,"activity":0.0168,"lastBolusTime":1704094963000,"time":"2024-01-01T08:12:26.413Z"}},{"iob":1.312,"basaliob":-0.594,"bolussnooze":0.0337,"activity":0.0162,"lastBolusTime":1704094963000,"time":"2024-01-01T08:17:26.413Z","iobWithZeroTemp":{"iob":1.252,"basaliob":-0.654,"bolussnooze":0.0337,"activity":0.0161,"lastBolusTime":1704094963000,"time":"2024-01-01T08:17:26.413Z"}},{"iob":1.233,"basaliob":-0.565,"bolussnooze":0.0283,"activity":0.0154,"lastBolusTime":1704094963000,"time":"2024-01-01T08:22:26.413Z","iobWithZeroTemp":{"iob":1.141,"basaliob":-0.657,"bolussnooze":0.0283,"activity":0.0152,"lastBolusTime":1704094963000,"time":"2024-01-01T08:22:26.413Z"}},{"iob":1.158,"basaliob":-0.536,"bolussnooze":0.0237,"activity":0.0148,"lastBolusTime":1704094963000,"time":"2024-01-01T08:27:26.413Z","iobWithZeroTemp":{"iob":1.033,"basaliob":-0.661,"bolussnooze":0.0237,"activity":0.0145,"lastBolusTime":1704094963000,"time":"2024-01-01T08:27:26.413Z"}},{"iob":1.086,"basaliob":-0.508,"bolussnooze":0.0198,"activity":0.0141,"lastBolusTime":1704094963000,"time":"2024-01-01T08:32:26.413Z","iobWithZeroTemp":{"iob":0.93,"basaliob":-0.664,"bolussnooze":0.0198,"activity":0.0136,"lastBolusTime":1704094963000,"time":"2024-01-01T08:32:26.413Z"}},{"iob":1.017,"basaliob":-0.481,"bolussnooze":0.0165,"activity":0.0134,"lastBolusTime":1704094963000,"time":"2024-01-01T08:37:26.413Z","iobWithZeroTemp":{"iob":0.831,"basaliob":-0.667,"bolussnooze":0.0165,"activity":0.0127,"lastBolusTime":1704094963000,"time":"2024-01-01T08:37:26.413Z"}},{"iob":0.952,"basaliob":-0.454,"bolussnooze":0.0137,"activity":0.0128,"lastBolusTime":1704094963000,"time":"2024-01-01T08:42:26.413Z","iobWithZeroTemp":{"iob":0.736,"basaliob":-0.67,"bolussnooze":0.0137,"activity":0.0119,"lastBolusTime":1704094963000,"time":"2024-01-01T08:42:26.413Z"}},{"iob":0.89,"basaliob":-0.428,"bolussnooze":0.0113,"activity":0.0121,"lastBolusTime":1704094963000,"time":"2024-01-01T08:47:26.413Z","iobWithZeroTemp":{"iob":0.646,"basaliob":-0.672,"bolussnooze":0.0113,"activity":0.011,"lastBolusTime":1704094963000,"time":"2024-01-01T08:47:26.413Z"}},{"iob":0.831,"basaliob":-0.403,"bolussnooze":0.0093,"activity":0.0114,"lastBolusTime":1704094963000,"time":"2024-01-01T08:52:26.413Z","iobWithZeroTemp":{"iob":0.559,"basaliob":-0.675,"bolussnooze":0.0093,"activity":0.0101,"lastBolusTime":1704094963000,"time":"2024-01-01T08:52:26.413Z"}},{"iob":0.774,"basaliob":-0.38,"bolussnooze":0.0077,"activity":0.0108,"lastBolusTime":1704094963000,"time":"2024-01-01T08:57:26.413Z","iobWithZeroTemp":{"iob":0.476,"basaliob":-0.678,"bolussnooze":0.0077,"activity":0.0093,"lastBolusTime":1704094963000,"time":"2024-01-01T08:57:26.413Z"}},{"iob":0.722,"basaliob":-0.357,"bolussnooze":0.0063,"activity":0.0102,"lastBolusTime":1704094963000,"time":"2024-01-01T09:02:26.413Z","iobWithZeroTemp":{"iob":0.399,"basaliob":-0.68,"bolussnooze":0.0063,"activity":0.0084,"lastBolusTime":1704094963000,"time":"2024-01-01T09:02:26.413Z"}},{"iob":0.672,"basaliob":-0.335,"bolussnooze":0.0051,"activity":0.0096,"lastBolusTime":1704094963000,"time":"2024-01-01T09:07:26.413Z","iobWithZeroTemp":{"iob":0.325,"basaliob":-0.682,"bolussnooze":0.0051,"activity":0.0076,"lastBolusTime":1704094963000,"time":"2024-01-01T09:07:26.413Z"}},{"iob":0.625,"basaliob":-0.314,"bolussnooze":0.0041,"activity":0.0091,"lastBolusTime":1704094963000,"time":"2024-01-01T09:12:26.413Z","iobWithZeroTemp":{"iob":0.255,"basaliob":-0.684,"bolussnooze":0.0041,"activity":0.0069,"lastBolusTime":1704094963000,"time":"2024-01-01T09:12:26.413Z"}},{"iob":0.581,"basaliob":-0.294,"bolussnooze":0.0033,"activity":0.0085,"lastBolusTime":1704094963000,"time":"2024-01-01T09:17:26.413Z","iobWithZeroTemp":{"iob":0.19,"basaliob":-0.685,"bolussnooze":0.0033,"activity":0.0061,"lastBolusTime":1704094963000,"time":"2024-01-01T09:17:26.413Z"}},{"iob":0.54,"basaliob":-0.275,"bolussnooze":0.0026,"activity":0.008,"lastBolusTime":1704094963000,"time":"2024-01-01T09:22:26.413Z","iobWithZeroTemp":{"iob":0.128,"basaliob":-0.687,"bolussnooze":0.0026,"activity":0.0053,"lastBolusTime":1704094963000,"time":"2024-01-01T09:22:26.413Z"}},{"iob":0.501,"basaliob":-0.257,"bolussnooze":0.0021,"activity":0.0075,"lastBolusTime":1704094963000,"time":"2024-01-01T09:27:26.413Z","iobWithZeroTemp":{"iob":0.07,"basaliob":-0.688,"bolussnooze":0.0021,"activity":0.0046,"lastBolusTime":1704094963000,"time":"2024-01-01T09:27:26.413Z"}},{"iob":0.465,"basaliob":-0.24,"bolussnooze":0.0016,"activity":0.0071,"lastBolusTime":1704094963000,"time":"2024-01-01T09:32:26.413Z","iobWithZeroTemp":{"iob":0.015,"basaliob":-0.69,"bolussnooze":0.0016,"activity":0.004,"lastBolusTime":1704094963000,"time":"2024-01-01T09:32:26.413Z"}},{"iob":0.432,"basaliob":-0.223,"bolussnooze":0.0013,"activity":0.0066,"lastBolusTime":1704094963000,"time":"2024-01-01T09:37:26.413Z","iobWithZeroTemp":{"iob":-0.035,"basaliob":-0.69,"bolussnooze":0.0013,"activity":0.0033,"lastBolusTime":1704094963000,"time":"2024-01-01T09:37:26.413Z"}},{"iob":0.4,"basaliob":-0.208,"bolussnooze":0.001,"activity":0.0061,"lastBolusTime":1704094963000,"time":"2024-01-01T09:42:26.413Z","iobWithZeroTemp":{"iob":-0.084,"basaliob":-0.692,"bolussnooze":0.001,"activity":0.0026,"lastBolusTime":1704094963000,"time":"2024-01-01T09:42:26.413Z"}},{"iob":0.369,"basaliob":-0.194,"bolussnooze":7.0E-4,"activity":0.0057,"lastBolusTime":1704094963000,"time":"2024-01-01T09:47:26.413Z","iobWithZeroTemp":{"iob":-0.13,"basaliob":-0.693,"bolussnooze":7.0E-4,"activity":0.002,"lastBolusTime":1704094963000,"time":"2024-01-01T09:47:26.413Z"}},{"iob":0.342,"basaliob":-0.18,"bolussnooze":6.0E-4,"activity":0.0054,"lastBolusTime":1704094963000,"time":"2024-01-01T09:52:26.413Z","iobWithZeroTemp":{"iob":-0.172,"basaliob":-0.694,"bolussnooze":6.0E-4,"activity":0.0015,"lastBolusTime":1704094963000,"time":"2024-01-01T09:52:26.413Z"}},{"iob":0.315,"basaliob":-0.168,"bolussnooze":4.0E-4,"activity":0.005,"lastBolusTime":1704094963000,"time":"2024-01-01T09:57:26.413Z","iobWithZeroTemp":{"iob":-0.212,"basaliob":-0.695,"bolussnooze":4.0E-4,"activity":0.001,"lastBolusTime":1704094963000,"time":"2024-01-01T09:57:26.413Z"}},{"iob":0.291,"basaliob":-0.156,"bolussnooze":3.0E-4,"activity":0.0047,"lastBolusTime":1704094963000,"time":"2024-01-01T10:02:26.413Z","iobWithZeroTemp":{"iob":-0.249,"basaliob":-0.696,"bolussnooze":3.0E-4,"activity":5.0E-4,"lastBolusTime":1704094963000,"time":"2024-01-01T10:02:26.413Z"}},{"iob":0.27,"basaliob":-0.144,"bolussnooze":2.0E-4,"activity":0.0043,"lastBolusTime":1704094963000,"time":"2024-01-01T10:07:26.413Z","iobWithZeroTemp":{"iob":-0.282,"basaliob":-0.696,"bolussnooze":2.0E-4,"activity":0,"lastBolusTime":1704094963000,"time":"2024-01-01T10:07:26.413Z"}},{"iob":0.248,"basaliob":-0.134,"bolussnooze":1.0E-4,"activity":0.0041,"lastBolusTime":1704094963000,"time":"2024-01-01T10:12:26.413Z","iobWithZeroTemp":{"iob":-0.315,"basaliob":-0.697,"bolussnooze":1.0E-4,"activity":-4.0E-4,"lastBolusTime":1704094963000,"time":"2024-01-01T10:12:26.413Z"}},{"iob":0.229,"basaliob":-0.124,"bolussnooze":1.0E-4,"activity":0.0038,"lastBolusTime":1704094963000,"time":"2024-01-01T10:17:26.413Z","iobWithZeroTemp":{"iob":-0.345,"basaliob":-0.698,"bolussnooze":1.0E-4,"activity":-8.0E-4,"lastBolusTime":1704094963000,"time":"2024-01-01T10:17:26.413Z"}},{"iob":0.211,"basaliob":-0.115,"bolussnooze":1.0E-4,"activity":0.0035,"lastBolusTime":1704094963000,"time":"2024-01-01T10:22:26.413Z","iobWithZeroTemp":{"iob":-0.373,"basaliob":-0.699,"bolussnooze":1.0E-4,"activity":-0.0013,"lastBolusTime":1704094963000,"time":"2024-01-01T10:22:26.413Z"}},{"iob":0.194,"basaliob":-0.106,"bolussnooze":0,"activity":0.0032,"lastBolusTime":1704094963000,"time":"2024-01-01T10:27:26.413Z","iobWithZeroTemp":{"iob":-0.399,"basaliob":-0.699,"bolussnooze":0,"activity":-0.0017,"lastBolusTime":1704094963000,"time":"2024-01-01T10:27:26.413Z"}},{"iob":0.179,"basaliob":-0.098,"bolussnooze":0,"activity":0.003,"lastBolusTime":1704094963000,"time":"2024-01-01T10:32:26.413Z","iobWithZeroTemp":{"iob":-0.422,"basaliob":-0.699,"bolussnooze":0,"activity":-0.002,"lastBolusTime":1704094963000,"time":"2024-01-01T10:32:26.413Z"}},{"iob":0.164,"basaliob":-0.091,"bolussnooze":0,"activity":0.0028,"lastBolusTime":1704094963000,"time":"2024-01-01T10:37:26.413Z","iobWithZeroTemp":{"iob":-0.445,"basaliob":-0.7,"bolussnooze":0,"activity":-0.0023,"lastBolusTime":1704094963000,"time":"2024-01-01T10:37:26.413Z"}},{"iob":0.15,"basaliob":-0.084,"bolussnooze":0,"activity":0.0026,"lastBolusTime":1704094963000,"time":"2024-01-01T10:42:26.413Z","iobWithZeroTemp":{"iob":-0.467,"basaliob":-0.701,"bolussnooze":0,"activity":-0.0026,"lastBolusTime":1704094963000,"time":"2024-01-01T10:42:26.413Z"}},{"iob":0.138,"basaliob":-0.077,"bolussnooze":0,"activity":0.0023,"lastBolusTime":1704094963000,"time":"2024-01-01T10:47:26.413Z","iobWithZeroTemp":{"iob":-0.486,"basaliob":-0.701,"bolussnooze":0,"activity":-0.003,"lastBolusTime":1704094963000,"time":"2024-01-01T10:47:26.413Z"}},{"iob":0.127,"basaliob":-0.071,"bolussnooze":0,"activity":0.0022,"lastBolusTime":1704094963000,"time":"2024-01-01T10:52:26.413Z","iobWithZeroTemp":{"iob":-0.503,"basaliob":-0.701,"bolussnooze":0,"activity":-0.0032,"lastBolusTime":1704094963000,"time":"2024-01-01T10:52:26.413Z"}},{"iob":0.116,"basaliob":-0.066,"bolussnooze":0,"activity":0.002,"lastBolusTime":1704094963000,"time":"2024-01-01T10:57:26.413Z","iobWithZeroTemp":{"iob":-0.52,"basaliob":-0.702,"bolussnooze":0,"activity":-0.0035,"lastBolusTime":1704094963000,"time":"2024-01-01T10:57:26.413Z"}},{"iob":0.107,"basaliob":-0.06,"bolussnooze":0,"activity":0.0019,"lastBolusTime":1704094963000,"time":"2024-01-01T11:02:26.413Z","iobWithZeroTemp":{"iob":-0.535,"basaliob":-0.702,"bolussnooze":0,"activity":-0.0037,"lastBolusTime":1704094963000,"time":"2024-01-01T11:02:26.413Z"}},{"iob":0.097,"basaliob":-0.056,"bolussnooze":0,"activity":0.0018,"lastBolusTime":1704094963000,"time":"2024-01-01T11:07:26.413Z","iobWithZeroTemp":{"iob":-0.55,"basaliob":-0.703,"bolussnooze":0,"activity":-0.0039,"lastBolusTime":1704094963000,"time":"2024-01-01T11:07:26.413Z"}},{"iob":0.089,"basaliob":-0.051,"bolussnooze":0,"activity":0.0016,"lastBolusTime":1704094963000,"time":"2024-01-01T11:12:26.413Z","iobWithZeroTemp":{"iob":-0.562,"basaliob":-0.702,"bolussnooze":0,"activity":-0.0042,"lastBolusTime":1704094963000,"time":"2024-01-01T11:12:26.413Z"}},{"iob":0.081,"basaliob":-0.047,"bolussnooze":0,"activity":0.0015,"lastBolusTime":1704094963000,"time":"2024-01-01T11:17:26.413Z","iobWithZeroTemp":{"iob":-0.575,"basaliob":-0.703,"bolussnooze":0,"activity":-0.0043,"lastBolusTime":1704094963000,"time":"2024-01-01T11:17:26.413Z"}},{"iob":0.074,"basaliob":-0.043,"bolussnooze":0,"activity":0.0014,"lastBolusTime":1704094963000,"time":"2024-01-01T11:22:26.413Z","iobWithZeroTemp":{"iob":-0.586,"basaliob":-0.703,"bolussnooze":0,"activity":-0.0045,"lastBolusTime":1704094963000,"time":"2024-01-01T11:22:26.413Z"}},{"iob":0.067,"basaliob":-0.04,"bolussnooze":0,"activity":0.0012,"lastBolusTime":1704094963000,"time":"2024-01-01T11:27:26.413Z","iobWithZeroTemp":{"iob":-0.597,"basaliob":-0.704,"bolussnooze":0,"activity":-0.0047,"lastBolusTime":1704094963000,"time":"2024-01-01T11:27:26.413Z"}},{"iob":0.062,"basaliob":-0.036,"bolussnooze":0,"activity":0.0012,"lastBolusTime":1704094963000,"time":"2024-01-01T11:32:26.413Z","iobWithZeroTemp":{"iob":-0.605,"basaliob":-0.703,"bolussnooze":0,"activity":-0.0048,"lastBolusTime":1704094963000,"time":"2024-01-01T11:32:26.413Z"}},{"iob":0.056,"basaliob":-0.033,"bolussnooze":0,"activity":0.001,"lastBolusTime":1704094963000,"time":"2024-01-01T11:37:26.413Z","iobWithZeroTemp":{"iob":-0.614,"basaliob":-0.703,"bolussnooze":0,"activity":-0.0051,"lastBolusTime":1704094963000,"time":"2024-01-01T11:37:26.413Z"}},{"iob":0.051,"basaliob":-0.03,"bolussnooze":0,"activity":0.001,"lastBolusTime":1704094963000,"time":"2024-01-01T11:42:26.413Z","iobWithZeroTemp":{"iob":-0.622,"basaliob":-0.703,"bolussnooze":0,"activity":-0.0051,"lastBolusTime":1704094963000,"time":"2024-01-01T11:42:26.413Z"}},{"iob":0.046,"basaliob":-0.028,"bolussnooze":0,"activity":9.0E-4,"lastBolusTime":1704094963000,"time":"2024-01-01T11:47:26.413Z","iobWithZeroTemp":{"iob":-0.63,"basaliob":-0.704,"bolussnooze":0,"activity":-0.0052,"lastBolusTime":1704094963000,"time":"2024-01-01T11:47:26.413Z"}},{"iob":0.042,"basaliob":-0.025,"bolussnooze":0,"activity":8.0E-4,"lastBolusTime":1704094963000,"time":"2024-01-01T11:52:26.413Z","iobWithZeroTemp":{"iob":-0.637,"basaliob":-0.704,"bolussnooze":0,"activity":-0.0054,"lastBolusTime":1704094963000,"time":"2024-01-01T11:52:26.413Z"}},{"iob":0.038,"basaliob":-0.023,"bolussnooze":0,"activity":8.0E-4,"lastBolusTime":1704094963000,"time":"2024-01-01T11:57:26.413Z","iobWithZeroTemp":{"iob":-0.643,"basaliob":-0.704,"bolussnooze":0,"activity":-0.0054,"lastBolusTime":1704094963000,"time":"2024-01-01T11:57:26.413Z"}},{"iob":0.035,"basaliob":-0.021,"bolussnooze":0,"activity":7.0E-4,"lastBolusTime":1704094963000,"time":"2024-01-01T12:02:26.413Z","iobWithZeroTemp":{"iob":-0.648,"basaliob":-0.704,"bolussnooze":0,"activity":-0.0056,"lastBolusTime":1704094963000,"time":"2024-01-01T12:02:26.413Z"}}],"profile":{"max_iob":7,"type":"current","max_daily_basal":0.45,"max_basal":1.35,"min_bg":81.0000000000001,"max_bg":81.0000000000001,"target_bg":81.0000000000001,"carb_ratio":9,"sens":352.8,"max_daily_safety_multiplier":3,"current_basal_safety_multiplier":4,"lgsThreshold":65,"high_temptarget_raises_sensitivity":false,"low_temptarget_lowers_sensitivity":false,"sensitivity_raises_target":true,"resistance_lowers_target":true,"adv_target_adjustments":false,"exercise_mode":false,"half_basal_exercise_target":160,"maxCOB":120,"skip_neutral_temps":false,"remainingCarbsCap":90,"enableUAM":true,"A52_risk_enable":false,"SMBInterval":4,"enableSMB_with_COB":true,"enableSMB_with_temptarget":false,"allowSMB_with_high_temptarget":true,"enableSMB_always":true,"enableSMB_after_carbs":false,"maxSMBBasalMinutes":60,"maxUAMSMBBasalMinutes":60,"bolus_increment":0.05,"carbsReqThreshold":10,"current_basal":0.4,"temptargetSet":true,"autosens_max":1.2,"autosens_min":0.8,"out_units":"mmol\/L","variable_sens":153.5,"insulinDivisor":65,"TDD":8.895146941666667},"autosens_data":{"ratio":1.1485946392005242},"meal_data":{"carbs":50,"mealCOB":15.180510204081635,"slopeFromMaxDeviation":-1.2546666666666664,"slopeFromMinDeviation":0.04972727272727278,"lastBolusTime":1704094963000,"lastCarbTime":1704096196000},"microBolusAllowed":true,"currentTime":1704096449649,"flatBGsDetected":false,"tdd1D":21.848083333333335,"tdd7D":24.48151190476191,"tddLast24H":28.119333333333344,"tddLast4H":5.676666666666667,"tddLast8to4H":3.389333333333333},"output":{"temp":"absolute","bg":178,"tick":"+3","eventualBG":202,"targetBG":81.0000000000001,"insulinReq":0,"deliverAt":"2024-01-01T08:07:29.649Z","sensitivityRatio":1.1485946392005242,"variable_sens":153.5,"predBGs":{"IOB":[178,177,176,173,171,167,163,157,152,145,137,129,119,110,101,91,82,73,63,54,43,39],"ZT":[178,165,151,138,124,110,96,82,68,52,39,39,39,39,39,39,39,39,39,39,39,39,39,39,39,39,39,39,39,39,39,39,39,39,39,39,39,39,39,39,39,39,39,39,39,42,53,62],"COB":[178,178,178,179,179,180,182,183,185,187,189,191,193,196,199,202,205,208,211,213,215,217,219,221,222,223,223,223,223,222,221,220,218,217,215,213,212,210,209,208,207,206,205,204,204,203,202],"UAM":[178,177,175,173,169,165,160,154,147,139,131,121,111,101,91,81,71,61,50,39]},"reason":"COB: 15.2, Dev: 4.6, BGI: -0.7, ISF: 8.5, CR: 9, Target: 4.5, minPredBG -1.5, minGuardBG -1.9, IOBpredBG 2.2, COBpredBG 11.2, UAMpredBG 2.2; minGuardBG -1.9<3.6","COB":15.180510204081635,"IOB":1.481,"duration":120,"rate":0,"timestamp":"2024-01-01T08:07:29.674Z"}}