{"algorithm":"OpenAPSSMBDynamicISFPlugin","input":{"glucoseStatus":{"glucose":144,"noise":0,"delta":-1,"short_avgdelta":-2,"long_avgdelta":-3.3,"date":1704428235888},"currenttemp":{"temp":"absolute","duration":50,"rate":0,"minutesrunning":10},"iob_data":[{"iob":0.371,"basaliob":-0.334,"bolussnooze":0,"activity":0.0051,"lastBolusTime":1704425880000,"time":"2024-01-05T04:17:37.794Z","iobWithZeroTemp":{"iob":0.371,"basaliob":-0.334,"bolussnooze":0,"activity":0.0051,"lastBolusTime":1704425880000,"time":"2024-01-05T04:17:37.794Z"}},{"iob":0.346,"basaliob":-0.322,"bolussnooze":0,"activity":0.0048,"lastBolusTime":1704425880000,"time":"2024-01-05T04:22:37.794Z","iobWithZeroTemp":{"iob":0.319,"basaliob":-0.349,"bolussnooze":0,"activity":0.0048,"lastBolusTime":1704425880000,"time":"2024-01-05T04:22:37.794Z"}},{"iob":0.322,"basaliob":-0.309,"bolussnooze":0,"activity":0.0046,"lastBolusTime":1704425880000,"time":"2024-01-05T04:27:37.794Z","iobWithZeroTemp":{"iob":0.262,"basaliob":-0.369,"bolussnooze":0,"activity":0.0045,"lastBolusTime":1704425880000,"time":"2024-01-05T04:27:37.794Z"}},{"iob":0.301,"basaliob":-0.295,"bolussnooze":0,"activity":0.0043,"lastBolusTime":1704425880000,"time":"2024-01-05T04:32:37.794Z","iobWithZeroTemp":{"iob":0.209,"basaliob":-0.387,"bolussnooze":0,"activity":0.0041,"lastBolusTime":1704425880000,"time":"2024-01-05T04:32:37.794Z"}},{"iob":0.28,"basaliob":-0.282,"bolussnooze":0,"activity":0.004,"lastBolusTime":1704425880000,"time":"2024-01-05T04:37:37.794Z","iobWithZeroTemp":{"iob":0.155,"basaliob":-0.407,"bolussnooze":0,"activity":0.0037,"lastBolusTime":1704425880000,"time":"2024-01-05T04:37:37.794Z"}},{"iob":0.26,"basaliob":-0.269,"bolussnooze":0,"activity":0.0038,"lastBolusTime":1704425880000,"time":"2024-01-05T04:42:37.794Z","iobWithZeroTemp":{"iob":0.104,"basaliob":-0.425,"bolussnooze":0,"activity":0.0033,"lastBolusTime":1704425880000,"time":"2024-01-05T04:42:37.794Z"}},{"iob":0.242,"basaliob":-0.255,"bolussnooze":0,"activity":0.0036,"lastBolusTime":1704425880000,"time":"2024-01-05T04:47:37.794Z","iobWithZeroTemp":{"iob":0.056,"basaliob":-0.441,"bolussnooze":0,"activity":0.0029,"lastBolusTime":1704425880000,"time":"2024-01-05T04:47:37.794Z"}},{"iob":0.225,"basaliob":-0.242,"bolussnooze":0,"activity":0.0033,"lastBolusTime":1704425880000,"time":"2024-01-05T04:52:37.794Z","iobWithZeroTemp":{"iob":0.009,"basaliob":-0.458,"bolussnooze":0,"activity":0.0024,"lastBolusTime":1704425880000,"time":"2024-01-05T04:52:37.794Z"}},{"iob":0.209,"basaliob":-0.229,"bolussnooze":0,"activity":0.0032,"lastBolusTime":1704425880000,"time":"2024-01-05T04:57:37.794Z","iobWithZeroTemp":{"iob":-0.035,"basaliob":-0.473,"bolussnooze":0,"activity":0.0021,"lastBolusTime":1704425880000,"time":"2024-01-05T04:57:37.794Z"}},{"iob":0.193,"basaliob":-0.217,"bolussnooze":0,"activity":0.0029,"lastBolusTime":1704425880000,"time":"2024-01-05T05:02:37.794Z","iobWithZeroTemp":{"iob":-0.079,"basaliob":-0.489,"bolussnooze":0,"activity":0.0016,"lastBolusTime":1704425880000,"time":"2024-01-05T05:02:37.794Z"}},{"iob":0.179,"basaliob":-0.205,"bolussnooze":0,"activity":0.0027,"lastBolusTime":1704425880000,"time":"2024-01-05T05:07:37.794Z","iobWithZeroTemp":{"iob":-0.119,"basaliob":-0.503,"bolussnooze":0,"activity":0.0012,"lastBolusTime":1704425880000,"time":"2024-01-05T05:07:37.794Z"}},{"iob":0.166,"basaliob":-0.193,"bolussnooze":0,"activity":0.0026,"lastBolusTime":1704425880000,"time":"2024-01-05T05:12:37.794Z","iobWithZeroTemp":{"iob":-0.157,"basaliob":-0.516,"bolussnooze":0,"activity":8.0E-4,"lastBolusTime":1704425880000,"time":"2024-01-05T05:12:37.794Z"}},{"iob":0.153,"basaliob":-0.182,"bolussnooze":0,"activity":0.0024,"lastBolusTime":1704425880000,"time":"2024-01-05T05:17:37.794Z","iobWithZeroTemp":{"iob":-0.194,"basaliob":-0.529,"bolussnooze":0,"activity":4.0E-4,"lastBolusTime":1704425880000,"time":"2024-01-05T05:17:37.794Z"}},{"iob":0.141,"basaliob":-0.171,"bolussnooze":0,"activity":0.0023,"lastBolusTime":1704425880000,"time":"2024-01-05T05:22:37.794Z","iobWithZeroTemp":{"iob":-0.229,"basaliob":-0.541,"bolussnooze":0,"activity":1.0E-4,"lastBolusTime":1704425880000,"time":"2024-01-05T05:22:37.794Z"}},{"iob":0.13,"basaliob":-0.161,"bolussnooze":0,"activity":0.0021,"lastBolusTime":1704425880000,"time":"2024-01-05T05:27:37.794Z","iobWithZeroTemp":{"iob":-0.261,"basaliob":-0.552,"bolussnooze":0,"activity":-3.0E-4,"lastBolusTime":1704425880000,"time":"2024-01-05T05:27:37.794Z"}},{"iob":0.12,"basaliob":-0.151,"bolussnooze":0,"activity":0.002,"lastBolusTime":1704425880000,"time":"2024-01-05T05:32:37.794Z","iobWithZeroTemp":{"iob":-0.292,"basaliob":-0.563,"bolussnooze":0,"activity":-7.0E-4,"lastBolusTime":1704425880000,"time":"2024-01-05T05:32:37.794Z"}},{"iob":0.111,"basaliob":-0.141,"bolussnooze":0,"activity":0.0018,"lastBolusTime":1704425880000,"time":"2024-01-05T05:37:37.794Z","iobWithZeroTemp":{"iob":-0.32,"basaliob":-0.572,"bolussnooze":0,"activity":-0.0011,"lastBolusTime":1704425880000,"time":"2024-01-05T05:37:37.794Z"}},{"iob":0.103,"basaliob":-0.132,"bolussnooze":0,"activity":0.0016,"lastBolusTime":1704425880000,"time":"2024-01-05T05:42:37.794Z","iobWithZeroTemp":{"iob":-0.347,"basaliob":-0.582,"bolussnooze":0,"activity":-0.0015,"lastBolusTime":1704425880000,"time":"2024-01-05T05:42:37.794Z"}},{"iob":0.094,"basaliob":-0.124,"bolussnooze":0,"activity":0.0015,"lastBolusTime":1704425880000,"time":"2024-01-05T05:47:37.794Z","iobWithZeroTemp":{"iob":-0.373,"basaliob":-0.591,"bolussnooze":0,"activity":-0.0018,"lastBolusTime":1704425880000,"time":"2024-01-05T05:47:37.794Z"}},{"iob":0.087,"basaliob":-0.115,"bolussnooze":0,"activity":0.0014,"lastBolusTime":1704425880000,"time":"2024-01-05T05:52:37.794Z","iobWithZeroTemp":{"iob":-0.397,"basaliob":-0.599,"bolussnooze":0,"activity":-0.0021,"lastBolusTime":1704425880000,"time":"2024-01-05T05:52:37.794Z"}},{"iob":0.08,"basaliob":-0.108,"bolussnooze":0,"activity":0.0013,"lastBolusTime":1704425880000,"time":"2024-01-05T05:57:37.794Z","iobWithZeroTemp":{"iob":-0.419,"basaliob":-0.607,"bolussnooze":0,"activity":-0.0024,"lastBolusTime":1704425880000,"time":"2024-01-05T05:57:37.794Z"}},{"iob":0.074,"basaliob":-0.1,"bolussnooze":0,"activity":0.0013,"lastBolusTime":1704425880000,"time":"2024-01-05T06:02:37.794Z","iobWithZeroTemp":{"iob":-0.44,"basaliob":-0.614,"bolussnooze":0,"activity":-0.0026,"lastBolusTime":1704425880000,"time":"2024-01-05T06:02:37.794Z"}},{"iob":0.067,"basaliob":-0.094,"bolussnooze":0,"activity":0.0012,"lastBolusTime":1704425880000,"time":"2024-01-05T06:07:37.794Z","iobWithZeroTemp":{"iob":-0.46,"basaliob":-0.621,"bolussnooze":0,"activity":-0.0028,"lastBolusTime":1704425880000,"time":"2024-01-05T06:07:37.794Z"}},{"iob":0.062,"basaliob":-0.087,"bolussnooze":0,"activity":0.001,"lastBolusTime":1704425880000,"time":"2024-01-05T06:12:37.794Z","iobWithZeroTemp":{"iob":-0.478,"basaliob":-0.627,"bolussnooze":0,"activity":-0.0032,"lastBolusTime":1704425880000,"time":"2024-01-05T06:12:37.794Z"}},{"iob":0.057,"basaliob":-0.081,"bolussnooze":0,"activity":0.001,"lastBolusTime":1704425880000,"time":"2024-01-05T06:17:37.794Z","iobWithZeroTemp":{"iob":-0.495,"basaliob":-0.633,"bolussnooze":0,"activity":-0.0033,"lastBolusTime":1704425880000,"time":"2024-01-05T06:17:37.794Z"}},{"iob":0.053,"basaliob":-0.075,"bolussnooze":0,"activity":9.0E-4,"lastBolusTime":1704425880000,"time":"2024-01-05T06:22:37.794Z","iobWithZeroTemp":{"iob":-0.51,"basaliob":-0.638,"bolussnooze":0,"activity":-0.0036,"lastBolusTime":1704425880000,"time":"2024-01-05T06:22:37.794Z"}},{"iob":0.048,"basaliob":-0.07,"bolussnooze":0,"activity":9.0E-4,"lastBolusTime":1704425880000,"time":"2024-01-05T06:27:37.794Z","iobWithZeroTemp":{"iob":-0.526,"basaliob":-0.644,"bolussnooze":0,"activity":-0.0037,"lastBolusTime":1704425880000,"time":"2024-01-05T06:27:37.794Z"}},{"iob":0.044,"basaliob":-0.065,"bolussnooze":0,"activity":8.0E-4,"lastBolusTime":1704425880000,"time":"2024-01-05T06:32:37.794Z","iobWithZeroTemp":{"iob":-0.54,"basaliob":-0.649,"bolussnooze":0,"activity":-0.004,"lastBolusTime":1704425880000,"time":"2024-01-05T06:32:37.794Z"}},{"iob":0.04,"basaliob":-0.06,"bolussnooze":0,"activity":7.0E-4,"lastBolusTime":1704425880000,"time":"2024-01-05T06:37:37.794Z","iobWithZeroTemp":{"iob":-0.553,"basaliob":-0.653,"bolussnooze":0,"activity":-0.0042,"lastBolusTime":1704425880000,"time":"2024-01-05T06:37:37.794Z"}},{"iob":0.036,"basaliob":-0.056,"bolussnooze":0,"activity":6.0E-4,"lastBolusTime":1704425880000,"time":"2024-01-05T06:42:37.794Z","iobWithZeroTemp":{"iob":-0.565,"basaliob":-0.657,"bolussnooze":0,"activity":-0.0044,"lastBolusTime":1704425880000,"time":"2024-01-05T06:42:37.794Z"}},{"iob":0.033,"basaliob":-0.052,"bolussnooze":0,"activity":6.0E-4,"lastBolusTime":1704425880000,"time":"2024-01-05T06:47:37.794Z","iobWithZeroTemp":{"iob":-0.576,"basaliob":-0.661,"bolussnooze":0,"activity":-0.0045,"lastBolusTime":1704425880000,"time":"2024-01-05T06:47:37.794Z"}},{"iob":0.03,"basaliob":-0.048,"bolussnooze":0,"activity":6.0E-4,"lastBolusTime":1704425880000,"time":"2024-01-05T06:52:37.794Z","iobWithZeroTemp":{"iob":-0.587,"basaliob":-0.665,"bolussnooze":0,"activity":-0.0046,"lastBolusTime":1704425880000,"time":"2024-01-05T06:52:37.794Z"}},{"iob":0.028,"basaliob":-0.044,"bolussnooze":0,"activity":5.0E-4,"lastBolusTime":1704425880000,"time":"2024-01-05T06:57:37.794Z","iobWithZeroTemp":{"iob":-0.596,"basaliob":-0.668,"bolussnooze":0,"activity":-0.0048,"lastBolusTime":1704425880000,"time":"2024-01-05T06:57:37.794Z"}},{"iob":0.025,"basaliob":-0.041,"bolussnooze":0,"activity":5.0E-4,"lastBolusTime":1704425880000,"time":"2024-01-05T07:02:37.794Z","iobWithZeroTemp":{"iob":-0.605,"basaliob":-0.671,"bolussnooze":0,"activity":-0.0049,"lastBolusTime":1704425880000,"time":"2024-01-05T07:02:37.794Z"}},{"iob":0.023,"basaliob":-0.038,"bolussnooze":0,"activity":4.0E-4,"lastBolusTime":1704425880000,"time":"2024-01-05T07:07:37.794Z","iobWithZeroTemp":{"iob":-0.613,"basaliob":-0.674,"bolussnooze":0,"activity":-0.0051,"lastBolusTime":1704425880000,"time":"2024-01-05T07:07:37.794Z"}},{"iob":0.021,"basaliob":-0.035,"bolussnooze":0,"activity":4.0E-4,"lastBolusTime":1704425880000,"time":"2024-01-05T07:12:37.794Z","iobWithZeroTemp":{"iob":-0.621,"basaliob":-0.677,"bolussnooze":0,"activity":-0.0052,"lastBolusTime":1704425880000,"time":"2024-01-05T07:12:37.794Z"}},{"iob":0.019,"basaliob":-0.032,"bolussnooze":0,"activity":4.0E-4,"lastBolusTime":1704425880000,"time":"2024-01-05T07:17:37.794Z","iobWithZeroTemp":{"iob":-0.628,"basaliob":-0.679,"bolussnooze":0,"activity":-0.0053,"lastBolusTime":1704425880000,"time":"2024-01-05T07:17:37.794Z"}},{"iob":0.018,"basaliob":-0.029,"bolussnooze":0,"activity":3.0E-4,"lastBolusTime":1704425880000,"time":"2024-01-05T07:22:37.794Z","iobWithZeroTemp":{"iob":-0.633,"basaliob":-0.68,"bolussnooze":0,"activity":-0.0055,"lastBolusTime":1704425880000,"time":"2024-01-05T07:22:37.794Z"}},{"iob":0.016,"basaliob":-0.027,"bolussnooze":0,"activity":4.0E-4,"lastBolusTime":1704425880000,"time":"2024-01-05T07:27:37.794Z","iobWithZeroTemp":{"iob":-0.64,"basaliob":-0.683,"bolussnooze":0,"activity":-0.0054,"lastBolusTime":1704425880000,"time":"2024-01-05T07:27:37.794Z"}},{"iob":0.014,"basaliob":-0.025,"bolussnooze":0,"activity":3.0E-4,"lastBolusTime":1704425880000,"time":"2024-01-05T07:32:37.794Z","iobWithZeroTemp":{"iob":-0.646,"basaliob":-0.685,"bolussnooze":0,"activity":-0.0056,"lastBolusTime":1704425880000,"time":"2024-01-05T07:32:37.794Z"}},{"iob":0.013,"basaliob":-0.023,"bolussnooze":0,"activity":2.0E-4,"lastBolusTime":1704425880000,"time":"2024-01-05T07:37:37.794Z","iobWithZeroTemp":{"iob":-0.651,"basaliob":-0.687,"bolussnooze":0,"activity":-0.0057,"lastBolusTime":1704425880000,"time":"2024-01-05T07:37:37.794Z"}},{"iob":0.012,"basaliob":-0.021,"bolussnooze":0,"activity":2.0E-4,"lastBolusTime":1704425880000,"time":"2024-01-05T07:42:37.794Z","iobWithZeroTemp":{"iob":-0.655,"basaliob":-0.688,"bolussnooze":0,"activity":-0.0058,"lastBolusTime":1704425880000,"time":"2024-01-05T07:42:37.794Z"}},{"iob":0.011,"basaliob":-0.019,"bolussnooze":0,"activity":2.0E-4,"lastBolusTime":1704425880000,"time":"2024-01-05T07:47:37.794Z","iobWithZeroTemp":{"iob":-0.659,"basaliob":-0.689,"bolussnooze":0,"activity":-0.0059,"lastBolusTime":1704425880000,"time":"2024-01-05T07:47:37.794Z"}},{"iob":0.009,"basaliob":-0.018,"bolussnooze":0,"activity":2.0E-4,"lastBolusTime":1704425880000,"time":"2024-01-05T07:52:37.794Z","iobWithZeroTemp":{"iob":-0.664,"basaliob":-0.691,"bolussnooze":0,"activity":-0.0059,"lastBolusTime":1704425880000,"time":"2024-01-05T07:52:37.794Z"}},{"iob":0.009,"basaliob":-0.016,"bolussnooze":0,"activity":2.0E-4,"lastBolusTime":1704425880000,"time":"2024-01-05T07:57:37.794Z","iobWithZeroTemp":{"iob":-0.667,"basaliob":-0.692,"bolussnooze":0,"activity":-0.0059,"lastBolusTime":1704425880000,"time":"2024-01-05T07:57:37.794Z"}},{"iob":0.008,"basaliob":-0.015,"bolussnooze":0,"activity":1.0E-4,"lastBolusTime":1704425880000,"time":"2024-01-05T08:02:37.794Z","iobWithZeroTemp":{"iob":-0.67,"basaliob":-0.693,"bolussnooze":0,"activity":-0.0061,"lastBolusTime":1704425880000,"time":"2024-01-05T08:02:37.794Z"}},{"iob":0.007,"basaliob":-0.014,"bolussnooze":0,"activity":2.0E-4,"lastBolusTime":1704425880000,"time":"2024-01-05T08:07:37.794Z","iobWithZeroTemp":{"iob":-0.674,"basaliob":-0.695,"bolussnooze":0,"activity":-0.006,"lastBolusTime":1704425880000,"time":"2024-01-05T08:07:37.794Z"}},{"iob":0.007,"basaliob":-0.012,"bolussnooze":0,"activity":2.0E-4,"lastBolusTime":1704425880000,"time":"2024-01-05T08:12:37.794Z","iobWithZeroTemp":{"iob":-0.676,"basaliob":-0.695,"bolussnooze":0,"activity":-0.0061,"lastBolusTime":1704425880000,"time":"2024-01-05T08:12:37.794Z"}}],"profile":{"max_iob":7,"type":"current","max_daily_basal":0.45,"max_basal":1.35,"min_bg":106.2,"max_bg":106.2,"target_bg":106.2,"carb_ratio":9,"sens":352.8,"max_daily_safety_multiplier":3,"current_basal_safety_multiplier":4,"lgsThreshold":65,"high_temptarget_raises_sensitivity":false,"low_temptarget_lowers_sensitivity":false,"sensitivity_raises_target":true,"resistance_lowers_target":true,"adv_target_adjustments":false,"exercise_mode":false,"half_basal_exercise_target":160,"maxCOB":120,"skip_neutral_temps":false,"remainingCarbsCap":90,"enableUAM":true,"A52_risk_enable":false,"SMBInterval":4,"enableSMB_with_COB":true,"enableSMB_with_temptarget":false,"allowSMB_with_high_temptarget":true,"enableSMB_always":true,"enableSMB_after_carbs":false,"maxSMBBasalMinutes":60,"maxUAMSMBBasalMinutes":60,"bolus_increment":0.05,"carbsReqThreshold":10,"current_basal":0.4,"temptargetSet":false,"autosens_max":1.2,"autosens_min":0.8,"out_units":"mmol\/L","variable_sens":193,"insulinDivisor":65,"TDD":7.98460286666667},"autosens_data":{"ratio":1.1958548350173304},"meal_data":{"carbs":0,"mealCOB":0,"slopeFromMaxDeviation":-1.284142857142857,"slopeFromMinDeviation":0.31400000000000006,"lastBolusTime":1704425880000,"lastCarbTime":0},"microBolusAllowed":true,"currentTime":1704428259927,"flatBGsDetected":false,"tdd1D":28.050416666666692,"tdd7D":23.609261904761915,"tddLast24H":28.233250000000005,"tddLast4H":2.1690833333333335,"tddLast8to4H":4.2475000000000005},"output":{"temp":"absolute","bg":144,"tick":-1,"eventualBG":90,"targetBG":99,"insulinReq":0,"deliverAt":"2024-01-05T04:17:39.927Z","sensitivityRatio":1.1958548350173304,"variable_sens":193,"predBGs":{"IOB":[144,142,139,137,135,132,130,128,125,122,120,117,114,112,109,107,104,102,100,99,97,95,94,92,91,90,88,87,86,85,84,84,83,82,81,81,80,80,79,79,78,78,78,77,77,77,77,76],"ZT":[144,139,134,130,126,122,118,115,112,110,108,107,106,105,105,106,106],"UAM":[144,141,136,132,127,123,119,115,112,108,105,102,98,95,93,90,87,85,83,81,79,77,75,73,72,70,69,68,66,65,64,63,62,61,60,60,59,58,58,57,57,56,56,56,55,55,55,54]},"reason":"COB: 0, Dev: 1.0, BGI: -0.3, ISF: 10.7, CR: 9, Target: 5.5, minPredBG 4.4, minGuardBG 3.0, IOBpredBG 4.2, UAMpredBG 3.0; minGuardBG 3.0<3.9 50m left and 0 ~ req 0U\/hr: no temp required","COB":0,"IOB":0.371,"timestamp":"2024-01-05T04:17:39.953Z"}}