{"algorithm":"OpenAPSSMBDynamicISFPlugin","input":{"glucoseStatus":{"glucose":71,"noise":0,"delta":-4,"short_avgdelta":-5.11,"long_avgdelta":-10.07,"date":1704311827593},"currenttemp":{"temp":"absolute","duration":10,"rate":0,"minutesrunning":50},"iob_data":[{"iob":1.043,"basaliob":-0.669,"bolussnooze":0.4253,"activity":0.0149,"lastBolusTime":1704309039000,"time":"2024-01-03T19:57:33.805Z","iobWithZeroTemp":{"iob":1.043,"basaliob":-0.669,"bolussnooze":0.4253,"activity":0.0149,"lastBolusTime":1704309039000,"time":"2024-01-03T19:57:33.805Z"}},{"iob":0.97,"basaliob":-0.638,"bolussnooze":0.3715,"activity":0.0141,"lastBolusTime":1704309039000,"time":"2024-01-03T20:02:33.805Z","iobWithZeroTemp":{"iob":0.943,"basaliob":-0.665,"bolussnooze":0.3715,"activity":0.0141,"lastBolusTime":1704309039000,"time":"2024-01-03T20:02:33.805Z"}},{"iob":0.902,"basaliob":-0.607,"bolussnooze":0.3233,"activity":0.0132,"lastBolusTime":1704309039000,"time":"2024-01-03T20:07:33.805Z","iobWithZeroTemp":{"iob":0.842,"basaliob":-0.667,"bolussnooze":0.3233,"activity":0.0131,"lastBolusTime":1704309039000,"time":"2024-01-03T20:07:33.805Z"}},{"iob":0.838,"basaliob":-0.576,"bolussnooze":0.2803,"activity":0.0124,"lastBolusTime":1704309039000,"time":"2024-01-03T20:12:33.805Z","iobWithZeroTemp":{"iob":0.746,"basaliob":-0.668,"bolussnooze":0.2803,"activity":0.0122,"lastBolusTime":1704309039000,"time":"2024-01-03T20:12:33.805Z"}},{"iob":0.778,"basaliob":-0.546,"bolussnooze":0.2423,"activity":0.0116,"lastBolusTime":1704309039000,"time":"2024-01-03T20:17:33.805Z","iobWithZeroTemp":{"iob":0.653,"basaliob":-0.671,"bolussnooze":0.2423,"activity":0.0113,"lastBolusTime":1704309039000,"time":"2024-01-03T20:17:33.805Z"}},{"iob":0.721,"basaliob":-0.517,"bolussnooze":0.2087,"activity":0.0109,"lastBolusTime":1704309039000,"time":"2024-01-03T20:22:33.805Z","iobWithZeroTemp":{"iob":0.565,"basaliob":-0.673,"bolussnooze":0.2087,"activity":0.0104,"lastBolusTime":1704309039000,"time":"2024-01-03T20:22:33.805Z"}},{"iob":0.669,"basaliob":-0.488,"bolussnooze":0.1793,"activity":0.0102,"lastBolusTime":1704309039000,"time":"2024-01-03T20:27:33.805Z","iobWithZeroTemp":{"iob":0.483,"basaliob":-0.674,"bolussnooze":0.1793,"activity":0.0095,"lastBolusTime":1704309039000,"time":"2024-01-03T20:27:33.805Z"}},{"iob":0.62,"basaliob":-0.46,"bolussnooze":0.1535,"activity":0.0096,"lastBolusTime":1704309039000,"time":"2024-01-03T20:32:33.805Z","iobWithZeroTemp":{"iob":0.404,"basaliob":-0.676,"bolussnooze":0.1535,"activity":0.0087,"lastBolusTime":1704309039000,"time":"2024-01-03T20:32:33.805Z"}},{"iob":0.574,"basaliob":-0.433,"bolussnooze":0.1311,"activity":0.009,"lastBolusTime":1704309039000,"time":"2024-01-03T20:37:33.805Z","iobWithZeroTemp":{"iob":0.33,"basaliob":-0.677,"bolussnooze":0.1311,"activity":0.0079,"lastBolusTime":1704309039000,"time":"2024-01-03T20:37:33.805Z"}},{"iob":0.53,"basaliob":-0.408,"bolussnooze":0.1116,"activity":0.0084,"lastBolusTime":1704309039000,"time":"2024-01-03T20:42:33.805Z","iobWithZeroTemp":{"iob":0.258,"basaliob":-0.68,"bolussnooze":0.1116,"activity":0.0071,"lastBolusTime":1704309039000,"time":"2024-01-03T20:42:33.805Z"}},{"iob":0.49,"basaliob":-0.383,"bolussnooze":0.0948,"activity":0.0078,"lastBolusTime":1704309039000,"time":"2024-01-03T20:47:33.805Z","iobWithZeroTemp":{"iob":0.192,"basaliob":-0.681,"bolussnooze":0.0948,"activity":0.0063,"lastBolusTime":1704309039000,"time":"2024-01-03T20:47:33.805Z"}},{"iob":0.453,"basaliob":-0.359,"bolussnooze":0.0803,"activity":0.0072,"lastBolusTime":1704309039000,"time":"2024-01-03T20:52:33.805Z","iobWithZeroTemp":{"iob":0.13,"basaliob":-0.682,"bolussnooze":0.0803,"activity":0.0054,"lastBolusTime":1704309039000,"time":"2024-01-03T20:52:33.805Z"}},{"iob":0.418,"basaliob":-0.337,"bolussnooze":0.0678,"activity":0.0067,"lastBolusTime":1704309039000,"time":"2024-01-03T20:57:33.805Z","iobWithZeroTemp":{"iob":0.071,"basaliob":-0.684,"bolussnooze":0.0678,"activity":0.0047,"lastBolusTime":1704309039000,"time":"2024-01-03T20:57:33.805Z"}},{"iob":0.386,"basaliob":-0.315,"bolussnooze":0.0571,"activity":0.0062,"lastBolusTime":1704309039000,"time":"2024-01-03T21:02:33.805Z","iobWithZeroTemp":{"iob":0.016,"basaliob":-0.685,"bolussnooze":0.0571,"activity":0.004,"lastBolusTime":1704309039000,"time":"2024-01-03T21:02:33.805Z"}},{"iob":0.355,"basaliob":-0.295,"bolussnooze":0.0479,"activity":0.0058,"lastBolusTime":1704309039000,"time":"2024-01-03T21:07:33.805Z","iobWithZeroTemp":{"iob":-0.036,"basaliob":-0.686,"bolussnooze":0.0479,"activity":0.0034,"lastBolusTime":1704309039000,"time":"2024-01-03T21:07:33.805Z"}},{"iob":0.327,"basaliob":-0.276,"bolussnooze":0.0401,"activity":0.0054,"lastBolusTime":1704309039000,"time":"2024-01-03T21:12:33.805Z","iobWithZeroTemp":{"iob":-0.085,"basaliob":-0.688,"bolussnooze":0.0401,"activity":0.0027,"lastBolusTime":1704309039000,"time":"2024-01-03T21:12:33.805Z"}},{"iob":0.302,"basaliob":-0.257,"bolussnooze":0.0335,"activity":0.005,"lastBolusTime":1704309039000,"time":"2024-01-03T21:17:33.805Z","iobWithZeroTemp":{"iob":-0.129,"basaliob":-0.688,"bolussnooze":0.0335,"activity":0.0021,"lastBolusTime":1704309039000,"time":"2024-01-03T21:17:33.805Z"}},{"iob":0.277,"basaliob":-0.24,"bolussnooze":0.0278,"activity":0.0046,"lastBolusTime":1704309039000,"time":"2024-01-03T21:22:33.805Z","iobWithZeroTemp":{"iob":-0.173,"basaliob":-0.69,"bolussnooze":0.0278,"activity":0.0015,"lastBolusTime":1704309039000,"time":"2024-01-03T21:22:33.805Z"}},{"iob":0.254,"basaliob":-0.224,"bolussnooze":0.0231,"activity":0.0043,"lastBolusTime":1704309039000,"time":"2024-01-03T21:27:33.805Z","iobWithZeroTemp":{"iob":-0.213,"basaliob":-0.691,"bolussnooze":0.0231,"activity":0.001,"lastBolusTime":1704309039000,"time":"2024-01-03T21:27:33.805Z"}},{"iob":0.234,"basaliob":-0.208,"bolussnooze":0.0191,"activity":0.004,"lastBolusTime":1704309039000,"time":"2024-01-03T21:32:33.805Z","iobWithZeroTemp":{"iob":-0.25,"basaliob":-0.692,"bolussnooze":0.0191,"activity":5.0E-4,"lastBolusTime":1704309039000,"time":"2024-01-03T21:32:33.805Z"}},{"iob":0.214,"basaliob":-0.194,"bolussnooze":0.0157,"activity":0.0037,"lastBolusTime":1704309039000,"time":"2024-01-03T21:37:33.805Z","iobWithZeroTemp":{"iob":-0.285,"basaliob":-0.693,"bolussnooze":0.0157,"activity":0,"lastBolusTime":1704309039000,"time":"2024-01-03T21:37:33.805Z"}},{"iob":0.197,"basaliob":-0.18,"bolussnooze":0.0128,"activity":0.0034,"lastBolusTime":1704309039000,"time":"2024-01-03T21:42:33.805Z","iobWithZeroTemp":{"iob":-0.317,"basaliob":-0.694,"bolussnooze":0.0128,"activity":-5.0E-4,"lastBolusTime":1704309039000,"time":"2024-01-03T21:42:33.805Z"}},{"iob":0.181,"basaliob":-0.167,"bolussnooze":0.0105,"activity":0.0031,"lastBolusTime":1704309039000,"time":"2024-01-03T21:47:33.805Z","iobWithZeroTemp":{"iob":-0.346,"basaliob":-0.694,"bolussnooze":0.0105,"activity":-9.0E-4,"lastBolusTime":1704309039000,"time":"2024-01-03T21:47:33.805Z"}},{"iob":0.165,"basaliob":-0.155,"bolussnooze":0.0085,"activity":0.003,"lastBolusTime":1704309039000,"time":"2024-01-03T21:52:33.805Z","iobWithZeroTemp":{"iob":-0.375,"basaliob":-0.695,"bolussnooze":0.0085,"activity":-0.0012,"lastBolusTime":1704309039000,"time":"2024-01-03T21:52:33.805Z"}},{"iob":0.151,"basaliob":-0.144,"bolussnooze":0.0069,"activity":0.0027,"lastBolusTime":1704309039000,"time":"2024-01-03T21:57:33.805Z","iobWithZeroTemp":{"iob":-0.401,"basaliob":-0.696,"bolussnooze":0.0069,"activity":-0.0016,"lastBolusTime":1704309039000,"time":"2024-01-03T21:57:33.805Z"}},{"iob":0.139,"basaliob":-0.133,"bolussnooze":0.0055,"activity":0.0025,"lastBolusTime":1704309039000,"time":"2024-01-03T22:02:33.805Z","iobWithZeroTemp":{"iob":-0.428,"basaliob":-0.7,"bolussnooze":0.0055,"activity":-0.002,"lastBolusTime":1704309039000,"time":"2024-01-03T22:02:33.805Z"}},{"iob":0.127,"basaliob":-0.123,"bolussnooze":0.0044,"activity":0.0023,"lastBolusTime":1704309039000,"time":"2024-01-03T22:07:33.805Z","iobWithZeroTemp":{"iob":-0.455,"basaliob":-0.705,"bolussnooze":0.0044,"activity":-0.0024,"lastBolusTime":1704309039000,"time":"2024-01-03T22:07:33.805Z"}},{"iob":0.116,"basaliob":-0.114,"bolussnooze":0.0035,"activity":0.0021,"lastBolusTime":1704309039000,"time":"2024-01-03T22:12:33.805Z","iobWithZeroTemp":{"iob":-0.48,"basaliob":-0.71,"bolussnooze":0.0035,"activity":-0.0027,"lastBolusTime":1704309039000,"time":"2024-01-03T22:12:33.805Z"}},{"iob":0.106,"basaliob":-0.105,"bolussnooze":0.0027,"activity":0.0019,"lastBolusTime":1704309039000,"time":"2024-01-03T22:17:33.805Z","iobWithZeroTemp":{"iob":-0.503,"basaliob":-0.714,"bolussnooze":0.0027,"activity":-0.003,"lastBolusTime":1704309039000,"time":"2024-01-03T22:17:33.805Z"}},{"iob":0.096,"basaliob":-0.097,"bolussnooze":0.0021,"activity":0.0017,"lastBolusTime":1704309039000,"time":"2024-01-03T22:22:33.805Z","iobWithZeroTemp":{"iob":-0.525,"basaliob":-0.718,"bolussnooze":0.0021,"activity":-0.0034,"lastBolusTime":1704309039000,"time":"2024-01-03T22:22:33.805Z"}},{"iob":0.087,"basaliob":-0.09,"bolussnooze":0.0016,"activity":0.0017,"lastBolusTime":1704309039000,"time":"2024-01-03T22:27:33.805Z","iobWithZeroTemp":{"iob":-0.546,"basaliob":-0.723,"bolussnooze":0.0016,"activity":-0.0035,"lastBolusTime":1704309039000,"time":"2024-01-03T22:27:33.805Z"}},{"iob":0.08,"basaliob":-0.083,"bolussnooze":0.0012,"activity":0.0016,"lastBolusTime":1704309039000,"time":"2024-01-03T22:32:33.805Z","iobWithZeroTemp":{"iob":-0.564,"basaliob":-0.727,"bolussnooze":0.0012,"activity":-0.0038,"lastBolusTime":1704309039000,"time":"2024-01-03T22:32:33.805Z"}},{"iob":0.073,"basaliob":-0.076,"bolussnooze":9.0E-4,"activity":0.0013,"lastBolusTime":1704309039000,"time":"2024-01-03T22:37:33.805Z","iobWithZeroTemp":{"iob":-0.582,"basaliob":-0.731,"bolussnooze":9.0E-4,"activity":-0.0042,"lastBolusTime":1704309039000,"time":"2024-01-03T22:37:33.805Z"}},{"iob":0.066,"basaliob":-0.07,"bolussnooze":7.0E-4,"activity":0.0012,"lastBolusTime":1704309039000,"time":"2024-01-03T22:42:33.805Z","iobWithZeroTemp":{"iob":-0.598,"basaliob":-0.734,"bolussnooze":7.0E-4,"activity":-0.0044,"lastBolusTime":1704309039000,"time":"2024-01-03T22:42:33.805Z"}},{"iob":0.06,"basaliob":-0.065,"bolussnooze":5.0E-4,"activity":0.0011,"lastBolusTime":1704309039000,"time":"2024-01-03T22:47:33.805Z","iobWithZeroTemp":{"iob":-0.614,"basaliob":-0.739,"bolussnooze":5.0E-4,"activity":-0.0046,"lastBolusTime":1704309039000,"time":"2024-01-03T22:47:33.805Z"}},{"iob":0.054,"basaliob":-0.06,"bolussnooze":4.0E-4,"activity":0.0011,"lastBolusTime":1704309039000,"time":"2024-01-03T22:52:33.805Z","iobWithZeroTemp":{"iob":-0.628,"basaliob":-0.742,"bolussnooze":4.0E-4,"activity":-0.0047,"lastBolusTime":1704309039000,"time":"2024-01-03T22:52:33.805Z"}},{"iob":0.049,"basaliob":-0.055,"bolussnooze":3.0E-4,"activity":0.001,"lastBolusTime":1704309039000,"time":"2024-01-03T22:57:33.805Z","iobWithZeroTemp":{"iob":-0.641,"basaliob":-0.745,"bolussnooze":3.0E-4,"activity":-0.0049,"lastBolusTime":1704309039000,"time":"2024-01-03T22:57:33.805Z"}},{"iob":0.045,"basaliob":-0.05,"bolussnooze":2.0E-4,"activity":9.0E-4,"lastBolusTime":1704309039000,"time":"2024-01-03T23:02:33.805Z","iobWithZeroTemp":{"iob":-0.653,"basaliob":-0.748,"bolussnooze":2.0E-4,"activity":-0.0051,"lastBolusTime":1704309039000,"time":"2024-01-03T23:02:33.805Z"}},{"iob":0.04,"basaliob":-0.046,"bolussnooze":1.0E-4,"activity":8.0E-4,"lastBolusTime":1704309039000,"time":"2024-01-03T23:07:33.805Z","iobWithZeroTemp":{"iob":-0.665,"basaliob":-0.751,"bolussnooze":1.0E-4,"activity":-0.0053,"lastBolusTime":1704309039000,"time":"2024-01-03T23:07:33.805Z"}},{"iob":0.037,"basaliob":-0.042,"bolussnooze":1.0E-4,"activity":8.0E-4,"lastBolusTime":1704309039000,"time":"2024-01-03T23:12:33.805Z","iobWithZeroTemp":{"iob":-0.675,"basaliob":-0.754,"bolussnooze":1.0E-4,"activity":-0.0054,"lastBolusTime":1704309039000,"time":"2024-01-03T23:12:33.805Z"}},{"iob":0.032,"basaliob":-0.039,"bolussnooze":0,"activity":7.0E-4,"lastBolusTime":1704309039000,"time":"2024-01-03T23:17:33.805Z","iobWithZeroTemp":{"iob":-0.686,"basaliob":-0.757,"bolussnooze":0,"activity":-0.0056,"lastBolusTime":1704309039000,"time":"2024-01-03T23:17:33.805Z"}},{"iob":0.029,"basaliob":-0.036,"bolussnooze":0,"activity":6.0E-4,"lastBolusTime":1704309039000,"time":"2024-01-03T23:22:33.805Z","iobWithZeroTemp":{"iob":-0.695,"basaliob":-0.76,"bolussnooze":0,"activity":-0.0058,"lastBolusTime":1704309039000,"time":"2024-01-03T23:22:33.805Z"}},{"iob":0.026,"basaliob":-0.033,"bolussnooze":0,"activity":5.0E-4,"lastBolusTime":1704309039000,"time":"2024-01-03T23:27:33.805Z","iobWithZeroTemp":{"iob":-0.703,"basaliob":-0.762,"bolussnooze":0,"activity":-0.006,"lastBolusTime":1704309039000,"time":"2024-01-03T23:27:33.805Z"}},{"iob":0.024,"basaliob":-0.03,"bolussnooze":0,"activity":5.0E-4,"lastBolusTime":1704309039000,"time":"2024-01-03T23:32:33.805Z","iobWithZeroTemp":{"iob":-0.71,"basaliob":-0.764,"bolussnooze":0,"activity":-0.006,"lastBolusTime":1704309039000,"time":"2024-01-03T23:32:33.805Z"}},{"iob":0.022,"basaliob":-0.027,"bolussnooze":0,"activity":5.0E-4,"lastBolusTime":1704309039000,"time":"2024-01-03T23:37:33.805Z","iobWithZeroTemp":{"iob":-0.717,"basaliob":-0.766,"bolussnooze":0,"activity":-0.0061,"lastBolusTime":1704309039000,"time":"2024-01-03T23:37:33.805Z"}},{"iob":0.019,"basaliob":-0.025,"bolussnooze":0,"activity":4.0E-4,"lastBolusTime":1704309039000,"time":"2024-01-03T23:42:33.805Z","iobWithZeroTemp":{"iob":-0.724,"basaliob":-0.768,"bolussnooze":0,"activity":-0.0063,"lastBolusTime":1704309039000,"time":"2024-01-03T23:42:33.805Z"}},{"iob":0.017,"basaliob":-0.023,"bolussnooze":0,"activity":4.0E-4,"lastBolusTime":1704309039000,"time":"2024-01-03T23:47:33.805Z","iobWithZeroTemp":{"iob":-0.73,"basaliob":-0.77,"bolussnooze":0,"activity":-0.0063,"lastBolusTime":1704309039000,"time":"2024-01-03T23:47:33.805Z"}},{"iob":0.015,"basaliob":-0.021,"bolussnooze":0,"activity":3.0E-4,"lastBolusTime":1704309039000,"time":"2024-01-03T23:52:33.805Z","iobWithZeroTemp":{"iob":-0.736,"basaliob":-0.772,"bolussnooze":0,"activity":-0.0065,"lastBolusTime":1704309039000,"time":"2024-01-03T23:52:33.805Z"}}],"profile":{"max_iob":7,"type":"current","max_daily_basal":0.45,"max_basal":1.35,"min_bg":143.99999999999991,"max_bg":143.99999999999991,"target_bg":143.99999999999991,"carb_ratio":11,"sens":352.8,"max_daily_safety_multiplier":3,"current_basal_safety_multiplier":4,"lgsThreshold":65,"high_temptarget_raises_sensitivity":false,"low_temptarget_lowers_sensitivity":false,"sensitivity_raises_target":true,"resistance_lowers_target":true,"adv_target_adjustments":false,"exercise_mode":false,"half_basal_exercise_target":160,"maxCOB":120,"skip_neutral_temps":false,"remainingCarbsCap":90,"enableUAM":true,"A52_risk_enable":false,"SMBInterval":4,"enableSMB_with_COB":true,"enableSMB_with_temptarget":false,"allowSMB_with_high_temptarget":true,"enableSMB_always":true,"enableSMB_after_carbs":false,"maxSMBBasalMinutes":60,"maxUAMSMBBasalMinutes":60,"bolus_increment":0.05,"carbsReqThreshold":10,"current_basal":0.4,"temptargetSet":true,"autosens_max":1.2,"autosens_min":0.8,"out_units":"mmol\/L","variable_sens":282.9,"insulinDivisor":65,"TDD":8.617478458333334},"autosens_data":{"ratio":0.9055836009580787},"meal_data":{"carbs":50,"mealCOB":18.881108843537415,"slopeFromMaxDeviation":-3.364875,"slopeFromMinDeviation":1.5004999999999997,"lastBolusTime":1704309039000,"lastCarbTime":1704309041087},"microBolusAllowed":true,"currentTime":1704311856479,"flatBGsDetected":false,"tdd1D":19.209083333333343,"tdd7D":22.16738095238096,"tddLast24H":20.07441666666667,"tddLast4H":5.89,"tddLast8to4H":4.346666666666666},"output":{"temp":"absolute","bg":71,"tick":-4,"eventualBG":240,"targetBG":143.99999999999991,"insulinReq":0,"deliverAt":"2024-01-03T19:57:36.479Z","sensitivityRatio":0.9055836009580787,"variable_sens":282.9,"predBGs":{"IOB":[71,65,57,47,39,39,39,39,39,39,39,39,39],"ZT":[71,50,39,39,39,39,39,39,39,39,39,39,39,39,39,39,39,39,39,39,39,39,39,39,39,39,39,39,39,39,39,39,39,39,39,39,39,39,39,39,39,39,39,39,39,39,39,39],"COB":[71,66,61,58,56,54,53,53,54,55,57,60,63,66,70,75,80,85,90,96,102,108,114,121,127,134,140,147,154,160,167,173,179,185,190,196,201,206,211,215,219,223,226,230,233,235,238,240],"UAM":[71,63,50,39,39,39,39,39,39,39,39,39,39]},"reason":"COB: 18.9, Dev: 5.3, BGI: -1.2, ISF: 15.7, CR: 11, Target: 8.0, minPredBG -6.9, minGuardBG -10.8, IOBpredBG 2.2, COBpredBG 13.3, UAMpredBG 2.2; minGuardBG -10.8<5.1","COB":18.881108843537415,"IOB":1.043,"duration":120,"rate":0,"timestamp":"2024-01-03T19:57:36.504Z"}}