{"algorithm":"OpenAPSSMBDynamicISFPlugin","input":{"glucoseStatus":{"glucose":107,"noise":0,"delta":-2,"short_avgdelta":-1.22,"long_avgdelta":2.29,"date":1704400931811},"currenttemp":{"temp":"absolute","duration":25,"rate":0,"minutesrunning":5},"iob_data":[{"iob":0.21,"basaliob":-0.586,"bolussnooze":5.0E-4,"activity":0.006,"lastBolusTime":1704393166000,"time":"2024-01-04T20:42:36.265Z","iobWithZeroTemp":{"iob":0.21,"basaliob":-0.586,"bolussnooze":5.0E-4,"activity":0.006,"lastBolusTime":1704393166000,"time":"2024-01-04T20:42:36.265Z"}},{"iob":0.182,"basaliob":-0.556,"bolussnooze":3.0E-4,"activity":0.0053,"lastBolusTime":1704393166000,"time":"2024-01-04T20:47:36.265Z","iobWithZeroTemp":{"iob":0.155,"basaliob":-0.583,"bolussnooze":3.0E-4,"activity":0.0053,"lastBolusTime":1704393166000,"time":"2024-01-04T20:47:36.265Z"}},{"iob":0.156,"basaliob":-0.527,"bolussnooze":2.0E-4,"activity":0.0048,"lastBolusTime":1704393166000,"time":"2024-01-04T20:52:36.265Z","iobWithZeroTemp":{"iob":0.096,"basaliob":-0.587,"bolussnooze":2.0E-4,"activity":0.0047,"lastBolusTime":1704393166000,"time":"2024-01-04T20:52:36.265Z"}},{"iob":0.134,"basaliob":-0.498,"bolussnooze":1.0E-4,"activity":0.0042,"lastBolusTime":1704393166000,"time":"2024-01-04T20:57:36.265Z","iobWithZeroTemp":{"iob":0.042,"basaliob":-0.59,"bolussnooze":1.0E-4,"activity":0.004,"lastBolusTime":1704393166000,"time":"2024-01-04T20:57:36.265Z"}},{"iob":0.114,"basaliob":-0.47,"bolussnooze":1.0E-4,"activity":0.0037,"lastBolusTime":1704393166000,"time":"2024-01-04T21:02:36.265Z","iobWithZeroTemp":{"iob":-0.011,"basaliob":-0.595,"bolussnooze":1.0E-4,"activity":0.0034,"lastBolusTime":1704393166000,"time":"2024-01-04T21:02:36.265Z"}},{"iob":0.097,"basaliob":-0.443,"bolussnooze":0,"activity":0.0033,"lastBolusTime":1704393166000,"time":"2024-01-04T21:07:36.265Z","iobWithZeroTemp":{"iob":-0.059,"basaliob":-0.599,"bolussnooze":0,"activity":0.0028,"lastBolusTime":1704393166000,"time":"2024-01-04T21:07:36.265Z"}},{"iob":0.081,"basaliob":-0.417,"bolussnooze":0,"activity":0.0029,"lastBolusTime":1704393166000,"time":"2024-01-04T21:12:36.265Z","iobWithZeroTemp":{"iob":-0.105,"basaliob":-0.603,"bolussnooze":0,"activity":0.0022,"lastBolusTime":1704393166000,"time":"2024-01-04T21:12:36.265Z"}},{"iob":0.068,"basaliob":-0.392,"bolussnooze":0,"activity":0.0025,"lastBolusTime":1704393166000,"time":"2024-01-04T21:17:36.265Z","iobWithZeroTemp":{"iob":-0.148,"basaliob":-0.608,"bolussnooze":0,"activity":0.0016,"lastBolusTime":1704393166000,"time":"2024-01-04T21:17:36.265Z"}},{"iob":0.056,"basaliob":-0.368,"bolussnooze":0,"activity":0.0022,"lastBolusTime":1704393166000,"time":"2024-01-04T21:22:36.265Z","iobWithZeroTemp":{"iob":-0.188,"basaliob":-0.612,"bolussnooze":0,"activity":0.0011,"lastBolusTime":1704393166000,"time":"2024-01-04T21:22:36.265Z"}},{"iob":0.046,"basaliob":-0.345,"bolussnooze":0,"activity":0.0019,"lastBolusTime":1704393166000,"time":"2024-01-04T21:27:36.265Z","iobWithZeroTemp":{"iob":-0.226,"basaliob":-0.617,"bolussnooze":0,"activity":6.0E-4,"lastBolusTime":1704393166000,"time":"2024-01-04T21:27:36.265Z"}},{"iob":0.036,"basaliob":-0.324,"bolussnooze":0,"activity":0.0017,"lastBolusTime":1704393166000,"time":"2024-01-04T21:32:36.265Z","iobWithZeroTemp":{"iob":-0.262,"basaliob":-0.622,"bolussnooze":0,"activity":2.0E-4,"lastBolusTime":1704393166000,"time":"2024-01-04T21:32:36.265Z"}},{"iob":0.028,"basaliob":-0.303,"bolussnooze":0,"activity":0.0015,"lastBolusTime":1704393166000,"time":"2024-01-04T21:37:36.265Z","iobWithZeroTemp":{"iob":-0.295,"basaliob":-0.626,"bolussnooze":0,"activity":-3.0E-4,"lastBolusTime":1704393166000,"time":"2024-01-04T21:37:36.265Z"}},{"iob":0.021,"basaliob":-0.283,"bolussnooze":0,"activity":0.0013,"lastBolusTime":1704393166000,"time":"2024-01-04T21:42:36.265Z","iobWithZeroTemp":{"iob":-0.326,"basaliob":-0.63,"bolussnooze":0,"activity":-7.0E-4,"lastBolusTime":1704393166000,"time":"2024-01-04T21:42:36.265Z"}},{"iob":0.015,"basaliob":-0.264,"bolussnooze":0,"activity":0.0012,"lastBolusTime":1704393166000,"time":"2024-01-04T21:47:36.265Z","iobWithZeroTemp":{"iob":-0.355,"basaliob":-0.634,"bolussnooze":0,"activity":-0.001,"lastBolusTime":1704393166000,"time":"2024-01-04T21:47:36.265Z"}},{"iob":0.009,"basaliob":-0.247,"bolussnooze":0,"activity":0.001,"lastBolusTime":1704393166000,"time":"2024-01-04T21:52:36.265Z","iobWithZeroTemp":{"iob":-0.382,"basaliob":-0.638,"bolussnooze":0,"activity":-0.0014,"lastBolusTime":1704393166000,"time":"2024-01-04T21:52:36.265Z"}},{"iob":0.005,"basaliob":-0.23,"bolussnooze":0,"activity":9.0E-4,"lastBolusTime":1704393166000,"time":"2024-01-04T21:57:36.265Z","iobWithZeroTemp":{"iob":-0.407,"basaliob":-0.642,"bolussnooze":0,"activity":-0.0018,"lastBolusTime":1704393166000,"time":"2024-01-04T21:57:36.265Z"}},{"iob":0.002,"basaliob":-0.214,"bolussnooze":0,"activity":7.0E-4,"lastBolusTime":1704393166000,"time":"2024-01-04T22:02:36.265Z","iobWithZeroTemp":{"iob":-0.434,"basaliob":-0.65,"bolussnooze":0,"activity":-0.0022,"lastBolusTime":1704393166000,"time":"2024-01-04T22:02:36.265Z"}},{"iob":-0.001,"basaliob":-0.199,"bolussnooze":0,"activity":6.0E-4,"lastBolusTime":1704393166000,"time":"2024-01-04T22:07:36.265Z","iobWithZeroTemp":{"iob":-0.459,"basaliob":-0.657,"bolussnooze":0,"activity":-0.0025,"lastBolusTime":1704393166000,"time":"2024-01-04T22:07:36.265Z"}},{"iob":-0.004,"basaliob":-0.185,"bolussnooze":0,"activity":5.0E-4,"lastBolusTime":1704393166000,"time":"2024-01-04T22:12:36.265Z","iobWithZeroTemp":{"iob":-0.484,"basaliob":-0.665,"bolussnooze":0,"activity":-0.0028,"lastBolusTime":1704393166000,"time":"2024-01-04T22:12:36.265Z"}},{"iob":-0.007,"basaliob":-0.172,"bolussnooze":0,"activity":5.0E-4,"lastBolusTime":1704393166000,"time":"2024-01-04T22:17:36.265Z","iobWithZeroTemp":{"iob":-0.507,"basaliob":-0.672,"bolussnooze":0,"activity":-0.003,"lastBolusTime":1704393166000,"time":"2024-01-04T22:17:36.265Z"}},{"iob":-0.009,"basaliob":-0.16,"bolussnooze":0,"activity":3.0E-4,"lastBolusTime":1704393166000,"time":"2024-01-04T22:22:36.265Z","iobWithZeroTemp":{"iob":-0.528,"basaliob":-0.679,"bolussnooze":0,"activity":-0.0034,"lastBolusTime":1704393166000,"time":"2024-01-04T22:22:36.265Z"}},{"iob":-0.01,"basaliob":-0.148,"bolussnooze":0,"activity":3.0E-4,"lastBolusTime":1704393166000,"time":"2024-01-04T22:27:36.265Z","iobWithZeroTemp":{"iob":-0.548,"basaliob":-0.686,"bolussnooze":0,"activity":-0.0036,"lastBolusTime":1704393166000,"time":"2024-01-04T22:27:36.265Z"}},{"iob":-0.011,"basaliob":-0.137,"bolussnooze":0,"activity":2.0E-4,"lastBolusTime":1704393166000,"time":"2024-01-04T22:32:36.265Z","iobWithZeroTemp":{"iob":-0.566,"basaliob":-0.692,"bolussnooze":0,"activity":-0.0039,"lastBolusTime":1704393166000,"time":"2024-01-04T22:32:36.265Z"}},{"iob":-0.012,"basaliob":-0.127,"bolussnooze":0,"activity":1.0E-4,"lastBolusTime":1704393166000,"time":"2024-01-04T22:37:36.265Z","iobWithZeroTemp":{"iob":-0.583,"basaliob":-0.698,"bolussnooze":0,"activity":-0.0042,"lastBolusTime":1704393166000,"time":"2024-01-04T22:37:36.265Z"}},{"iob":-0.013,"basaliob":-0.118,"bolussnooze":0,"activity":2.0E-4,"lastBolusTime":1704393166000,"time":"2024-01-04T22:42:36.265Z","iobWithZeroTemp":{"iob":-0.599,"basaliob":-0.704,"bolussnooze":0,"activity":-0.0043,"lastBolusTime":1704393166000,"time":"2024-01-04T22:42:36.265Z"}},{"iob":-0.014,"basaliob":-0.109,"bolussnooze":0,"activity":1.0E-4,"lastBolusTime":1704393166000,"time":"2024-01-04T22:47:36.265Z","iobWithZeroTemp":{"iob":-0.615,"basaliob":-0.71,"bolussnooze":0,"activity":-0.0046,"lastBolusTime":1704393166000,"time":"2024-01-04T22:47:36.265Z"}},{"iob":-0.014,"basaliob":-0.101,"bolussnooze":0,"activity":1.0E-4,"lastBolusTime":1704393166000,"time":"2024-01-04T22:52:36.265Z","iobWithZeroTemp":{"iob":-0.629,"basaliob":-0.716,"bolussnooze":0,"activity":-0.0048,"lastBolusTime":1704393166000,"time":"2024-01-04T22:52:36.265Z"}},{"iob":-0.014,"basaliob":-0.093,"bolussnooze":0,"activity":0,"lastBolusTime":1704393166000,"time":"2024-01-04T22:57:36.265Z","iobWithZeroTemp":{"iob":-0.641,"basaliob":-0.72,"bolussnooze":0,"activity":-0.005,"lastBolusTime":1704393166000,"time":"2024-01-04T22:57:36.265Z"}},{"iob":-0.015,"basaliob":-0.086,"bolussnooze":0,"activity":0,"lastBolusTime":1704393166000,"time":"2024-01-04T23:02:36.265Z","iobWithZeroTemp":{"iob":-0.654,"basaliob":-0.725,"bolussnooze":0,"activity":-0.0052,"lastBolusTime":1704393166000,"time":"2024-01-04T23:02:36.265Z"}},{"iob":-0.014,"basaliob":-0.079,"bolussnooze":0,"activity":0,"lastBolusTime":1704393166000,"time":"2024-01-04T23:07:36.265Z","iobWithZeroTemp":{"iob":-0.665,"basaliob":-0.73,"bolussnooze":0,"activity":-0.0053,"lastBolusTime":1704393166000,"time":"2024-01-04T23:07:36.265Z"}},{"iob":-0.014,"basaliob":-0.073,"bolussnooze":0,"activity":0,"lastBolusTime":1704393166000,"time":"2024-01-04T23:12:36.265Z","iobWithZeroTemp":{"iob":-0.675,"basaliob":-0.734,"bolussnooze":0,"activity":-0.0055,"lastBolusTime":1704393166000,"time":"2024-01-04T23:12:36.265Z"}},{"iob":-0.014,"basaliob":-0.067,"bolussnooze":0,"activity":0,"lastBolusTime":1704393166000,"time":"2024-01-04T23:17:36.265Z","iobWithZeroTemp":{"iob":-0.685,"basaliob":-0.738,"bolussnooze":0,"activity":-0.0056,"lastBolusTime":1704393166000,"time":"2024-01-04T23:17:36.265Z"}},{"iob":-0.014,"basaliob":-0.062,"bolussnooze":0,"activity":0,"lastBolusTime":1704393166000,"time":"2024-01-04T23:22:36.265Z","iobWithZeroTemp":{"iob":-0.694,"basaliob":-0.742,"bolussnooze":0,"activity":-0.0057,"lastBolusTime":1704393166000,"time":"2024-01-04T23:22:36.265Z"}},{"iob":-0.014,"basaliob":-0.057,"bolussnooze":0,"activity":-1.0E-4,"lastBolusTime":1704393166000,"time":"2024-01-04T23:27:36.265Z","iobWithZeroTemp":{"iob":-0.703,"basaliob":-0.746,"bolussnooze":0,"activity":-0.0059,"lastBolusTime":1704393166000,"time":"2024-01-04T23:27:36.265Z"}},{"iob":-0.013,"basaliob":-0.052,"bolussnooze":0,"activity":-1.0E-4,"lastBolusTime":1704393166000,"time":"2024-01-04T23:32:36.265Z","iobWithZeroTemp":{"iob":-0.71,"basaliob":-0.749,"bolussnooze":0,"activity":-0.0061,"lastBolusTime":1704393166000,"time":"2024-01-04T23:32:36.265Z"}},{"iob":-0.013,"basaliob":-0.048,"bolussnooze":0,"activity":-1.0E-4,"lastBolusTime":1704393166000,"time":"2024-01-04T23:37:36.265Z","iobWithZeroTemp":{"iob":-0.717,"basaliob":-0.752,"bolussnooze":0,"activity":-0.0062,"lastBolusTime":1704393166000,"time":"2024-01-04T23:37:36.265Z"}},{"iob":-0.012,"basaliob":-0.044,"bolussnooze":0,"activity":-1.0E-4,"lastBolusTime":1704393166000,"time":"2024-01-04T23:42:36.265Z","iobWithZeroTemp":{"iob":-0.723,"basaliob":-0.755,"bolussnooze":0,"activity":-0.0063,"lastBolusTime":1704393166000,"time":"2024-01-04T23:42:36.265Z"}},{"iob":-0.011,"basaliob":-0.04,"bolussnooze":0,"activity":-1.0E-4,"lastBolusTime":1704393166000,"time":"2024-01-04T23:47:36.265Z","iobWithZeroTemp":{"iob":-0.728,"basaliob":-0.757,"bolussnooze":0,"activity":-0.0064,"lastBolusTime":1704393166000,"time":"2024-01-04T23:47:36.265Z"}},{"iob":-0.011,"basaliob":-0.037,"bolussnooze":0,"activity":0,"lastBolusTime":1704393166000,"time":"2024-01-04T23:52:36.265Z","iobWithZeroTemp":{"iob":-0.734,"basaliob":-0.76,"bolussnooze":0,"activity":-0.0063,"lastBolusTime":1704393166000,"time":"2024-01-04T23:52:36.265Z"}},{"iob":-0.011,"basaliob":-0.034,"bolussnooze":0,"activity":-1.0E-4,"lastBolusTime":1704393166000,"time":"2024-01-04T23:57:36.265Z","iobWithZeroTemp":{"iob":-0.74,"basaliob":-0.763,"bolussnooze":0,"activity":-0.0065,"lastBolusTime":1704393166000,"time":"2024-01-04T23:57:36.265Z"}},{"iob":-0.01,"basaliob":-0.031,"bolussnooze":0,"activity":-1.0E-4,"lastBolusTime":1704393166000,"time":"2024-01-05T00:02:36.265Z","iobWithZeroTemp":{"iob":-0.736,"basaliob":-0.757,"bolussnooze":0,"activity":-0.0066,"lastBolusTime":1704393166000,"time":"2024-01-05T00:02:36.265Z"}},{"iob":-0.01,"basaliob":-0.028,"bolussnooze":0,"activity":-1.0E-4,"lastBolusTime":1704393166000,"time":"2024-01-05T00:07:36.265Z","iobWithZeroTemp":{"iob":-0.732,"basaliob":-0.75,"bolussnooze":0,"activity":-0.0067,"lastBolusTime":1704393166000,"time":"2024-01-05T00:07:36.265Z"}},{"iob":-0.01,"basaliob":-0.026,"bolussnooze":0,"activity":-1.0E-4,"lastBolusTime":1704393166000,"time":"2024-01-05T00:12:36.265Z","iobWithZeroTemp":{"iob":-0.729,"basaliob":-0.745,"bolussnooze":0,"activity":-0.0067,"lastBolusTime":1704393166000,"time":"2024-01-05T00:12:36.265Z"}},{"iob":-0.009,"basaliob":-0.024,"bolussnooze":0,"activity":-1.0E-4,"lastBolusTime":1704393166000,"time":"2024-01-05T00:17:36.265Z","iobWithZeroTemp":{"iob":-0.724,"basaliob":-0.739,"bolussnooze":0,"activity":-0.0067,"lastBolusTime":1704393166000,"time":"2024-01-05T00:17:36.265Z"}},{"iob":-0.009,"basaliob":-0.022,"bolussnooze":0,"activity":-1.0E-4,"lastBolusTime":1704393166000,"time":"2024-01-05T00:22:36.265Z","iobWithZeroTemp":{"iob":-0.72,"basaliob":-0.733,"bolussnooze":0,"activity":-0.0067,"lastBolusTime":1704393166000,"time":"2024-01-05T00:22:36.265Z"}},{"iob":-0.007,"basaliob":-0.019,"bolussnooze":0,"activity":-1.0E-4,"lastBolusTime":1704393166000,"time":"2024-01-05T00:27:36.265Z","iobWithZeroTemp":{"iob":-0.714,"basaliob":-0.726,"bolussnooze":0,"activity":-0.0068,"lastBolusTime":1704393166000,"time":"2024-01-05T00:27:36.265Z"}},{"iob":-0.008,"basaliob":-0.018,"bolussnooze":0,"activity":-1.0E-4,"lastBolusTime":1704393166000,"time":"2024-01-05T00:32:36.265Z","iobWithZeroTemp":{"iob":-0.711,"basaliob":-0.721,"bolussnooze":0,"activity":-0.0068,"lastBolusTime":1704393166000,"time":"2024-01-05T00:32:36.265Z"}},{"iob":-0.007,"basaliob":-0.016,"bolussnooze":0,"activity":-1.0E-4,"lastBolusTime":1704393166000,"time":"2024-01-05T00:37:36.265Z","iobWithZeroTemp":{"iob":-0.706,"basaliob":-0.715,"bolussnooze":0,"activity":-0.0067,"lastBolusTime":1704393166000,"time":"2024-01-05T00:37:36.265Z"}}],"profile":{"max_iob":7,"type":"current","max_daily_basal":0.45,"max_basal":1.35,"min_bg":106.2,"max_bg":106.2,"target_bg":106.2,"carb_ratio":11,"sens":352.8,"max_daily_safety_multiplier":3,"current_basal_safety_multiplier":4,"lgsThreshold":65,"high_temptarget_raises_sensitivity":false,"low_temptarget_lowers_sensitivity":false,"sensitivity_raises_target":true,"resistance_lowers_target":true,"adv_target_adjustments":false,"exercise_mode":false,"half_basal_exercise_target":160,"maxCOB":120,"skip_neutral_temps":false,"remainingCarbsCap":90,"enableUAM":true,"A52_risk_enable":false,"SMBInterval":4,"enableSMB_with_COB":true,"enableSMB_with_temptarget":false,"allowSMB_with_high_temptarget":true,"enableSMB_always":true,"enableSMB_after_carbs":false,"maxSMBBasalMinutes":60,"maxUAMSMBBasalMinutes":60,"bolus_increment":0.05,"carbsReqThreshold":10,"current_basal":0.4,"temptargetSet":false,"autosens_max":1.2,"autosens_min":0.8,"out_units":"mmol\/L","variable_sens":203.4,"insulinDivisor":65,"TDD":9.095078958333335},"autosens_data":{"ratio":1.1694404190162058},"meal_data":{"carbs":35,"mealCOB":6.111270975056696,"slopeFromMaxDeviation":-1.5697272727272729,"slopeFromMinDeviation":0,"lastBolusTime":1704393166000,"lastCarbTime":1704387670000},"microBolusAllowed":true,"currentTime":1704400958479,"flatBGsDetected":false,"tdd1D":20.64108333333334,"tdd7D":22.492595238095245,"tddLast24H":26.30375000000002,"tddLast4H":5.136666666666667,"tddLast8to4H":7.42},"output":{"temp":"absolute","bg":107,"tick":-2,"eventualBG":168,"targetBG":100,"insulinReq":0,"deliverAt":"2024-01-04T20:42:38.479Z","sensitivityRatio":1.1694404190162058,"variable_sens":203.4,"predBGs":{"IOB":[107,105,103,101,99,97,96,94,93,92,90,89,87,85,84,83,82,81,80,79,79,78,78,78,78,77,77,77,77,77,77,77,77,77,77,77,78,78,78,78,78,78,78,78,78,79],"ZT":[107,101,95,90,86,82,78,75,73,72,71,71,71,72,74,75,78,80,84,87,90,94,98],"COB":[107,105,103,102,102,102,102,103,104,105,106,108,110,112,113,115,117,119,122,124,126,128,130,132,135,137,139,141,143,145,147,148,150,152,153,155,157,158,159,161,162,163,164,165,166,167,168],"UAM":[107,103,99,94,89,85,81,77,74,71,69,67,64,63,61,59,58,57,56,55,54,54,53,53,53,52,52,52,52,52,52,52,52,52,52,52,53,53,53,53,53,53,53,54]},"reason":"COB: 6.1, Dev: 1.4, BGI: -0.3, ISF: 11.3, CR: 11, Target: 5.6, minPredBG 4.1, minGuardBG 3.4, IOBpredBG 4.4, COBpredBG 9.3, UAMpredBG 3.0; minGuardBG 3.4<3.9 25m left and 0 ~ req 0U\/hr: no temp required","COB":6.111270975056696,"IOB":0.21,"timestamp":"2024-01-04T20:42:38.503Z"}}