{"algorithm":"OpenAPSSMBDynamicISFPlugin","input":{"glucoseStatus":{"glucose":94,"noise":0,"delta":9,"short_avgdelta":6.22,"long_avgdelta":1.18,"date":1704067022014},"currenttemp":{"temp":"absolute","duration":25,"rate":0,"minutesrunning":35},"iob_data":[{"iob":0.769,"basaliob":-0.766,"bolussnooze":0.1442,"activity":0.013,"lastBolusTime":1704065558000,"time":"2023-12-31T23:57:22.693Z","iobWithZeroTemp":{"iob":0.769,"basaliob":-0.766,"bolussnooze":0.1442,"activity":0.013,"lastBolusTime":1704065558000,"time":"2023-12-31T23:57:22.693Z"}},{"iob":0.706,"basaliob":-0.731,"bolussnooze":0.1225,"activity":0.012,"lastBolusTime":1704065558000,"time":"2024-01-01T00:02:22.693Z","iobWithZeroTemp":{"iob":0.683,"basaliob":-0.754,"bolussnooze":0.1225,"activity":0.012,"lastBolusTime":1704065558000,"time":"2024-01-01T00:02:22.693Z"}},{"iob":0.648,"basaliob":-0.696,"bolussnooze":0.1037,"activity":0.0111,"lastBolusTime":1704065558000,"time":"2024-01-01T00:07:22.693Z","iobWithZeroTemp":{"iob":0.596,"basaliob":-0.748,"bolussnooze":0.1037,"activity":0.011,"lastBolusTime":1704065558000,"time":"2024-01-01T00:07:22.693Z"}},{"iob":0.595,"basaliob":-0.661,"bolussnooze":0.0876,"activity":0.0103,"lastBolusTime":1704065558000,"time":"2024-01-01T00:12:22.693Z","iobWithZeroTemp":{"iob":0.514,"basaliob":-0.742,"bolussnooze":0.0876,"activity":0.0101,"lastBolusTime":1704065558000,"time":"2024-01-01T00:12:22.693Z"}},{"iob":0.545,"basaliob":-0.627,"bolussnooze":0.0738,"activity":0.0095,"lastBolusTime":1704065558000,"time":"2024-01-01T00:17:22.693Z","iobWithZeroTemp":{"iob":0.436,"basaliob":-0.736,"bolussnooze":0.0738,"activity":0.0092,"lastBolusTime":1704065558000,"time":"2024-01-01T00:17:22.693Z"}},{"iob":0.5,"basaliob":-0.593,"bolussnooze":0.062,"activity":0.0088,"lastBolusTime":1704065558000,"time":"2024-01-01T00:22:22.693Z","iobWithZeroTemp":{"iob":0.364,"basaliob":-0.729,"bolussnooze":0.062,"activity":0.0084,"lastBolusTime":1704065558000,"time":"2024-01-01T00:22:22.693Z"}},{"iob":0.457,"basaliob":-0.561,"bolussnooze":0.0519,"activity":0.0081,"lastBolusTime":1704065558000,"time":"2024-01-01T00:27:22.693Z","iobWithZeroTemp":{"iob":0.294,"basaliob":-0.724,"bolussnooze":0.0519,"activity":0.0075,"lastBolusTime":1704065558000,"time":"2024-01-01T00:27:22.693Z"}},{"iob":0.419,"basaliob":-0.529,"bolussnooze":0.0433,"activity":0.0075,"lastBolusTime":1704065558000,"time":"2024-01-01T00:32:22.693Z","iobWithZeroTemp":{"iob":0.23,"basaliob":-0.718,"bolussnooze":0.0433,"activity":0.0067,"lastBolusTime":1704065558000,"time":"2024-01-01T00:32:22.693Z"}},{"iob":0.383,"basaliob":-0.499,"bolussnooze":0.036,"activity":0.0069,"lastBolusTime":1704065558000,"time":"2024-01-01T00:37:22.693Z","iobWithZeroTemp":{"iob":0.169,"basaliob":-0.713,"bolussnooze":0.036,"activity":0.0059,"lastBolusTime":1704065558000,"time":"2024-01-01T00:37:22.693Z"}},{"iob":0.35,"basaliob":-0.469,"bolussnooze":0.0299,"activity":0.0063,"lastBolusTime":1704065558000,"time":"2024-01-01T00:42:22.693Z","iobWithZeroTemp":{"iob":0.112,"basaliob":-0.707,"bolussnooze":0.0299,"activity":0.0052,"lastBolusTime":1704065558000,"time":"2024-01-01T00:42:22.693Z"}},{"iob":0.32,"basaliob":-0.441,"bolussnooze":0.0247,"activity":0.0058,"lastBolusTime":1704065558000,"time":"2024-01-01T00:47:22.693Z","iobWithZeroTemp":{"iob":0.059,"basaliob":-0.702,"bolussnooze":0.0247,"activity":0.0045,"lastBolusTime":1704065558000,"time":"2024-01-01T00:47:22.693Z"}},{"iob":0.292,"basaliob":-0.414,"bolussnooze":0.0203,"activity":0.0053,"lastBolusTime":1704065558000,"time":"2024-01-01T00:52:22.693Z","iobWithZeroTemp":{"iob":0.009,"basaliob":-0.697,"bolussnooze":0.0203,"activity":0.0038,"lastBolusTime":1704065558000,"time":"2024-01-01T00:52:22.693Z"}},{"iob":0.266,"basaliob":-0.388,"bolussnooze":0.0167,"activity":0.005,"lastBolusTime":1704065558000,"time":"2024-01-01T00:57:22.693Z","iobWithZeroTemp":{"iob":-0.038,"basaliob":-0.692,"bolussnooze":0.0167,"activity":0.0033,"lastBolusTime":1704065558000,"time":"2024-01-01T00:57:22.693Z"}},{"iob":0.242,"basaliob":-0.364,"bolussnooze":0.0136,"activity":0.0045,"lastBolusTime":1704065558000,"time":"2024-01-01T01:02:22.693Z","iobWithZeroTemp":{"iob":-0.081,"basaliob":-0.687,"bolussnooze":0.0136,"activity":0.0026,"lastBolusTime":1704065558000,"time":"2024-01-01T01:02:22.693Z"}},{"iob":0.221,"basaliob":-0.34,"bolussnooze":0.0111,"activity":0.0041,"lastBolusTime":1704065558000,"time":"2024-01-01T01:07:22.693Z","iobWithZeroTemp":{"iob":-0.115,"basaliob":-0.676,"bolussnooze":0.0111,"activity":0.002,"lastBolusTime":1704065558000,"time":"2024-01-01T01:07:22.693Z"}},{"iob":0.201,"basaliob":-0.318,"bolussnooze":0.009,"activity":0.0038,"lastBolusTime":1704065558000,"time":"2024-01-01T01:12:22.693Z","iobWithZeroTemp":{"iob":-0.14,"basaliob":-0.659,"bolussnooze":0.009,"activity":0.0015,"lastBolusTime":1704065558000,"time":"2024-01-01T01:12:22.693Z"}},{"iob":0.183,"basaliob":-0.297,"bolussnooze":0.0073,"activity":0.0035,"lastBolusTime":1704065558000,"time":"2024-01-01T01:17:22.693Z","iobWithZeroTemp":{"iob":-0.169,"basaliob":-0.649,"bolussnooze":0.0073,"activity":0.0011,"lastBolusTime":1704065558000,"time":"2024-01-01T01:17:22.693Z"}},{"iob":0.166,"basaliob":-0.277,"bolussnooze":0.0058,"activity":0.0032,"lastBolusTime":1704065558000,"time":"2024-01-01T01:22:22.693Z","iobWithZeroTemp":{"iob":-0.196,"basaliob":-0.639,"bolussnooze":0.0058,"activity":6.0E-4,"lastBolusTime":1704065558000,"time":"2024-01-01T01:22:22.693Z"}},{"iob":0.151,"basaliob":-0.258,"bolussnooze":0.0046,"activity":0.0029,"lastBolusTime":1704065558000,"time":"2024-01-01T01:27:22.693Z","iobWithZeroTemp":{"iob":-0.22,"basaliob":-0.629,"bolussnooze":0.0046,"activity":2.0E-4,"lastBolusTime":1704065558000,"time":"2024-01-01T01:27:22.693Z"}},{"iob":0.137,"basaliob":-0.24,"bolussnooze":0.0037,"activity":0.0027,"lastBolusTime":1704065558000,"time":"2024-01-01T01:32:22.693Z","iobWithZeroTemp":{"iob":-0.242,"basaliob":-0.619,"bolussnooze":0.0037,"activity":-2.0E-4,"lastBolusTime":1704065558000,"time":"2024-01-01T01:32:22.693Z"}},{"iob":0.124,"basaliob":-0.224,"bolussnooze":0.0029,"activity":0.0025,"lastBolusTime":1704065558000,"time":"2024-01-01T01:37:22.693Z","iobWithZeroTemp":{"iob":-0.263,"basaliob":-0.611,"bolussnooze":0.0029,"activity":-5.0E-4,"lastBolusTime":1704065558000,"time":"2024-01-01T01:37:22.693Z"}},{"iob":0.112,"basaliob":-0.208,"bolussnooze":0.0022,"activity":0.0022,"lastBolusTime":1704065558000,"time":"2024-01-01T01:42:22.693Z","iobWithZeroTemp":{"iob":-0.283,"basaliob":-0.603,"bolussnooze":0.0022,"activity":-9.0E-4,"lastBolusTime":1704065558000,"time":"2024-01-01T01:42:22.693Z"}},{"iob":0.102,"basaliob":-0.193,"bolussnooze":0.0017,"activity":0.002,"lastBolusTime":1704065558000,"time":"2024-01-01T01:47:22.693Z","iobWithZeroTemp":{"iob":-0.299,"basaliob":-0.594,"bolussnooze":0.0017,"activity":-0.0012,"lastBolusTime":1704065558000,"time":"2024-01-01T01:47:22.693Z"}},{"iob":0.092,"basaliob":-0.179,"bolussnooze":0.0013,"activity":0.0019,"lastBolusTime":1704065558000,"time":"2024-01-01T01:52:22.693Z","iobWithZeroTemp":{"iob":-0.316,"basaliob":-0.587,"bolussnooze":0.0013,"activity":-0.0014,"lastBolusTime":1704065558000,"time":"2024-01-01T01:52:22.693Z"}},{"iob":0.083,"basaliob":-0.166,"bolussnooze":0.001,"activity":0.0017,"lastBolusTime":1704065558000,"time":"2024-01-01T01:57:22.693Z","iobWithZeroTemp":{"iob":-0.33,"basaliob":-0.579,"bolussnooze":0.001,"activity":-0.0017,"lastBolusTime":1704065558000,"time":"2024-01-01T01:57:22.693Z"}},{"iob":0.075,"basaliob":-0.154,"bolussnooze":7.0E-4,"activity":0.0015,"lastBolusTime":1704065558000,"time":"2024-01-01T02:02:22.693Z","iobWithZeroTemp":{"iob":-0.344,"basaliob":-0.573,"bolussnooze":7.0E-4,"activity":-0.002,"lastBolusTime":1704065558000,"time":"2024-01-01T02:02:22.693Z"}},{"iob":0.067,"basaliob":-0.143,"bolussnooze":5.0E-4,"activity":0.0014,"lastBolusTime":1704065558000,"time":"2024-01-01T02:07:22.693Z","iobWithZeroTemp":{"iob":-0.356,"basaliob":-0.566,"bolussnooze":5.0E-4,"activity":-0.0022,"lastBolusTime":1704065558000,"time":"2024-01-01T02:07:22.693Z"}},{"iob":0.061,"basaliob":-0.132,"bolussnooze":4.0E-4,"activity":0.0012,"lastBolusTime":1704065558000,"time":"2024-01-01T02:12:22.693Z","iobWithZeroTemp":{"iob":-0.367,"basaliob":-0.56,"bolussnooze":4.0E-4,"activity":-0.0024,"lastBolusTime":1704065558000,"time":"2024-01-01T02:12:22.693Z"}},{"iob":0.054,"basaliob":-0.122,"bolussnooze":2.0E-4,"activity":0.0012,"lastBolusTime":1704065558000,"time":"2024-01-01T02:17:22.693Z","iobWithZeroTemp":{"iob":-0.378,"basaliob":-0.554,"bolussnooze":2.0E-4,"activity":-0.0025,"lastBolusTime":1704065558000,"time":"2024-01-01T02:17:22.693Z"}},{"iob":0.049,"basaliob":-0.113,"bolussnooze":1.0E-4,"activity":0.0011,"lastBolusTime":1704065558000,"time":"2024-01-01T02:22:22.693Z","iobWithZeroTemp":{"iob":-0.387,"basaliob":-0.549,"bolussnooze":1.0E-4,"activity":-0.0027,"lastBolusTime":1704065558000,"time":"2024-01-01T02:22:22.693Z"}},{"iob":0.044,"basaliob":-0.104,"bolussnooze":1.0E-4,"activity":9.0E-4,"lastBolusTime":1704065558000,"time":"2024-01-01T02:27:22.693Z","iobWithZeroTemp":{"iob":-0.395,"basaliob":-0.543,"bolussnooze":1.0E-4,"activity":-0.0029,"lastBolusTime":1704065558000,"time":"2024-01-01T02:27:22.693Z"}},{"iob":0.039,"basaliob":-0.096,"bolussnooze":0,"activity":8.0E-4,"lastBolusTime":1704065558000,"time":"2024-01-01T02:32:22.693Z","iobWithZeroTemp":{"iob":-0.404,"basaliob":-0.539,"bolussnooze":0,"activity":-0.0031,"lastBolusTime":1704065558000,"time":"2024-01-01T02:32:22.693Z"}},{"iob":0.036,"basaliob":-0.088,"bolussnooze":0,"activity":8.0E-4,"lastBolusTime":1704065558000,"time":"2024-01-01T02:37:22.693Z","iobWithZeroTemp":{"iob":-0.41,"basaliob":-0.534,"bolussnooze":0,"activity":-0.0031,"lastBolusTime":1704065558000,"time":"2024-01-01T02:37:22.693Z"}},{"iob":0.031,"basaliob":-0.082,"bolussnooze":0,"activity":8.0E-4,"lastBolusTime":1704065558000,"time":"2024-01-01T02:42:22.693Z","iobWithZeroTemp":{"iob":-0.417,"basaliob":-0.53,"bolussnooze":0,"activity":-0.0032,"lastBolusTime":1704065558000,"time":"2024-01-01T02:42:22.693Z"}},{"iob":0.028,"basaliob":-0.075,"bolussnooze":0,"activity":7.0E-4,"lastBolusTime":1704065558000,"time":"2024-01-01T02:47:22.693Z","iobWithZeroTemp":{"iob":-0.423,"basaliob":-0.526,"bolussnooze":0,"activity":-0.0033,"lastBolusTime":1704065558000,"time":"2024-01-01T02:47:22.693Z"}},{"iob":0.025,"basaliob":-0.069,"bolussnooze":0,"activity":5.0E-4,"lastBolusTime":1704065558000,"time":"2024-01-01T02:52:22.693Z","iobWithZeroTemp":{"iob":-0.428,"basaliob":-0.522,"bolussnooze":0,"activity":-0.0036,"lastBolusTime":1704065558000,"time":"2024-01-01T02:52:22.693Z"}},{"iob":0.021,"basaliob":-0.064,"bolussnooze":0,"activity":5.0E-4,"lastBolusTime":1704065558000,"time":"2024-01-01T02:57:22.693Z","iobWithZeroTemp":{"iob":-0.434,"basaliob":-0.519,"bolussnooze":0,"activity":-0.0036,"lastBolusTime":1704065558000,"time":"2024-01-01T02:57:22.693Z"}},{"iob":0.02,"basaliob":-0.058,"bolussnooze":0,"activity":5.0E-4,"lastBolusTime":1704065558000,"time":"2024-01-01T03:02:22.693Z","iobWithZeroTemp":{"iob":-0.437,"basaliob":-0.515,"bolussnooze":0,"activity":-0.0036,"lastBolusTime":1704065558000,"time":"2024-01-01T03:02:22.693Z"}},{"iob":0.017,"basaliob":-0.054,"bolussnooze":0,"activity":5.0E-4,"lastBolusTime":1704065558000,"time":"2024-01-01T03:07:22.693Z","iobWithZeroTemp":{"iob":-0.444,"basaliob":-0.515,"bolussnooze":0,"activity":-0.0037,"lastBolusTime":1704065558000,"time":"2024-01-01T03:07:22.693Z"}},{"iob":0.015,"basaliob":-0.049,"bolussnooze":0,"activity":4.0E-4,"lastBolusTime":1704065558000,"time":"2024-01-01T03:12:22.693Z","iobWithZeroTemp":{"iob":-0.45,"basaliob":-0.514,"bolussnooze":0,"activity":-0.0038,"lastBolusTime":1704065558000,"time":"2024-01-01T03:12:22.693Z"}},{"iob":0.013,"basaliob":-0.045,"bolussnooze":0,"activity":3.0E-4,"lastBolusTime":1704065558000,"time":"2024-01-01T03:17:22.693Z","iobWithZeroTemp":{"iob":-0.456,"basaliob":-0.514,"bolussnooze":0,"activity":-0.0039,"lastBolusTime":1704065558000,"time":"2024-01-01T03:17:22.693Z"}},{"iob":0.012,"basaliob":-0.041,"bolussnooze":0,"activity":3.0E-4,"lastBolusTime":1704065558000,"time":"2024-01-01T03:22:22.693Z","iobWithZeroTemp":{"iob":-0.463,"basaliob":-0.516,"bolussnooze":0,"activity":-0.004,"lastBolusTime":1704065558000,"time":"2024-01-01T03:22:22.693Z"}},{"iob":0.01,"basaliob":-0.038,"bolussnooze":0,"activity":3.0E-4,"lastBolusTime":1704065558000,"time":"2024-01-01T03:27:22.693Z","iobWithZeroTemp":{"iob":-0.469,"basaliob":-0.517,"bolussnooze":0,"activity":-0.004,"lastBolusTime":1704065558000,"time":"2024-01-01T03:27:22.693Z"}},{"iob":0.008,"basaliob":-0.035,"bolussnooze":0,"activity":3.0E-4,"lastBolusTime":1704065558000,"time":"2024-01-01T03:32:22.693Z","iobWithZeroTemp":{"iob":-0.474,"basaliob":-0.517,"bolussnooze":0,"activity":-0.0041,"lastBolusTime":1704065558000,"time":"2024-01-01T03:32:22.693Z"}},{"iob":0.007,"basaliob":-0.032,"bolussnooze":0,"activity":2.0E-4,"lastBolusTime":1704065558000,"time":"2024-01-01T03:37:22.693Z","iobWithZeroTemp":{"iob":-0.478,"basaliob":-0.517,"bolussnooze":0,"activity":-0.0042,"lastBolusTime":1704065558000,"time":"2024-01-01T03:37:22.693Z"}},{"iob":0.006,"basaliob":-0.029,"bolussnooze":0,"activity":2.0E-4,"lastBolusTime":1704065558000,"time":"2024-01-01T03:42:22.693Z","iobWithZeroTemp":{"iob":-0.482,"basaliob":-0.517,"bolussnooze":0,"activity":-0.0042,"lastBolusTime":1704065558000,"time":"2024-01-01T03:42:22.693Z"}},{"iob":0.006,"basaliob":-0.026,"bolussnooze":0,"activity":2.0E-4,"lastBolusTime":1704065558000,"time":"2024-01-01T03:47:22.693Z","iobWithZeroTemp":{"iob":-0.485,"basaliob":-0.517,"bolussnooze":0,"activity":-0.0043,"lastBolusTime":1704065558000,"time":"2024-01-01T03:47:22.693Z"}},{"iob":0.005,"basaliob":-0.024,"bolussnooze":0,"activity":2.0E-4,"lastBolusTime":1704065558000,"time":"2024-01-01T03:52:22.693Z","iobWithZeroTemp":{"iob":-0.489,"basaliob":-0.518,"bolussnooze":0,"activity":-0.0043,"lastBolusTime":1704065558000,"time":"2024-01-01T03:52:22.693Z"}}],"profile":{"max_iob":7,"type":"current","max_daily_basal":0.45,"max_basal":1.35,"min_bg":144,"max_bg":144,"target_bg":144,"carb_ratio":11,"sens":369,"max_daily_safety_multiplier":3,"current_basal_safety_multiplier":4,"lgsThreshold":65,"high_temptarget_raises_sensitivity":false,"low_temptarget_lowers_sensitivity":false,"sensitivity_raises_target":true,"resistance_lowers_target":true,"adv_target_adjustments":false,"exercise_mode":false,"half_basal_exercise_target":160,"maxCOB":120,"skip_neutral_temps":false,"remainingCarbsCap":90,"enableUAM":true,"A52_risk_enable":false,"SMBInterval":4,"enableSMB_with_COB":true,"enableSMB_with_temptarget":false,"allowSMB_with_high_temptarget":true,"enableSMB_always":true,"enableSMB_after_carbs":false,"maxSMBBasalMinutes":60,"maxUAMSMBBasalMinutes":60,"bolus_increment":0.05,"carbsReqThreshold":10,"current_basal":0.45,"temptargetSet":true,"autosens_max":1.2,"autosens_min":0.8,"out_units":"mmol\/L","variable_sens":212.4,"insulinDivisor":65,"TDD":9.474171541666665},"autosens_data":{"ratio":0.8681278924280569},"meal_data":{"carbs":37,"mealCOB":9.09527468060396,"slopeFromMaxDeviation":-2.4065,"slopeFromMinDeviation":0,"lastBolusTime":1704065558000,"lastCarbTime":1704058949000},"microBolusAllowed":true,"currentTime":1704067045720,"flatBGsDetected":false,"tdd1D":21.848083333333335,"tdd7D":24.48151190476191,"tddLast24H":21.25308333333334,"tddLast4H":5.31,"tddLast8to4H":7.0299999999999985},"output":{"temp":"absolute","bg":94,"tick":"+9","eventualBG":91,"targetBG":144,"insulinReq":0,"deliverAt":"2023-12-31T23:57:25.720Z","sensitivityRatio":0.8681278924280569,"variable_sens":212.4,"predBGs":{"IOB":[94,99,103,107,110,113,114,115,115,113,111,107,102,96,92,87,83,79,75,72,68,65,62,59,56,54,51,49,47,45,43,41,40,39],"ZT":[94,80,66,51,39,39,39,39,39,39,39,39,39,39,39,39,39,39,39,39,39,39,39,39,39,39,39,39,39,39,39,39,39,39,39,39,39,39,39,39,39,39,39,39,45,52,59,66],"COB":[94,99,104,109,113,118,121,125,128,130,132,133,134,134,133,132,130,126,123,120,117,114,112,110,108,106,105,103,102,101,99,98,98,97,96,95,95,94,94,93,93,92,92,92,91],"UAM":[94,98,101,102,102,100,97,92,84,76,69,61,53,46,39]},"reason":"COB: 9.1, Dev: 6.7, BGI: -0.8, ISF: 11.8, CR: 11, Target: 8.0, minPredBG -1.0, minGuardBG -1.1, IOBpredBG 2.2, COBpredBG 5.1, UAMpredBG 2.2; minGuardBG -1.1<5.1","COB":9.09527468060396,"IOB":0.769,"duration":90,"rate":0,"timestamp":"2023-12-31T23:57:25.744Z"}}