{"algorithm":"OpenAPSSMBDynamicISFPlugin","input":{"glucoseStatus":{"glucose":78,"noise":0,"delta":0,"short_avgdelta":1.28,"long_avgdelta":2.53,"date":1704171424741},"currenttemp":{"temp":"absolute","duration":25,"rate":0,"minutesrunning":5},"iob_data":[{"iob":-0.425,"basaliob":-0.473,"bolussnooze":0,"activity":-0.0033,"lastBolusTime":1704163954000,"time":"2024-01-02T04:57:27.883Z","iobWithZeroTemp":{"iob":-0.425,"basaliob":-0.473,"bolussnooze":0,"activity":-0.0033,"lastBolusTime":1704163954000,"time":"2024-01-02T04:57:27.883Z"}},{"iob":-0.408,"basaliob":-0.453,"bolussnooze":0,"activity":-0.0035,"lastBolusTime":1704163954000,"time":"2024-01-02T05:02:27.883Z","iobWithZeroTemp":{"iob":-0.435,"basaliob":-0.48,"bolussnooze":0,"activity":-0.0035,"lastBolusTime":1704163954000,"time":"2024-01-02T05:02:27.883Z"}},{"iob":-0.391,"basaliob":-0.433,"bolussnooze":0,"activity":-0.0035,"lastBolusTime":1704163954000,"time":"2024-01-02T05:07:27.883Z","iobWithZeroTemp":{"iob":-0.451,"basaliob":-0.493,"bolussnooze":0,"activity":-0.0036,"lastBolusTime":1704163954000,"time":"2024-01-02T05:07:27.883Z"}},{"iob":-0.373,"basaliob":-0.412,"bolussnooze":0,"activity":-0.0035,"lastBolusTime":1704163954000,"time":"2024-01-02T05:12:27.883Z","iobWithZeroTemp":{"iob":-0.465,"basaliob":-0.504,"bolussnooze":0,"activity":-0.0037,"lastBolusTime":1704163954000,"time":"2024-01-02T05:12:27.883Z"}},{"iob":-0.356,"basaliob":-0.392,"bolussnooze":0,"activity":-0.0035,"lastBolusTime":1704163954000,"time":"2024-01-02T05:17:27.883Z","iobWithZeroTemp":{"iob":-0.481,"basaliob":-0.517,"bolussnooze":0,"activity":-0.0038,"lastBolusTime":1704163954000,"time":"2024-01-02T05:17:27.883Z"}},{"iob":-0.338,"basaliob":-0.372,"bolussnooze":0,"activity":-0.0035,"lastBolusTime":1704163954000,"time":"2024-01-02T05:22:27.883Z","iobWithZeroTemp":{"iob":-0.494,"basaliob":-0.528,"bolussnooze":0,"activity":-0.004,"lastBolusTime":1704163954000,"time":"2024-01-02T05:22:27.883Z"}},{"iob":-0.321,"basaliob":-0.352,"bolussnooze":0,"activity":-0.0034,"lastBolusTime":1704163954000,"time":"2024-01-02T05:27:27.883Z","iobWithZeroTemp":{"iob":-0.507,"basaliob":-0.538,"bolussnooze":0,"activity":-0.0041,"lastBolusTime":1704163954000,"time":"2024-01-02T05:27:27.883Z"}},{"iob":-0.304,"basaliob":-0.333,"bolussnooze":0,"activity":-0.0034,"lastBolusTime":1704163954000,"time":"2024-01-02T05:32:27.883Z","iobWithZeroTemp":{"iob":-0.52,"basaliob":-0.549,"bolussnooze":0,"activity":-0.0043,"lastBolusTime":1704163954000,"time":"2024-01-02T05:32:27.883Z"}},{"iob":-0.287,"basaliob":-0.314,"bolussnooze":0,"activity":-0.0033,"lastBolusTime":1704163954000,"time":"2024-01-02T05:37:27.883Z","iobWithZeroTemp":{"iob":-0.531,"basaliob":-0.558,"bolussnooze":0,"activity":-0.0044,"lastBolusTime":1704163954000,"time":"2024-01-02T05:37:27.883Z"}},{"iob":-0.271,"basaliob":-0.296,"bolussnooze":0,"activity":-0.0031,"lastBolusTime":1704163954000,"time":"2024-01-02T05:42:27.883Z","iobWithZeroTemp":{"iob":-0.543,"basaliob":-0.568,"bolussnooze":0,"activity":-0.0044,"lastBolusTime":1704163954000,"time":"2024-01-02T05:42:27.883Z"}},{"iob":-0.256,"basaliob":-0.279,"bolussnooze":0,"activity":-0.003,"lastBolusTime":1704163954000,"time":"2024-01-02T05:47:27.883Z","iobWithZeroTemp":{"iob":-0.554,"basaliob":-0.577,"bolussnooze":0,"activity":-0.0045,"lastBolusTime":1704163954000,"time":"2024-01-02T05:47:27.883Z"}},{"iob":-0.242,"basaliob":-0.263,"bolussnooze":0,"activity":-0.003,"lastBolusTime":1704163954000,"time":"2024-01-02T05:52:27.883Z","iobWithZeroTemp":{"iob":-0.565,"basaliob":-0.586,"bolussnooze":0,"activity":-0.0048,"lastBolusTime":1704163954000,"time":"2024-01-02T05:52:27.883Z"}},{"iob":-0.227,"basaliob":-0.247,"bolussnooze":0,"activity":-0.0028,"lastBolusTime":1704163954000,"time":"2024-01-02T05:57:27.883Z","iobWithZeroTemp":{"iob":-0.574,"basaliob":-0.594,"bolussnooze":0,"activity":-0.0048,"lastBolusTime":1704163954000,"time":"2024-01-02T05:57:27.883Z"}},{"iob":-0.213,"basaliob":-0.231,"bolussnooze":0,"activity":-0.0027,"lastBolusTime":1704163954000,"time":"2024-01-02T06:02:27.883Z","iobWithZeroTemp":{"iob":-0.583,"basaliob":-0.601,"bolussnooze":0,"activity":-0.0049,"lastBolusTime":1704163954000,"time":"2024-01-02T06:02:27.883Z"}},{"iob":-0.2,"basaliob":-0.217,"bolussnooze":0,"activity":-0.0025,"lastBolusTime":1704163954000,"time":"2024-01-02T06:07:27.883Z","iobWithZeroTemp":{"iob":-0.591,"basaliob":-0.608,"bolussnooze":0,"activity":-0.0049,"lastBolusTime":1704163954000,"time":"2024-01-02T06:07:27.883Z"}},{"iob":-0.188,"basaliob":-0.203,"bolussnooze":0,"activity":-0.0024,"lastBolusTime":1704163954000,"time":"2024-01-02T06:12:27.883Z","iobWithZeroTemp":{"iob":-0.6,"basaliob":-0.615,"bolussnooze":0,"activity":-0.0051,"lastBolusTime":1704163954000,"time":"2024-01-02T06:12:27.883Z"}},{"iob":-0.176,"basaliob":-0.19,"bolussnooze":0,"activity":-0.0024,"lastBolusTime":1704163954000,"time":"2024-01-02T06:17:27.883Z","iobWithZeroTemp":{"iob":-0.607,"basaliob":-0.621,"bolussnooze":0,"activity":-0.0053,"lastBolusTime":1704163954000,"time":"2024-01-02T06:17:27.883Z"}},{"iob":-0.164,"basaliob":-0.177,"bolussnooze":0,"activity":-0.0022,"lastBolusTime":1704163954000,"time":"2024-01-02T06:22:27.883Z","iobWithZeroTemp":{"iob":-0.614,"basaliob":-0.627,"bolussnooze":0,"activity":-0.0053,"lastBolusTime":1704163954000,"time":"2024-01-02T06:22:27.883Z"}},{"iob":-0.153,"basaliob":-0.165,"bolussnooze":0,"activity":-0.0021,"lastBolusTime":1704163954000,"time":"2024-01-02T06:27:27.883Z","iobWithZeroTemp":{"iob":-0.62,"basaliob":-0.632,"bolussnooze":0,"activity":-0.0054,"lastBolusTime":1704163954000,"time":"2024-01-02T06:27:27.883Z"}},{"iob":-0.143,"basaliob":-0.154,"bolussnooze":0,"activity":-0.002,"lastBolusTime":1704163954000,"time":"2024-01-02T06:32:27.883Z","iobWithZeroTemp":{"iob":-0.627,"basaliob":-0.638,"bolussnooze":0,"activity":-0.0055,"lastBolusTime":1704163954000,"time":"2024-01-02T06:32:27.883Z"}},{"iob":-0.134,"basaliob":-0.144,"bolussnooze":0,"activity":-0.0018,"lastBolusTime":1704163954000,"time":"2024-01-02T06:37:27.883Z","iobWithZeroTemp":{"iob":-0.633,"basaliob":-0.643,"bolussnooze":0,"activity":-0.0055,"lastBolusTime":1704163954000,"time":"2024-01-02T06:37:27.883Z"}},{"iob":-0.125,"basaliob":-0.134,"bolussnooze":0,"activity":-0.0017,"lastBolusTime":1704163954000,"time":"2024-01-02T06:42:27.883Z","iobWithZeroTemp":{"iob":-0.639,"basaliob":-0.648,"bolussnooze":0,"activity":-0.0056,"lastBolusTime":1704163954000,"time":"2024-01-02T06:42:27.883Z"}},{"iob":-0.115,"basaliob":-0.124,"bolussnooze":0,"activity":-0.0017,"lastBolusTime":1704163954000,"time":"2024-01-02T06:47:27.883Z","iobWithZeroTemp":{"iob":-0.642,"basaliob":-0.651,"bolussnooze":0,"activity":-0.0057,"lastBolusTime":1704163954000,"time":"2024-01-02T06:47:27.883Z"}},{"iob":-0.108,"basaliob":-0.116,"bolussnooze":0,"activity":-0.0016,"lastBolusTime":1704163954000,"time":"2024-01-02T06:52:27.883Z","iobWithZeroTemp":{"iob":-0.648,"basaliob":-0.656,"bolussnooze":0,"activity":-0.0058,"lastBolusTime":1704163954000,"time":"2024-01-02T06:52:27.883Z"}},{"iob":-0.1,"basaliob":-0.107,"bolussnooze":0,"activity":-0.0015,"lastBolusTime":1704163954000,"time":"2024-01-02T06:57:27.883Z","iobWithZeroTemp":{"iob":-0.652,"basaliob":-0.659,"bolussnooze":0,"activity":-0.0058,"lastBolusTime":1704163954000,"time":"2024-01-02T06:57:27.883Z"}},{"iob":-0.093,"basaliob":-0.1,"bolussnooze":0,"activity":-0.0014,"lastBolusTime":1704163954000,"time":"2024-01-02T07:02:27.883Z","iobWithZeroTemp":{"iob":-0.656,"basaliob":-0.663,"bolussnooze":0,"activity":-0.0059,"lastBolusTime":1704163954000,"time":"2024-01-02T07:02:27.883Z"}},{"iob":-0.086,"basaliob":-0.092,"bolussnooze":0,"activity":-0.0013,"lastBolusTime":1704163954000,"time":"2024-01-02T07:07:27.883Z","iobWithZeroTemp":{"iob":-0.66,"basaliob":-0.666,"bolussnooze":0,"activity":-0.0059,"lastBolusTime":1704163954000,"time":"2024-01-02T07:07:27.883Z"}},{"iob":-0.08,"basaliob":-0.086,"bolussnooze":0,"activity":-0.0012,"lastBolusTime":1704163954000,"time":"2024-01-02T07:12:27.883Z","iobWithZeroTemp":{"iob":-0.664,"basaliob":-0.67,"bolussnooze":0,"activity":-0.006,"lastBolusTime":1704163954000,"time":"2024-01-02T07:12:27.883Z"}},{"iob":-0.074,"basaliob":-0.079,"bolussnooze":0,"activity":-0.0011,"lastBolusTime":1704163954000,"time":"2024-01-02T07:17:27.883Z","iobWithZeroTemp":{"iob":-0.667,"basaliob":-0.672,"bolussnooze":0,"activity":-0.006,"lastBolusTime":1704163954000,"time":"2024-01-02T07:17:27.883Z"}},{"iob":-0.068,"basaliob":-0.073,"bolussnooze":0,"activity":-0.001,"lastBolusTime":1704163954000,"time":"2024-01-02T07:22:27.883Z","iobWithZeroTemp":{"iob":-0.669,"basaliob":-0.674,"bolussnooze":0,"activity":-0.006,"lastBolusTime":1704163954000,"time":"2024-01-02T07:22:27.883Z"}},{"iob":-0.064,"basaliob":-0.068,"bolussnooze":0,"activity":-0.001,"lastBolusTime":1704163954000,"time":"2024-01-02T07:27:27.883Z","iobWithZeroTemp":{"iob":-0.673,"basaliob":-0.677,"bolussnooze":0,"activity":-0.0061,"lastBolusTime":1704163954000,"time":"2024-01-02T07:27:27.883Z"}},{"iob":-0.059,"basaliob":-0.063,"bolussnooze":0,"activity":-9.0E-4,"lastBolusTime":1704163954000,"time":"2024-01-02T07:32:27.883Z","iobWithZeroTemp":{"iob":-0.676,"basaliob":-0.68,"bolussnooze":0,"activity":-0.0061,"lastBolusTime":1704163954000,"time":"2024-01-02T07:32:27.883Z"}},{"iob":-0.054,"basaliob":-0.058,"bolussnooze":0,"activity":-8.0E-4,"lastBolusTime":1704163954000,"time":"2024-01-02T07:37:27.883Z","iobWithZeroTemp":{"iob":-0.678,"basaliob":-0.682,"bolussnooze":0,"activity":-0.0061,"lastBolusTime":1704163954000,"time":"2024-01-02T07:37:27.883Z"}},{"iob":-0.05,"basaliob":-0.053,"bolussnooze":0,"activity":-8.0E-4,"lastBolusTime":1704163954000,"time":"2024-01-02T07:42:27.883Z","iobWithZeroTemp":{"iob":-0.68,"basaliob":-0.683,"bolussnooze":0,"activity":-0.0062,"lastBolusTime":1704163954000,"time":"2024-01-02T07:42:27.883Z"}},{"iob":-0.046,"basaliob":-0.049,"bolussnooze":0,"activity":-7.0E-4,"lastBolusTime":1704163954000,"time":"2024-01-02T07:47:27.883Z","iobWithZeroTemp":{"iob":-0.682,"basaliob":-0.685,"bolussnooze":0,"activity":-0.0062,"lastBolusTime":1704163954000,"time":"2024-01-02T07:47:27.883Z"}},{"iob":-0.042,"basaliob":-0.045,"bolussnooze":0,"activity":-6.0E-4,"lastBolusTime":1704163954000,"time":"2024-01-02T07:52:27.883Z","iobWithZeroTemp":{"iob":-0.684,"basaliob":-0.687,"bolussnooze":0,"activity":-0.0062,"lastBolusTime":1704163954000,"time":"2024-01-02T07:52:27.883Z"}},{"iob":-0.04,"basaliob":-0.042,"bolussnooze":0,"activity":-7.0E-4,"lastBolusTime":1704163954000,"time":"2024-01-02T07:57:27.883Z","iobWithZeroTemp":{"iob":-0.687,"basaliob":-0.689,"bolussnooze":0,"activity":-0.0064,"lastBolusTime":1704163954000,"time":"2024-01-02T07:57:27.883Z"}},{"iob":-0.036,"basaliob":-0.038,"bolussnooze":0,"activity":-6.0E-4,"lastBolusTime":1704163954000,"time":"2024-01-02T08:02:27.883Z","iobWithZeroTemp":{"iob":-0.687,"basaliob":-0.689,"bolussnooze":0,"activity":-0.0064,"lastBolusTime":1704163954000,"time":"2024-01-02T08:02:27.883Z"}},{"iob":-0.033,"basaliob":-0.035,"bolussnooze":0,"activity":-6.0E-4,"lastBolusTime":1704163954000,"time":"2024-01-02T08:07:27.883Z","iobWithZeroTemp":{"iob":-0.689,"basaliob":-0.691,"bolussnooze":0,"activity":-0.0064,"lastBolusTime":1704163954000,"time":"2024-01-02T08:07:27.883Z"}},{"iob":-0.03,"basaliob":-0.032,"bolussnooze":0,"activity":-6.0E-4,"lastBolusTime":1704163954000,"time":"2024-01-02T08:12:27.883Z","iobWithZeroTemp":{"iob":-0.69,"basaliob":-0.692,"bolussnooze":0,"activity":-0.0065,"lastBolusTime":1704163954000,"time":"2024-01-02T08:12:27.883Z"}},{"iob":-0.028,"basaliob":-0.03,"bolussnooze":0,"activity":-5.0E-4,"lastBolusTime":1704163954000,"time":"2024-01-02T08:17:27.883Z","iobWithZeroTemp":{"iob":-0.692,"basaliob":-0.694,"bolussnooze":0,"activity":-0.0064,"lastBolusTime":1704163954000,"time":"2024-01-02T08:17:27.883Z"}},{"iob":-0.026,"basaliob":-0.027,"bolussnooze":0,"activity":-5.0E-4,"lastBolusTime":1704163954000,"time":"2024-01-02T08:22:27.883Z","iobWithZeroTemp":{"iob":-0.693,"basaliob":-0.694,"bolussnooze":0,"activity":-0.0065,"lastBolusTime":1704163954000,"time":"2024-01-02T08:22:27.883Z"}},{"iob":-0.024,"basaliob":-0.025,"bolussnooze":0,"activity":-4.0E-4,"lastBolusTime":1704163954000,"time":"2024-01-02T08:27:27.883Z","iobWithZeroTemp":{"iob":-0.694,"basaliob":-0.695,"bolussnooze":0,"activity":-0.0065,"lastBolusTime":1704163954000,"time":"2024-01-02T08:27:27.883Z"}},{"iob":-0.022,"basaliob":-0.023,"bolussnooze":0,"activity":-4.0E-4,"lastBolusTime":1704163954000,"time":"2024-01-02T08:32:27.883Z","iobWithZeroTemp":{"iob":-0.695,"basaliob":-0.696,"bolussnooze":0,"activity":-0.0065,"lastBolusTime":1704163954000,"time":"2024-01-02T08:32:27.883Z"}},{"iob":-0.02,"basaliob":-0.021,"bolussnooze":0,"activity":-4.0E-4,"lastBolusTime":1704163954000,"time":"2024-01-02T08:37:27.883Z","iobWithZeroTemp":{"iob":-0.696,"basaliob":-0.697,"bolussnooze":0,"activity":-0.0065,"lastBolusTime":1704163954000,"time":"2024-01-02T08:37:27.883Z"}},{"iob":-0.018,"basaliob":-0.019,"bolussnooze":0,"activity":-3.0E-4,"lastBolusTime":1704163954000,"time":"2024-01-02T08:42:27.883Z","iobWithZeroTemp":{"iob":-0.696,"basaliob":-0.697,"bolussnooze":0,"activity":-0.0065,"lastBolusTime":1704163954000,"time":"2024-01-02T08:42:27.883Z"}},{"iob":-0.016,"basaliob":-0.017,"bolussnooze":0,"activity":-3.0E-4,"lastBolusTime":1704163954000,"time":"2024-01-02T08:47:27.883Z","iobWithZeroTemp":{"iob":-0.697,"basaliob":-0.698,"bolussnooze":0,"activity":-0.0065,"lastBolusTime":1704163954000,"time":"2024-01-02T08:47:27.883Z"}},{"iob":-0.015,"basaliob":-0.016,"bolussnooze":0,"activity":-3.0E-4,"lastBolusTime":1704163954000,"time":"2024-01-02T08:52:27.883Z","iobWithZeroTemp":{"iob":-0.698,"basaliob":-0.699,"bolussnooze":0,"activity":-0.0066,"lastBolusTime":1704163954000,"time":"2024-01-02T08:52:27.883Z"}}],"profile":{"max_iob":7,"type":"current","max_daily_basal":0.45,"max_basal":1.35,"min_bg":144,"max_bg":144,"target_bg":144,"carb_ratio":9,"sens":352.8,"max_daily_safety_multiplier":3,"current_basal_safety_multiplier":4,"lgsThreshold":65,"high_temptarget_raises_sensitivity":false,"low_temptarget_lowers_sensitivity":false,"sensitivity_raises_target":true,"resistance_lowers_target":true,"adv_target_adjustments":false,"exercise_mode":false,"half_basal_exercise_target":160,"maxCOB":120,"skip_neutral_temps":false,"remainingCarbsCap":90,"enableUAM":true,"A52_risk_enable":false,"SMBInterval":4,"enableSMB_with_COB":true,"enableSMB_with_temptarget":false,"allowSMB_with_high_temptarget":true,"enableSMB_always":true,"enableSMB_after_carbs":false,"maxSMBBasalMinutes":60,"maxUAMSMBBasalMinutes":60,"bolus_increment":0.05,"carbsReqThreshold":10,"current_basal":0.4,"temptargetSet":true,"autosens_max":1.2,"autosens_min":0.8,"out_units":"mmol\/L","variable_sens":346.4,"insulinDivisor":65,"TDD":6.589830491666667},"autosens_data":{"ratio":0.9823095540509457},"meal_data":{"carbs":0,"mealCOB":0,"slopeFromMaxDeviation":0,"slopeFromMinDeviation":0.42581818181818176,"lastBolusTime":1704163954000,"lastCarbTime":0},"microBolusAllowed":true,"currentTime":1704171449963,"flatBGsDetected":false,"tdd1D":29.029333333333327,"tdd7D":23.806904761904768,"tddLast24H":23.38575000000001,"tddLast4H":0.4428333333333334,"tddLast8to4H":0.9095833333333333},"output":{"temp":"absolute","bg":78,"tick":"+0","eventualBG":206,"targetBG":144,"insulinReq":0,"deliverAt":"2024-01-02T04:57:29.963Z","sensitivityRatio":0.9823095540509457,"variable_sens":346.4,"predBGs":{"IOB":[78,78,80,81,84,86,89,92,95,99,102,106,111,114,118,121,124,127,130,133,135,137,140,142,143,145,147,148,150,151,152,153,154,155,156,157,157,158,159,160,160,161,161,162,162,163],"ZT":[78,84,90,95,101,106,112,118,123,129,134,140]},"reason":"COB: 0, Dev: -1.1, BGI: 0.3, ISF: 19.2, CR: 9, Target: 8.0, minPredBG 7.2, minGuardBG 4.3, IOBpredBG 9.1; minGuardBG 4.3<5.1 25m left and 0 ~ req 0U\/hr: no temp required","COB":0,"IOB":-0.425,"timestamp":"2024-01-02T04:57:29.987Z"}}