{"algorithm":"OpenAPSSMBDynamicISFPlugin","input":{"glucoseStatus":{"glucose":83,"noise":0,"delta":-4,"short_avgdelta":-3.11,"long_avgdelta":-0.07,"date":1704066123582},"currenttemp":{"temp":"absolute","duration":40,"rate":0,"minutesrunning":20},"iob_data":[{"iob":1.098,"basaliob":-0.758,"bolussnooze":0.2307,"activity":0.016,"lastBolusTime":1704065558000,"time":"2023-12-31T23:42:27.766Z","iobWithZeroTemp":{"iob":1.098,"basaliob":-0.758,"bolussnooze":0.2307,"activity":0.016,"lastBolusTime":1704065558000,"time":"2023-12-31T23:42:27.766Z"}},{"iob":1.019,"basaliob":-0.724,"bolussnooze":0.1977,"activity":0.015,"lastBolusTime":1704065558000,"time":"2023-12-31T23:47:27.766Z","iobWithZeroTemp":{"iob":0.989,"basaliob":-0.754,"bolussnooze":0.1977,"activity":0.015,"lastBolusTime":1704065558000,"time":"2023-12-31T23:47:27.766Z"}},{"iob":0.947,"basaliob":-0.689,"bolussnooze":0.1688,"activity":0.0141,"lastBolusTime":1704065558000,"time":"2023-12-31T23:52:27.766Z","iobWithZeroTemp":{"iob":0.88,"basaliob":-0.756,"bolussnooze":0.1688,"activity":0.014,"lastBolusTime":1704065558000,"time":"2023-12-31T23:52:27.766Z"}},{"iob":0.878,"basaliob":-0.655,"bolussnooze":0.1438,"activity":0.0132,"lastBolusTime":1704065558000,"time":"2023-12-31T23:57:27.766Z","iobWithZeroTemp":{"iob":0.774,"basaliob":-0.759,"bolussnooze":0.1438,"activity":0.013,"lastBolusTime":1704065558000,"time":"2023-12-31T23:57:27.766Z"}},{"iob":0.814,"basaliob":-0.621,"bolussnooze":0.1221,"activity":0.0124,"lastBolusTime":1704065558000,"time":"2024-01-01T00:02:27.766Z","iobWithZeroTemp":{"iob":0.682,"basaliob":-0.753,"bolussnooze":0.1221,"activity":0.012,"lastBolusTime":1704065558000,"time":"2024-01-01T00:02:27.766Z"}},{"iob":0.754,"basaliob":-0.588,"bolussnooze":0.1034,"activity":0.0116,"lastBolusTime":1704065558000,"time":"2024-01-01T00:07:27.766Z","iobWithZeroTemp":{"iob":0.595,"basaliob":-0.747,"bolussnooze":0.1034,"activity":0.0111,"lastBolusTime":1704065558000,"time":"2024-01-01T00:07:27.766Z"}},{"iob":0.699,"basaliob":-0.555,"bolussnooze":0.0874,"activity":0.0109,"lastBolusTime":1704065558000,"time":"2024-01-01T00:12:27.766Z","iobWithZeroTemp":{"iob":0.513,"basaliob":-0.741,"bolussnooze":0.0874,"activity":0.0102,"lastBolusTime":1704065558000,"time":"2024-01-01T00:12:27.766Z"}},{"iob":0.647,"basaliob":-0.524,"bolussnooze":0.0736,"activity":0.0101,"lastBolusTime":1704065558000,"time":"2024-01-01T00:17:27.766Z","iobWithZeroTemp":{"iob":0.436,"basaliob":-0.735,"bolussnooze":0.0736,"activity":0.0092,"lastBolusTime":1704065558000,"time":"2024-01-01T00:17:27.766Z"}},{"iob":0.598,"basaliob":-0.494,"bolussnooze":0.0618,"activity":0.0095,"lastBolusTime":1704065558000,"time":"2024-01-01T00:22:27.766Z","iobWithZeroTemp":{"iob":0.363,"basaliob":-0.729,"bolussnooze":0.0618,"activity":0.0084,"lastBolusTime":1704065558000,"time":"2024-01-01T00:22:27.766Z"}},{"iob":0.552,"basaliob":-0.465,"bolussnooze":0.0517,"activity":0.0088,"lastBolusTime":1704065558000,"time":"2024-01-01T00:27:27.766Z","iobWithZeroTemp":{"iob":0.294,"basaliob":-0.723,"bolussnooze":0.0517,"activity":0.0075,"lastBolusTime":1704065558000,"time":"2024-01-01T00:27:27.766Z"}},{"iob":0.51,"basaliob":-0.437,"bolussnooze":0.0432,"activity":0.0081,"lastBolusTime":1704065558000,"time":"2024-01-01T00:32:27.766Z","iobWithZeroTemp":{"iob":0.229,"basaliob":-0.718,"bolussnooze":0.0432,"activity":0.0066,"lastBolusTime":1704065558000,"time":"2024-01-01T00:32:27.766Z"}},{"iob":0.471,"basaliob":-0.41,"bolussnooze":0.0359,"activity":0.0076,"lastBolusTime":1704065558000,"time":"2024-01-01T00:37:27.766Z","iobWithZeroTemp":{"iob":0.169,"basaliob":-0.712,"bolussnooze":0.0359,"activity":0.0059,"lastBolusTime":1704065558000,"time":"2024-01-01T00:37:27.766Z"}},{"iob":0.433,"basaliob":-0.385,"bolussnooze":0.0298,"activity":0.0071,"lastBolusTime":1704065558000,"time":"2024-01-01T00:42:27.766Z","iobWithZeroTemp":{"iob":0.111,"basaliob":-0.707,"bolussnooze":0.0298,"activity":0.0052,"lastBolusTime":1704065558000,"time":"2024-01-01T00:42:27.766Z"}},{"iob":0.4,"basaliob":-0.36,"bolussnooze":0.0246,"activity":0.0066,"lastBolusTime":1704065558000,"time":"2024-01-01T00:47:27.766Z","iobWithZeroTemp":{"iob":0.059,"basaliob":-0.701,"bolussnooze":0.0246,"activity":0.0045,"lastBolusTime":1704065558000,"time":"2024-01-01T00:47:27.766Z"}},{"iob":0.368,"basaliob":-0.337,"bolussnooze":0.0203,"activity":0.0061,"lastBolusTime":1704065558000,"time":"2024-01-01T00:52:27.766Z","iobWithZeroTemp":{"iob":0.009,"basaliob":-0.696,"bolussnooze":0.0203,"activity":0.0038,"lastBolusTime":1704065558000,"time":"2024-01-01T00:52:27.766Z"}},{"iob":0.339,"basaliob":-0.315,"bolussnooze":0.0166,"activity":0.0056,"lastBolusTime":1704065558000,"time":"2024-01-01T00:57:27.766Z","iobWithZeroTemp":{"iob":-0.038,"basaliob":-0.692,"bolussnooze":0.0166,"activity":0.0031,"lastBolusTime":1704065558000,"time":"2024-01-01T00:57:27.766Z"}},{"iob":0.311,"basaliob":-0.294,"bolussnooze":0.0136,"activity":0.0052,"lastBolusTime":1704065558000,"time":"2024-01-01T01:02:27.766Z","iobWithZeroTemp":{"iob":-0.075,"basaliob":-0.68,"bolussnooze":0.0136,"activity":0.0025,"lastBolusTime":1704065558000,"time":"2024-01-01T01:02:27.766Z"}},{"iob":0.285,"basaliob":-0.275,"bolussnooze":0.0111,"activity":0.0049,"lastBolusTime":1704065558000,"time":"2024-01-01T01:07:27.766Z","iobWithZeroTemp":{"iob":-0.11,"basaliob":-0.67,"bolussnooze":0.0111,"activity":0.0021,"lastBolusTime":1704065558000,"time":"2024-01-01T01:07:27.766Z"}},{"iob":0.262,"basaliob":-0.256,"bolussnooze":0.009,"activity":0.0045,"lastBolusTime":1704065558000,"time":"2024-01-01T01:12:27.766Z","iobWithZeroTemp":{"iob":-0.141,"basaliob":-0.659,"bolussnooze":0.009,"activity":0.0015,"lastBolusTime":1704065558000,"time":"2024-01-01T01:12:27.766Z"}},{"iob":0.241,"basaliob":-0.238,"bolussnooze":0.0072,"activity":0.0042,"lastBolusTime":1704065558000,"time":"2024-01-01T01:17:27.766Z","iobWithZeroTemp":{"iob":-0.169,"basaliob":-0.648,"bolussnooze":0.0072,"activity":0.0011,"lastBolusTime":1704065558000,"time":"2024-01-01T01:17:27.766Z"}},{"iob":0.221,"basaliob":-0.222,"bolussnooze":0.0058,"activity":0.0039,"lastBolusTime":1704065558000,"time":"2024-01-01T01:22:27.766Z","iobWithZeroTemp":{"iob":-0.196,"basaliob":-0.639,"bolussnooze":0.0058,"activity":6.0E-4,"lastBolusTime":1704065558000,"time":"2024-01-01T01:22:27.766Z"}},{"iob":0.202,"basaliob":-0.206,"bolussnooze":0.0046,"activity":0.0036,"lastBolusTime":1704065558000,"time":"2024-01-01T01:27:27.766Z","iobWithZeroTemp":{"iob":-0.221,"basaliob":-0.629,"bolussnooze":0.0046,"activity":2.0E-4,"lastBolusTime":1704065558000,"time":"2024-01-01T01:27:27.766Z"}},{"iob":0.185,"basaliob":-0.192,"bolussnooze":0.0037,"activity":0.0033,"lastBolusTime":1704065558000,"time":"2024-01-01T01:32:27.766Z","iobWithZeroTemp":{"iob":-0.243,"basaliob":-0.62,"bolussnooze":0.0037,"activity":-2.0E-4,"lastBolusTime":1704065558000,"time":"2024-01-01T01:32:27.766Z"}},{"iob":0.169,"basaliob":-0.178,"bolussnooze":0.0029,"activity":0.003,"lastBolusTime":1704065558000,"time":"2024-01-01T01:37:27.766Z","iobWithZeroTemp":{"iob":-0.264,"basaliob":-0.611,"bolussnooze":0.0029,"activity":-6.0E-4,"lastBolusTime":1704065558000,"time":"2024-01-01T01:37:27.766Z"}},{"iob":0.155,"basaliob":-0.165,"bolussnooze":0.0022,"activity":0.0028,"lastBolusTime":1704065558000,"time":"2024-01-01T01:42:27.766Z","iobWithZeroTemp":{"iob":-0.283,"basaliob":-0.603,"bolussnooze":0.0022,"activity":-9.0E-4,"lastBolusTime":1704065558000,"time":"2024-01-01T01:42:27.766Z"}},{"iob":0.141,"basaliob":-0.153,"bolussnooze":0.0017,"activity":0.0026,"lastBolusTime":1704065558000,"time":"2024-01-01T01:47:27.766Z","iobWithZeroTemp":{"iob":-0.301,"basaliob":-0.595,"bolussnooze":0.0017,"activity":-0.0011,"lastBolusTime":1704065558000,"time":"2024-01-01T01:47:27.766Z"}},{"iob":0.129,"basaliob":-0.142,"bolussnooze":0.0013,"activity":0.0024,"lastBolusTime":1704065558000,"time":"2024-01-01T01:52:27.766Z","iobWithZeroTemp":{"iob":-0.316,"basaliob":-0.587,"bolussnooze":0.0013,"activity":-0.0014,"lastBolusTime":1704065558000,"time":"2024-01-01T01:52:27.766Z"}},{"iob":0.118,"basaliob":-0.131,"bolussnooze":0.001,"activity":0.0022,"lastBolusTime":1704065558000,"time":"2024-01-01T01:57:27.766Z","iobWithZeroTemp":{"iob":-0.331,"basaliob":-0.58,"bolussnooze":0.001,"activity":-0.0017,"lastBolusTime":1704065558000,"time":"2024-01-01T01:57:27.766Z"}},{"iob":0.107,"basaliob":-0.121,"bolussnooze":7.0E-4,"activity":0.002,"lastBolusTime":1704065558000,"time":"2024-01-01T02:02:27.766Z","iobWithZeroTemp":{"iob":-0.345,"basaliob":-0.573,"bolussnooze":7.0E-4,"activity":-0.0019,"lastBolusTime":1704065558000,"time":"2024-01-01T02:02:27.766Z"}},{"iob":0.098,"basaliob":-0.112,"bolussnooze":5.0E-4,"activity":0.0018,"lastBolusTime":1704065558000,"time":"2024-01-01T02:07:27.766Z","iobWithZeroTemp":{"iob":-0.356,"basaliob":-0.566,"bolussnooze":5.0E-4,"activity":-0.0022,"lastBolusTime":1704065558000,"time":"2024-01-01T02:07:27.766Z"}},{"iob":0.089,"basaliob":-0.103,"bolussnooze":3.0E-4,"activity":0.0016,"lastBolusTime":1704065558000,"time":"2024-01-01T02:12:27.766Z","iobWithZeroTemp":{"iob":-0.368,"basaliob":-0.56,"bolussnooze":3.0E-4,"activity":-0.0024,"lastBolusTime":1704065558000,"time":"2024-01-01T02:12:27.766Z"}},{"iob":0.081,"basaliob":-0.095,"bolussnooze":2.0E-4,"activity":0.0016,"lastBolusTime":1704065558000,"time":"2024-01-01T02:17:27.766Z","iobWithZeroTemp":{"iob":-0.378,"basaliob":-0.554,"bolussnooze":2.0E-4,"activity":-0.0025,"lastBolusTime":1704065558000,"time":"2024-01-01T02:17:27.766Z"}},{"iob":0.073,"basaliob":-0.088,"bolussnooze":1.0E-4,"activity":0.0015,"lastBolusTime":1704065558000,"time":"2024-01-01T02:22:27.766Z","iobWithZeroTemp":{"iob":-0.388,"basaliob":-0.549,"bolussnooze":1.0E-4,"activity":-0.0026,"lastBolusTime":1704065558000,"time":"2024-01-01T02:22:27.766Z"}},{"iob":0.067,"basaliob":-0.081,"bolussnooze":1.0E-4,"activity":0.0013,"lastBolusTime":1704065558000,"time":"2024-01-01T02:27:27.766Z","iobWithZeroTemp":{"iob":-0.396,"basaliob":-0.544,"bolussnooze":1.0E-4,"activity":-0.0029,"lastBolusTime":1704065558000,"time":"2024-01-01T02:27:27.766Z"}},{"iob":0.06,"basaliob":-0.075,"bolussnooze":0,"activity":0.0012,"lastBolusTime":1704065558000,"time":"2024-01-01T02:32:27.766Z","iobWithZeroTemp":{"iob":-0.404,"basaliob":-0.539,"bolussnooze":0,"activity":-0.003,"lastBolusTime":1704065558000,"time":"2024-01-01T02:32:27.766Z"}},{"iob":0.055,"basaliob":-0.068,"bolussnooze":0,"activity":0.0011,"lastBolusTime":1704065558000,"time":"2024-01-01T02:37:27.766Z","iobWithZeroTemp":{"iob":-0.411,"basaliob":-0.534,"bolussnooze":0,"activity":-0.0031,"lastBolusTime":1704065558000,"time":"2024-01-01T02:37:27.766Z"}},{"iob":0.05,"basaliob":-0.063,"bolussnooze":0,"activity":0.001,"lastBolusTime":1704065558000,"time":"2024-01-01T02:42:27.766Z","iobWithZeroTemp":{"iob":-0.417,"basaliob":-0.53,"bolussnooze":0,"activity":-0.0033,"lastBolusTime":1704065558000,"time":"2024-01-01T02:42:27.766Z"}},{"iob":0.045,"basaliob":-0.058,"bolussnooze":0,"activity":9.0E-4,"lastBolusTime":1704065558000,"time":"2024-01-01T02:47:27.766Z","iobWithZeroTemp":{"iob":-0.423,"basaliob":-0.526,"bolussnooze":0,"activity":-0.0034,"lastBolusTime":1704065558000,"time":"2024-01-01T02:47:27.766Z"}},{"iob":0.041,"basaliob":-0.053,"bolussnooze":0,"activity":8.0E-4,"lastBolusTime":1704065558000,"time":"2024-01-01T02:52:27.766Z","iobWithZeroTemp":{"iob":-0.428,"basaliob":-0.522,"bolussnooze":0,"activity":-0.0035,"lastBolusTime":1704065558000,"time":"2024-01-01T02:52:27.766Z"}},{"iob":0.036,"basaliob":-0.049,"bolussnooze":0,"activity":8.0E-4,"lastBolusTime":1704065558000,"time":"2024-01-01T02:57:27.766Z","iobWithZeroTemp":{"iob":-0.434,"basaliob":-0.519,"bolussnooze":0,"activity":-0.0035,"lastBolusTime":1704065558000,"time":"2024-01-01T02:57:27.766Z"}},{"iob":0.033,"basaliob":-0.045,"bolussnooze":0,"activity":7.0E-4,"lastBolusTime":1704065558000,"time":"2024-01-01T03:02:27.766Z","iobWithZeroTemp":{"iob":-0.438,"basaliob":-0.516,"bolussnooze":0,"activity":-0.0036,"lastBolusTime":1704065558000,"time":"2024-01-01T03:02:27.766Z"}},{"iob":0.03,"basaliob":-0.041,"bolussnooze":0,"activity":6.0E-4,"lastBolusTime":1704065558000,"time":"2024-01-01T03:07:27.766Z","iobWithZeroTemp":{"iob":-0.447,"basaliob":-0.518,"bolussnooze":0,"activity":-0.0038,"lastBolusTime":1704065558000,"time":"2024-01-01T03:07:27.766Z"}},{"iob":0.026,"basaliob":-0.038,"bolussnooze":0,"activity":5.0E-4,"lastBolusTime":1704065558000,"time":"2024-01-01T03:12:27.766Z","iobWithZeroTemp":{"iob":-0.454,"basaliob":-0.518,"bolussnooze":0,"activity":-0.0039,"lastBolusTime":1704065558000,"time":"2024-01-01T03:12:27.766Z"}},{"iob":0.024,"basaliob":-0.034,"bolussnooze":0,"activity":5.0E-4,"lastBolusTime":1704065558000,"time":"2024-01-01T03:17:27.766Z","iobWithZeroTemp":{"iob":-0.459,"basaliob":-0.517,"bolussnooze":0,"activity":-0.0039,"lastBolusTime":1704065558000,"time":"2024-01-01T03:17:27.766Z"}},{"iob":0.022,"basaliob":-0.031,"bolussnooze":0,"activity":4.0E-4,"lastBolusTime":1704065558000,"time":"2024-01-01T03:22:27.766Z","iobWithZeroTemp":{"iob":-0.463,"basaliob":-0.516,"bolussnooze":0,"activity":-0.004,"lastBolusTime":1704065558000,"time":"2024-01-01T03:22:27.766Z"}},{"iob":0.019,"basaliob":-0.029,"bolussnooze":0,"activity":4.0E-4,"lastBolusTime":1704065558000,"time":"2024-01-01T03:27:27.766Z","iobWithZeroTemp":{"iob":-0.469,"basaliob":-0.517,"bolussnooze":0,"activity":-0.0041,"lastBolusTime":1704065558000,"time":"2024-01-01T03:27:27.766Z"}},{"iob":0.017,"basaliob":-0.026,"bolussnooze":0,"activity":4.0E-4,"lastBolusTime":1704065558000,"time":"2024-01-01T03:32:27.766Z","iobWithZeroTemp":{"iob":-0.474,"basaliob":-0.517,"bolussnooze":0,"activity":-0.0041,"lastBolusTime":1704065558000,"time":"2024-01-01T03:32:27.766Z"}},{"iob":0.015,"basaliob":-0.024,"bolussnooze":0,"activity":4.0E-4,"lastBolusTime":1704065558000,"time":"2024-01-01T03:37:27.766Z","iobWithZeroTemp":{"iob":-0.478,"basaliob":-0.517,"bolussnooze":0,"activity":-0.0041,"lastBolusTime":1704065558000,"time":"2024-01-01T03:37:27.766Z"}}],"profile":{"max_iob":7,"type":"current","max_daily_basal":0.45,"max_basal":1.35,"min_bg":81.0000000000001,"max_bg":81.0000000000001,"target_bg":81.0000000000001,"carb_ratio":11,"sens":369,"max_daily_safety_multiplier":3,"current_basal_safety_multiplier":4,"lgsThreshold":65,"high_temptarget_raises_sensitivity":false,"low_temptarget_lowers_sensitivity":false,"sensitivity_raises_target":true,"resistance_lowers_target":true,"adv_target_adjustments":false,"exercise_mode":false,"half_basal_exercise_target":160,"maxCOB":120,"skip_neutral_temps":false,"remainingCarbsCap":90,"enableUAM":true,"A52_risk_enable":false,"SMBInterval":4,"enableSMB_with_COB":true,"enableSMB_with_temptarget":false,"allowSMB_with_high_temptarget":true,"enableSMB_always":true,"enableSMB_after_carbs":false,"maxSMBBasalMinutes":60,"maxUAMSMBBasalMinutes":60,"bolus_increment":0.05,"carbsReqThreshold":10,"current_basal":0.45,"temptargetSet":true,"autosens_max":1.2,"autosens_min":0.8,"out_units":"mmol\/L","variable_sens":226.9,"insulinDivisor":65,"TDD":9.640491541666668},"autosens_data":{"ratio":0.8681278924280569},"meal_data":{"carbs":52,"mealCOB":26.494154084397994,"slopeFromMaxDeviation":-2.745666666666666,"slopeFromMinDeviation":0.1806000000000001,"lastBolusTime":1704065558000,"lastCarbTime":1704061267000},"microBolusAllowed":true,"currentTime":1704066149388,"flatBGsDetected":false,"tdd1D":21.848083333333335,"tdd7D":24.48151190476191,"tddLast24H":21.25308333333334,"tddLast4H":5.31,"tddLast8to4H":7.829999999999999},"output":{"temp":"absolute","bg":83,"tick":-4,"eventualBG":319,"targetBG":81.0000000000001,"insulinReq":0,"deliverAt":"2023-12-31T23:42:29.388Z","sensitivityRatio":0.8681278924280569,"variable_sens":226.9,"predBGs":{"IOB":[83,78,72,65,57,46,39,39,39,39,39,39,39],"ZT":[83,65,45,39,39,39,39,39,39,39,39,39,39,39,39,39,39,39,39,39,39,39,39,39,39,39,39,39,39,39,39,39,39,39,39,39,39,39,39,39,39,39,39,39,39,39,39,39],"COB":[83,79,76,74,72,72,72,73,74,76,79,83,86,91,95,101,106,112,118,124,131,138,145,152,159,167,174,182,189,197,205,213,221,228,236,244,251,258,265,272,279,285,291,297,303,309,314,319],"UAM":[83,76,67,54,39,39,39,39,39,39,39,39,39]},"reason":"COB: 26.5, Dev: 4.7, BGI: -1.0, ISF: 12.6, CR: 11, Target: 4.5, minPredBG 1.2, minGuardBG -5.9, IOBpredBG 2.2, COBpredBG 17.7, UAMpredBG 2.2; minGuardBG -5.9<3.6","COB":26.494154084397994,"IOB":1.098,"duration":120,"rate":0,"timestamp":"2023-12-31T23:42:29.417Z"}}