{"algorithm":"OpenAPSSMBDynamicISFPlugin","input":{"glucoseStatus":{"glucose":133,"noise":0,"delta":-1,"short_avgdelta":-2.06,"long_avgdelta":-1.59,"date":1704283930195},"currenttemp":{"temp":"absolute","duration":20,"rate":0.32,"minutesrunning":10},"iob_data":[{"iob":0.231,"basaliob":-0.527,"bolussnooze":0.0332,"activity":0.0045,"lastBolusTime":1704278556000,"time":"2024-01-03T12:12:34.630Z","iobWithZeroTemp":{"iob":0.231,"basaliob":-0.527,"bolussnooze":0.0332,"activity":0.0045,"lastBolusTime":1704278556000,"time":"2024-01-03T12:12:34.630Z"}},{"iob":0.211,"basaliob":-0.497,"bolussnooze":0.0277,"activity":0.0041,"lastBolusTime":1704278556000,"time":"2024-01-03T12:17:34.630Z","iobWithZeroTemp":{"iob":0.184,"basaliob":-0.524,"bolussnooze":0.0277,"activity":0.0041,"lastBolusTime":1704278556000,"time":"2024-01-03T12:17:34.630Z"}},{"iob":0.191,"basaliob":-0.469,"bolussnooze":0.0231,"activity":0.0038,"lastBolusTime":1704278556000,"time":"2024-01-03T12:22:34.630Z","iobWithZeroTemp":{"iob":0.131,"basaliob":-0.529,"bolussnooze":0.0231,"activity":0.0037,"lastBolusTime":1704278556000,"time":"2024-01-03T12:22:34.630Z"}},{"iob":0.173,"basaliob":-0.442,"bolussnooze":0.0191,"activity":0.0034,"lastBolusTime":1704278556000,"time":"2024-01-03T12:27:34.630Z","iobWithZeroTemp":{"iob":0.081,"basaliob":-0.534,"bolussnooze":0.0191,"activity":0.0032,"lastBolusTime":1704278556000,"time":"2024-01-03T12:27:34.630Z"}},{"iob":0.157,"basaliob":-0.416,"bolussnooze":0.0158,"activity":0.0031,"lastBolusTime":1704278556000,"time":"2024-01-03T12:32:34.630Z","iobWithZeroTemp":{"iob":0.032,"basaliob":-0.541,"bolussnooze":0.0158,"activity":0.0028,"lastBolusTime":1704278556000,"time":"2024-01-03T12:32:34.630Z"}},{"iob":0.142,"basaliob":-0.391,"bolussnooze":0.013,"activity":0.0029,"lastBolusTime":1704278556000,"time":"2024-01-03T12:37:34.630Z","iobWithZeroTemp":{"iob":-0.014,"basaliob":-0.547,"bolussnooze":0.013,"activity":0.0024,"lastBolusTime":1704278556000,"time":"2024-01-03T12:37:34.630Z"}},{"iob":0.128,"basaliob":-0.367,"bolussnooze":0.0107,"activity":0.0026,"lastBolusTime":1704278556000,"time":"2024-01-03T12:42:34.630Z","iobWithZeroTemp":{"iob":-0.058,"basaliob":-0.553,"bolussnooze":0.0107,"activity":0.0019,"lastBolusTime":1704278556000,"time":"2024-01-03T12:42:34.630Z"}},{"iob":0.116,"basaliob":-0.344,"bolussnooze":0.0087,"activity":0.0023,"lastBolusTime":1704278556000,"time":"2024-01-03T12:47:34.630Z","iobWithZeroTemp":{"iob":-0.1,"basaliob":-0.56,"bolussnooze":0.0087,"activity":0.0014,"lastBolusTime":1704278556000,"time":"2024-01-03T12:47:34.630Z"}},{"iob":0.105,"basaliob":-0.322,"bolussnooze":0.0071,"activity":0.0021,"lastBolusTime":1704278556000,"time":"2024-01-03T12:52:34.630Z","iobWithZeroTemp":{"iob":-0.139,"basaliob":-0.566,"bolussnooze":0.0071,"activity":0.001,"lastBolusTime":1704278556000,"time":"2024-01-03T12:52:34.630Z"}},{"iob":0.095,"basaliob":-0.301,"bolussnooze":0.0057,"activity":0.0019,"lastBolusTime":1704278556000,"time":"2024-01-03T12:57:34.630Z","iobWithZeroTemp":{"iob":-0.177,"basaliob":-0.573,"bolussnooze":0.0057,"activity":6.0E-4,"lastBolusTime":1704278556000,"time":"2024-01-03T12:57:34.630Z"}},{"iob":0.085,"basaliob":-0.282,"bolussnooze":0.0046,"activity":0.0018,"lastBolusTime":1704278556000,"time":"2024-01-03T13:02:34.630Z","iobWithZeroTemp":{"iob":-0.213,"basaliob":-0.58,"bolussnooze":0.0046,"activity":3.0E-4,"lastBolusTime":1704278556000,"time":"2024-01-03T13:02:34.630Z"}},{"iob":0.076,"basaliob":-0.263,"bolussnooze":0.0037,"activity":0.0017,"lastBolusTime":1704278556000,"time":"2024-01-03T13:07:34.630Z","iobWithZeroTemp":{"iob":-0.247,"basaliob":-0.586,"bolussnooze":0.0037,"activity":-1.0E-4,"lastBolusTime":1704278556000,"time":"2024-01-03T13:07:34.630Z"}},{"iob":0.069,"basaliob":-0.245,"bolussnooze":0.0029,"activity":0.0015,"lastBolusTime":1704278556000,"time":"2024-01-03T13:12:34.630Z","iobWithZeroTemp":{"iob":-0.278,"basaliob":-0.592,"bolussnooze":0.0029,"activity":-5.0E-4,"lastBolusTime":1704278556000,"time":"2024-01-03T13:12:34.630Z"}},{"iob":0.061,"basaliob":-0.229,"bolussnooze":0.0023,"activity":0.0014,"lastBolusTime":1704278556000,"time":"2024-01-03T13:17:34.630Z","iobWithZeroTemp":{"iob":-0.309,"basaliob":-0.599,"bolussnooze":0.0023,"activity":-8.0E-4,"lastBolusTime":1704278556000,"time":"2024-01-03T13:17:34.630Z"}},{"iob":0.055,"basaliob":-0.213,"bolussnooze":0.0018,"activity":0.0012,"lastBolusTime":1704278556000,"time":"2024-01-03T13:22:34.630Z","iobWithZeroTemp":{"iob":-0.336,"basaliob":-0.604,"bolussnooze":0.0018,"activity":-0.0012,"lastBolusTime":1704278556000,"time":"2024-01-03T13:22:34.630Z"}},{"iob":0.05,"basaliob":-0.198,"bolussnooze":0.0014,"activity":0.0011,"lastBolusTime":1704278556000,"time":"2024-01-03T13:27:34.630Z","iobWithZeroTemp":{"iob":-0.362,"basaliob":-0.61,"bolussnooze":0.0014,"activity":-0.0016,"lastBolusTime":1704278556000,"time":"2024-01-03T13:27:34.630Z"}},{"iob":0.044,"basaliob":-0.184,"bolussnooze":0.001,"activity":0.001,"lastBolusTime":1704278556000,"time":"2024-01-03T13:32:34.630Z","iobWithZeroTemp":{"iob":-0.387,"basaliob":-0.615,"bolussnooze":0.001,"activity":-0.0019,"lastBolusTime":1704278556000,"time":"2024-01-03T13:32:34.630Z"}},{"iob":0.039,"basaliob":-0.171,"bolussnooze":8.0E-4,"activity":9.0E-4,"lastBolusTime":1704278556000,"time":"2024-01-03T13:37:34.630Z","iobWithZeroTemp":{"iob":-0.411,"basaliob":-0.621,"bolussnooze":8.0E-4,"activity":-0.0022,"lastBolusTime":1704278556000,"time":"2024-01-03T13:37:34.630Z"}},{"iob":0.035,"basaliob":-0.159,"bolussnooze":6.0E-4,"activity":8.0E-4,"lastBolusTime":1704278556000,"time":"2024-01-03T13:42:34.630Z","iobWithZeroTemp":{"iob":-0.432,"basaliob":-0.626,"bolussnooze":6.0E-4,"activity":-0.0025,"lastBolusTime":1704278556000,"time":"2024-01-03T13:42:34.630Z"}},{"iob":0.032,"basaliob":-0.147,"bolussnooze":4.0E-4,"activity":8.0E-4,"lastBolusTime":1704278556000,"time":"2024-01-03T13:47:34.630Z","iobWithZeroTemp":{"iob":-0.452,"basaliob":-0.631,"bolussnooze":4.0E-4,"activity":-0.0027,"lastBolusTime":1704278556000,"time":"2024-01-03T13:47:34.630Z"}},{"iob":0.028,"basaliob":-0.136,"bolussnooze":3.0E-4,"activity":7.0E-4,"lastBolusTime":1704278556000,"time":"2024-01-03T13:52:34.630Z","iobWithZeroTemp":{"iob":-0.471,"basaliob":-0.635,"bolussnooze":3.0E-4,"activity":-0.003,"lastBolusTime":1704278556000,"time":"2024-01-03T13:52:34.630Z"}},{"iob":0.025,"basaliob":-0.126,"bolussnooze":2.0E-4,"activity":6.0E-4,"lastBolusTime":1704278556000,"time":"2024-01-03T13:57:34.630Z","iobWithZeroTemp":{"iob":-0.489,"basaliob":-0.64,"bolussnooze":2.0E-4,"activity":-0.0033,"lastBolusTime":1704278556000,"time":"2024-01-03T13:57:34.630Z"}},{"iob":0.022,"basaliob":-0.117,"bolussnooze":1.0E-4,"activity":6.0E-4,"lastBolusTime":1704278556000,"time":"2024-01-03T14:02:34.630Z","iobWithZeroTemp":{"iob":-0.505,"basaliob":-0.644,"bolussnooze":1.0E-4,"activity":-0.0034,"lastBolusTime":1704278556000,"time":"2024-01-03T14:02:34.630Z"}},{"iob":0.019,"basaliob":-0.108,"bolussnooze":1.0E-4,"activity":5.0E-4,"lastBolusTime":1704278556000,"time":"2024-01-03T14:07:34.630Z","iobWithZeroTemp":{"iob":-0.521,"basaliob":-0.648,"bolussnooze":1.0E-4,"activity":-0.0037,"lastBolusTime":1704278556000,"time":"2024-01-03T14:07:34.630Z"}},{"iob":0.017,"basaliob":-0.1,"bolussnooze":0,"activity":4.0E-4,"lastBolusTime":1704278556000,"time":"2024-01-03T14:12:34.630Z","iobWithZeroTemp":{"iob":-0.535,"basaliob":-0.652,"bolussnooze":0,"activity":-0.0039,"lastBolusTime":1704278556000,"time":"2024-01-03T14:12:34.630Z"}},{"iob":0.015,"basaliob":-0.092,"bolussnooze":0,"activity":4.0E-4,"lastBolusTime":1704278556000,"time":"2024-01-03T14:17:34.630Z","iobWithZeroTemp":{"iob":-0.548,"basaliob":-0.655,"bolussnooze":0,"activity":-0.0041,"lastBolusTime":1704278556000,"time":"2024-01-03T14:17:34.630Z"}},{"iob":0.013,"basaliob":-0.085,"bolussnooze":0,"activity":3.0E-4,"lastBolusTime":1704278556000,"time":"2024-01-03T14:22:34.630Z","iobWithZeroTemp":{"iob":-0.561,"basaliob":-0.659,"bolussnooze":0,"activity":-0.0043,"lastBolusTime":1704278556000,"time":"2024-01-03T14:22:34.630Z"}},{"iob":0.012,"basaliob":-0.078,"bolussnooze":0,"activity":3.0E-4,"lastBolusTime":1704278556000,"time":"2024-01-03T14:27:34.630Z","iobWithZeroTemp":{"iob":-0.572,"basaliob":-0.662,"bolussnooze":0,"activity":-0.0045,"lastBolusTime":1704278556000,"time":"2024-01-03T14:27:34.630Z"}},{"iob":0.01,"basaliob":-0.072,"bolussnooze":0,"activity":3.0E-4,"lastBolusTime":1704278556000,"time":"2024-01-03T14:32:34.630Z","iobWithZeroTemp":{"iob":-0.583,"basaliob":-0.665,"bolussnooze":0,"activity":-0.0046,"lastBolusTime":1704278556000,"time":"2024-01-03T14:32:34.630Z"}},{"iob":0.009,"basaliob":-0.066,"bolussnooze":0,"activity":3.0E-4,"lastBolusTime":1704278556000,"time":"2024-01-03T14:37:34.630Z","iobWithZeroTemp":{"iob":-0.592,"basaliob":-0.667,"bolussnooze":0,"activity":-0.0047,"lastBolusTime":1704278556000,"time":"2024-01-03T14:37:34.630Z"}},{"iob":0.008,"basaliob":-0.061,"bolussnooze":0,"activity":2.0E-4,"lastBolusTime":1704278556000,"time":"2024-01-03T14:42:34.630Z","iobWithZeroTemp":{"iob":-0.601,"basaliob":-0.67,"bolussnooze":0,"activity":-0.0049,"lastBolusTime":1704278556000,"time":"2024-01-03T14:42:34.630Z"}},{"iob":0.007,"basaliob":-0.056,"bolussnooze":0,"activity":2.0E-4,"lastBolusTime":1704278556000,"time":"2024-01-03T14:47:34.630Z","iobWithZeroTemp":{"iob":-0.61,"basaliob":-0.673,"bolussnooze":0,"activity":-0.005,"lastBolusTime":1704278556000,"time":"2024-01-03T14:47:34.630Z"}},{"iob":0.005,"basaliob":-0.052,"bolussnooze":0,"activity":2.0E-4,"lastBolusTime":1704278556000,"time":"2024-01-03T14:52:34.630Z","iobWithZeroTemp":{"iob":-0.619,"basaliob":-0.676,"bolussnooze":0,"activity":-0.0051,"lastBolusTime":1704278556000,"time":"2024-01-03T14:52:34.630Z"}},{"iob":0.005,"basaliob":-0.047,"bolussnooze":0,"activity":2.0E-4,"lastBolusTime":1704278556000,"time":"2024-01-03T14:57:34.630Z","iobWithZeroTemp":{"iob":-0.625,"basaliob":-0.677,"bolussnooze":0,"activity":-0.0052,"lastBolusTime":1704278556000,"time":"2024-01-03T14:57:34.630Z"}},{"iob":0.004,"basaliob":-0.043,"bolussnooze":0,"activity":1.0E-4,"lastBolusTime":1704278556000,"time":"2024-01-03T15:02:34.630Z","iobWithZeroTemp":{"iob":-0.632,"basaliob":-0.679,"bolussnooze":0,"activity":-0.0054,"lastBolusTime":1704278556000,"time":"2024-01-03T15:02:34.630Z"}},{"iob":0.003,"basaliob":-0.04,"bolussnooze":0,"activity":1.0E-4,"lastBolusTime":1704278556000,"time":"2024-01-03T15:07:34.630Z","iobWithZeroTemp":{"iob":-0.639,"basaliob":-0.682,"bolussnooze":0,"activity":-0.0055,"lastBolusTime":1704278556000,"time":"2024-01-03T15:07:34.630Z"}},{"iob":0.003,"basaliob":-0.036,"bolussnooze":0,"activity":2.0E-4,"lastBolusTime":1704278556000,"time":"2024-01-03T15:12:34.630Z","iobWithZeroTemp":{"iob":-0.644,"basaliob":-0.683,"bolussnooze":0,"activity":-0.0055,"lastBolusTime":1704278556000,"time":"2024-01-03T15:12:34.630Z"}},{"iob":0.002,"basaliob":-0.033,"bolussnooze":0,"activity":1.0E-4,"lastBolusTime":1704278556000,"time":"2024-01-03T15:17:34.630Z","iobWithZeroTemp":{"iob":-0.649,"basaliob":-0.684,"bolussnooze":0,"activity":-0.0057,"lastBolusTime":1704278556000,"time":"2024-01-03T15:17:34.630Z"}},{"iob":0.001,"basaliob":-0.031,"bolussnooze":0,"activity":1.0E-4,"lastBolusTime":1704278556000,"time":"2024-01-03T15:22:34.630Z","iobWithZeroTemp":{"iob":-0.655,"basaliob":-0.687,"bolussnooze":0,"activity":-0.0057,"lastBolusTime":1704278556000,"time":"2024-01-03T15:22:34.630Z"}},{"iob":0.001,"basaliob":-0.028,"bolussnooze":0,"activity":1.0E-4,"lastBolusTime":1704278556000,"time":"2024-01-03T15:27:34.630Z","iobWithZeroTemp":{"iob":-0.659,"basaliob":-0.688,"bolussnooze":0,"activity":-0.0058,"lastBolusTime":1704278556000,"time":"2024-01-03T15:27:34.630Z"}},{"iob":0.001,"basaliob":-0.025,"bolussnooze":0,"activity":0,"lastBolusTime":1704278556000,"time":"2024-01-03T15:32:34.630Z","iobWithZeroTemp":{"iob":-0.663,"basaliob":-0.689,"bolussnooze":0,"activity":-0.0059,"lastBolusTime":1704278556000,"time":"2024-01-03T15:32:34.630Z"}},{"iob":0.001,"basaliob":-0.023,"bolussnooze":0,"activity":1.0E-4,"lastBolusTime":1704278556000,"time":"2024-01-03T15:37:34.630Z","iobWithZeroTemp":{"iob":-0.666,"basaliob":-0.69,"bolussnooze":0,"activity":-0.0059,"lastBolusTime":1704278556000,"time":"2024-01-03T15:37:34.630Z"}},{"iob":0.001,"basaliob":-0.021,"bolussnooze":0,"activity":0,"lastBolusTime":1704278556000,"time":"2024-01-03T15:42:34.630Z","iobWithZeroTemp":{"iob":-0.669,"basaliob":-0.691,"bolussnooze":0,"activity":-0.0061,"lastBolusTime":1704278556000,"time":"2024-01-03T15:42:34.630Z"}},{"iob":0,"basaliob":-0.019,"bolussnooze":0,"activity":0,"lastBolusTime":1704278556000,"time":"2024-01-03T15:47:34.630Z","iobWithZeroTemp":{"iob":-0.673,"basaliob":-0.692,"bolussnooze":0,"activity":-0.0061,"lastBolusTime":1704278556000,"time":"2024-01-03T15:47:34.630Z"}},{"iob":0.001,"basaliob":-0.017,"bolussnooze":0,"activity":1.0E-4,"lastBolusTime":1704278556000,"time":"2024-01-03T15:52:34.630Z","iobWithZeroTemp":{"iob":-0.675,"basaliob":-0.693,"bolussnooze":0,"activity":-0.006,"lastBolusTime":1704278556000,"time":"2024-01-03T15:52:34.630Z"}},{"iob":0,"basaliob":-0.016,"bolussnooze":0,"activity":0,"lastBolusTime":1704278556000,"time":"2024-01-03T15:57:34.630Z","iobWithZeroTemp":{"iob":-0.678,"basaliob":-0.694,"bolussnooze":0,"activity":-0.0062,"lastBolusTime":1704278556000,"time":"2024-01-03T15:57:34.630Z"}},{"iob":0,"basaliob":-0.014,"bolussnooze":0,"activity":0,"lastBolusTime":1704278556000,"time":"2024-01-03T16:02:34.630Z","iobWithZeroTemp":{"iob":-0.681,"basaliob":-0.695,"bolussnooze":0,"activity":-0.0062,"lastBolusTime":1704278556000,"time":"2024-01-03T16:02:34.630Z"}},{"iob":0,"basaliob":-0.013,"bolussnooze":0,"activity":0,"lastBolusTime":1704278556000,"time":"2024-01-03T16:07:34.630Z","iobWithZeroTemp":{"iob":-0.683,"basaliob":-0.696,"bolussnooze":0,"activity":-0.0063,"lastBolusTime":1704278556000,"time":"2024-01-03T16:07:34.630Z"}}],"profile":{"max_iob":7,"type":"current","max_daily_basal":0.45,"max_basal":1.35,"min_bg":106.2,"max_bg":106.2,"target_bg":106.2,"carb_ratio":11,"sens":352.8,"max_daily_safety_multiplier":3,"current_basal_safety_multiplier":4,"lgsThreshold":65,"high_temptarget_raises_sensitivity":false,"low_temptarget_lowers_sensitivity":false,"sensitivity_raises_target":true,"resistance_lowers_target":true,"adv_target_adjustments":false,"exercise_mode":false,"half_basal_exercise_target":160,"maxCOB":120,"skip_neutral_temps":false,"remainingCarbsCap":90,"enableUAM":true,"A52_risk_enable":false,"SMBInterval":4,"enableSMB_with_COB":true,"enableSMB_with_temptarget":false,"allowSMB_with_high_temptarget":true,"enableSMB_always":true,"enableSMB_after_carbs":false,"maxSMBBasalMinutes":60,"maxUAMSMBBasalMinutes":60,"bolus_increment":0.05,"carbsReqThreshold":10,"current_basal":0.4,"temptargetSet":false,"autosens_max":1.2,"autosens_min":0.8,"out_units":"mmol\/L","variable_sens":231.1,"insulinDivisor":65,"TDD":6.992393458333335},"autosens_data":{"ratio":0.9091925072231828},"meal_data":{"carbs":15,"mealCOB":6.026081632653056,"slopeFromMaxDeviation":-1.4595454545454545,"slopeFromMinDeviation":0,"lastBolusTime":1704278556000,"lastCarbTime":1704275188000},"microBolusAllowed":true,"currentTime":1704283957456,"flatBGsDetected":false,"tdd1D":19.209083333333343,"tdd7D":22.16738095238096,"tddLast24H":20.15441666666667,"tddLast4H":2.64,"tddLast8to4H":4.113333333333332},"output":{"temp":"absolute","bg":133,"tick":-1,"eventualBG":179,"targetBG":111,"insulinReq":0.01,"deliverAt":"2024-01-03T12:12:37.456Z","sensitivityRatio":0.9091925072231828,"variable_sens":231.1,"predBGs":{"IOB":[133,131,128,126,124,122,120,118,117,115,113,111,109,107,105,103,102,100,99,98,97,96,95,94,94,93,92,92,91,91,91,90,90,90,89,89,89,89,89,89,88],"ZT":[133,128,123,118,114,111,108,105,103,102,101,101,101,102,103,104,107,109],"COB":[133,131,129,128,127,126,126,125,126,126,126,127,128,129,130,131,132,133,135,136,137,139,141,142,144,145,147,149,150,152,154,155,157,159,160,162,164,165,167,168,169,171,172,174,175,177,178,179],"UAM":[133,129,125,120,116,112,108,105,102,99,96,94,91,89,87,85,84,82,81,79,78,77,76,75,74,73,73,72,72,71,71,70,70,70,69,69,69,69,68]},"reason":"COB: 6, Dev: 1.1, BGI: -0.3, ISF: 12.8, CR: 11, Target: 6.2, minPredBG 6.3, minGuardBG 5.1, IOBpredBG 4.9, COBpredBG 9.9, UAMpredBG 3.8; Eventual BG 9.9 >= 6.2,  insulinReq 0.01. temp 0.32 < 0.38U\/hr. ","COB":6.026081632653056,"IOB":0.231,"duration":30,"rate":0.38367700288927314,"timestamp":"2024-01-03T12:12:37.491Z"}}