{"algorithm":"OpenAPSSMBDynamicISFPlugin","input":{"glucoseStatus":{"glucose":107,"noise":0,"delta":13,"short_avgdelta":16.44,"long_avgdelta":4.63,"date":1704138731363},"currenttemp":{"temp":"absolute","duration":10,"rate":0.6,"minutesrunning":5},"iob_data":[{"iob":0.104,"basaliob":-0.544,"bolussnooze":0.0101,"activity":0.005,"lastBolusTime":1704129289000,"time":"2024-01-01T19:52:26.542Z","iobWithZeroTemp":{"iob":0.104,"basaliob":-0.544,"bolussnooze":0.0101,"activity":0.005,"lastBolusTime":1704129289000,"time":"2024-01-01T19:52:26.542Z"}},{"iob":0.08,"basaliob":-0.518,"bolussnooze":0.0083,"activity":0.0043,"lastBolusTime":1704129289000,"time":"2024-01-01T19:57:26.542Z","iobWithZeroTemp":{"iob":0.053,"basaliob":-0.545,"bolussnooze":0.0083,"activity":0.0043,"lastBolusTime":1704129289000,"time":"2024-01-01T19:57:26.542Z"}},{"iob":0.061,"basaliob":-0.491,"bolussnooze":0.0067,"activity":0.0037,"lastBolusTime":1704129289000,"time":"2024-01-01T20:02:26.542Z","iobWithZeroTemp":{"iob":0.001,"basaliob":-0.551,"bolussnooze":0.0067,"activity":0.0036,"lastBolusTime":1704129289000,"time":"2024-01-01T20:02:26.542Z"}},{"iob":0.042,"basaliob":-0.466,"bolussnooze":0.0054,"activity":0.0032,"lastBolusTime":1704129289000,"time":"2024-01-01T20:07:26.542Z","iobWithZeroTemp":{"iob":-0.05,"basaliob":-0.558,"bolussnooze":0.0054,"activity":0.003,"lastBolusTime":1704129289000,"time":"2024-01-01T20:07:26.542Z"}},{"iob":0.027,"basaliob":-0.441,"bolussnooze":0.0044,"activity":0.0027,"lastBolusTime":1704129289000,"time":"2024-01-01T20:12:26.542Z","iobWithZeroTemp":{"iob":-0.098,"basaliob":-0.566,"bolussnooze":0.0044,"activity":0.0024,"lastBolusTime":1704129289000,"time":"2024-01-01T20:12:26.542Z"}},{"iob":0.015,"basaliob":-0.416,"bolussnooze":0.0035,"activity":0.0024,"lastBolusTime":1704129289000,"time":"2024-01-01T20:17:26.542Z","iobWithZeroTemp":{"iob":-0.141,"basaliob":-0.572,"bolussnooze":0.0035,"activity":0.0019,"lastBolusTime":1704129289000,"time":"2024-01-01T20:17:26.542Z"}},{"iob":0.003,"basaliob":-0.393,"bolussnooze":0.0028,"activity":0.0021,"lastBolusTime":1704129289000,"time":"2024-01-01T20:22:26.542Z","iobWithZeroTemp":{"iob":-0.183,"basaliob":-0.579,"bolussnooze":0.0028,"activity":0.0014,"lastBolusTime":1704129289000,"time":"2024-01-01T20:22:26.542Z"}},{"iob":-0.006,"basaliob":-0.37,"bolussnooze":0.0022,"activity":0.0017,"lastBolusTime":1704129289000,"time":"2024-01-01T20:27:26.542Z","iobWithZeroTemp":{"iob":-0.222,"basaliob":-0.586,"bolussnooze":0.0022,"activity":8.0E-4,"lastBolusTime":1704129289000,"time":"2024-01-01T20:27:26.542Z"}},{"iob":-0.013,"basaliob":-0.348,"bolussnooze":0.0018,"activity":0.0014,"lastBolusTime":1704129289000,"time":"2024-01-01T20:32:26.542Z","iobWithZeroTemp":{"iob":-0.257,"basaliob":-0.592,"bolussnooze":0.0018,"activity":3.0E-4,"lastBolusTime":1704129289000,"time":"2024-01-01T20:32:26.542Z"}},{"iob":-0.02,"basaliob":-0.327,"bolussnooze":0.0014,"activity":0.0012,"lastBolusTime":1704129289000,"time":"2024-01-01T20:37:26.542Z","iobWithZeroTemp":{"iob":-0.292,"basaliob":-0.599,"bolussnooze":0.0014,"activity":-1.0E-4,"lastBolusTime":1704129289000,"time":"2024-01-01T20:37:26.542Z"}},{"iob":-0.025,"basaliob":-0.307,"bolussnooze":0.0011,"activity":0.001,"lastBolusTime":1704129289000,"time":"2024-01-01T20:42:26.542Z","iobWithZeroTemp":{"iob":-0.323,"basaliob":-0.605,"bolussnooze":0.0011,"activity":-5.0E-4,"lastBolusTime":1704129289000,"time":"2024-01-01T20:42:26.542Z"}},{"iob":-0.029,"basaliob":-0.287,"bolussnooze":8.0E-4,"activity":7.0E-4,"lastBolusTime":1704129289000,"time":"2024-01-01T20:47:26.542Z","iobWithZeroTemp":{"iob":-0.352,"basaliob":-0.61,"bolussnooze":8.0E-4,"activity":-0.0011,"lastBolusTime":1704129289000,"time":"2024-01-01T20:47:26.542Z"}},{"iob":-0.033,"basaliob":-0.269,"bolussnooze":6.0E-4,"activity":6.0E-4,"lastBolusTime":1704129289000,"time":"2024-01-01T20:52:26.542Z","iobWithZeroTemp":{"iob":-0.38,"basaliob":-0.616,"bolussnooze":6.0E-4,"activity":-0.0014,"lastBolusTime":1704129289000,"time":"2024-01-01T20:52:26.542Z"}},{"iob":-0.036,"basaliob":-0.252,"bolussnooze":4.0E-4,"activity":5.0E-4,"lastBolusTime":1704129289000,"time":"2024-01-01T20:57:26.542Z","iobWithZeroTemp":{"iob":-0.406,"basaliob":-0.622,"bolussnooze":4.0E-4,"activity":-0.0017,"lastBolusTime":1704129289000,"time":"2024-01-01T20:57:26.542Z"}},{"iob":-0.037,"basaliob":-0.235,"bolussnooze":3.0E-4,"activity":4.0E-4,"lastBolusTime":1704129289000,"time":"2024-01-01T21:02:26.542Z","iobWithZeroTemp":{"iob":-0.428,"basaliob":-0.626,"bolussnooze":3.0E-4,"activity":-0.002,"lastBolusTime":1704129289000,"time":"2024-01-01T21:02:26.542Z"}},{"iob":-0.038,"basaliob":-0.219,"bolussnooze":2.0E-4,"activity":3.0E-4,"lastBolusTime":1704129289000,"time":"2024-01-01T21:07:26.542Z","iobWithZeroTemp":{"iob":-0.45,"basaliob":-0.631,"bolussnooze":2.0E-4,"activity":-0.0024,"lastBolusTime":1704129289000,"time":"2024-01-01T21:07:26.542Z"}},{"iob":-0.04,"basaliob":-0.205,"bolussnooze":2.0E-4,"activity":1.0E-4,"lastBolusTime":1704129289000,"time":"2024-01-01T21:12:26.542Z","iobWithZeroTemp":{"iob":-0.471,"basaliob":-0.636,"bolussnooze":2.0E-4,"activity":-0.0028,"lastBolusTime":1704129289000,"time":"2024-01-01T21:12:26.542Z"}},{"iob":-0.041,"basaliob":-0.191,"bolussnooze":1.0E-4,"activity":1.0E-4,"lastBolusTime":1704129289000,"time":"2024-01-01T21:17:26.542Z","iobWithZeroTemp":{"iob":-0.491,"basaliob":-0.641,"bolussnooze":1.0E-4,"activity":-0.003,"lastBolusTime":1704129289000,"time":"2024-01-01T21:17:26.542Z"}},{"iob":-0.04,"basaliob":-0.177,"bolussnooze":1.0E-4,"activity":0,"lastBolusTime":1704129289000,"time":"2024-01-01T21:22:26.542Z","iobWithZeroTemp":{"iob":-0.507,"basaliob":-0.644,"bolussnooze":1.0E-4,"activity":-0.0033,"lastBolusTime":1704129289000,"time":"2024-01-01T21:22:26.542Z"}},{"iob":-0.04,"basaliob":-0.165,"bolussnooze":0,"activity":0,"lastBolusTime":1704129289000,"time":"2024-01-01T21:27:26.542Z","iobWithZeroTemp":{"iob":-0.524,"basaliob":-0.649,"bolussnooze":0,"activity":-0.0035,"lastBolusTime":1704129289000,"time":"2024-01-01T21:27:26.542Z"}},{"iob":-0.039,"basaliob":-0.153,"bolussnooze":0,"activity":-1.0E-4,"lastBolusTime":1704129289000,"time":"2024-01-01T21:32:26.542Z","iobWithZeroTemp":{"iob":-0.538,"basaliob":-0.652,"bolussnooze":0,"activity":-0.0038,"lastBolusTime":1704129289000,"time":"2024-01-01T21:32:26.542Z"}},{"iob":-0.039,"basaliob":-0.142,"bolussnooze":0,"activity":-1.0E-4,"lastBolusTime":1704129289000,"time":"2024-01-01T21:37:26.542Z","iobWithZeroTemp":{"iob":-0.553,"basaliob":-0.656,"bolussnooze":0,"activity":-0.004,"lastBolusTime":1704129289000,"time":"2024-01-01T21:37:26.542Z"}},{"iob":-0.038,"basaliob":-0.132,"bolussnooze":0,"activity":-2.0E-4,"lastBolusTime":1704129289000,"time":"2024-01-01T21:42:26.542Z","iobWithZeroTemp":{"iob":-0.565,"basaliob":-0.659,"bolussnooze":0,"activity":-0.0042,"lastBolusTime":1704129289000,"time":"2024-01-01T21:42:26.542Z"}},{"iob":-0.038,"basaliob":-0.123,"bolussnooze":0,"activity":-2.0E-4,"lastBolusTime":1704129289000,"time":"2024-01-01T21:47:26.542Z","iobWithZeroTemp":{"iob":-0.578,"basaliob":-0.663,"bolussnooze":0,"activity":-0.0044,"lastBolusTime":1704129289000,"time":"2024-01-01T21:47:26.542Z"}},{"iob":-0.037,"basaliob":-0.114,"bolussnooze":0,"activity":-2.0E-4,"lastBolusTime":1704129289000,"time":"2024-01-01T21:52:26.542Z","iobWithZeroTemp":{"iob":-0.589,"basaliob":-0.666,"bolussnooze":0,"activity":-0.0045,"lastBolusTime":1704129289000,"time":"2024-01-01T21:52:26.542Z"}},{"iob":-0.035,"basaliob":-0.105,"bolussnooze":0,"activity":-2.0E-4,"lastBolusTime":1704129289000,"time":"2024-01-01T21:57:26.542Z","iobWithZeroTemp":{"iob":-0.598,"basaliob":-0.668,"bolussnooze":0,"activity":-0.0047,"lastBolusTime":1704129289000,"time":"2024-01-01T21:57:26.542Z"}},{"iob":-0.034,"basaliob":-0.097,"bolussnooze":0,"activity":-2.0E-4,"lastBolusTime":1704129289000,"time":"2024-01-01T22:02:26.542Z","iobWithZeroTemp":{"iob":-0.608,"basaliob":-0.671,"bolussnooze":0,"activity":-0.0048,"lastBolusTime":1704129289000,"time":"2024-01-01T22:02:26.542Z"}},{"iob":-0.033,"basaliob":-0.09,"bolussnooze":0,"activity":-2.0E-4,"lastBolusTime":1704129289000,"time":"2024-01-01T22:07:26.542Z","iobWithZeroTemp":{"iob":-0.625,"basaliob":-0.682,"bolussnooze":0,"activity":-0.005,"lastBolusTime":1704129289000,"time":"2024-01-01T22:07:26.542Z"}},{"iob":-0.032,"basaliob":-0.083,"bolussnooze":0,"activity":-2.0E-4,"lastBolusTime":1704129289000,"time":"2024-01-01T22:12:26.542Z","iobWithZeroTemp":{"iob":-0.637,"basaliob":-0.688,"bolussnooze":0,"activity":-0.0051,"lastBolusTime":1704129289000,"time":"2024-01-01T22:12:26.542Z"}},{"iob":-0.031,"basaliob":-0.077,"bolussnooze":0,"activity":-2.0E-4,"lastBolusTime":1704129289000,"time":"2024-01-01T22:17:26.542Z","iobWithZeroTemp":{"iob":-0.649,"basaliob":-0.695,"bolussnooze":0,"activity":-0.0053,"lastBolusTime":1704129289000,"time":"2024-01-01T22:17:26.542Z"}},{"iob":-0.029,"basaliob":-0.071,"bolussnooze":0,"activity":-2.0E-4,"lastBolusTime":1704129289000,"time":"2024-01-01T22:22:26.542Z","iobWithZeroTemp":{"iob":-0.658,"basaliob":-0.7,"bolussnooze":0,"activity":-0.0054,"lastBolusTime":1704129289000,"time":"2024-01-01T22:22:26.542Z"}},{"iob":-0.028,"basaliob":-0.065,"bolussnooze":0,"activity":-3.0E-4,"lastBolusTime":1704129289000,"time":"2024-01-01T22:27:26.542Z","iobWithZeroTemp":{"iob":-0.669,"basaliob":-0.706,"bolussnooze":0,"activity":-0.0056,"lastBolusTime":1704129289000,"time":"2024-01-01T22:27:26.542Z"}},{"iob":-0.026,"basaliob":-0.06,"bolussnooze":0,"activity":-3.0E-4,"lastBolusTime":1704129289000,"time":"2024-01-01T22:32:26.542Z","iobWithZeroTemp":{"iob":-0.677,"basaliob":-0.711,"bolussnooze":0,"activity":-0.0058,"lastBolusTime":1704129289000,"time":"2024-01-01T22:32:26.542Z"}},{"iob":-0.025,"basaliob":-0.055,"bolussnooze":0,"activity":-2.0E-4,"lastBolusTime":1704129289000,"time":"2024-01-01T22:37:26.542Z","iobWithZeroTemp":{"iob":-0.686,"basaliob":-0.716,"bolussnooze":0,"activity":-0.0058,"lastBolusTime":1704129289000,"time":"2024-01-01T22:37:26.542Z"}},{"iob":-0.024,"basaliob":-0.051,"bolussnooze":0,"activity":-3.0E-4,"lastBolusTime":1704129289000,"time":"2024-01-01T22:42:26.542Z","iobWithZeroTemp":{"iob":-0.694,"basaliob":-0.721,"bolussnooze":0,"activity":-0.006,"lastBolusTime":1704129289000,"time":"2024-01-01T22:42:26.542Z"}},{"iob":-0.023,"basaliob":-0.047,"bolussnooze":0,"activity":-3.0E-4,"lastBolusTime":1704129289000,"time":"2024-01-01T22:47:26.542Z","iobWithZeroTemp":{"iob":-0.702,"basaliob":-0.726,"bolussnooze":0,"activity":-0.0061,"lastBolusTime":1704129289000,"time":"2024-01-01T22:47:26.542Z"}},{"iob":-0.022,"basaliob":-0.043,"bolussnooze":0,"activity":-2.0E-4,"lastBolusTime":1704129289000,"time":"2024-01-01T22:52:26.542Z","iobWithZeroTemp":{"iob":-0.709,"basaliob":-0.73,"bolussnooze":0,"activity":-0.0061,"lastBolusTime":1704129289000,"time":"2024-01-01T22:52:26.542Z"}},{"iob":-0.02,"basaliob":-0.039,"bolussnooze":0,"activity":-3.0E-4,"lastBolusTime":1704129289000,"time":"2024-01-01T22:57:26.542Z","iobWithZeroTemp":{"iob":-0.715,"basaliob":-0.734,"bolussnooze":0,"activity":-0.0063,"lastBolusTime":1704129289000,"time":"2024-01-01T22:57:26.542Z"}},{"iob":-0.019,"basaliob":-0.036,"bolussnooze":0,"activity":-2.0E-4,"lastBolusTime":1704129289000,"time":"2024-01-01T23:02:26.542Z","iobWithZeroTemp":{"iob":-0.721,"basaliob":-0.738,"bolussnooze":0,"activity":-0.0063,"lastBolusTime":1704129289000,"time":"2024-01-01T23:02:26.542Z"}},{"iob":-0.018,"basaliob":-0.033,"bolussnooze":0,"activity":-2.0E-4,"lastBolusTime":1704129289000,"time":"2024-01-01T23:07:26.542Z","iobWithZeroTemp":{"iob":-0.727,"basaliob":-0.742,"bolussnooze":0,"activity":-0.0064,"lastBolusTime":1704129289000,"time":"2024-01-01T23:07:26.542Z"}},{"iob":-0.017,"basaliob":-0.03,"bolussnooze":0,"activity":-2.0E-4,"lastBolusTime":1704129289000,"time":"2024-01-01T23:12:26.542Z","iobWithZeroTemp":{"iob":-0.732,"basaliob":-0.745,"bolussnooze":0,"activity":-0.0065,"lastBolusTime":1704129289000,"time":"2024-01-01T23:12:26.542Z"}},{"iob":-0.016,"basaliob":-0.028,"bolussnooze":0,"activity":-2.0E-4,"lastBolusTime":1704129289000,"time":"2024-01-01T23:17:26.542Z","iobWithZeroTemp":{"iob":-0.737,"basaliob":-0.749,"bolussnooze":0,"activity":-0.0066,"lastBolusTime":1704129289000,"time":"2024-01-01T23:17:26.542Z"}},{"iob":-0.015,"basaliob":-0.025,"bolussnooze":0,"activity":-2.0E-4,"lastBolusTime":1704129289000,"time":"2024-01-01T23:22:26.542Z","iobWithZeroTemp":{"iob":-0.742,"basaliob":-0.752,"bolussnooze":0,"activity":-0.0066,"lastBolusTime":1704129289000,"time":"2024-01-01T23:22:26.542Z"}},{"iob":-0.014,"basaliob":-0.023,"bolussnooze":0,"activity":-2.0E-4,"lastBolusTime":1704129289000,"time":"2024-01-01T23:27:26.542Z","iobWithZeroTemp":{"iob":-0.746,"basaliob":-0.755,"bolussnooze":0,"activity":-0.0067,"lastBolusTime":1704129289000,"time":"2024-01-01T23:27:26.542Z"}},{"iob":-0.013,"basaliob":-0.021,"bolussnooze":0,"activity":-2.0E-4,"lastBolusTime":1704129289000,"time":"2024-01-01T23:32:26.542Z","iobWithZeroTemp":{"iob":-0.75,"basaliob":-0.758,"bolussnooze":0,"activity":-0.0068,"lastBolusTime":1704129289000,"time":"2024-01-01T23:32:26.542Z"}},{"iob":-0.012,"basaliob":-0.019,"bolussnooze":0,"activity":-2.0E-4,"lastBolusTime":1704129289000,"time":"2024-01-01T23:37:26.542Z","iobWithZeroTemp":{"iob":-0.753,"basaliob":-0.76,"bolussnooze":0,"activity":-0.0068,"lastBolusTime":1704129289000,"time":"2024-01-01T23:37:26.542Z"}},{"iob":-0.012,"basaliob":-0.018,"bolussnooze":0,"activity":-1.0E-4,"lastBolusTime":1704129289000,"time":"2024-01-01T23:42:26.542Z","iobWithZeroTemp":{"iob":-0.757,"basaliob":-0.763,"bolussnooze":0,"activity":-0.0068,"lastBolusTime":1704129289000,"time":"2024-01-01T23:42:26.542Z"}},{"iob":-0.011,"basaliob":-0.016,"bolussnooze":0,"activity":-1.0E-4,"lastBolusTime":1704129289000,"time":"2024-01-01T23:47:26.542Z","iobWithZeroTemp":{"iob":-0.76,"basaliob":-0.765,"bolussnooze":0,"activity":-0.0069,"lastBolusTime":1704129289000,"time":"2024-01-01T23:47:26.542Z"}}],"profile":{"max_iob":7,"type":"current","max_daily_basal":0.45,"max_basal":1.35,"min_bg":106.2,"max_bg":106.2,"target_bg":106.2,"carb_ratio":11,"sens":352.8,"max_daily_safety_multiplier":3,"current_basal_safety_multiplier":4,"lgsThreshold":65,"high_temptarget_raises_sensitivity":false,"low_temptarget_lowers_sensitivity":false,"sensitivity_raises_target":true,"resistance_lowers_target":true,"adv_target_adjustments":false,"exercise_mode":false,"half_basal_exercise_target":160,"maxCOB":120,"skip_neutral_temps":false,"remainingCarbsCap":90,"enableUAM":true,"A52_risk_enable":false,"SMBInterval":4,"enableSMB_with_COB":true,"enableSMB_with_temptarget":false,"allowSMB_with_high_temptarget":true,"enableSMB_always":true,"enableSMB_after_carbs":false,"maxSMBBasalMinutes":60,"maxUAMSMBBasalMinutes":60,"bolus_increment":0.05,"carbsReqThreshold":10,"current_basal":0.4,"temptargetSet":false,"autosens_max":1.2,"autosens_min":0.8,"out_units":"mmol\/L","variable_sens":212.1,"insulinDivisor":65,"TDD":8.719956541666667},"autosens_data":{"ratio":1.2433600282428865},"meal_data":{"carbs":23,"mealCOB":6.459066893424046,"slopeFromMaxDeviation":-1.6891818181818183,"slopeFromMinDeviation":5.974333333333334,"lastBolusTime":1704129289000,"lastCarbTime":1704137139000},"microBolusAllowed":true,"currentTime":1704138748703,"flatBGsDetected":false,"tdd1D":21.848083333333335,"tdd7D":24.48151190476191,"tddLast24H":30.43933333333333,"tddLast4H":4.596666666666666,"tddLast8to4H":5.066666666666666},"output":{"temp":"absolute","bg":107,"tick":"+13","eventualBG":195,"targetBG":97,"insulinReq":0.33,"deliverAt":"2024-01-01T19:52:28.703Z","sensitivityRatio":1.2433600282428865,"variable_sens":212.1,"predBGs":{"IOB":[107,118,129,140,149,157,164,170,175,179,181,181,181,180,180,180,180,179,179,179,179,179,180,180,180,180,180,180,180,181,181,181,181,181,182,182,182,182,182,183,183,183,183,183,183,183,184],"ZT":[107,102,97,93,89,87,84,83,82,81,81,82,83,85,87,90,92,96],"COB":[107,119,130,140,150,158,166,173,178,183,187,189,191,191,190,190,189,189,189,189,189,189,189,190,190,190,190,191,191,191,191,191,192,192,192,193,193,193,193,194,194,194,194,194,195],"UAM":[107,118,128,137,144,150,155,157,158,157,156,155,155,154,154,154,153,153,153,153,153,153,153,154,154,154,154,154,154,155,155,155,155,155,156,156,156,156,156,157,157,157,157,157,157,158]},"reason":"COB: 6.5, Dev: 6.1, BGI: -0.3, ISF: 11.8, CR: 11, Target: 5.4, minPredBG 9.3, minGuardBG 6.6, IOBpredBG 10.2, COBpredBG 10.8, UAMpredBG 8.8; Eventual BG 10.8 >= 5.4,  insulinReq 0.33. Microbolusing 0.15U. temp 0.60 < 1.16U\/hr. ","COB":6.459066893424046,"IOB":0.104,"units":0.15,"duration":30,"rate":1.1573440112971547,"timestamp":"2024-01-01T19:52:28.727Z"}}