{"algorithm":"OpenAPSSMBDynamicISFPlugin","input":{"glucoseStatus":{"glucose":82,"noise":0,"delta":3,"short_avgdelta":3,"long_avgdelta":2.65,"date":1704158229920},"currenttemp":{"temp":"absolute","duration":5,"rate":0,"minutesrunning":25},"iob_data":[{"iob":-0.446,"basaliob":-0.557,"bolussnooze":0,"activity":-0.0036,"lastBolusTime":1704149566000,"time":"2024-01-02T01:19:32.997Z","iobWithZeroTemp":{"iob":-0.446,"basaliob":-0.557,"bolussnooze":0,"activity":-0.0036,"lastBolusTime":1704149566000,"time":"2024-01-02T01:19:32.997Z"}},{"iob":-0.429,"basaliob":-0.531,"bolussnooze":0,"activity":-0.0037,"lastBolusTime":1704149566000,"time":"2024-01-02T01:24:32.997Z","iobWithZeroTemp":{"iob":-0.447,"basaliob":-0.549,"bolussnooze":0,"activity":-0.0037,"lastBolusTime":1704149566000,"time":"2024-01-02T01:24:32.997Z"}},{"iob":-0.409,"basaliob":-0.504,"bolussnooze":0,"activity":-0.0037,"lastBolusTime":1704149566000,"time":"2024-01-02T01:29:32.997Z","iobWithZeroTemp":{"iob":-0.449,"basaliob":-0.544,"bolussnooze":0,"activity":-0.0038,"lastBolusTime":1704149566000,"time":"2024-01-02T01:29:32.997Z"}},{"iob":-0.392,"basaliob":-0.479,"bolussnooze":0,"activity":-0.0037,"lastBolusTime":1704149566000,"time":"2024-01-02T01:34:32.997Z","iobWithZeroTemp":{"iob":-0.454,"basaliob":-0.541,"bolussnooze":0,"activity":-0.0038,"lastBolusTime":1704149566000,"time":"2024-01-02T01:34:32.997Z"}},{"iob":-0.372,"basaliob":-0.453,"bolussnooze":0,"activity":-0.0037,"lastBolusTime":1704149566000,"time":"2024-01-02T01:39:32.997Z","iobWithZeroTemp":{"iob":-0.456,"basaliob":-0.537,"bolussnooze":0,"activity":-0.0039,"lastBolusTime":1704149566000,"time":"2024-01-02T01:39:32.997Z"}},{"iob":-0.355,"basaliob":-0.429,"bolussnooze":0,"activity":-0.0037,"lastBolusTime":1704149566000,"time":"2024-01-02T01:44:32.997Z","iobWithZeroTemp":{"iob":-0.46,"basaliob":-0.534,"bolussnooze":0,"activity":-0.004,"lastBolusTime":1704149566000,"time":"2024-01-02T01:44:32.997Z"}},{"iob":-0.337,"basaliob":-0.405,"bolussnooze":0,"activity":-0.0036,"lastBolusTime":1704149566000,"time":"2024-01-02T01:49:32.997Z","iobWithZeroTemp":{"iob":-0.463,"basaliob":-0.531,"bolussnooze":0,"activity":-0.0041,"lastBolusTime":1704149566000,"time":"2024-01-02T01:49:32.997Z"}},{"iob":-0.318,"basaliob":-0.381,"bolussnooze":0,"activity":-0.0034,"lastBolusTime":1704149566000,"time":"2024-01-02T01:54:32.997Z","iobWithZeroTemp":{"iob":-0.464,"basaliob":-0.527,"bolussnooze":0,"activity":-0.004,"lastBolusTime":1704149566000,"time":"2024-01-02T01:54:32.997Z"}},{"iob":-0.301,"basaliob":-0.359,"bolussnooze":0,"activity":-0.0034,"lastBolusTime":1704149566000,"time":"2024-01-02T01:59:32.997Z","iobWithZeroTemp":{"iob":-0.466,"basaliob":-0.524,"bolussnooze":0,"activity":-0.0041,"lastBolusTime":1704149566000,"time":"2024-01-02T01:59:32.997Z"}},{"iob":-0.285,"basaliob":-0.338,"bolussnooze":0,"activity":-0.0033,"lastBolusTime":1704149566000,"time":"2024-01-02T02:04:32.997Z","iobWithZeroTemp":{"iob":-0.468,"basaliob":-0.521,"bolussnooze":0,"activity":-0.0042,"lastBolusTime":1704149566000,"time":"2024-01-02T02:04:32.997Z"}},{"iob":-0.268,"basaliob":-0.317,"bolussnooze":0,"activity":-0.0032,"lastBolusTime":1704149566000,"time":"2024-01-02T02:09:32.997Z","iobWithZeroTemp":{"iob":-0.469,"basaliob":-0.518,"bolussnooze":0,"activity":-0.0042,"lastBolusTime":1704149566000,"time":"2024-01-02T02:09:32.997Z"}},{"iob":-0.252,"basaliob":-0.297,"bolussnooze":0,"activity":-0.003,"lastBolusTime":1704149566000,"time":"2024-01-02T02:14:32.997Z","iobWithZeroTemp":{"iob":-0.47,"basaliob":-0.515,"bolussnooze":0,"activity":-0.0042,"lastBolusTime":1704149566000,"time":"2024-01-02T02:14:32.997Z"}},{"iob":-0.238,"basaliob":-0.279,"bolussnooze":0,"activity":-0.003,"lastBolusTime":1704149566000,"time":"2024-01-02T02:19:32.997Z","iobWithZeroTemp":{"iob":-0.472,"basaliob":-0.513,"bolussnooze":0,"activity":-0.0043,"lastBolusTime":1704149566000,"time":"2024-01-02T02:19:32.997Z"}},{"iob":-0.223,"basaliob":-0.261,"bolussnooze":0,"activity":-0.0028,"lastBolusTime":1704149566000,"time":"2024-01-02T02:24:32.997Z","iobWithZeroTemp":{"iob":-0.473,"basaliob":-0.511,"bolussnooze":0,"activity":-0.0043,"lastBolusTime":1704149566000,"time":"2024-01-02T02:24:32.997Z"}},{"iob":-0.21,"basaliob":-0.244,"bolussnooze":0,"activity":-0.0027,"lastBolusTime":1704149566000,"time":"2024-01-02T02:29:32.997Z","iobWithZeroTemp":{"iob":-0.474,"basaliob":-0.508,"bolussnooze":0,"activity":-0.0043,"lastBolusTime":1704149566000,"time":"2024-01-02T02:29:32.997Z"}},{"iob":-0.197,"basaliob":-0.228,"bolussnooze":0,"activity":-0.0025,"lastBolusTime":1704149566000,"time":"2024-01-02T02:34:32.997Z","iobWithZeroTemp":{"iob":-0.475,"basaliob":-0.506,"bolussnooze":0,"activity":-0.0043,"lastBolusTime":1704149566000,"time":"2024-01-02T02:34:32.997Z"}},{"iob":-0.184,"basaliob":-0.213,"bolussnooze":0,"activity":-0.0025,"lastBolusTime":1704149566000,"time":"2024-01-02T02:39:32.997Z","iobWithZeroTemp":{"iob":-0.475,"basaliob":-0.504,"bolussnooze":0,"activity":-0.0044,"lastBolusTime":1704149566000,"time":"2024-01-02T02:39:32.997Z"}},{"iob":-0.172,"basaliob":-0.198,"bolussnooze":0,"activity":-0.0023,"lastBolusTime":1704149566000,"time":"2024-01-02T02:44:32.997Z","iobWithZeroTemp":{"iob":-0.476,"basaliob":-0.502,"bolussnooze":0,"activity":-0.0044,"lastBolusTime":1704149566000,"time":"2024-01-02T02:44:32.997Z"}},{"iob":-0.161,"basaliob":-0.185,"bolussnooze":0,"activity":-0.0022,"lastBolusTime":1704149566000,"time":"2024-01-02T02:49:32.997Z","iobWithZeroTemp":{"iob":-0.476,"basaliob":-0.5,"bolussnooze":0,"activity":-0.0044,"lastBolusTime":1704149566000,"time":"2024-01-02T02:49:32.997Z"}},{"iob":-0.15,"basaliob":-0.172,"bolussnooze":0,"activity":-0.0021,"lastBolusTime":1704149566000,"time":"2024-01-02T02:54:32.997Z","iobWithZeroTemp":{"iob":-0.477,"basaliob":-0.499,"bolussnooze":0,"activity":-0.0045,"lastBolusTime":1704149566000,"time":"2024-01-02T02:54:32.997Z"}},{"iob":-0.14,"basaliob":-0.16,"bolussnooze":0,"activity":-0.0019,"lastBolusTime":1704149566000,"time":"2024-01-02T02:59:32.997Z","iobWithZeroTemp":{"iob":-0.477,"basaliob":-0.497,"bolussnooze":0,"activity":-0.0044,"lastBolusTime":1704149566000,"time":"2024-01-02T02:59:32.997Z"}},{"iob":-0.131,"basaliob":-0.149,"bolussnooze":0,"activity":-0.0019,"lastBolusTime":1704149566000,"time":"2024-01-02T03:04:32.997Z","iobWithZeroTemp":{"iob":-0.48,"basaliob":-0.498,"bolussnooze":0,"activity":-0.0045,"lastBolusTime":1704149566000,"time":"2024-01-02T03:04:32.997Z"}},{"iob":-0.122,"basaliob":-0.138,"bolussnooze":0,"activity":-0.0018,"lastBolusTime":1704149566000,"time":"2024-01-02T03:09:32.997Z","iobWithZeroTemp":{"iob":-0.483,"basaliob":-0.499,"bolussnooze":0,"activity":-0.0045,"lastBolusTime":1704149566000,"time":"2024-01-02T03:09:32.997Z"}},{"iob":-0.113,"basaliob":-0.128,"bolussnooze":0,"activity":-0.0016,"lastBolusTime":1704149566000,"time":"2024-01-02T03:14:32.997Z","iobWithZeroTemp":{"iob":-0.485,"basaliob":-0.5,"bolussnooze":0,"activity":-0.0044,"lastBolusTime":1704149566000,"time":"2024-01-02T03:14:32.997Z"}},{"iob":-0.105,"basaliob":-0.119,"bolussnooze":0,"activity":-0.0015,"lastBolusTime":1704149566000,"time":"2024-01-02T03:19:32.997Z","iobWithZeroTemp":{"iob":-0.487,"basaliob":-0.501,"bolussnooze":0,"activity":-0.0045,"lastBolusTime":1704149566000,"time":"2024-01-02T03:19:32.997Z"}},{"iob":-0.098,"basaliob":-0.11,"bolussnooze":0,"activity":-0.0015,"lastBolusTime":1704149566000,"time":"2024-01-02T03:24:32.997Z","iobWithZeroTemp":{"iob":-0.49,"basaliob":-0.502,"bolussnooze":0,"activity":-0.0046,"lastBolusTime":1704149566000,"time":"2024-01-02T03:24:32.997Z"}},{"iob":-0.091,"basaliob":-0.102,"bolussnooze":0,"activity":-0.0014,"lastBolusTime":1704149566000,"time":"2024-01-02T03:29:32.997Z","iobWithZeroTemp":{"iob":-0.493,"basaliob":-0.504,"bolussnooze":0,"activity":-0.0046,"lastBolusTime":1704149566000,"time":"2024-01-02T03:29:32.997Z"}},{"iob":-0.084,"basaliob":-0.094,"bolussnooze":0,"activity":-0.0013,"lastBolusTime":1704149566000,"time":"2024-01-02T03:34:32.997Z","iobWithZeroTemp":{"iob":-0.494,"basaliob":-0.504,"bolussnooze":0,"activity":-0.0046,"lastBolusTime":1704149566000,"time":"2024-01-02T03:34:32.997Z"}},{"iob":-0.078,"basaliob":-0.087,"bolussnooze":0,"activity":-0.0012,"lastBolusTime":1704149566000,"time":"2024-01-02T03:39:32.997Z","iobWithZeroTemp":{"iob":-0.497,"basaliob":-0.506,"bolussnooze":0,"activity":-0.0046,"lastBolusTime":1704149566000,"time":"2024-01-02T03:39:32.997Z"}},{"iob":-0.072,"basaliob":-0.08,"bolussnooze":0,"activity":-0.0011,"lastBolusTime":1704149566000,"time":"2024-01-02T03:44:32.997Z","iobWithZeroTemp":{"iob":-0.499,"basaliob":-0.507,"bolussnooze":0,"activity":-0.0046,"lastBolusTime":1704149566000,"time":"2024-01-02T03:44:32.997Z"}},{"iob":-0.067,"basaliob":-0.074,"bolussnooze":0,"activity":-0.001,"lastBolusTime":1704149566000,"time":"2024-01-02T03:49:32.997Z","iobWithZeroTemp":{"iob":-0.501,"basaliob":-0.508,"bolussnooze":0,"activity":-0.0046,"lastBolusTime":1704149566000,"time":"2024-01-02T03:49:32.997Z"}},{"iob":-0.061,"basaliob":-0.068,"bolussnooze":0,"activity":-0.001,"lastBolusTime":1704149566000,"time":"2024-01-02T03:54:32.997Z","iobWithZeroTemp":{"iob":-0.502,"basaliob":-0.509,"bolussnooze":0,"activity":-0.0047,"lastBolusTime":1704149566000,"time":"2024-01-02T03:54:32.997Z"}},{"iob":-0.057,"basaliob":-0.063,"bolussnooze":0,"activity":-9.0E-4,"lastBolusTime":1704149566000,"time":"2024-01-02T03:59:32.997Z","iobWithZeroTemp":{"iob":-0.504,"basaliob":-0.51,"bolussnooze":0,"activity":-0.0047,"lastBolusTime":1704149566000,"time":"2024-01-02T03:59:32.997Z"}},{"iob":-0.053,"basaliob":-0.058,"bolussnooze":0,"activity":-9.0E-4,"lastBolusTime":1704149566000,"time":"2024-01-02T04:04:32.997Z","iobWithZeroTemp":{"iob":-0.514,"basaliob":-0.519,"bolussnooze":0,"activity":-0.0047,"lastBolusTime":1704149566000,"time":"2024-01-02T04:04:32.997Z"}},{"iob":-0.048,"basaliob":-0.053,"bolussnooze":0,"activity":-8.0E-4,"lastBolusTime":1704149566000,"time":"2024-01-02T04:09:32.997Z","iobWithZeroTemp":{"iob":-0.523,"basaliob":-0.528,"bolussnooze":0,"activity":-0.0047,"lastBolusTime":1704149566000,"time":"2024-01-02T04:09:32.997Z"}},{"iob":-0.045,"basaliob":-0.049,"bolussnooze":0,"activity":-7.0E-4,"lastBolusTime":1704149566000,"time":"2024-01-02T04:14:32.997Z","iobWithZeroTemp":{"iob":-0.534,"basaliob":-0.538,"bolussnooze":0,"activity":-0.0047,"lastBolusTime":1704149566000,"time":"2024-01-02T04:14:32.997Z"}},{"iob":-0.041,"basaliob":-0.045,"bolussnooze":0,"activity":-7.0E-4,"lastBolusTime":1704149566000,"time":"2024-01-02T04:19:32.997Z","iobWithZeroTemp":{"iob":-0.543,"basaliob":-0.547,"bolussnooze":0,"activity":-0.0048,"lastBolusTime":1704149566000,"time":"2024-01-02T04:19:32.997Z"}},{"iob":-0.037,"basaliob":-0.041,"bolussnooze":0,"activity":-6.0E-4,"lastBolusTime":1704149566000,"time":"2024-01-02T04:24:32.997Z","iobWithZeroTemp":{"iob":-0.551,"basaliob":-0.555,"bolussnooze":0,"activity":-0.0048,"lastBolusTime":1704149566000,"time":"2024-01-02T04:24:32.997Z"}},{"iob":-0.035,"basaliob":-0.038,"bolussnooze":0,"activity":-6.0E-4,"lastBolusTime":1704149566000,"time":"2024-01-02T04:29:32.997Z","iobWithZeroTemp":{"iob":-0.561,"basaliob":-0.564,"bolussnooze":0,"activity":-0.005,"lastBolusTime":1704149566000,"time":"2024-01-02T04:29:32.997Z"}},{"iob":-0.032,"basaliob":-0.035,"bolussnooze":0,"activity":-5.0E-4,"lastBolusTime":1704149566000,"time":"2024-01-02T04:34:32.997Z","iobWithZeroTemp":{"iob":-0.569,"basaliob":-0.572,"bolussnooze":0,"activity":-0.005,"lastBolusTime":1704149566000,"time":"2024-01-02T04:34:32.997Z"}},{"iob":-0.029,"basaliob":-0.032,"bolussnooze":0,"activity":-5.0E-4,"lastBolusTime":1704149566000,"time":"2024-01-02T04:39:32.997Z","iobWithZeroTemp":{"iob":-0.577,"basaliob":-0.58,"bolussnooze":0,"activity":-0.0051,"lastBolusTime":1704149566000,"time":"2024-01-02T04:39:32.997Z"}},{"iob":-0.027,"basaliob":-0.029,"bolussnooze":0,"activity":-4.0E-4,"lastBolusTime":1704149566000,"time":"2024-01-02T04:44:32.997Z","iobWithZeroTemp":{"iob":-0.585,"basaliob":-0.587,"bolussnooze":0,"activity":-0.0051,"lastBolusTime":1704149566000,"time":"2024-01-02T04:44:32.997Z"}},{"iob":-0.025,"basaliob":-0.027,"bolussnooze":0,"activity":-5.0E-4,"lastBolusTime":1704149566000,"time":"2024-01-02T04:49:32.997Z","iobWithZeroTemp":{"iob":-0.593,"basaliob":-0.595,"bolussnooze":0,"activity":-0.0053,"lastBolusTime":1704149566000,"time":"2024-01-02T04:49:32.997Z"}},{"iob":-0.022,"basaliob":-0.024,"bolussnooze":0,"activity":-4.0E-4,"lastBolusTime":1704149566000,"time":"2024-01-02T04:54:32.997Z","iobWithZeroTemp":{"iob":-0.599,"basaliob":-0.601,"bolussnooze":0,"activity":-0.0053,"lastBolusTime":1704149566000,"time":"2024-01-02T04:54:32.997Z"}},{"iob":-0.02,"basaliob":-0.022,"bolussnooze":0,"activity":-4.0E-4,"lastBolusTime":1704149566000,"time":"2024-01-02T04:59:32.997Z","iobWithZeroTemp":{"iob":-0.605,"basaliob":-0.607,"bolussnooze":0,"activity":-0.0054,"lastBolusTime":1704149566000,"time":"2024-01-02T04:59:32.997Z"}},{"iob":-0.019,"basaliob":-0.02,"bolussnooze":0,"activity":-4.0E-4,"lastBolusTime":1704149566000,"time":"2024-01-02T05:04:32.997Z","iobWithZeroTemp":{"iob":-0.613,"basaliob":-0.614,"bolussnooze":0,"activity":-0.0055,"lastBolusTime":1704149566000,"time":"2024-01-02T05:04:32.997Z"}},{"iob":-0.018,"basaliob":-0.019,"bolussnooze":0,"activity":-3.0E-4,"lastBolusTime":1704149566000,"time":"2024-01-02T05:09:32.997Z","iobWithZeroTemp":{"iob":-0.619,"basaliob":-0.62,"bolussnooze":0,"activity":-0.0055,"lastBolusTime":1704149566000,"time":"2024-01-02T05:09:32.997Z"}},{"iob":-0.016,"basaliob":-0.017,"bolussnooze":0,"activity":-3.0E-4,"lastBolusTime":1704149566000,"time":"2024-01-02T05:14:32.997Z","iobWithZeroTemp":{"iob":-0.625,"basaliob":-0.626,"bolussnooze":0,"activity":-0.0056,"lastBolusTime":1704149566000,"time":"2024-01-02T05:14:32.997Z"}}],"profile":{"max_iob":7,"type":"current","max_daily_basal":0.45,"max_basal":1.08,"min_bg":144,"max_bg":144,"target_bg":144,"carb_ratio":11,"sens":369,"max_daily_safety_multiplier":3,"current_basal_safety_multiplier":4,"lgsThreshold":65,"high_temptarget_raises_sensitivity":false,"low_temptarget_lowers_sensitivity":false,"sensitivity_raises_target":true,"resistance_lowers_target":true,"adv_target_adjustments":false,"exercise_mode":false,"half_basal_exercise_target":160,"maxCOB":120,"skip_neutral_temps":false,"remainingCarbsCap":90,"enableUAM":true,"A52_risk_enable":false,"SMBInterval":4,"enableSMB_with_COB":true,"enableSMB_with_temptarget":false,"allowSMB_with_high_temptarget":true,"enableSMB_always":true,"enableSMB_after_carbs":false,"maxSMBBasalMinutes":60,"maxUAMSMBBasalMinutes":60,"bolus_increment":0.05,"carbsReqThreshold":10,"current_basal":0.27,"temptargetSet":true,"autosens_max":1.2,"autosens_min":0.8,"out_units":"mmol\/L","variable_sens":312.6,"insulinDivisor":65,"TDD":7.055422541666666},"autosens_data":{"ratio":1.1415105661622778},"meal_data":{"carbs":0,"mealCOB":0,"slopeFromMaxDeviation":0,"slopeFromMinDeviation":0.27722222222222226,"lastBolusTime":1704149566000,"lastCarbTime":0},"microBolusAllowed":true,"currentTime":1704158374531,"flatBGsDetected":false,"tdd1D":29.029333333333327,"tdd7D":23.806904761904768,"tddLast24H":27.17583333333334,"tddLast4H":0.9095833333333333,"tddLast8to4H":2.06},"output":{"temp":"absolute","bg":82,"tick":"+3","eventualBG":203,"targetBG":144,"insulinReq":0,"deliverAt":"2024-01-02T01:19:34.531Z","sensitivityRatio":1.1415105661622778,"variable_sens":312.6,"predBGs":{"IOB":[82,85,89,92,96,100,103,107,111,114,118,122,125,129,132,135,138,141,144,146,148,150,152,154,156,157,159,160,162,163,164,165,166,167,168,169,169,170,171,171,172,172,173,173,174,174,174,175],"ZT":[82,88,93,99,104,109,114,119,124,129,134,139,144]},"reason":"COB: 0, Dev: -1.0, BGI: 0.3, ISF: 17.4, CR: 11, Target: 8.0, minPredBG 8.0, minGuardBG 4.7, IOBpredBG 9.7; minGuardBG 4.7<5.1","COB":0,"IOB":-0.446,"duration":30,"rate":0,"timestamp":"2024-01-02T01:19:34.560Z"}}