{"algorithm":"OpenAPSSMBDynamicISFPlugin","input":{"glucoseStatus":{"glucose":151,"noise":0,"delta":2,"short_avgdelta":2.89,"long_avgdelta":-0.94,"date":1704466335634},"currenttemp":{"temp":"absolute","duration":55,"rate":0,"minutesrunning":5},"iob_data":[{"iob":1.382,"basaliob":-0.682,"bolussnooze":0.1814,"activity":0.0161,"lastBolusTime":1704466090000,"time":"2024-01-05T14:52:40.668Z","iobWithZeroTemp":{"iob":1.382,"basaliob":-0.682,"bolussnooze":0.1814,"activity":0.0161,"lastBolusTime":1704466090000,"time":"2024-01-05T14:52:40.668Z"}},{"iob":1.303,"basaliob":-0.65,"bolussnooze":0.1544,"activity":0.0155,"lastBolusTime":1704466090000,"time":"2024-01-05T14:57:40.668Z","iobWithZeroTemp":{"iob":1.276,"basaliob":-0.677,"bolussnooze":0.1544,"activity":0.0155,"lastBolusTime":1704466090000,"time":"2024-01-05T14:57:40.668Z"}},{"iob":1.226,"basaliob":-0.619,"bolussnooze":0.1311,"activity":0.0149,"lastBolusTime":1704466090000,"time":"2024-01-05T15:02:40.668Z","iobWithZeroTemp":{"iob":1.166,"basaliob":-0.679,"bolussnooze":0.1311,"activity":0.0148,"lastBolusTime":1704466090000,"time":"2024-01-05T15:02:40.668Z"}},{"iob":1.153,"basaliob":-0.588,"bolussnooze":0.111,"activity":0.0143,"lastBolusTime":1704466090000,"time":"2024-01-05T15:07:40.668Z","iobWithZeroTemp":{"iob":1.061,"basaliob":-0.68,"bolussnooze":0.111,"activity":0.0141,"lastBolusTime":1704466090000,"time":"2024-01-05T15:07:40.668Z"}},{"iob":1.083,"basaliob":-0.557,"bolussnooze":0.0937,"activity":0.0138,"lastBolusTime":1704466090000,"time":"2024-01-05T15:12:40.668Z","iobWithZeroTemp":{"iob":0.958,"basaliob":-0.682,"bolussnooze":0.0937,"activity":0.0135,"lastBolusTime":1704466090000,"time":"2024-01-05T15:12:40.668Z"}},{"iob":1.015,"basaliob":-0.528,"bolussnooze":0.0788,"activity":0.0131,"lastBolusTime":1704466090000,"time":"2024-01-05T15:17:40.668Z","iobWithZeroTemp":{"iob":0.859,"basaliob":-0.684,"bolussnooze":0.0788,"activity":0.0126,"lastBolusTime":1704466090000,"time":"2024-01-05T15:17:40.668Z"}},{"iob":0.951,"basaliob":-0.499,"bolussnooze":0.0661,"activity":0.0125,"lastBolusTime":1704466090000,"time":"2024-01-05T15:22:40.668Z","iobWithZeroTemp":{"iob":0.765,"basaliob":-0.685,"bolussnooze":0.0661,"activity":0.0118,"lastBolusTime":1704466090000,"time":"2024-01-05T15:22:40.668Z"}},{"iob":0.891,"basaliob":-0.47,"bolussnooze":0.0553,"activity":0.0119,"lastBolusTime":1704466090000,"time":"2024-01-05T15:27:40.668Z","iobWithZeroTemp":{"iob":0.675,"basaliob":-0.686,"bolussnooze":0.0553,"activity":0.011,"lastBolusTime":1704466090000,"time":"2024-01-05T15:27:40.668Z"}},{"iob":0.833,"basaliob":-0.443,"bolussnooze":0.0461,"activity":0.0113,"lastBolusTime":1704466090000,"time":"2024-01-05T15:32:40.668Z","iobWithZeroTemp":{"iob":0.589,"basaliob":-0.687,"bolussnooze":0.0461,"activity":0.0102,"lastBolusTime":1704466090000,"time":"2024-01-05T15:32:40.668Z"}},{"iob":0.778,"basaliob":-0.417,"bolussnooze":0.0384,"activity":0.0107,"lastBolusTime":1704466090000,"time":"2024-01-05T15:37:40.668Z","iobWithZeroTemp":{"iob":0.506,"basaliob":-0.689,"bolussnooze":0.0384,"activity":0.0094,"lastBolusTime":1704466090000,"time":"2024-01-05T15:37:40.668Z"}},{"iob":0.726,"basaliob":-0.392,"bolussnooze":0.0318,"activity":0.0101,"lastBolusTime":1704466090000,"time":"2024-01-05T15:42:40.668Z","iobWithZeroTemp":{"iob":0.428,"basaliob":-0.69,"bolussnooze":0.0318,"activity":0.0086,"lastBolusTime":1704466090000,"time":"2024-01-05T15:42:40.668Z"}},{"iob":0.677,"basaliob":-0.368,"bolussnooze":0.0262,"activity":0.0096,"lastBolusTime":1704466090000,"time":"2024-01-05T15:47:40.668Z","iobWithZeroTemp":{"iob":0.354,"basaliob":-0.691,"bolussnooze":0.0262,"activity":0.0078,"lastBolusTime":1704466090000,"time":"2024-01-05T15:47:40.668Z"}},{"iob":0.63,"basaliob":-0.345,"bolussnooze":0.0216,"activity":0.009,"lastBolusTime":1704466090000,"time":"2024-01-05T15:52:40.668Z","iobWithZeroTemp":{"iob":0.283,"basaliob":-0.692,"bolussnooze":0.0216,"activity":0.007,"lastBolusTime":1704466090000,"time":"2024-01-05T15:52:40.668Z"}},{"iob":0.587,"basaliob":-0.323,"bolussnooze":0.0177,"activity":0.0085,"lastBolusTime":1704466090000,"time":"2024-01-05T15:57:40.668Z","iobWithZeroTemp":{"iob":0.217,"basaliob":-0.693,"bolussnooze":0.0177,"activity":0.0063,"lastBolusTime":1704466090000,"time":"2024-01-05T15:57:40.668Z"}},{"iob":0.546,"basaliob":-0.302,"bolussnooze":0.0144,"activity":0.0079,"lastBolusTime":1704466090000,"time":"2024-01-05T16:02:40.668Z","iobWithZeroTemp":{"iob":0.155,"basaliob":-0.693,"bolussnooze":0.0144,"activity":0.0055,"lastBolusTime":1704466090000,"time":"2024-01-05T16:02:40.668Z"}},{"iob":0.507,"basaliob":-0.282,"bolussnooze":0.0117,"activity":0.0075,"lastBolusTime":1704466090000,"time":"2024-01-05T16:07:40.668Z","iobWithZeroTemp":{"iob":0.095,"basaliob":-0.694,"bolussnooze":0.0117,"activity":0.0048,"lastBolusTime":1704466090000,"time":"2024-01-05T16:07:40.668Z"}},{"iob":0.47,"basaliob":-0.264,"bolussnooze":0.0094,"activity":0.0071,"lastBolusTime":1704466090000,"time":"2024-01-05T16:12:40.668Z","iobWithZeroTemp":{"iob":0.039,"basaliob":-0.695,"bolussnooze":0.0094,"activity":0.0042,"lastBolusTime":1704466090000,"time":"2024-01-05T16:12:40.668Z"}},{"iob":0.436,"basaliob":-0.246,"bolussnooze":0.0076,"activity":0.0066,"lastBolusTime":1704466090000,"time":"2024-01-05T16:17:40.668Z","iobWithZeroTemp":{"iob":-0.014,"basaliob":-0.696,"bolussnooze":0.0076,"activity":0.0035,"lastBolusTime":1704466090000,"time":"2024-01-05T16:17:40.668Z"}},{"iob":0.405,"basaliob":-0.229,"bolussnooze":0.006,"activity":0.0062,"lastBolusTime":1704466090000,"time":"2024-01-05T16:22:40.668Z","iobWithZeroTemp":{"iob":-0.062,"basaliob":-0.696,"bolussnooze":0.006,"activity":0.0029,"lastBolusTime":1704466090000,"time":"2024-01-05T16:22:40.668Z"}},{"iob":0.374,"basaliob":-0.214,"bolussnooze":0.0048,"activity":0.0057,"lastBolusTime":1704466090000,"time":"2024-01-05T16:27:40.668Z","iobWithZeroTemp":{"iob":-0.11,"basaliob":-0.698,"bolussnooze":0.0048,"activity":0.0022,"lastBolusTime":1704466090000,"time":"2024-01-05T16:27:40.668Z"}},{"iob":0.346,"basaliob":-0.199,"bolussnooze":0.0037,"activity":0.0054,"lastBolusTime":1704466090000,"time":"2024-01-05T16:32:40.668Z","iobWithZeroTemp":{"iob":-0.153,"basaliob":-0.698,"bolussnooze":0.0037,"activity":0.0017,"lastBolusTime":1704466090000,"time":"2024-01-05T16:32:40.668Z"}},{"iob":0.32,"basaliob":-0.185,"bolussnooze":0.0029,"activity":0.005,"lastBolusTime":1704466090000,"time":"2024-01-05T16:37:40.668Z","iobWithZeroTemp":{"iob":-0.194,"basaliob":-0.699,"bolussnooze":0.0029,"activity":0.0011,"lastBolusTime":1704466090000,"time":"2024-01-05T16:37:40.668Z"}},{"iob":0.296,"basaliob":-0.172,"bolussnooze":0.0022,"activity":0.0047,"lastBolusTime":1704466090000,"time":"2024-01-05T16:42:40.668Z","iobWithZeroTemp":{"iob":-0.231,"basaliob":-0.699,"bolussnooze":0.0022,"activity":7.0E-4,"lastBolusTime":1704466090000,"time":"2024-01-05T16:42:40.668Z"}},{"iob":0.274,"basaliob":-0.159,"bolussnooze":0.0017,"activity":0.0044,"lastBolusTime":1704466090000,"time":"2024-01-05T16:47:40.668Z","iobWithZeroTemp":{"iob":-0.266,"basaliob":-0.699,"bolussnooze":0.0017,"activity":2.0E-4,"lastBolusTime":1704466090000,"time":"2024-01-05T16:47:40.668Z"}},{"iob":0.252,"basaliob":-0.148,"bolussnooze":0.0013,"activity":0.0041,"lastBolusTime":1704466090000,"time":"2024-01-05T16:52:40.668Z","iobWithZeroTemp":{"iob":-0.3,"basaliob":-0.7,"bolussnooze":0.0013,"activity":-2.0E-4,"lastBolusTime":1704466090000,"time":"2024-01-05T16:52:40.668Z"}},{"iob":0.233,"basaliob":-0.137,"bolussnooze":9.0E-4,"activity":0.0038,"lastBolusTime":1704466090000,"time":"2024-01-05T16:57:40.668Z","iobWithZeroTemp":{"iob":-0.33,"basaliob":-0.7,"bolussnooze":9.0E-4,"activity":-7.0E-4,"lastBolusTime":1704466090000,"time":"2024-01-05T16:57:40.668Z"}},{"iob":0.214,"basaliob":-0.127,"bolussnooze":7.0E-4,"activity":0.0035,"lastBolusTime":1704466090000,"time":"2024-01-05T17:02:40.668Z","iobWithZeroTemp":{"iob":-0.36,"basaliob":-0.701,"bolussnooze":7.0E-4,"activity":-0.0011,"lastBolusTime":1704466090000,"time":"2024-01-05T17:02:40.668Z"}},{"iob":0.198,"basaliob":-0.117,"bolussnooze":5.0E-4,"activity":0.0033,"lastBolusTime":1704466090000,"time":"2024-01-05T17:07:40.668Z","iobWithZeroTemp":{"iob":-0.386,"basaliob":-0.701,"bolussnooze":5.0E-4,"activity":-0.0015,"lastBolusTime":1704466090000,"time":"2024-01-05T17:07:40.668Z"}},{"iob":0.182,"basaliob":-0.108,"bolussnooze":3.0E-4,"activity":0.003,"lastBolusTime":1704466090000,"time":"2024-01-05T17:12:40.668Z","iobWithZeroTemp":{"iob":-0.411,"basaliob":-0.701,"bolussnooze":3.0E-4,"activity":-0.0019,"lastBolusTime":1704466090000,"time":"2024-01-05T17:12:40.668Z"}},{"iob":0.167,"basaliob":-0.1,"bolussnooze":2.0E-4,"activity":0.0028,"lastBolusTime":1704466090000,"time":"2024-01-05T17:17:40.668Z","iobWithZeroTemp":{"iob":-0.434,"basaliob":-0.701,"bolussnooze":2.0E-4,"activity":-0.0022,"lastBolusTime":1704466090000,"time":"2024-01-05T17:17:40.668Z"}},{"iob":0.153,"basaliob":-0.093,"bolussnooze":1.0E-4,"activity":0.0026,"lastBolusTime":1704466090000,"time":"2024-01-05T17:22:40.668Z","iobWithZeroTemp":{"iob":-0.456,"basaliob":-0.702,"bolussnooze":1.0E-4,"activity":-0.0025,"lastBolusTime":1704466090000,"time":"2024-01-05T17:22:40.668Z"}},{"iob":0.141,"basaliob":-0.085,"bolussnooze":1.0E-4,"activity":0.0024,"lastBolusTime":1704466090000,"time":"2024-01-05T17:27:40.668Z","iobWithZeroTemp":{"iob":-0.476,"basaliob":-0.702,"bolussnooze":1.0E-4,"activity":-0.0028,"lastBolusTime":1704466090000,"time":"2024-01-05T17:27:40.668Z"}},{"iob":0.129,"basaliob":-0.079,"bolussnooze":0,"activity":0.0022,"lastBolusTime":1704466090000,"time":"2024-01-05T17:32:40.668Z","iobWithZeroTemp":{"iob":-0.495,"basaliob":-0.703,"bolussnooze":0,"activity":-0.0031,"lastBolusTime":1704466090000,"time":"2024-01-05T17:32:40.668Z"}},{"iob":0.118,"basaliob":-0.073,"bolussnooze":0,"activity":0.0021,"lastBolusTime":1704466090000,"time":"2024-01-05T17:37:40.668Z","iobWithZeroTemp":{"iob":-0.512,"basaliob":-0.703,"bolussnooze":0,"activity":-0.0033,"lastBolusTime":1704466090000,"time":"2024-01-05T17:37:40.668Z"}},{"iob":0.108,"basaliob":-0.067,"bolussnooze":0,"activity":0.0019,"lastBolusTime":1704466090000,"time":"2024-01-05T17:42:40.668Z","iobWithZeroTemp":{"iob":-0.528,"basaliob":-0.703,"bolussnooze":0,"activity":-0.0036,"lastBolusTime":1704466090000,"time":"2024-01-05T17:42:40.668Z"}},{"iob":0.1,"basaliob":-0.061,"bolussnooze":0,"activity":0.0018,"lastBolusTime":1704466090000,"time":"2024-01-05T17:47:40.668Z","iobWithZeroTemp":{"iob":-0.542,"basaliob":-0.703,"bolussnooze":0,"activity":-0.0038,"lastBolusTime":1704466090000,"time":"2024-01-05T17:47:40.668Z"}},{"iob":0.091,"basaliob":-0.056,"bolussnooze":0,"activity":0.0016,"lastBolusTime":1704466090000,"time":"2024-01-05T17:52:40.668Z","iobWithZeroTemp":{"iob":-0.556,"basaliob":-0.703,"bolussnooze":0,"activity":-0.0041,"lastBolusTime":1704466090000,"time":"2024-01-05T17:52:40.668Z"}},{"iob":0.083,"basaliob":-0.052,"bolussnooze":0,"activity":0.0015,"lastBolusTime":1704466090000,"time":"2024-01-05T17:57:40.668Z","iobWithZeroTemp":{"iob":-0.568,"basaliob":-0.703,"bolussnooze":0,"activity":-0.0043,"lastBolusTime":1704466090000,"time":"2024-01-05T17:57:40.668Z"}},{"iob":0.076,"basaliob":-0.048,"bolussnooze":0,"activity":0.0014,"lastBolusTime":1704466090000,"time":"2024-01-05T18:02:40.668Z","iobWithZeroTemp":{"iob":-0.58,"basaliob":-0.704,"bolussnooze":0,"activity":-0.0044,"lastBolusTime":1704466090000,"time":"2024-01-05T18:02:40.668Z"}},{"iob":0.069,"basaliob":-0.044,"bolussnooze":0,"activity":0.0012,"lastBolusTime":1704466090000,"time":"2024-01-05T18:07:40.668Z","iobWithZeroTemp":{"iob":-0.591,"basaliob":-0.704,"bolussnooze":0,"activity":-0.0047,"lastBolusTime":1704466090000,"time":"2024-01-05T18:07:40.668Z"}},{"iob":0.063,"basaliob":-0.04,"bolussnooze":0,"activity":0.0012,"lastBolusTime":1704466090000,"time":"2024-01-05T18:12:40.668Z","iobWithZeroTemp":{"iob":-0.601,"basaliob":-0.704,"bolussnooze":0,"activity":-0.0047,"lastBolusTime":1704466090000,"time":"2024-01-05T18:12:40.668Z"}},{"iob":0.057,"basaliob":-0.037,"bolussnooze":0,"activity":0.0011,"lastBolusTime":1704466090000,"time":"2024-01-05T18:17:40.668Z","iobWithZeroTemp":{"iob":-0.61,"basaliob":-0.704,"bolussnooze":0,"activity":-0.0049,"lastBolusTime":1704466090000,"time":"2024-01-05T18:17:40.668Z"}},{"iob":0.052,"basaliob":-0.034,"bolussnooze":0,"activity":0.001,"lastBolusTime":1704466090000,"time":"2024-01-05T18:22:40.668Z","iobWithZeroTemp":{"iob":-0.618,"basaliob":-0.704,"bolussnooze":0,"activity":-0.0051,"lastBolusTime":1704466090000,"time":"2024-01-05T18:22:40.668Z"}},{"iob":0.047,"basaliob":-0.031,"bolussnooze":0,"activity":9.0E-4,"lastBolusTime":1704466090000,"time":"2024-01-05T18:27:40.668Z","iobWithZeroTemp":{"iob":-0.626,"basaliob":-0.704,"bolussnooze":0,"activity":-0.0052,"lastBolusTime":1704466090000,"time":"2024-01-05T18:27:40.668Z"}},{"iob":0.043,"basaliob":-0.028,"bolussnooze":0,"activity":8.0E-4,"lastBolusTime":1704466090000,"time":"2024-01-05T18:32:40.668Z","iobWithZeroTemp":{"iob":-0.633,"basaliob":-0.704,"bolussnooze":0,"activity":-0.0053,"lastBolusTime":1704466090000,"time":"2024-01-05T18:32:40.668Z"}},{"iob":0.039,"basaliob":-0.026,"bolussnooze":0,"activity":7.0E-4,"lastBolusTime":1704466090000,"time":"2024-01-05T18:37:40.668Z","iobWithZeroTemp":{"iob":-0.639,"basaliob":-0.704,"bolussnooze":0,"activity":-0.0055,"lastBolusTime":1704466090000,"time":"2024-01-05T18:37:40.668Z"}},{"iob":0.036,"basaliob":-0.023,"bolussnooze":0,"activity":7.0E-4,"lastBolusTime":1704466090000,"time":"2024-01-05T18:42:40.668Z","iobWithZeroTemp":{"iob":-0.645,"basaliob":-0.704,"bolussnooze":0,"activity":-0.0055,"lastBolusTime":1704466090000,"time":"2024-01-05T18:42:40.668Z"}},{"iob":0.033,"basaliob":-0.021,"bolussnooze":0,"activity":6.0E-4,"lastBolusTime":1704466090000,"time":"2024-01-05T18:47:40.668Z","iobWithZeroTemp":{"iob":-0.65,"basaliob":-0.704,"bolussnooze":0,"activity":-0.0057,"lastBolusTime":1704466090000,"time":"2024-01-05T18:47:40.668Z"}}],"profile":{"max_iob":7,"type":"current","max_daily_basal":0.45,"max_basal":1.35,"min_bg":81.0000000000001,"max_bg":81.0000000000001,"target_bg":81.0000000000001,"carb_ratio":11,"sens":352.8,"max_daily_safety_multiplier":3,"current_basal_safety_multiplier":4,"lgsThreshold":65,"high_temptarget_raises_sensitivity":false,"low_temptarget_lowers_sensitivity":false,"sensitivity_raises_target":true,"resistance_lowers_target":true,"adv_target_adjustments":false,"exercise_mode":false,"half_basal_exercise_target":160,"maxCOB":120,"skip_neutral_temps":false,"remainingCarbsCap":90,"enableUAM":true,"A52_risk_enable":false,"SMBInterval":4,"enableSMB_with_COB":true,"enableSMB_with_temptarget":false,"allowSMB_with_high_temptarget":true,"enableSMB_always":true,"enableSMB_after_carbs":false,"maxSMBBasalMinutes":60,"maxUAMSMBBasalMinutes":60,"bolus_increment":0.05,"carbsReqThreshold":10,"current_basal":0.4,"temptargetSet":true,"autosens_max":1.2,"autosens_min":0.8,"out_units":"mmol\/L","variable_sens":152.8,"insulinDivisor":65,"TDD":9.810467291666672},"autosens_data":{"ratio":1.2414584066584031},"meal_data":{"carbs":60,"mealCOB":29.527394557823126,"slopeFromMaxDeviation":-1.3169090909090906,"slopeFromMinDeviation":1.1132499999999999,"lastBolusTime":1704466090000,"lastCarbTime":1704463401000},"microBolusAllowed":true,"currentTime":1704466362835,"flatBGsDetected":false,"tdd1D":28.050416666666692,"tdd7D":23.609261904761915,"tddLast24H":29.309916666666663,"tddLast4H":5.613333333333333,"tddLast8to4H":4.993333333333333},"output":{"temp":"absolute","bg":151,"tick":"+2","eventualBG":342,"targetBG":81.0000000000001,"insulinReq":0,"deliverAt":"2024-01-05T14:52:42.835Z","sensitivityRatio":1.2414584066584031,"variable_sens":152.8,"predBGs":{"IOB":[151,152,152,151,150,148,145,141,136,131,124,117,108,100,91,83,74,66,57,48,39],"ZT":[151,139,126,114,101,88,74,60,44,39,39,39,39,39,39,39,39,39,39,39,39,39,39,39,39,39,39,39,39,39,39,39,39,39,39,39,39,39,39,39,39,39,39,39,39,39,44,54],"COB":[151,153,155,158,161,164,167,171,176,180,185,191,196,202,208,215,222,229,236,243,251,259,266,274,281,288,294,301,307,312,317,322,326,330,333,337,339,341,343,344,345,345,345,344,344,343,343,342],"UAM":[151,152,152,151,149,146,142,137,131,124,116,107,98,89,80,71,61,52,41,39]},"reason":"COB: 29.5, Dev: 4.8, BGI: -0.7, ISF: 8.5, CR: 11, Target: 4.5, minPredBG 6.2, minGuardBG 1.1, IOBpredBG 2.2, COBpredBG 19.0, UAMpredBG 2.2; minGuardBG 1.1<3.6 55m left and 0 ~ req 0U\/hr: no temp required","COB":29.527394557823126,"IOB":1.382,"timestamp":"2024-01-05T14:52:42.860Z"}}