{"algorithm":"OpenAPSSMBDynamicISFPlugin","input":{"glucoseStatus":{"glucose":125,"noise":0,"delta":-8,"short_avgdelta":-9.39,"long_avgdelta":-7.07,"date":1704348734986},"currenttemp":{"temp":"absolute","duration":25,"rate":0,"minutesrunning":35},"iob_data":[{"iob":0.902,"basaliob":-0.207,"bolussnooze":0.3201,"activity":0.0079,"lastBolusTime":1704347272000,"time":"2024-01-04T06:12:37.229Z","iobWithZeroTemp":{"iob":0.902,"basaliob":-0.207,"bolussnooze":0.3201,"activity":0.0079,"lastBolusTime":1704347272000,"time":"2024-01-04T06:12:37.229Z"}},{"iob":0.862,"basaliob":-0.2,"bolussnooze":0.2873,"activity":0.008,"lastBolusTime":1704347272000,"time":"2024-01-04T06:17:37.229Z","iobWithZeroTemp":{"iob":0.835,"basaliob":-0.227,"bolussnooze":0.2873,"activity":0.008,"lastBolusTime":1704347272000,"time":"2024-01-04T06:17:37.229Z"}},{"iob":0.822,"basaliob":-0.193,"bolussnooze":0.2563,"activity":0.008,"lastBolusTime":1704347272000,"time":"2024-01-04T06:22:37.229Z","iobWithZeroTemp":{"iob":0.762,"basaliob":-0.253,"bolussnooze":0.2563,"activity":0.0079,"lastBolusTime":1704347272000,"time":"2024-01-04T06:22:37.229Z"}},{"iob":0.783,"basaliob":-0.185,"bolussnooze":0.2273,"activity":0.0079,"lastBolusTime":1704347272000,"time":"2024-01-04T06:27:37.229Z","iobWithZeroTemp":{"iob":0.691,"basaliob":-0.277,"bolussnooze":0.2273,"activity":0.0077,"lastBolusTime":1704347272000,"time":"2024-01-04T06:27:37.229Z"}},{"iob":0.743,"basaliob":-0.178,"bolussnooze":0.2006,"activity":0.0078,"lastBolusTime":1704347272000,"time":"2024-01-04T06:32:37.229Z","iobWithZeroTemp":{"iob":0.618,"basaliob":-0.303,"bolussnooze":0.2006,"activity":0.0075,"lastBolusTime":1704347272000,"time":"2024-01-04T06:32:37.229Z"}},{"iob":0.704,"basaliob":-0.17,"bolussnooze":0.1762,"activity":0.0076,"lastBolusTime":1704347272000,"time":"2024-01-04T06:37:37.229Z","iobWithZeroTemp":{"iob":0.548,"basaliob":-0.326,"bolussnooze":0.1762,"activity":0.0071,"lastBolusTime":1704347272000,"time":"2024-01-04T06:37:37.229Z"}},{"iob":0.667,"basaliob":-0.162,"bolussnooze":0.1542,"activity":0.0074,"lastBolusTime":1704347272000,"time":"2024-01-04T06:42:37.229Z","iobWithZeroTemp":{"iob":0.481,"basaliob":-0.348,"bolussnooze":0.1542,"activity":0.0067,"lastBolusTime":1704347272000,"time":"2024-01-04T06:42:37.229Z"}},{"iob":0.63,"basaliob":-0.154,"bolussnooze":0.1344,"activity":0.0072,"lastBolusTime":1704347272000,"time":"2024-01-04T06:47:37.229Z","iobWithZeroTemp":{"iob":0.414,"basaliob":-0.37,"bolussnooze":0.1344,"activity":0.0063,"lastBolusTime":1704347272000,"time":"2024-01-04T06:47:37.229Z"}},{"iob":0.595,"basaliob":-0.146,"bolussnooze":0.1167,"activity":0.007,"lastBolusTime":1704347272000,"time":"2024-01-04T06:52:37.229Z","iobWithZeroTemp":{"iob":0.351,"basaliob":-0.39,"bolussnooze":0.1167,"activity":0.0059,"lastBolusTime":1704347272000,"time":"2024-01-04T06:52:37.229Z"}},{"iob":0.56,"basaliob":-0.139,"bolussnooze":0.101,"activity":0.0067,"lastBolusTime":1704347272000,"time":"2024-01-04T06:57:37.229Z","iobWithZeroTemp":{"iob":0.288,"basaliob":-0.411,"bolussnooze":0.101,"activity":0.0054,"lastBolusTime":1704347272000,"time":"2024-01-04T06:57:37.229Z"}},{"iob":0.528,"basaliob":-0.131,"bolussnooze":0.0872,"activity":0.0064,"lastBolusTime":1704347272000,"time":"2024-01-04T07:02:37.229Z","iobWithZeroTemp":{"iob":0.23,"basaliob":-0.429,"bolussnooze":0.0872,"activity":0.0049,"lastBolusTime":1704347272000,"time":"2024-01-04T07:02:37.229Z"}},{"iob":0.496,"basaliob":-0.124,"bolussnooze":0.075,"activity":0.0062,"lastBolusTime":1704347272000,"time":"2024-01-04T07:07:37.229Z","iobWithZeroTemp":{"iob":0.173,"basaliob":-0.447,"bolussnooze":0.075,"activity":0.0044,"lastBolusTime":1704347272000,"time":"2024-01-04T07:07:37.229Z"}},{"iob":0.465,"basaliob":-0.117,"bolussnooze":0.0643,"activity":0.0059,"lastBolusTime":1704347272000,"time":"2024-01-04T07:12:37.229Z","iobWithZeroTemp":{"iob":0.118,"basaliob":-0.464,"bolussnooze":0.0643,"activity":0.0039,"lastBolusTime":1704347272000,"time":"2024-01-04T07:12:37.229Z"}},{"iob":0.437,"basaliob":-0.11,"bolussnooze":0.055,"activity":0.0057,"lastBolusTime":1704347272000,"time":"2024-01-04T07:17:37.229Z","iobWithZeroTemp":{"iob":0.067,"basaliob":-0.48,"bolussnooze":0.055,"activity":0.0035,"lastBolusTime":1704347272000,"time":"2024-01-04T07:17:37.229Z"}},{"iob":0.408,"basaliob":-0.104,"bolussnooze":0.0469,"activity":0.0054,"lastBolusTime":1704347272000,"time":"2024-01-04T07:22:37.229Z","iobWithZeroTemp":{"iob":0.017,"basaliob":-0.495,"bolussnooze":0.0469,"activity":0.003,"lastBolusTime":1704347272000,"time":"2024-01-04T07:22:37.229Z"}},{"iob":0.382,"basaliob":-0.098,"bolussnooze":0.0399,"activity":0.0051,"lastBolusTime":1704347272000,"time":"2024-01-04T07:27:37.229Z","iobWithZeroTemp":{"iob":-0.03,"basaliob":-0.51,"bolussnooze":0.0399,"activity":0.0024,"lastBolusTime":1704347272000,"time":"2024-01-04T07:27:37.229Z"}},{"iob":0.357,"basaliob":-0.092,"bolussnooze":0.0338,"activity":0.0048,"lastBolusTime":1704347272000,"time":"2024-01-04T07:32:37.229Z","iobWithZeroTemp":{"iob":-0.074,"basaliob":-0.523,"bolussnooze":0.0338,"activity":0.0019,"lastBolusTime":1704347272000,"time":"2024-01-04T07:32:37.229Z"}},{"iob":0.334,"basaliob":-0.086,"bolussnooze":0.0286,"activity":0.0046,"lastBolusTime":1704347272000,"time":"2024-01-04T07:37:37.229Z","iobWithZeroTemp":{"iob":-0.116,"basaliob":-0.536,"bolussnooze":0.0286,"activity":0.0015,"lastBolusTime":1704347272000,"time":"2024-01-04T07:37:37.229Z"}},{"iob":0.312,"basaliob":-0.08,"bolussnooze":0.0241,"activity":0.0043,"lastBolusTime":1704347272000,"time":"2024-01-04T07:42:37.229Z","iobWithZeroTemp":{"iob":-0.155,"basaliob":-0.547,"bolussnooze":0.0241,"activity":0.001,"lastBolusTime":1704347272000,"time":"2024-01-04T07:42:37.229Z"}},{"iob":0.29,"basaliob":-0.075,"bolussnooze":0.0203,"activity":0.0041,"lastBolusTime":1704347272000,"time":"2024-01-04T07:47:37.229Z","iobWithZeroTemp":{"iob":-0.194,"basaliob":-0.559,"bolussnooze":0.0203,"activity":6.0E-4,"lastBolusTime":1704347272000,"time":"2024-01-04T07:47:37.229Z"}},{"iob":0.271,"basaliob":-0.07,"bolussnooze":0.017,"activity":0.0038,"lastBolusTime":1704347272000,"time":"2024-01-04T07:52:37.229Z","iobWithZeroTemp":{"iob":-0.228,"basaliob":-0.569,"bolussnooze":0.017,"activity":1.0E-4,"lastBolusTime":1704347272000,"time":"2024-01-04T07:52:37.229Z"}},{"iob":0.251,"basaliob":-0.066,"bolussnooze":0.0142,"activity":0.0036,"lastBolusTime":1704347272000,"time":"2024-01-04T07:57:37.229Z","iobWithZeroTemp":{"iob":-0.263,"basaliob":-0.58,"bolussnooze":0.0142,"activity":-3.0E-4,"lastBolusTime":1704347272000,"time":"2024-01-04T07:57:37.229Z"}},{"iob":0.234,"basaliob":-0.061,"bolussnooze":0.0118,"activity":0.0034,"lastBolusTime":1704347272000,"time":"2024-01-04T08:02:37.229Z","iobWithZeroTemp":{"iob":-0.293,"basaliob":-0.588,"bolussnooze":0.0118,"activity":-6.0E-4,"lastBolusTime":1704347272000,"time":"2024-01-04T08:02:37.229Z"}},{"iob":0.217,"basaliob":-0.057,"bolussnooze":0.0098,"activity":0.0032,"lastBolusTime":1704347272000,"time":"2024-01-04T08:07:37.229Z","iobWithZeroTemp":{"iob":-0.323,"basaliob":-0.597,"bolussnooze":0.0098,"activity":-0.001,"lastBolusTime":1704347272000,"time":"2024-01-04T08:07:37.229Z"}},{"iob":0.202,"basaliob":-0.053,"bolussnooze":0.0081,"activity":0.003,"lastBolusTime":1704347272000,"time":"2024-01-04T08:12:37.229Z","iobWithZeroTemp":{"iob":-0.35,"basaliob":-0.605,"bolussnooze":0.0081,"activity":-0.0013,"lastBolusTime":1704347272000,"time":"2024-01-04T08:12:37.229Z"}},{"iob":0.188,"basaliob":-0.049,"bolussnooze":0.0067,"activity":0.0028,"lastBolusTime":1704347272000,"time":"2024-01-04T08:17:37.229Z","iobWithZeroTemp":{"iob":-0.375,"basaliob":-0.612,"bolussnooze":0.0067,"activity":-0.0017,"lastBolusTime":1704347272000,"time":"2024-01-04T08:17:37.229Z"}},{"iob":0.173,"basaliob":-0.046,"bolussnooze":0.0055,"activity":0.0026,"lastBolusTime":1704347272000,"time":"2024-01-04T08:22:37.229Z","iobWithZeroTemp":{"iob":-0.401,"basaliob":-0.62,"bolussnooze":0.0055,"activity":-0.002,"lastBolusTime":1704347272000,"time":"2024-01-04T08:22:37.229Z"}},{"iob":0.16,"basaliob":-0.043,"bolussnooze":0.0045,"activity":0.0025,"lastBolusTime":1704347272000,"time":"2024-01-04T08:27:37.229Z","iobWithZeroTemp":{"iob":-0.424,"basaliob":-0.627,"bolussnooze":0.0045,"activity":-0.0023,"lastBolusTime":1704347272000,"time":"2024-01-04T08:27:37.229Z"}},{"iob":0.148,"basaliob":-0.04,"bolussnooze":0.0036,"activity":0.0023,"lastBolusTime":1704347272000,"time":"2024-01-04T08:32:37.229Z","iobWithZeroTemp":{"iob":-0.445,"basaliob":-0.633,"bolussnooze":0.0036,"activity":-0.0026,"lastBolusTime":1704347272000,"time":"2024-01-04T08:32:37.229Z"}},{"iob":0.137,"basaliob":-0.037,"bolussnooze":0.0029,"activity":0.0021,"lastBolusTime":1704347272000,"time":"2024-01-04T08:37:37.229Z","iobWithZeroTemp":{"iob":-0.464,"basaliob":-0.638,"bolussnooze":0.0029,"activity":-0.0029,"lastBolusTime":1704347272000,"time":"2024-01-04T08:37:37.229Z"}},{"iob":0.127,"basaliob":-0.034,"bolussnooze":0.0024,"activity":0.002,"lastBolusTime":1704347272000,"time":"2024-01-04T08:42:37.229Z","iobWithZeroTemp":{"iob":-0.482,"basaliob":-0.643,"bolussnooze":0.0024,"activity":-0.0031,"lastBolusTime":1704347272000,"time":"2024-01-04T08:42:37.229Z"}},{"iob":0.118,"basaliob":-0.031,"bolussnooze":0.0019,"activity":0.0019,"lastBolusTime":1704347272000,"time":"2024-01-04T08:47:37.229Z","iobWithZeroTemp":{"iob":-0.499,"basaliob":-0.648,"bolussnooze":0.0019,"activity":-0.0033,"lastBolusTime":1704347272000,"time":"2024-01-04T08:47:37.229Z"}},{"iob":0.109,"basaliob":-0.029,"bolussnooze":0.0015,"activity":0.0017,"lastBolusTime":1704347272000,"time":"2024-01-04T08:52:37.229Z","iobWithZeroTemp":{"iob":-0.515,"basaliob":-0.653,"bolussnooze":0.0015,"activity":-0.0036,"lastBolusTime":1704347272000,"time":"2024-01-04T08:52:37.229Z"}},{"iob":0.1,"basaliob":-0.027,"bolussnooze":0.0012,"activity":0.0016,"lastBolusTime":1704347272000,"time":"2024-01-04T08:57:37.229Z","iobWithZeroTemp":{"iob":-0.53,"basaliob":-0.657,"bolussnooze":0.0012,"activity":-0.0038,"lastBolusTime":1704347272000,"time":"2024-01-04T08:57:37.229Z"}},{"iob":0.092,"basaliob":-0.025,"bolussnooze":9.0E-4,"activity":0.0015,"lastBolusTime":1704347272000,"time":"2024-01-04T09:02:37.229Z","iobWithZeroTemp":{"iob":-0.544,"basaliob":-0.661,"bolussnooze":9.0E-4,"activity":-0.004,"lastBolusTime":1704347272000,"time":"2024-01-04T09:02:37.229Z"}},{"iob":0.085,"basaliob":-0.023,"bolussnooze":7.0E-4,"activity":0.0014,"lastBolusTime":1704347272000,"time":"2024-01-04T09:07:37.229Z","iobWithZeroTemp":{"iob":-0.557,"basaliob":-0.665,"bolussnooze":7.0E-4,"activity":-0.0042,"lastBolusTime":1704347272000,"time":"2024-01-04T09:07:37.229Z"}},{"iob":0.078,"basaliob":-0.021,"bolussnooze":5.0E-4,"activity":0.0013,"lastBolusTime":1704347272000,"time":"2024-01-04T09:12:37.229Z","iobWithZeroTemp":{"iob":-0.569,"basaliob":-0.668,"bolussnooze":5.0E-4,"activity":-0.0044,"lastBolusTime":1704347272000,"time":"2024-01-04T09:12:37.229Z"}},{"iob":0.071,"basaliob":-0.02,"bolussnooze":4.0E-4,"activity":0.0012,"lastBolusTime":1704347272000,"time":"2024-01-04T09:17:37.229Z","iobWithZeroTemp":{"iob":-0.58,"basaliob":-0.671,"bolussnooze":4.0E-4,"activity":-0.0046,"lastBolusTime":1704347272000,"time":"2024-01-04T09:17:37.229Z"}},{"iob":0.066,"basaliob":-0.018,"bolussnooze":3.0E-4,"activity":0.0011,"lastBolusTime":1704347272000,"time":"2024-01-04T09:22:37.229Z","iobWithZeroTemp":{"iob":-0.59,"basaliob":-0.674,"bolussnooze":3.0E-4,"activity":-0.0047,"lastBolusTime":1704347272000,"time":"2024-01-04T09:22:37.229Z"}},{"iob":0.06,"basaliob":-0.017,"bolussnooze":2.0E-4,"activity":0.001,"lastBolusTime":1704347272000,"time":"2024-01-04T09:27:37.229Z","iobWithZeroTemp":{"iob":-0.6,"basaliob":-0.677,"bolussnooze":2.0E-4,"activity":-0.0049,"lastBolusTime":1704347272000,"time":"2024-01-04T09:27:37.229Z"}},{"iob":0.056,"basaliob":-0.015,"bolussnooze":1.0E-4,"activity":9.0E-4,"lastBolusTime":1704347272000,"time":"2024-01-04T09:32:37.229Z","iobWithZeroTemp":{"iob":-0.608,"basaliob":-0.679,"bolussnooze":1.0E-4,"activity":-0.005,"lastBolusTime":1704347272000,"time":"2024-01-04T09:32:37.229Z"}},{"iob":0.051,"basaliob":-0.014,"bolussnooze":1.0E-4,"activity":9.0E-4,"lastBolusTime":1704347272000,"time":"2024-01-04T09:37:37.229Z","iobWithZeroTemp":{"iob":-0.616,"basaliob":-0.681,"bolussnooze":1.0E-4,"activity":-0.0051,"lastBolusTime":1704347272000,"time":"2024-01-04T09:37:37.229Z"}},{"iob":0.047,"basaliob":-0.013,"bolussnooze":1.0E-4,"activity":8.0E-4,"lastBolusTime":1704347272000,"time":"2024-01-04T09:42:37.229Z","iobWithZeroTemp":{"iob":-0.623,"basaliob":-0.683,"bolussnooze":1.0E-4,"activity":-0.0053,"lastBolusTime":1704347272000,"time":"2024-01-04T09:42:37.229Z"}},{"iob":0.043,"basaliob":-0.012,"bolussnooze":0,"activity":8.0E-4,"lastBolusTime":1704347272000,"time":"2024-01-04T09:47:37.229Z","iobWithZeroTemp":{"iob":-0.63,"basaliob":-0.685,"bolussnooze":0,"activity":-0.0053,"lastBolusTime":1704347272000,"time":"2024-01-04T09:47:37.229Z"}},{"iob":0.039,"basaliob":-0.011,"bolussnooze":0,"activity":7.0E-4,"lastBolusTime":1704347272000,"time":"2024-01-04T09:52:37.229Z","iobWithZeroTemp":{"iob":-0.637,"basaliob":-0.687,"bolussnooze":0,"activity":-0.0054,"lastBolusTime":1704347272000,"time":"2024-01-04T09:52:37.229Z"}},{"iob":0.036,"basaliob":-0.01,"bolussnooze":0,"activity":6.0E-4,"lastBolusTime":1704347272000,"time":"2024-01-04T09:57:37.229Z","iobWithZeroTemp":{"iob":-0.643,"basaliob":-0.689,"bolussnooze":0,"activity":-0.0056,"lastBolusTime":1704347272000,"time":"2024-01-04T09:57:37.229Z"}},{"iob":0.033,"basaliob":-0.009,"bolussnooze":0,"activity":6.0E-4,"lastBolusTime":1704347272000,"time":"2024-01-04T10:02:37.229Z","iobWithZeroTemp":{"iob":-0.648,"basaliob":-0.69,"bolussnooze":0,"activity":-0.0056,"lastBolusTime":1704347272000,"time":"2024-01-04T10:02:37.229Z"}},{"iob":0.03,"basaliob":-0.008,"bolussnooze":0,"activity":6.0E-4,"lastBolusTime":1704347272000,"time":"2024-01-04T10:07:37.229Z","iobWithZeroTemp":{"iob":-0.653,"basaliob":-0.691,"bolussnooze":0,"activity":-0.0057,"lastBolusTime":1704347272000,"time":"2024-01-04T10:07:37.229Z"}}],"profile":{"max_iob":7,"type":"current","max_daily_basal":0.45,"max_basal":1.35,"min_bg":106.2,"max_bg":106.2,"target_bg":106.2,"carb_ratio":9,"sens":352.8,"max_daily_safety_multiplier":3,"current_basal_safety_multiplier":4,"lgsThreshold":65,"high_temptarget_raises_sensitivity":false,"low_temptarget_lowers_sensitivity":false,"sensitivity_raises_target":true,"resistance_lowers_target":true,"adv_target_adjustments":false,"exercise_mode":false,"half_basal_exercise_target":160,"maxCOB":120,"skip_neutral_temps":false,"remainingCarbsCap":90,"enableUAM":true,"A52_risk_enable":false,"SMBInterval":4,"enableSMB_with_COB":true,"enableSMB_with_temptarget":false,"allowSMB_with_high_temptarget":true,"enableSMB_always":true,"enableSMB_after_carbs":false,"maxSMBBasalMinutes":60,"maxUAMSMBBasalMinutes":60,"bolus_increment":0.05,"carbsReqThreshold":10,"current_basal":0.4,"temptargetSet":false,"autosens_max":1.2,"autosens_min":0.8,"out_units":"mmol\/L","variable_sens":241.8,"insulinDivisor":65,"TDD":6.9389422833333345},"autosens_data":{"ratio":1.0253930129386495},"meal_data":{"carbs":10,"mealCOB":8.139459183673472,"slopeFromMaxDeviation":-2.3925000000000005,"slopeFromMinDeviation":0,"lastBolusTime":1704347272000,"lastCarbTime":1704345985000},"microBolusAllowed":true,"currentTime":1704348759584,"flatBGsDetected":false,"tdd1D":20.64108333333334,"tdd7D":22.492595238095245,"tddLast24H":23.063750000000002,"tddLast4H":2.8780833333333335,"tddLast8to4H":2.3190000000000004},"output":{"temp":"absolute","bg":125,"tick":-8,"eventualBG":129,"targetBG":105,"insulinReq":0,"deliverAt":"2024-01-04T06:12:39.584Z","sensitivityRatio":1.0253930129386495,"variable_sens":241.8,"predBGs":{"IOB":[125,116,106,95,84,72,59,44,39,39,39,39,39],"ZT":[125,115,105,95,84,72,59,46,39,39,39,39,39,39,39,39,39,39,39,39,39,39,39,39,39,39,39,39,39,39,39,39,39,39,39,39,39,39,51,61,71,80,88,96,103],"COB":[125,116,107,99,91,83,76,70,64,59,55,51,48,46,44,43,42,43,44,45,48,51,54,58,63,68,73,78,82,87,91,95,99,103,106,109,112,115,118,120,122,124,125,127,128,128,129],"UAM":[125,115,105,95,83,71,57,42,39,39,39,39,39]},"reason":"COB: 8.1, Dev: 0.1, BGI: -0.5, ISF: 13.4, CR: 9, Target: 5.8, minPredBG 2.4, minGuardBG -1.2, IOBpredBG 2.2, COBpredBG 7.2, UAMpredBG 2.2; minGuardBG -1.2<4.0","COB":8.139459183673472,"IOB":0.902,"duration":90,"rate":0,"timestamp":"2024-01-04T06:12:39.603Z"}}