{"algorithm":"OpenAPSSMBDynamicISFPlugin","input":{"glucoseStatus":{"glucose":118,"noise":0,"delta":-12,"short_avgdelta":-12,"long_avgdelta":-9.29,"date":1704481040071},"currenttemp":{"temp":"absolute","duration":85,"rate":0,"minutesrunning":35},"iob_data":[{"iob":3.557,"basaliob":-0.699,"bolussnooze":1.0746,"activity":0.0385,"lastBolusTime":1704478875000,"time":"2024-01-05T18:57:40.214Z","iobWithZeroTemp":{"iob":3.557,"basaliob":-0.699,"bolussnooze":1.0746,"activity":0.0385,"lastBolusTime":1704478875000,"time":"2024-01-05T18:57:40.214Z"}},{"iob":3.366,"basaliob":-0.667,"bolussnooze":0.9537,"activity":0.0375,"lastBolusTime":1704478875000,"time":"2024-01-05T19:02:40.214Z","iobWithZeroTemp":{"iob":3.339,"basaliob":-0.694,"bolussnooze":0.9537,"activity":0.0375,"lastBolusTime":1704478875000,"time":"2024-01-05T19:02:40.214Z"}},{"iob":3.181,"basaliob":-0.634,"bolussnooze":0.842,"activity":0.0365,"lastBolusTime":1704478875000,"time":"2024-01-05T19:07:40.214Z","iobWithZeroTemp":{"iob":3.121,"basaliob":-0.694,"bolussnooze":0.842,"activity":0.0364,"lastBolusTime":1704478875000,"time":"2024-01-05T19:07:40.214Z"}},{"iob":3.001,"basaliob":-0.602,"bolussnooze":0.74,"activity":0.0353,"lastBolusTime":1704478875000,"time":"2024-01-05T19:12:40.214Z","iobWithZeroTemp":{"iob":2.909,"basaliob":-0.694,"bolussnooze":0.74,"activity":0.0351,"lastBolusTime":1704478875000,"time":"2024-01-05T19:12:40.214Z"}},{"iob":2.828,"basaliob":-0.57,"bolussnooze":0.6476,"activity":0.0341,"lastBolusTime":1704478875000,"time":"2024-01-05T19:17:40.214Z","iobWithZeroTemp":{"iob":2.703,"basaliob":-0.695,"bolussnooze":0.6476,"activity":0.0338,"lastBolusTime":1704478875000,"time":"2024-01-05T19:17:40.214Z"}},{"iob":2.662,"basaliob":-0.539,"bolussnooze":0.5645,"activity":0.0327,"lastBolusTime":1704478875000,"time":"2024-01-05T19:22:40.214Z","iobWithZeroTemp":{"iob":2.506,"basaliob":-0.695,"bolussnooze":0.5645,"activity":0.0322,"lastBolusTime":1704478875000,"time":"2024-01-05T19:22:40.214Z"}},{"iob":2.501,"basaliob":-0.509,"bolussnooze":0.4903,"activity":0.0314,"lastBolusTime":1704478875000,"time":"2024-01-05T19:27:40.214Z","iobWithZeroTemp":{"iob":2.315,"basaliob":-0.695,"bolussnooze":0.4903,"activity":0.0307,"lastBolusTime":1704478875000,"time":"2024-01-05T19:27:40.214Z"}},{"iob":2.348,"basaliob":-0.48,"bolussnooze":0.4244,"activity":0.03,"lastBolusTime":1704478875000,"time":"2024-01-05T19:32:40.214Z","iobWithZeroTemp":{"iob":2.132,"basaliob":-0.696,"bolussnooze":0.4244,"activity":0.0291,"lastBolusTime":1704478875000,"time":"2024-01-05T19:32:40.214Z"}},{"iob":2.202,"basaliob":-0.452,"bolussnooze":0.3661,"activity":0.0286,"lastBolusTime":1704478875000,"time":"2024-01-05T19:37:40.214Z","iobWithZeroTemp":{"iob":1.958,"basaliob":-0.696,"bolussnooze":0.3661,"activity":0.0275,"lastBolusTime":1704478875000,"time":"2024-01-05T19:37:40.214Z"}},{"iob":2.061,"basaliob":-0.426,"bolussnooze":0.3149,"activity":0.0272,"lastBolusTime":1704478875000,"time":"2024-01-05T19:42:40.214Z","iobWithZeroTemp":{"iob":1.789,"basaliob":-0.698,"bolussnooze":0.3149,"activity":0.0259,"lastBolusTime":1704478875000,"time":"2024-01-05T19:42:40.214Z"}},{"iob":1.929,"basaliob":-0.4,"bolussnooze":0.27,"activity":0.0259,"lastBolusTime":1704478875000,"time":"2024-01-05T19:47:40.214Z","iobWithZeroTemp":{"iob":1.631,"basaliob":-0.698,"bolussnooze":0.27,"activity":0.0244,"lastBolusTime":1704478875000,"time":"2024-01-05T19:47:40.214Z"}},{"iob":1.803,"basaliob":-0.375,"bolussnooze":0.2309,"activity":0.0246,"lastBolusTime":1704478875000,"time":"2024-01-05T19:52:40.214Z","iobWithZeroTemp":{"iob":1.48,"basaliob":-0.698,"bolussnooze":0.2309,"activity":0.0228,"lastBolusTime":1704478875000,"time":"2024-01-05T19:52:40.214Z"}},{"iob":1.684,"basaliob":-0.351,"bolussnooze":0.1968,"activity":0.0232,"lastBolusTime":1704478875000,"time":"2024-01-05T19:57:40.214Z","iobWithZeroTemp":{"iob":1.337,"basaliob":-0.698,"bolussnooze":0.1968,"activity":0.0212,"lastBolusTime":1704478875000,"time":"2024-01-05T19:57:40.214Z"}},{"iob":1.571,"basaliob":-0.329,"bolussnooze":0.1673,"activity":0.0219,"lastBolusTime":1704478875000,"time":"2024-01-05T20:02:40.214Z","iobWithZeroTemp":{"iob":1.201,"basaliob":-0.699,"bolussnooze":0.1673,"activity":0.0197,"lastBolusTime":1704478875000,"time":"2024-01-05T20:02:40.214Z"}},{"iob":1.463,"basaliob":-0.308,"bolussnooze":0.1418,"activity":0.0207,"lastBolusTime":1704478875000,"time":"2024-01-05T20:07:40.214Z","iobWithZeroTemp":{"iob":1.072,"basaliob":-0.699,"bolussnooze":0.1418,"activity":0.0183,"lastBolusTime":1704478875000,"time":"2024-01-05T20:07:40.214Z"}},{"iob":1.363,"basaliob":-0.288,"bolussnooze":0.1199,"activity":0.0196,"lastBolusTime":1704478875000,"time":"2024-01-05T20:12:40.214Z","iobWithZeroTemp":{"iob":0.951,"basaliob":-0.7,"bolussnooze":0.1199,"activity":0.0169,"lastBolusTime":1704478875000,"time":"2024-01-05T20:12:40.214Z"}},{"iob":1.269,"basaliob":-0.268,"bolussnooze":0.1011,"activity":0.0184,"lastBolusTime":1704478875000,"time":"2024-01-05T20:17:40.214Z","iobWithZeroTemp":{"iob":0.838,"basaliob":-0.699,"bolussnooze":0.1011,"activity":0.0155,"lastBolusTime":1704478875000,"time":"2024-01-05T20:17:40.214Z"}},{"iob":1.179,"basaliob":-0.25,"bolussnooze":0.0849,"activity":0.0173,"lastBolusTime":1704478875000,"time":"2024-01-05T20:22:40.214Z","iobWithZeroTemp":{"iob":0.729,"basaliob":-0.7,"bolussnooze":0.0849,"activity":0.0142,"lastBolusTime":1704478875000,"time":"2024-01-05T20:22:40.214Z"}},{"iob":1.095,"basaliob":-0.233,"bolussnooze":0.0712,"activity":0.0163,"lastBolusTime":1704478875000,"time":"2024-01-05T20:27:40.214Z","iobWithZeroTemp":{"iob":0.628,"basaliob":-0.7,"bolussnooze":0.0712,"activity":0.013,"lastBolusTime":1704478875000,"time":"2024-01-05T20:27:40.214Z"}},{"iob":1.017,"basaliob":-0.217,"bolussnooze":0.0595,"activity":0.0153,"lastBolusTime":1704478875000,"time":"2024-01-05T20:32:40.214Z","iobWithZeroTemp":{"iob":0.533,"basaliob":-0.701,"bolussnooze":0.0595,"activity":0.0118,"lastBolusTime":1704478875000,"time":"2024-01-05T20:32:40.214Z"}},{"iob":0.943,"basaliob":-0.202,"bolussnooze":0.0495,"activity":0.0143,"lastBolusTime":1704478875000,"time":"2024-01-05T20:37:40.214Z","iobWithZeroTemp":{"iob":0.444,"basaliob":-0.701,"bolussnooze":0.0495,"activity":0.0106,"lastBolusTime":1704478875000,"time":"2024-01-05T20:37:40.214Z"}},{"iob":0.873,"basaliob":-0.188,"bolussnooze":0.0411,"activity":0.0133,"lastBolusTime":1704478875000,"time":"2024-01-05T20:42:40.214Z","iobWithZeroTemp":{"iob":0.359,"basaliob":-0.702,"bolussnooze":0.0411,"activity":0.0094,"lastBolusTime":1704478875000,"time":"2024-01-05T20:42:40.214Z"}},{"iob":0.809,"basaliob":-0.174,"bolussnooze":0.034,"activity":0.0125,"lastBolusTime":1704478875000,"time":"2024-01-05T20:47:40.214Z","iobWithZeroTemp":{"iob":0.282,"basaliob":-0.701,"bolussnooze":0.034,"activity":0.0085,"lastBolusTime":1704478875000,"time":"2024-01-05T20:47:40.214Z"}},{"iob":0.748,"basaliob":-0.162,"bolussnooze":0.0281,"activity":0.0117,"lastBolusTime":1704478875000,"time":"2024-01-05T20:52:40.214Z","iobWithZeroTemp":{"iob":0.208,"basaliob":-0.702,"bolussnooze":0.0281,"activity":0.0075,"lastBolusTime":1704478875000,"time":"2024-01-05T20:52:40.214Z"}},{"iob":0.692,"basaliob":-0.15,"bolussnooze":0.023,"activity":0.0109,"lastBolusTime":1704478875000,"time":"2024-01-05T20:57:40.214Z","iobWithZeroTemp":{"iob":0.14,"basaliob":-0.702,"bolussnooze":0.023,"activity":0.0066,"lastBolusTime":1704478875000,"time":"2024-01-05T20:57:40.214Z"}},{"iob":0.64,"basaliob":-0.139,"bolussnooze":0.0189,"activity":0.0102,"lastBolusTime":1704478875000,"time":"2024-01-05T21:02:40.214Z","iobWithZeroTemp":{"iob":0.077,"basaliob":-0.702,"bolussnooze":0.0189,"activity":0.0057,"lastBolusTime":1704478875000,"time":"2024-01-05T21:02:40.214Z"}},{"iob":0.59,"basaliob":-0.129,"bolussnooze":0.0154,"activity":0.0095,"lastBolusTime":1704478875000,"time":"2024-01-05T21:07:40.214Z","iobWithZeroTemp":{"iob":0.016,"basaliob":-0.703,"bolussnooze":0.0154,"activity":0.0049,"lastBolusTime":1704478875000,"time":"2024-01-05T21:07:40.214Z"}},{"iob":0.545,"basaliob":-0.119,"bolussnooze":0.0124,"activity":0.0088,"lastBolusTime":1704478875000,"time":"2024-01-05T21:12:40.214Z","iobWithZeroTemp":{"iob":-0.039,"basaliob":-0.703,"bolussnooze":0.0124,"activity":0.004,"lastBolusTime":1704478875000,"time":"2024-01-05T21:12:40.214Z"}},{"iob":0.503,"basaliob":-0.11,"bolussnooze":0.01,"activity":0.0082,"lastBolusTime":1704478875000,"time":"2024-01-05T21:17:40.214Z","iobWithZeroTemp":{"iob":-0.09,"basaliob":-0.703,"bolussnooze":0.01,"activity":0.0033,"lastBolusTime":1704478875000,"time":"2024-01-05T21:17:40.214Z"}},{"iob":0.463,"basaliob":-0.102,"bolussnooze":0.0081,"activity":0.0076,"lastBolusTime":1704478875000,"time":"2024-01-05T21:22:40.214Z","iobWithZeroTemp":{"iob":-0.138,"basaliob":-0.703,"bolussnooze":0.0081,"activity":0.0026,"lastBolusTime":1704478875000,"time":"2024-01-05T21:22:40.214Z"}},{"iob":0.426,"basaliob":-0.094,"bolussnooze":0.0064,"activity":0.0071,"lastBolusTime":1704478875000,"time":"2024-01-05T21:27:40.214Z","iobWithZeroTemp":{"iob":-0.183,"basaliob":-0.703,"bolussnooze":0.0064,"activity":0.002,"lastBolusTime":1704478875000,"time":"2024-01-05T21:27:40.214Z"}},{"iob":0.393,"basaliob":-0.086,"bolussnooze":0.0051,"activity":0.0066,"lastBolusTime":1704478875000,"time":"2024-01-05T21:32:40.214Z","iobWithZeroTemp":{"iob":-0.224,"basaliob":-0.703,"bolussnooze":0.0051,"activity":0.0014,"lastBolusTime":1704478875000,"time":"2024-01-05T21:32:40.214Z"}},{"iob":0.36,"basaliob":-0.08,"bolussnooze":0.004,"activity":0.0061,"lastBolusTime":1704478875000,"time":"2024-01-05T21:37:40.214Z","iobWithZeroTemp":{"iob":-0.264,"basaliob":-0.704,"bolussnooze":0.004,"activity":8.0E-4,"lastBolusTime":1704478875000,"time":"2024-01-05T21:37:40.214Z"}},{"iob":0.332,"basaliob":-0.073,"bolussnooze":0.0031,"activity":0.0056,"lastBolusTime":1704478875000,"time":"2024-01-05T21:42:40.214Z","iobWithZeroTemp":{"iob":-0.298,"basaliob":-0.703,"bolussnooze":0.0031,"activity":2.0E-4,"lastBolusTime":1704478875000,"time":"2024-01-05T21:42:40.214Z"}},{"iob":0.304,"basaliob":-0.068,"bolussnooze":0.0024,"activity":0.0052,"lastBolusTime":1704478875000,"time":"2024-01-05T21:47:40.214Z","iobWithZeroTemp":{"iob":-0.332,"basaliob":-0.704,"bolussnooze":0.0024,"activity":-3.0E-4,"lastBolusTime":1704478875000,"time":"2024-01-05T21:47:40.214Z"}},{"iob":0.279,"basaliob":-0.062,"bolussnooze":0.0019,"activity":0.0049,"lastBolusTime":1704478875000,"time":"2024-01-05T21:52:40.214Z","iobWithZeroTemp":{"iob":-0.363,"basaliob":-0.704,"bolussnooze":0.0019,"activity":-7.0E-4,"lastBolusTime":1704478875000,"time":"2024-01-05T21:52:40.214Z"}},{"iob":0.256,"basaliob":-0.057,"bolussnooze":0.0014,"activity":0.0044,"lastBolusTime":1704478875000,"time":"2024-01-05T21:57:40.214Z","iobWithZeroTemp":{"iob":-0.391,"basaliob":-0.704,"bolussnooze":0.0014,"activity":-0.0013,"lastBolusTime":1704478875000,"time":"2024-01-05T21:57:40.214Z"}},{"iob":0.235,"basaliob":-0.052,"bolussnooze":0.001,"activity":0.0041,"lastBolusTime":1704478875000,"time":"2024-01-05T22:02:40.214Z","iobWithZeroTemp":{"iob":-0.421,"basaliob":-0.708,"bolussnooze":0.001,"activity":-0.0017,"lastBolusTime":1704478875000,"time":"2024-01-05T22:02:40.214Z"}},{"iob":0.215,"basaliob":-0.048,"bolussnooze":8.0E-4,"activity":0.0038,"lastBolusTime":1704478875000,"time":"2024-01-05T22:07:40.214Z","iobWithZeroTemp":{"iob":-0.449,"basaliob":-0.712,"bolussnooze":8.0E-4,"activity":-0.002,"lastBolusTime":1704478875000,"time":"2024-01-05T22:07:40.214Z"}},{"iob":0.197,"basaliob":-0.044,"bolussnooze":5.0E-4,"activity":0.0035,"lastBolusTime":1704478875000,"time":"2024-01-05T22:12:40.214Z","iobWithZeroTemp":{"iob":-0.475,"basaliob":-0.716,"bolussnooze":5.0E-4,"activity":-0.0024,"lastBolusTime":1704478875000,"time":"2024-01-05T22:12:40.214Z"}},{"iob":0.18,"basaliob":-0.04,"bolussnooze":4.0E-4,"activity":0.0032,"lastBolusTime":1704478875000,"time":"2024-01-05T22:17:40.214Z","iobWithZeroTemp":{"iob":-0.5,"basaliob":-0.72,"bolussnooze":4.0E-4,"activity":-0.0028,"lastBolusTime":1704478875000,"time":"2024-01-05T22:17:40.214Z"}},{"iob":0.164,"basaliob":-0.037,"bolussnooze":2.0E-4,"activity":0.0029,"lastBolusTime":1704478875000,"time":"2024-01-05T22:22:40.214Z","iobWithZeroTemp":{"iob":-0.523,"basaliob":-0.724,"bolussnooze":2.0E-4,"activity":-0.0032,"lastBolusTime":1704478875000,"time":"2024-01-05T22:22:40.214Z"}},{"iob":0.15,"basaliob":-0.034,"bolussnooze":1.0E-4,"activity":0.0028,"lastBolusTime":1704478875000,"time":"2024-01-05T22:27:40.214Z","iobWithZeroTemp":{"iob":-0.544,"basaliob":-0.728,"bolussnooze":1.0E-4,"activity":-0.0033,"lastBolusTime":1704478875000,"time":"2024-01-05T22:27:40.214Z"}},{"iob":0.136,"basaliob":-0.031,"bolussnooze":1.0E-4,"activity":0.0025,"lastBolusTime":1704478875000,"time":"2024-01-05T22:32:40.214Z","iobWithZeroTemp":{"iob":-0.565,"basaliob":-0.732,"bolussnooze":1.0E-4,"activity":-0.0037,"lastBolusTime":1704478875000,"time":"2024-01-05T22:32:40.214Z"}},{"iob":0.125,"basaliob":-0.028,"bolussnooze":0,"activity":0.0023,"lastBolusTime":1704478875000,"time":"2024-01-05T22:37:40.214Z","iobWithZeroTemp":{"iob":-0.582,"basaliob":-0.735,"bolussnooze":0,"activity":-0.004,"lastBolusTime":1704478875000,"time":"2024-01-05T22:37:40.214Z"}},{"iob":0.113,"basaliob":-0.026,"bolussnooze":0,"activity":0.0021,"lastBolusTime":1704478875000,"time":"2024-01-05T22:42:40.214Z","iobWithZeroTemp":{"iob":-0.6,"basaliob":-0.739,"bolussnooze":0,"activity":-0.0043,"lastBolusTime":1704478875000,"time":"2024-01-05T22:42:40.214Z"}},{"iob":0.102,"basaliob":-0.024,"bolussnooze":0,"activity":0.002,"lastBolusTime":1704478875000,"time":"2024-01-05T22:47:40.214Z","iobWithZeroTemp":{"iob":-0.617,"basaliob":-0.743,"bolussnooze":0,"activity":-0.0044,"lastBolusTime":1704478875000,"time":"2024-01-05T22:47:40.214Z"}},{"iob":0.093,"basaliob":-0.022,"bolussnooze":0,"activity":0.0018,"lastBolusTime":1704478875000,"time":"2024-01-05T22:52:40.214Z","iobWithZeroTemp":{"iob":-0.631,"basaliob":-0.746,"bolussnooze":0,"activity":-0.0047,"lastBolusTime":1704478875000,"time":"2024-01-05T22:52:40.214Z"}}],"profile":{"max_iob":7,"type":"current","max_daily_basal":0.45,"max_basal":1.35,"min_bg":81.0000000000001,"max_bg":81.0000000000001,"target_bg":81.0000000000001,"carb_ratio":11,"sens":352.8,"max_daily_safety_multiplier":3,"current_basal_safety_multiplier":4,"lgsThreshold":65,"high_temptarget_raises_sensitivity":false,"low_temptarget_lowers_sensitivity":false,"sensitivity_raises_target":true,"resistance_lowers_target":true,"adv_target_adjustments":false,"exercise_mode":false,"half_basal_exercise_target":160,"maxCOB":120,"skip_neutral_temps":false,"remainingCarbsCap":90,"enableUAM":true,"A52_risk_enable":false,"SMBInterval":4,"enableSMB_with_COB":true,"enableSMB_with_temptarget":false,"allowSMB_with_high_temptarget":true,"enableSMB_always":true,"enableSMB_after_carbs":false,"maxSMBBasalMinutes":60,"maxUAMSMBBasalMinutes":60,"bolus_increment":0.05,"carbsReqThreshold":10,"current_basal":0.4,"temptargetSet":true,"autosens_max":1.2,"autosens_min":0.8,"out_units":"mmol\/L","variable_sens":137.8,"insulinDivisor":65,"TDD":12.62358529166667},"autosens_data":{"ratio":1.3500316159215158},"meal_data":{"carbs":97,"mealCOB":47.182798185941,"slopeFromMaxDeviation":-2.0042,"slopeFromMinDeviation":0,"lastBolusTime":1704478875000,"lastCarbTime":1704478807000},"microBolusAllowed":true,"currentTime":1704481062411,"flatBGsDetected":false,"tdd1D":28.050416666666692,"tdd7D":23.609261904761915,"tddLast24H":31.87325000000001,"tddLast4H":11.146666666666667,"tddLast8to4H":5.613333333333333},"output":{"temp":"absolute","bg":118,"tick":-12,"eventualBG":212,"targetBG":81.0000000000001,"insulinReq":0,"deliverAt":"2024-01-05T18:57:42.411Z","sensitivityRatio":1.3500316159215158,"variable_sens":137.8,"predBGs":{"IOB":[118,105,89,70,45,39,39,39,39,39,39,39,39],"ZT":[118,91,61,39,39,39,39,39,39,39,39,39,39,39,39,39,39,39,39,39,39,39,39,39,39,39,39,39,39,39,39,39,39,39,39,39,39,39,39,39,39,39,39,39,39,39,39,39],"COB":[118,106,96,86,78,71,66,61,59,57,57,58,61,64,69,76,83,92,102,113,125,136,147,158,167,177,185,193,200,207,212,217,221,225,227,229,230,230,229,227,224,222,220,218,216,215,213,212],"UAM":[118,104,87,64,39,39,39,39,39,39,39,39,39]},"reason":"COB: 47.2, Dev: 4.8, BGI: -1.5, ISF: 7.7, CR: 11, Target: 4.5, minPredBG -17.6, minGuardBG -21.7, IOBpredBG 2.2, COBpredBG 11.8, UAMpredBG 2.2; 11 add'l carbs req w\/in 35m; minGuardBG -21.7<3.6","COB":47.182798185941,"IOB":3.557,"carbsReq":11,"carbsReqWithin":35,"duration":120,"rate":0,"timestamp":"2024-01-05T18:57:42.434Z"}}