{"algorithm":"OpenAPSSMBDynamicISFPlugin","input":{"glucoseStatus":{"glucose":134,"noise":0,"delta":20,"short_avgdelta":16.5,"long_avgdelta":5.2,"date":1704391931618},"currenttemp":{"temp":"absolute","duration":70,"rate":0,"minutesrunning":50},"iob_data":[{"iob":2.457,"basaliob":-0.695,"bolussnooze":0.2207,"activity":0.0241,"lastBolusTime":1704391685000,"time":"2024-01-04T18:12:48.582Z","iobWithZeroTemp":{"iob":2.457,"basaliob":-0.695,"bolussnooze":0.2207,"activity":0.0241,"lastBolusTime":1704391685000,"time":"2024-01-04T18:12:48.582Z"}},{"iob":2.337,"basaliob":-0.663,"bolussnooze":0.1899,"activity":0.0239,"lastBolusTime":1704391685000,"time":"2024-01-04T18:17:48.582Z","iobWithZeroTemp":{"iob":2.31,"basaliob":-0.69,"bolussnooze":0.1899,"activity":0.0239,"lastBolusTime":1704391685000,"time":"2024-01-04T18:17:48.582Z"}},{"iob":2.218,"basaliob":-0.631,"bolussnooze":0.1628,"activity":0.0235,"lastBolusTime":1704391685000,"time":"2024-01-04T18:22:48.582Z","iobWithZeroTemp":{"iob":2.158,"basaliob":-0.691,"bolussnooze":0.1628,"activity":0.0234,"lastBolusTime":1704391685000,"time":"2024-01-04T18:22:48.582Z"}},{"iob":2.102,"basaliob":-0.599,"bolussnooze":0.1392,"activity":0.023,"lastBolusTime":1704391685000,"time":"2024-01-04T18:27:48.582Z","iobWithZeroTemp":{"iob":2.01,"basaliob":-0.691,"bolussnooze":0.1392,"activity":0.0228,"lastBolusTime":1704391685000,"time":"2024-01-04T18:27:48.582Z"}},{"iob":1.989,"basaliob":-0.567,"bolussnooze":0.1187,"activity":0.0224,"lastBolusTime":1704391685000,"time":"2024-01-04T18:32:48.582Z","iobWithZeroTemp":{"iob":1.864,"basaliob":-0.692,"bolussnooze":0.1187,"activity":0.0221,"lastBolusTime":1704391685000,"time":"2024-01-04T18:32:48.582Z"}},{"iob":1.878,"basaliob":-0.537,"bolussnooze":0.1009,"activity":0.0218,"lastBolusTime":1704391685000,"time":"2024-01-04T18:37:48.582Z","iobWithZeroTemp":{"iob":1.722,"basaliob":-0.693,"bolussnooze":0.1009,"activity":0.0213,"lastBolusTime":1704391685000,"time":"2024-01-04T18:37:48.582Z"}},{"iob":1.771,"basaliob":-0.507,"bolussnooze":0.0856,"activity":0.021,"lastBolusTime":1704391685000,"time":"2024-01-04T18:42:48.582Z","iobWithZeroTemp":{"iob":1.585,"basaliob":-0.693,"bolussnooze":0.0856,"activity":0.0203,"lastBolusTime":1704391685000,"time":"2024-01-04T18:42:48.582Z"}},{"iob":1.668,"basaliob":-0.478,"bolussnooze":0.0724,"activity":0.0202,"lastBolusTime":1704391685000,"time":"2024-01-04T18:47:48.582Z","iobWithZeroTemp":{"iob":1.452,"basaliob":-0.694,"bolussnooze":0.0724,"activity":0.0193,"lastBolusTime":1704391685000,"time":"2024-01-04T18:47:48.582Z"}},{"iob":1.569,"basaliob":-0.45,"bolussnooze":0.061,"activity":0.0194,"lastBolusTime":1704391685000,"time":"2024-01-04T18:52:48.582Z","iobWithZeroTemp":{"iob":1.325,"basaliob":-0.694,"bolussnooze":0.061,"activity":0.0183,"lastBolusTime":1704391685000,"time":"2024-01-04T18:52:48.582Z"}},{"iob":1.474,"basaliob":-0.424,"bolussnooze":0.0513,"activity":0.0187,"lastBolusTime":1704391685000,"time":"2024-01-04T18:57:48.582Z","iobWithZeroTemp":{"iob":1.202,"basaliob":-0.696,"bolussnooze":0.0513,"activity":0.0174,"lastBolusTime":1704391685000,"time":"2024-01-04T18:57:48.582Z"}},{"iob":1.383,"basaliob":-0.398,"bolussnooze":0.0431,"activity":0.0178,"lastBolusTime":1704391685000,"time":"2024-01-04T19:02:48.582Z","iobWithZeroTemp":{"iob":1.085,"basaliob":-0.696,"bolussnooze":0.0431,"activity":0.0163,"lastBolusTime":1704391685000,"time":"2024-01-04T19:02:48.582Z"}},{"iob":1.296,"basaliob":-0.374,"bolussnooze":0.036,"activity":0.017,"lastBolusTime":1704391685000,"time":"2024-01-04T19:07:48.582Z","iobWithZeroTemp":{"iob":0.973,"basaliob":-0.697,"bolussnooze":0.036,"activity":0.0152,"lastBolusTime":1704391685000,"time":"2024-01-04T19:07:48.582Z"}},{"iob":1.214,"basaliob":-0.35,"bolussnooze":0.03,"activity":0.0161,"lastBolusTime":1704391685000,"time":"2024-01-04T19:12:48.582Z","iobWithZeroTemp":{"iob":0.867,"basaliob":-0.697,"bolussnooze":0.03,"activity":0.0141,"lastBolusTime":1704391685000,"time":"2024-01-04T19:12:48.582Z"}},{"iob":1.135,"basaliob":-0.328,"bolussnooze":0.025,"activity":0.0154,"lastBolusTime":1704391685000,"time":"2024-01-04T19:17:48.582Z","iobWithZeroTemp":{"iob":0.765,"basaliob":-0.698,"bolussnooze":0.025,"activity":0.0132,"lastBolusTime":1704391685000,"time":"2024-01-04T19:17:48.582Z"}},{"iob":1.06,"basaliob":-0.307,"bolussnooze":0.0207,"activity":0.0145,"lastBolusTime":1704391685000,"time":"2024-01-04T19:22:48.582Z","iobWithZeroTemp":{"iob":0.669,"basaliob":-0.698,"bolussnooze":0.0207,"activity":0.0121,"lastBolusTime":1704391685000,"time":"2024-01-04T19:22:48.582Z"}},{"iob":0.989,"basaliob":-0.287,"bolussnooze":0.0171,"activity":0.0138,"lastBolusTime":1704391685000,"time":"2024-01-04T19:27:48.582Z","iobWithZeroTemp":{"iob":0.577,"basaliob":-0.699,"bolussnooze":0.0171,"activity":0.0111,"lastBolusTime":1704391685000,"time":"2024-01-04T19:27:48.582Z"}},{"iob":0.922,"basaliob":-0.268,"bolussnooze":0.0141,"activity":0.013,"lastBolusTime":1704391685000,"time":"2024-01-04T19:32:48.582Z","iobWithZeroTemp":{"iob":0.491,"basaliob":-0.699,"bolussnooze":0.0141,"activity":0.0101,"lastBolusTime":1704391685000,"time":"2024-01-04T19:32:48.582Z"}},{"iob":0.859,"basaliob":-0.25,"bolussnooze":0.0116,"activity":0.0122,"lastBolusTime":1704391685000,"time":"2024-01-04T19:37:48.582Z","iobWithZeroTemp":{"iob":0.409,"basaliob":-0.7,"bolussnooze":0.0116,"activity":0.0091,"lastBolusTime":1704391685000,"time":"2024-01-04T19:37:48.582Z"}},{"iob":0.801,"basaliob":-0.232,"bolussnooze":0.0095,"activity":0.0115,"lastBolusTime":1704391685000,"time":"2024-01-04T19:42:48.582Z","iobWithZeroTemp":{"iob":0.334,"basaliob":-0.699,"bolussnooze":0.0095,"activity":0.0082,"lastBolusTime":1704391685000,"time":"2024-01-04T19:42:48.582Z"}},{"iob":0.745,"basaliob":-0.216,"bolussnooze":0.0077,"activity":0.0109,"lastBolusTime":1704391685000,"time":"2024-01-04T19:47:48.582Z","iobWithZeroTemp":{"iob":0.261,"basaliob":-0.7,"bolussnooze":0.0077,"activity":0.0074,"lastBolusTime":1704391685000,"time":"2024-01-04T19:47:48.582Z"}},{"iob":0.692,"basaliob":-0.201,"bolussnooze":0.0062,"activity":0.0102,"lastBolusTime":1704391685000,"time":"2024-01-04T19:52:48.582Z","iobWithZeroTemp":{"iob":0.193,"basaliob":-0.7,"bolussnooze":0.0062,"activity":0.0065,"lastBolusTime":1704391685000,"time":"2024-01-04T19:52:48.582Z"}},{"iob":0.642,"basaliob":-0.187,"bolussnooze":0.005,"activity":0.0095,"lastBolusTime":1704391685000,"time":"2024-01-04T19:57:48.582Z","iobWithZeroTemp":{"iob":0.128,"basaliob":-0.701,"bolussnooze":0.005,"activity":0.0056,"lastBolusTime":1704391685000,"time":"2024-01-04T19:57:48.582Z"}},{"iob":0.596,"basaliob":-0.174,"bolussnooze":0.004,"activity":0.009,"lastBolusTime":1704391685000,"time":"2024-01-04T20:02:48.582Z","iobWithZeroTemp":{"iob":0.069,"basaliob":-0.701,"bolussnooze":0.004,"activity":0.005,"lastBolusTime":1704391685000,"time":"2024-01-04T20:02:48.582Z"}},{"iob":0.553,"basaliob":-0.161,"bolussnooze":0.0032,"activity":0.0084,"lastBolusTime":1704391685000,"time":"2024-01-04T20:07:48.582Z","iobWithZeroTemp":{"iob":0.013,"basaliob":-0.701,"bolussnooze":0.0032,"activity":0.0042,"lastBolusTime":1704391685000,"time":"2024-01-04T20:07:48.582Z"}},{"iob":0.511,"basaliob":-0.15,"bolussnooze":0.0025,"activity":0.0078,"lastBolusTime":1704391685000,"time":"2024-01-04T20:12:48.582Z","iobWithZeroTemp":{"iob":-0.041,"basaliob":-0.702,"bolussnooze":0.0025,"activity":0.0035,"lastBolusTime":1704391685000,"time":"2024-01-04T20:12:48.582Z"}},{"iob":0.473,"basaliob":-0.139,"bolussnooze":0.002,"activity":0.0074,"lastBolusTime":1704391685000,"time":"2024-01-04T20:17:48.582Z","iobWithZeroTemp":{"iob":-0.09,"basaliob":-0.702,"bolussnooze":0.002,"activity":0.0029,"lastBolusTime":1704391685000,"time":"2024-01-04T20:17:48.582Z"}},{"iob":0.438,"basaliob":-0.128,"bolussnooze":0.0015,"activity":0.0069,"lastBolusTime":1704391685000,"time":"2024-01-04T20:22:48.582Z","iobWithZeroTemp":{"iob":-0.136,"basaliob":-0.702,"bolussnooze":0.0015,"activity":0.0023,"lastBolusTime":1704391685000,"time":"2024-01-04T20:22:48.582Z"}},{"iob":0.405,"basaliob":-0.119,"bolussnooze":0.0012,"activity":0.0064,"lastBolusTime":1704391685000,"time":"2024-01-04T20:27:48.582Z","iobWithZeroTemp":{"iob":-0.179,"basaliob":-0.703,"bolussnooze":0.0012,"activity":0.0016,"lastBolusTime":1704391685000,"time":"2024-01-04T20:27:48.582Z"}},{"iob":0.374,"basaliob":-0.11,"bolussnooze":9.0E-4,"activity":0.006,"lastBolusTime":1704391685000,"time":"2024-01-04T20:32:48.582Z","iobWithZeroTemp":{"iob":-0.219,"basaliob":-0.703,"bolussnooze":9.0E-4,"activity":0.0011,"lastBolusTime":1704391685000,"time":"2024-01-04T20:32:48.582Z"}},{"iob":0.346,"basaliob":-0.101,"bolussnooze":6.0E-4,"activity":0.0056,"lastBolusTime":1704391685000,"time":"2024-01-04T20:37:48.582Z","iobWithZeroTemp":{"iob":-0.255,"basaliob":-0.702,"bolussnooze":6.0E-4,"activity":6.0E-4,"lastBolusTime":1704391685000,"time":"2024-01-04T20:37:48.582Z"}},{"iob":0.318,"basaliob":-0.094,"bolussnooze":5.0E-4,"activity":0.0052,"lastBolusTime":1704391685000,"time":"2024-01-04T20:42:48.582Z","iobWithZeroTemp":{"iob":-0.291,"basaliob":-0.703,"bolussnooze":5.0E-4,"activity":1.0E-4,"lastBolusTime":1704391685000,"time":"2024-01-04T20:42:48.582Z"}},{"iob":0.294,"basaliob":-0.086,"bolussnooze":3.0E-4,"activity":0.0048,"lastBolusTime":1704391685000,"time":"2024-01-04T20:47:48.582Z","iobWithZeroTemp":{"iob":-0.323,"basaliob":-0.703,"bolussnooze":3.0E-4,"activity":-4.0E-4,"lastBolusTime":1704391685000,"time":"2024-01-04T20:47:48.582Z"}},{"iob":0.27,"basaliob":-0.08,"bolussnooze":2.0E-4,"activity":0.0045,"lastBolusTime":1704391685000,"time":"2024-01-04T20:52:48.582Z","iobWithZeroTemp":{"iob":-0.354,"basaliob":-0.704,"bolussnooze":2.0E-4,"activity":-8.0E-4,"lastBolusTime":1704391685000,"time":"2024-01-04T20:52:48.582Z"}},{"iob":0.249,"basaliob":-0.073,"bolussnooze":1.0E-4,"activity":0.0042,"lastBolusTime":1704391685000,"time":"2024-01-04T20:57:48.582Z","iobWithZeroTemp":{"iob":-0.381,"basaliob":-0.703,"bolussnooze":1.0E-4,"activity":-0.0012,"lastBolusTime":1704391685000,"time":"2024-01-04T20:57:48.582Z"}},{"iob":0.229,"basaliob":-0.067,"bolussnooze":1.0E-4,"activity":0.0039,"lastBolusTime":1704391685000,"time":"2024-01-04T21:02:48.582Z","iobWithZeroTemp":{"iob":-0.407,"basaliob":-0.703,"bolussnooze":1.0E-4,"activity":-0.0016,"lastBolusTime":1704391685000,"time":"2024-01-04T21:02:48.582Z"}},{"iob":0.21,"basaliob":-0.062,"bolussnooze":0,"activity":0.0036,"lastBolusTime":1704391685000,"time":"2024-01-04T21:07:48.582Z","iobWithZeroTemp":{"iob":-0.432,"basaliob":-0.704,"bolussnooze":0,"activity":-0.002,"lastBolusTime":1704391685000,"time":"2024-01-04T21:07:48.582Z"}},{"iob":0.193,"basaliob":-0.057,"bolussnooze":0,"activity":0.0033,"lastBolusTime":1704391685000,"time":"2024-01-04T21:12:48.582Z","iobWithZeroTemp":{"iob":-0.454,"basaliob":-0.704,"bolussnooze":0,"activity":-0.0024,"lastBolusTime":1704391685000,"time":"2024-01-04T21:12:48.582Z"}},{"iob":0.177,"basaliob":-0.052,"bolussnooze":0,"activity":0.0031,"lastBolusTime":1704391685000,"time":"2024-01-04T21:17:48.582Z","iobWithZeroTemp":{"iob":-0.474,"basaliob":-0.703,"bolussnooze":0,"activity":-0.0027,"lastBolusTime":1704391685000,"time":"2024-01-04T21:17:48.582Z"}},{"iob":0.162,"basaliob":-0.048,"bolussnooze":0,"activity":0.0029,"lastBolusTime":1704391685000,"time":"2024-01-04T21:22:48.582Z","iobWithZeroTemp":{"iob":-0.494,"basaliob":-0.704,"bolussnooze":0,"activity":-0.0029,"lastBolusTime":1704391685000,"time":"2024-01-04T21:22:48.582Z"}},{"iob":0.149,"basaliob":-0.044,"bolussnooze":0,"activity":0.0026,"lastBolusTime":1704391685000,"time":"2024-01-04T21:27:48.582Z","iobWithZeroTemp":{"iob":-0.511,"basaliob":-0.704,"bolussnooze":0,"activity":-0.0033,"lastBolusTime":1704391685000,"time":"2024-01-04T21:27:48.582Z"}},{"iob":0.137,"basaliob":-0.04,"bolussnooze":0,"activity":0.0024,"lastBolusTime":1704391685000,"time":"2024-01-04T21:32:48.582Z","iobWithZeroTemp":{"iob":-0.527,"basaliob":-0.704,"bolussnooze":0,"activity":-0.0035,"lastBolusTime":1704391685000,"time":"2024-01-04T21:32:48.582Z"}},{"iob":0.125,"basaliob":-0.037,"bolussnooze":0,"activity":0.0022,"lastBolusTime":1704391685000,"time":"2024-01-04T21:37:48.582Z","iobWithZeroTemp":{"iob":-0.542,"basaliob":-0.704,"bolussnooze":0,"activity":-0.0038,"lastBolusTime":1704391685000,"time":"2024-01-04T21:37:48.582Z"}},{"iob":0.114,"basaliob":-0.034,"bolussnooze":0,"activity":0.0021,"lastBolusTime":1704391685000,"time":"2024-01-04T21:42:48.582Z","iobWithZeroTemp":{"iob":-0.556,"basaliob":-0.704,"bolussnooze":0,"activity":-0.004,"lastBolusTime":1704391685000,"time":"2024-01-04T21:42:48.582Z"}},{"iob":0.104,"basaliob":-0.031,"bolussnooze":0,"activity":0.0018,"lastBolusTime":1704391685000,"time":"2024-01-04T21:47:48.582Z","iobWithZeroTemp":{"iob":-0.569,"basaliob":-0.704,"bolussnooze":0,"activity":-0.0043,"lastBolusTime":1704391685000,"time":"2024-01-04T21:47:48.582Z"}},{"iob":0.095,"basaliob":-0.028,"bolussnooze":0,"activity":0.0018,"lastBolusTime":1704391685000,"time":"2024-01-04T21:52:48.582Z","iobWithZeroTemp":{"iob":-0.581,"basaliob":-0.704,"bolussnooze":0,"activity":-0.0043,"lastBolusTime":1704391685000,"time":"2024-01-04T21:52:48.582Z"}},{"iob":0.087,"basaliob":-0.026,"bolussnooze":0,"activity":0.0016,"lastBolusTime":1704391685000,"time":"2024-01-04T21:57:48.582Z","iobWithZeroTemp":{"iob":-0.592,"basaliob":-0.705,"bolussnooze":0,"activity":-0.0046,"lastBolusTime":1704391685000,"time":"2024-01-04T21:57:48.582Z"}},{"iob":0.079,"basaliob":-0.024,"bolussnooze":0,"activity":0.0015,"lastBolusTime":1704391685000,"time":"2024-01-04T22:02:48.582Z","iobWithZeroTemp":{"iob":-0.606,"basaliob":-0.709,"bolussnooze":0,"activity":-0.0047,"lastBolusTime":1704391685000,"time":"2024-01-04T22:02:48.582Z"}},{"iob":0.071,"basaliob":-0.022,"bolussnooze":0,"activity":0.0014,"lastBolusTime":1704391685000,"time":"2024-01-04T22:07:48.582Z","iobWithZeroTemp":{"iob":-0.62,"basaliob":-0.713,"bolussnooze":0,"activity":-0.0049,"lastBolusTime":1704391685000,"time":"2024-01-04T22:07:48.582Z"}}],"profile":{"max_iob":7,"type":"current","max_daily_basal":0.45,"max_basal":1.35,"min_bg":81.0000000000001,"max_bg":81.0000000000001,"target_bg":81.0000000000001,"carb_ratio":11,"sens":352.8,"max_daily_safety_multiplier":3,"current_basal_safety_multiplier":4,"lgsThreshold":65,"high_temptarget_raises_sensitivity":false,"low_temptarget_lowers_sensitivity":false,"sensitivity_raises_target":true,"resistance_lowers_target":true,"adv_target_adjustments":false,"exercise_mode":false,"half_basal_exercise_target":160,"maxCOB":120,"skip_neutral_temps":false,"remainingCarbsCap":90,"enableUAM":true,"A52_risk_enable":false,"SMBInterval":4,"enableSMB_with_COB":true,"enableSMB_with_temptarget":false,"allowSMB_with_high_temptarget":true,"enableSMB_always":true,"enableSMB_after_carbs":false,"maxSMBBasalMinutes":60,"maxUAMSMBBasalMinutes":60,"bolus_increment":0.05,"carbsReqThreshold":10,"current_basal":0.4,"temptargetSet":true,"autosens_max":1.2,"autosens_min":0.8,"out_units":"mmol\/L","variable_sens":160,"insulinDivisor":65,"TDD":10.054421958333334},"autosens_data":{"ratio":1.1974496368646195},"meal_data":{"carbs":67,"mealCOB":38.482375283446714,"slopeFromMaxDeviation":-0.5079090909090912,"slopeFromMinDeviation":3.0761428571428566,"lastBolusTime":1704391685000,"lastCarbTime":1704387670000},"microBolusAllowed":true,"currentTime":1704391970891,"flatBGsDetected":false,"tdd1D":20.64108333333334,"tdd7D":22.492595238095245,"tddLast24H":26.933750000000018,"tddLast4H":7.6499999999999995,"tddLast8to4H":6.17},"output":{"temp":"absolute","bg":134,"tick":"+20","eventualBG":401,"targetBG":81.0000000000001,"insulinReq":1.27,"deliverAt":"2024-01-04T18:12:50.891Z","sensitivityRatio":1.1974496368646195,"variable_sens":160,"predBGs":{"IOB":[134,148,159,169,177,183,186,187,186,182,175,166,154,142,130,118,106,94,82,69,56,41,39],"ZT":[134,115,94,70,42,39,39,39,39,39,39,39,39,39,39,39,39,39,39,39,39,39,39,39,39,39,39,39,39,39,39,39,39,39,39,39,39,39,39,39,39,39,39,39,39,39,39,39],"COB":[134,149,164,177,190,202,214,225,235,245,255,264,272,280,288,295,301,307,312,317,321,325,328,330,332,333,333,332,331,329,326,322,318,314,311,308,305,302,300,298,296,294,292,290,289,287,286,285],"UAM":[134,149,165,181,198,214,230,246,262,278,294,309,324,338,352,365,378,391,401]},"reason":"COB: 38.5, Dev: 11.9, BGI: -1.1, ISF: 8.9, CR: 11, Target: 4.5, minPredBG 15.8, minGuardBG 8.3, IOBpredBG 2.2, COBpredBG 15.8, UAMpredBG 22.3; Eventual BG 22.3 >= 4.5,  insulinReq 1.27; maxBolus 0.4; setting 60m low temp of 0U\/h. Microbolusing 0.4U. ","COB":38.482375283446714,"IOB":2.457,"units":0.4,"rate":0,"duration":60,"timestamp":"2024-01-04T18:12:50.925Z"}}