{"algorithm":"OpenAPSSMBDynamicISFPlugin","input":{"glucoseStatus":{"glucose":150,"noise":0,"delta":-5,"short_avgdelta":-4.83,"long_avgdelta":-2.95,"date":1704470537239},"currenttemp":{"temp":"absolute","duration":100,"rate":0,"minutesrunning":20},"iob_data":[{"iob":2.22,"basaliob":-0.699,"bolussnooze":0.5139,"activity":0.0243,"lastBolusTime":1704468484000,"time":"2024-01-05T16:02:36.377Z","iobWithZeroTemp":{"iob":2.22,"basaliob":-0.699,"bolussnooze":0.5139,"activity":0.0243,"lastBolusTime":1704468484000,"time":"2024-01-05T16:02:36.377Z"}},{"iob":2.101,"basaliob":-0.666,"bolussnooze":0.448,"activity":0.0237,"lastBolusTime":1704468484000,"time":"2024-01-05T16:07:36.377Z","iobWithZeroTemp":{"iob":2.074,"basaliob":-0.693,"bolussnooze":0.448,"activity":0.0237,"lastBolusTime":1704468484000,"time":"2024-01-05T16:07:36.377Z"}},{"iob":1.985,"basaliob":-0.633,"bolussnooze":0.3891,"activity":0.0229,"lastBolusTime":1704468484000,"time":"2024-01-05T16:12:36.377Z","iobWithZeroTemp":{"iob":1.925,"basaliob":-0.693,"bolussnooze":0.3891,"activity":0.0228,"lastBolusTime":1704468484000,"time":"2024-01-05T16:12:36.377Z"}},{"iob":1.872,"basaliob":-0.601,"bolussnooze":0.3368,"activity":0.0221,"lastBolusTime":1704468484000,"time":"2024-01-05T16:17:36.377Z","iobWithZeroTemp":{"iob":1.78,"basaliob":-0.693,"bolussnooze":0.3368,"activity":0.0219,"lastBolusTime":1704468484000,"time":"2024-01-05T16:17:36.377Z"}},{"iob":1.763,"basaliob":-0.57,"bolussnooze":0.2906,"activity":0.0214,"lastBolusTime":1704468484000,"time":"2024-01-05T16:22:36.377Z","iobWithZeroTemp":{"iob":1.638,"basaliob":-0.695,"bolussnooze":0.2906,"activity":0.0211,"lastBolusTime":1704468484000,"time":"2024-01-05T16:22:36.377Z"}},{"iob":1.659,"basaliob":-0.539,"bolussnooze":0.25,"activity":0.0205,"lastBolusTime":1704468484000,"time":"2024-01-05T16:27:36.377Z","iobWithZeroTemp":{"iob":1.503,"basaliob":-0.695,"bolussnooze":0.25,"activity":0.02,"lastBolusTime":1704468484000,"time":"2024-01-05T16:27:36.377Z"}},{"iob":1.559,"basaliob":-0.509,"bolussnooze":0.2144,"activity":0.0196,"lastBolusTime":1704468484000,"time":"2024-01-05T16:32:36.377Z","iobWithZeroTemp":{"iob":1.373,"basaliob":-0.695,"bolussnooze":0.2144,"activity":0.0189,"lastBolusTime":1704468484000,"time":"2024-01-05T16:32:36.377Z"}},{"iob":1.463,"basaliob":-0.48,"bolussnooze":0.1833,"activity":0.0187,"lastBolusTime":1704468484000,"time":"2024-01-05T16:37:36.377Z","iobWithZeroTemp":{"iob":1.247,"basaliob":-0.696,"bolussnooze":0.1833,"activity":0.0178,"lastBolusTime":1704468484000,"time":"2024-01-05T16:37:36.377Z"}},{"iob":1.37,"basaliob":-0.453,"bolussnooze":0.1563,"activity":0.0179,"lastBolusTime":1704468484000,"time":"2024-01-05T16:42:36.377Z","iobWithZeroTemp":{"iob":1.126,"basaliob":-0.697,"bolussnooze":0.1563,"activity":0.0168,"lastBolusTime":1704468484000,"time":"2024-01-05T16:42:36.377Z"}},{"iob":1.283,"basaliob":-0.426,"bolussnooze":0.133,"activity":0.017,"lastBolusTime":1704468484000,"time":"2024-01-05T16:47:36.377Z","iobWithZeroTemp":{"iob":1.011,"basaliob":-0.698,"bolussnooze":0.133,"activity":0.0157,"lastBolusTime":1704468484000,"time":"2024-01-05T16:47:36.377Z"}},{"iob":1.2,"basaliob":-0.4,"bolussnooze":0.1127,"activity":0.0162,"lastBolusTime":1704468484000,"time":"2024-01-05T16:52:36.377Z","iobWithZeroTemp":{"iob":0.902,"basaliob":-0.698,"bolussnooze":0.1127,"activity":0.0147,"lastBolusTime":1704468484000,"time":"2024-01-05T16:52:36.377Z"}},{"iob":1.122,"basaliob":-0.375,"bolussnooze":0.0953,"activity":0.0153,"lastBolusTime":1704468484000,"time":"2024-01-05T16:57:36.377Z","iobWithZeroTemp":{"iob":0.799,"basaliob":-0.698,"bolussnooze":0.0953,"activity":0.0135,"lastBolusTime":1704468484000,"time":"2024-01-05T16:57:36.377Z"}},{"iob":1.047,"basaliob":-0.352,"bolussnooze":0.0804,"activity":0.0145,"lastBolusTime":1704468484000,"time":"2024-01-05T17:02:36.377Z","iobWithZeroTemp":{"iob":0.7,"basaliob":-0.699,"bolussnooze":0.0804,"activity":0.0125,"lastBolusTime":1704468484000,"time":"2024-01-05T17:02:36.377Z"}},{"iob":0.977,"basaliob":-0.329,"bolussnooze":0.0676,"activity":0.0137,"lastBolusTime":1704468484000,"time":"2024-01-05T17:07:36.377Z","iobWithZeroTemp":{"iob":0.607,"basaliob":-0.699,"bolussnooze":0.0676,"activity":0.0115,"lastBolusTime":1704468484000,"time":"2024-01-05T17:07:36.377Z"}},{"iob":0.91,"basaliob":-0.308,"bolussnooze":0.0567,"activity":0.0129,"lastBolusTime":1704468484000,"time":"2024-01-05T17:12:36.377Z","iobWithZeroTemp":{"iob":0.519,"basaliob":-0.699,"bolussnooze":0.0567,"activity":0.0105,"lastBolusTime":1704468484000,"time":"2024-01-05T17:12:36.377Z"}},{"iob":0.847,"basaliob":-0.288,"bolussnooze":0.0474,"activity":0.0122,"lastBolusTime":1704468484000,"time":"2024-01-05T17:17:36.377Z","iobWithZeroTemp":{"iob":0.435,"basaliob":-0.7,"bolussnooze":0.0474,"activity":0.0095,"lastBolusTime":1704468484000,"time":"2024-01-05T17:17:36.377Z"}},{"iob":0.788,"basaliob":-0.269,"bolussnooze":0.0395,"activity":0.0115,"lastBolusTime":1704468484000,"time":"2024-01-05T17:22:36.377Z","iobWithZeroTemp":{"iob":0.357,"basaliob":-0.7,"bolussnooze":0.0395,"activity":0.0086,"lastBolusTime":1704468484000,"time":"2024-01-05T17:22:36.377Z"}},{"iob":0.732,"basaliob":-0.251,"bolussnooze":0.0328,"activity":0.0108,"lastBolusTime":1704468484000,"time":"2024-01-05T17:27:36.377Z","iobWithZeroTemp":{"iob":0.282,"basaliob":-0.701,"bolussnooze":0.0328,"activity":0.0077,"lastBolusTime":1704468484000,"time":"2024-01-05T17:27:36.377Z"}},{"iob":0.681,"basaliob":-0.233,"bolussnooze":0.0272,"activity":0.0101,"lastBolusTime":1704468484000,"time":"2024-01-05T17:32:36.377Z","iobWithZeroTemp":{"iob":0.214,"basaliob":-0.7,"bolussnooze":0.0272,"activity":0.0068,"lastBolusTime":1704468484000,"time":"2024-01-05T17:32:36.377Z"}},{"iob":0.632,"basaliob":-0.217,"bolussnooze":0.0224,"activity":0.0095,"lastBolusTime":1704468484000,"time":"2024-01-05T17:37:36.377Z","iobWithZeroTemp":{"iob":0.148,"basaliob":-0.701,"bolussnooze":0.0224,"activity":0.006,"lastBolusTime":1704468484000,"time":"2024-01-05T17:37:36.377Z"}},{"iob":0.586,"basaliob":-0.202,"bolussnooze":0.0184,"activity":0.0089,"lastBolusTime":1704468484000,"time":"2024-01-05T17:42:36.377Z","iobWithZeroTemp":{"iob":0.087,"basaliob":-0.701,"bolussnooze":0.0184,"activity":0.0052,"lastBolusTime":1704468484000,"time":"2024-01-05T17:42:36.377Z"}},{"iob":0.543,"basaliob":-0.188,"bolussnooze":0.0151,"activity":0.0083,"lastBolusTime":1704468484000,"time":"2024-01-05T17:47:36.377Z","iobWithZeroTemp":{"iob":0.029,"basaliob":-0.702,"bolussnooze":0.0151,"activity":0.0044,"lastBolusTime":1704468484000,"time":"2024-01-05T17:47:36.377Z"}},{"iob":0.502,"basaliob":-0.175,"bolussnooze":0.0123,"activity":0.0078,"lastBolusTime":1704468484000,"time":"2024-01-05T17:52:36.377Z","iobWithZeroTemp":{"iob":-0.025,"basaliob":-0.702,"bolussnooze":0.0123,"activity":0.0038,"lastBolusTime":1704468484000,"time":"2024-01-05T17:52:36.377Z"}},{"iob":0.465,"basaliob":-0.162,"bolussnooze":0.01,"activity":0.0073,"lastBolusTime":1704468484000,"time":"2024-01-05T17:57:36.377Z","iobWithZeroTemp":{"iob":-0.075,"basaliob":-0.702,"bolussnooze":0.01,"activity":0.0031,"lastBolusTime":1704468484000,"time":"2024-01-05T17:57:36.377Z"}},{"iob":0.43,"basaliob":-0.15,"bolussnooze":0.008,"activity":0.0068,"lastBolusTime":1704468484000,"time":"2024-01-05T18:02:36.377Z","iobWithZeroTemp":{"iob":-0.122,"basaliob":-0.702,"bolussnooze":0.008,"activity":0.0025,"lastBolusTime":1704468484000,"time":"2024-01-05T18:02:36.377Z"}},{"iob":0.397,"basaliob":-0.139,"bolussnooze":0.0064,"activity":0.0063,"lastBolusTime":1704468484000,"time":"2024-01-05T18:07:36.377Z","iobWithZeroTemp":{"iob":-0.166,"basaliob":-0.702,"bolussnooze":0.0064,"activity":0.0018,"lastBolusTime":1704468484000,"time":"2024-01-05T18:07:36.377Z"}},{"iob":0.367,"basaliob":-0.129,"bolussnooze":0.0051,"activity":0.0059,"lastBolusTime":1704468484000,"time":"2024-01-05T18:12:36.377Z","iobWithZeroTemp":{"iob":-0.207,"basaliob":-0.703,"bolussnooze":0.0051,"activity":0.0013,"lastBolusTime":1704468484000,"time":"2024-01-05T18:12:36.377Z"}},{"iob":0.338,"basaliob":-0.119,"bolussnooze":0.004,"activity":0.0054,"lastBolusTime":1704468484000,"time":"2024-01-05T18:17:36.377Z","iobWithZeroTemp":{"iob":-0.246,"basaliob":-0.703,"bolussnooze":0.004,"activity":6.0E-4,"lastBolusTime":1704468484000,"time":"2024-01-05T18:17:36.377Z"}},{"iob":0.312,"basaliob":-0.11,"bolussnooze":0.0032,"activity":0.0051,"lastBolusTime":1704468484000,"time":"2024-01-05T18:22:36.377Z","iobWithZeroTemp":{"iob":-0.281,"basaliob":-0.703,"bolussnooze":0.0032,"activity":2.0E-4,"lastBolusTime":1704468484000,"time":"2024-01-05T18:22:36.377Z"}},{"iob":0.287,"basaliob":-0.102,"bolussnooze":0.0025,"activity":0.0048,"lastBolusTime":1704468484000,"time":"2024-01-05T18:27:36.377Z","iobWithZeroTemp":{"iob":-0.314,"basaliob":-0.703,"bolussnooze":0.0025,"activity":-2.0E-4,"lastBolusTime":1704468484000,"time":"2024-01-05T18:27:36.377Z"}},{"iob":0.265,"basaliob":-0.094,"bolussnooze":0.0019,"activity":0.0044,"lastBolusTime":1704468484000,"time":"2024-01-05T18:32:36.377Z","iobWithZeroTemp":{"iob":-0.344,"basaliob":-0.703,"bolussnooze":0.0019,"activity":-7.0E-4,"lastBolusTime":1704468484000,"time":"2024-01-05T18:32:36.377Z"}},{"iob":0.243,"basaliob":-0.087,"bolussnooze":0.0014,"activity":0.0041,"lastBolusTime":1704468484000,"time":"2024-01-05T18:37:36.377Z","iobWithZeroTemp":{"iob":-0.374,"basaliob":-0.704,"bolussnooze":0.0014,"activity":-0.0011,"lastBolusTime":1704468484000,"time":"2024-01-05T18:37:36.377Z"}},{"iob":0.224,"basaliob":-0.08,"bolussnooze":0.0011,"activity":0.0038,"lastBolusTime":1704468484000,"time":"2024-01-05T18:42:36.377Z","iobWithZeroTemp":{"iob":-0.4,"basaliob":-0.704,"bolussnooze":0.0011,"activity":-0.0015,"lastBolusTime":1704468484000,"time":"2024-01-05T18:42:36.377Z"}},{"iob":0.205,"basaliob":-0.074,"bolussnooze":8.0E-4,"activity":0.0035,"lastBolusTime":1704468484000,"time":"2024-01-05T18:47:36.377Z","iobWithZeroTemp":{"iob":-0.425,"basaliob":-0.704,"bolussnooze":8.0E-4,"activity":-0.0019,"lastBolusTime":1704468484000,"time":"2024-01-05T18:47:36.377Z"}},{"iob":0.189,"basaliob":-0.068,"bolussnooze":5.0E-4,"activity":0.0033,"lastBolusTime":1704468484000,"time":"2024-01-05T18:52:36.377Z","iobWithZeroTemp":{"iob":-0.447,"basaliob":-0.704,"bolussnooze":5.0E-4,"activity":-0.0022,"lastBolusTime":1704468484000,"time":"2024-01-05T18:52:36.377Z"}},{"iob":0.174,"basaliob":-0.062,"bolussnooze":4.0E-4,"activity":0.003,"lastBolusTime":1704468484000,"time":"2024-01-05T18:57:36.377Z","iobWithZeroTemp":{"iob":-0.468,"basaliob":-0.704,"bolussnooze":4.0E-4,"activity":-0.0026,"lastBolusTime":1704468484000,"time":"2024-01-05T18:57:36.377Z"}},{"iob":0.159,"basaliob":-0.057,"bolussnooze":2.0E-4,"activity":0.0027,"lastBolusTime":1704468484000,"time":"2024-01-05T19:02:36.377Z","iobWithZeroTemp":{"iob":-0.488,"basaliob":-0.704,"bolussnooze":2.0E-4,"activity":-0.003,"lastBolusTime":1704468484000,"time":"2024-01-05T19:02:36.377Z"}},{"iob":0.145,"basaliob":-0.053,"bolussnooze":2.0E-4,"activity":0.0026,"lastBolusTime":1704468484000,"time":"2024-01-05T19:07:36.377Z","iobWithZeroTemp":{"iob":-0.506,"basaliob":-0.704,"bolussnooze":2.0E-4,"activity":-0.0032,"lastBolusTime":1704468484000,"time":"2024-01-05T19:07:36.377Z"}},{"iob":0.133,"basaliob":-0.048,"bolussnooze":1.0E-4,"activity":0.0024,"lastBolusTime":1704468484000,"time":"2024-01-05T19:12:36.377Z","iobWithZeroTemp":{"iob":-0.523,"basaliob":-0.704,"bolussnooze":1.0E-4,"activity":-0.0034,"lastBolusTime":1704468484000,"time":"2024-01-05T19:12:36.377Z"}},{"iob":0.122,"basaliob":-0.044,"bolussnooze":0,"activity":0.0021,"lastBolusTime":1704468484000,"time":"2024-01-05T19:17:36.377Z","iobWithZeroTemp":{"iob":-0.538,"basaliob":-0.704,"bolussnooze":0,"activity":-0.0038,"lastBolusTime":1704468484000,"time":"2024-01-05T19:17:36.377Z"}},{"iob":0.111,"basaliob":-0.041,"bolussnooze":0,"activity":0.002,"lastBolusTime":1704468484000,"time":"2024-01-05T19:22:36.377Z","iobWithZeroTemp":{"iob":-0.553,"basaliob":-0.705,"bolussnooze":0,"activity":-0.0039,"lastBolusTime":1704468484000,"time":"2024-01-05T19:22:36.377Z"}},{"iob":0.102,"basaliob":-0.037,"bolussnooze":0,"activity":0.0018,"lastBolusTime":1704468484000,"time":"2024-01-05T19:27:36.377Z","iobWithZeroTemp":{"iob":-0.565,"basaliob":-0.704,"bolussnooze":0,"activity":-0.0042,"lastBolusTime":1704468484000,"time":"2024-01-05T19:27:36.377Z"}},{"iob":0.093,"basaliob":-0.034,"bolussnooze":0,"activity":0.0017,"lastBolusTime":1704468484000,"time":"2024-01-05T19:32:36.377Z","iobWithZeroTemp":{"iob":-0.577,"basaliob":-0.704,"bolussnooze":0,"activity":-0.0044,"lastBolusTime":1704468484000,"time":"2024-01-05T19:32:36.377Z"}},{"iob":0.085,"basaliob":-0.031,"bolussnooze":0,"activity":0.0015,"lastBolusTime":1704468484000,"time":"2024-01-05T19:37:36.377Z","iobWithZeroTemp":{"iob":-0.588,"basaliob":-0.704,"bolussnooze":0,"activity":-0.0046,"lastBolusTime":1704468484000,"time":"2024-01-05T19:37:36.377Z"}},{"iob":0.078,"basaliob":-0.028,"bolussnooze":0,"activity":0.0015,"lastBolusTime":1704468484000,"time":"2024-01-05T19:42:36.377Z","iobWithZeroTemp":{"iob":-0.598,"basaliob":-0.704,"bolussnooze":0,"activity":-0.0046,"lastBolusTime":1704468484000,"time":"2024-01-05T19:42:36.377Z"}},{"iob":0.07,"basaliob":-0.026,"bolussnooze":0,"activity":0.0013,"lastBolusTime":1704468484000,"time":"2024-01-05T19:47:36.377Z","iobWithZeroTemp":{"iob":-0.608,"basaliob":-0.704,"bolussnooze":0,"activity":-0.0049,"lastBolusTime":1704468484000,"time":"2024-01-05T19:47:36.377Z"}},{"iob":0.063,"basaliob":-0.024,"bolussnooze":0,"activity":0.0013,"lastBolusTime":1704468484000,"time":"2024-01-05T19:52:36.377Z","iobWithZeroTemp":{"iob":-0.618,"basaliob":-0.705,"bolussnooze":0,"activity":-0.0049,"lastBolusTime":1704468484000,"time":"2024-01-05T19:52:36.377Z"}},{"iob":0.058,"basaliob":-0.022,"bolussnooze":0,"activity":0.0011,"lastBolusTime":1704468484000,"time":"2024-01-05T19:57:36.377Z","iobWithZeroTemp":{"iob":-0.625,"basaliob":-0.705,"bolussnooze":0,"activity":-0.0052,"lastBolusTime":1704468484000,"time":"2024-01-05T19:57:36.377Z"}}],"profile":{"max_iob":7,"type":"current","max_daily_basal":0.45,"max_basal":1.35,"min_bg":81.0000000000001,"max_bg":81.0000000000001,"target_bg":81.0000000000001,"carb_ratio":11,"sens":352.8,"max_daily_safety_multiplier":3,"current_basal_safety_multiplier":4,"lgsThreshold":65,"high_temptarget_raises_sensitivity":false,"low_temptarget_lowers_sensitivity":false,"sensitivity_raises_target":true,"resistance_lowers_target":true,"adv_target_adjustments":false,"exercise_mode":false,"half_basal_exercise_target":160,"maxCOB":120,"skip_neutral_temps":false,"remainingCarbsCap":90,"enableUAM":true,"A52_risk_enable":false,"SMBInterval":4,"enableSMB_with_COB":true,"enableSMB_with_temptarget":false,"allowSMB_with_high_temptarget":true,"enableSMB_always":true,"enableSMB_after_carbs":false,"maxSMBBasalMinutes":60,"maxUAMSMBBasalMinutes":60,"bolus_increment":0.05,"carbsReqThreshold":10,"current_basal":0.4,"temptargetSet":true,"autosens_max":1.2,"autosens_min":0.8,"out_units":"mmol\/L","variable_sens":143.7,"insulinDivisor":65,"TDD":10.46881729166667},"autosens_data":{"ratio":1.2393405937338955},"meal_data":{"carbs":57,"mealCOB":25.093319727891142,"slopeFromMaxDeviation":-1.4745999999999997,"slopeFromMinDeviation":0.9870000000000002,"lastBolusTime":1704468484000,"lastCarbTime":1704467012936},"microBolusAllowed":true,"currentTime":1704470558634,"flatBGsDetected":false,"tdd1D":28.050416666666692,"tdd7D":23.609261904761915,"tddLast24H":29.259916666666673,"tddLast4H":6.5633333333333335,"tddLast8to4H":5.943333333333333},"output":{"temp":"absolute","bg":150,"tick":-5,"eventualBG":152,"targetBG":81.0000000000001,"insulinReq":0,"deliverAt":"2024-01-05T16:02:38.634Z","sensitivityRatio":1.2393405937338955,"variable_sens":143.7,"predBGs":{"IOB":[150,144,137,129,120,110,98,85,70,52,39,39,39],"ZT":[150,133,114,95,74,50,39,39,39,39,39,39,39,39,39,39,39,39,39,39,39,39,39,39,39,39,39,39,39,39,39,39,39,39,39,39,39,39,39,39,39,39,39,39,39,39,39,39],"COB":[150,145,140,135,131,127,124,121,118,116,114,113,112,111,111,112,112,113,114,115,117,119,121,123,125,128,130,132,135,137,139,141,143,145,147,148,150,151,152,153,154,154,154,155,154,154,153,152],"UAM":[150,144,136,126,115,102,87,70,49,39,39,39,39]},"reason":"COB: 25.1, Dev: 4.2, BGI: -1.0, ISF: 8.0, CR: 11, Target: 4.5, minPredBG -10.1, minGuardBG -11.1, IOBpredBG 2.2, COBpredBG 8.4, UAMpredBG 2.2; minGuardBG -11.1<3.6","COB":25.093319727891142,"IOB":2.22,"duration":120,"rate":0,"timestamp":"2024-01-05T16:02:38.662Z"}}